id,user_id,product_id,quantity,notes
c1a8214b-2ccd-4a14-842c-3f168d534d73,f94b173b-62eb-440c-9e83-101caf3c0e1c,35479fbd-b1fb-416d-8f2b-0ed0b9a36898,5,
a8af880d-e477-465d-a206-995e2e34fdbb,f94b173b-62eb-440c-9e83-101caf3c0e1c,a1530dcb-9f68-4403-a72c-f52aaf1ee4ed,1,
3c9986f8-add6-48d4-a0c6-4e35b86f6f2e,f94b173b-62eb-440c-9e83-101caf3c0e1c,d3beb6a9-f216-4bfc-bcbc-1a2166e83970,1,
de37e914-6054-4eee-b6a5-e47ef8710632,f94b173b-62eb-440c-9e83-101caf3c0e1c,c54df61e-5b50-402b-9d5e-81a48be03e68,4,
0dd30a22-b3a0-4dc8-9427-6c30984a4ae4,f94b173b-62eb-440c-9e83-101caf3c0e1c,6fa5b472-d4df-4f24-b2ab-1ebe073d65bb,1,
c1601790-e426-4dd0-a722-62818fb00f3c,f94b173b-62eb-440c-9e83-101caf3c0e1c,b06bc42d-5054-4342-a949-72792d1b78f8,5,
7ef6d35a-c3d3-4e1a-aedf-92100daf434f,f94b173b-62eb-440c-9e83-101caf3c0e1c,d5fa2a17-f527-4361-b7d8-787d1f2d064f,4,
cdfd92ec-543f-483e-b4b3-81410cec4605,f94b173b-62eb-440c-9e83-101caf3c0e1c,378e3ee6-4569-40fa-a4ae-288b035d6101,2,
bb493589-dddf-4536-8447-394d5822e716,f94b173b-62eb-440c-9e83-101caf3c0e1c,3eb7a16a-7ac7-4722-a0ab-892f96c2ea24,1,
e29af5d9-6c26-4908-b2ff-5389969c61d5,f94b173b-62eb-440c-9e83-101caf3c0e1c,9d2d2de0-6dc3-43d8-914c-c479b060a98c,1,
207319ae-0ec1-4a23-ac7e-ecc69c2c0e18,f94b173b-62eb-440c-9e83-101caf3c0e1c,32dbbb4e-8038-46fe-a1f4-b54ab5632b38,1,
b9d00541-e4e0-4ac4-85e7-c19ef83156a1,f94b173b-62eb-440c-9e83-101caf3c0e1c,1ce509f1-c4c4-49b4-845a-3516e663197c,2,
700001ed-974d-4d5b-baec-64d41492eb73,f94b173b-62eb-440c-9e83-101caf3c0e1c,f4842b9e-8615-4c53-ad8e-ca023e27985c,2,
5b787d10-8d4e-478e-a383-fe49f4c0b18e,f94b173b-62eb-440c-9e83-101caf3c0e1c,712d5435-abf4-4a07-bc80-a5296bbb7ded,5,
15a4e50c-cabe-479c-8f9b-0136d45e1554,f94b173b-62eb-440c-9e83-101caf3c0e1c,7ba07f0b-cf86-4fe7-b582-d44133ac2070,3,
3f5cc787-3e0b-4a63-9b64-84ebaf5f0d30,f94b173b-62eb-440c-9e83-101caf3c0e1c,71604323-d6b7-408c-aa22-dd95b8ef8176,1,
4faf1b63-f863-4352-87c2-1cdf89adcacd,f94b173b-62eb-440c-9e83-101caf3c0e1c,8ea9659e-83af-4275-b8f0-d95113bcab66,4,
e68a24e2-6b00-4338-8a9a-d66de7dbbb82,f94b173b-62eb-440c-9e83-101caf3c0e1c,f3328f1d-3a77-4afd-b092-614f8be3a42b,1,
9443abf7-c70a-478e-9f70-5cf17aea1902,f94b173b-62eb-440c-9e83-101caf3c0e1c,ff104941-f2b2-4de4-8553-65e1a4f4d251,2,
525014c7-b064-440e-b954-72c1d82ac8c0,f94b173b-62eb-440c-9e83-101caf3c0e1c,bae06e1b-1f5a-4064-8cb2-25a8667fa7f0,3,
c8a882d8-de0f-45a7-9798-e82e03383a5e,f94b173b-62eb-440c-9e83-101caf3c0e1c,3eb61b12-f719-47a6-8162-21698aeaf02d,3,
c5fc8548-6ab9-4d4f-a10b-cc98a696bd33,f94b173b-62eb-440c-9e83-101caf3c0e1c,2e21230c-ade1-4965-8279-76e4a4f9f1cb,5,
1ab771a6-c0ca-42b2-9b27-3873ab640d60,f94b173b-62eb-440c-9e83-101caf3c0e1c,119b170f-1d4a-461c-842a-b318e68c2997,1,
0c76d3c5-fec5-45d7-be6c-a349e8c4f9e3,f94b173b-62eb-440c-9e83-101caf3c0e1c,f967dd59-59e1-452d-ad18-1390907eeb0b,4,
c2c5ff15-5617-45f1-ab11-58682f417f51,f94b173b-62eb-440c-9e83-101caf3c0e1c,979ad0a0-aaea-4ff0-8c9d-99e77894771e,2,
8db94431-01c6-47bd-a3ca-a8e94a77e6f4,f94b173b-62eb-440c-9e83-101caf3c0e1c,ded0e8a2-86e9-4e43-bf00-b807004369cd,3,
cf3510e6-e191-401b-9168-50b9d68a7570,f94b173b-62eb-440c-9e83-101caf3c0e1c,a2d7fb79-7a71-4c95-956e-6519ddfd6f56,3,
1cfd78ee-0972-40c5-8f60-ed7dcbf51b51,f94b173b-62eb-440c-9e83-101caf3c0e1c,7417fda3-23a1-4573-828c-f7f438bde64d,1,
a60bf574-2ecd-4881-baa6-af7f7d402bba,f94b173b-62eb-440c-9e83-101caf3c0e1c,13a3d2fe-5c35-42cf-ad71-1d5a58c8834a,1,
422bc64f-dd87-43aa-a465-4af4f809339e,f94b173b-62eb-440c-9e83-101caf3c0e1c,cb84fe5e-e84d-408d-b11a-c500e33db6e5,3,
427c4a09-44d5-4181-af10-83a337b42acf,f94b173b-62eb-440c-9e83-101caf3c0e1c,34bbfd33-25b3-44af-b941-1f46425b1891,2,
43f59937-6a06-4dc4-81f5-7789ce8a1819,f94b173b-62eb-440c-9e83-101caf3c0e1c,01b33c62-840c-4d79-85ee-6282e29f9a57,1,
b2ce6ee0-1339-45c4-8d5d-b3816effea8a,f94b173b-62eb-440c-9e83-101caf3c0e1c,4a7bb63c-8e4b-4d63-b85a-28be1d87d408,5,
ea3531ff-6cb9-4ea9-a550-2a981ba9b776,f94b173b-62eb-440c-9e83-101caf3c0e1c,8d817193-b0dc-40e8-8c80-0bcf5e649947,2,
d2c5f569-fcfe-4c38-ace9-1a23170ba0bd,f94b173b-62eb-440c-9e83-101caf3c0e1c,9c1ee333-5954-4db9-b3fa-c1f05734f9da,2,
faabbce3-d899-403b-90ba-72fd0996472d,f94b173b-62eb-440c-9e83-101caf3c0e1c,c034b051-123e-4c5e-8525-31434ee22d92,2,
0a8f2d1c-fe91-457e-b5d0-898eaebf7184,f94b173b-62eb-440c-9e83-101caf3c0e1c,87029daa-60f5-4bc7-b957-5154fa7952eb,4,
603f0c30-388d-439f-b381-8f160a74e6b4,f94b173b-62eb-440c-9e83-101caf3c0e1c,b40903ea-5c85-486d-80e8-b18cf6f947c6,3,
703aba0c-ae5d-42d4-bc73-013c5ed5a044,f94b173b-62eb-440c-9e83-101caf3c0e1c,fbfef9dc-ec8b-441f-9b54-07b447ef5456,2,
1259af4b-0f77-4ea3-8132-f74ff7d4bc5c,f94b173b-62eb-440c-9e83-101caf3c0e1c,df3b0159-6c31-4b93-a359-82da5e567cde,5,
f84fc58f-dd30-4ae1-9409-2c65c35587f5,f94b173b-62eb-440c-9e83-101caf3c0e1c,57d1b91a-7b56-447f-a1cf-1e130978c578,1,
9fd1653e-29c5-4be4-9fed-e684c353c9c6,f94b173b-62eb-440c-9e83-101caf3c0e1c,94393723-d634-4600-9793-88845ce9f2c4,2,
ace73d7f-7429-4b8b-8662-baedf6ba2f7c,f94b173b-62eb-440c-9e83-101caf3c0e1c,8242e748-7cdd-4ad9-aaad-63fde97e7415,4,
466d8daa-e372-4642-ad13-401b6bbeab7c,f94b173b-62eb-440c-9e83-101caf3c0e1c,d0a6321f-b99c-4795-b243-9fa7d1ebf07a,1,
480bc5f5-329b-4ee0-9f62-6a8ae52c62b4,f94b173b-62eb-440c-9e83-101caf3c0e1c,a802db2b-2f12-4e72-a5f8-aa3d54640c27,3,
b2971f43-158e-4815-ae63-ab97a7970aa6,f94b173b-62eb-440c-9e83-101caf3c0e1c,e4b0ca1f-f309-4002-8e3b-98bedf5dc7a5,2,
10956d9a-877f-4869-9bdc-ef2e57340728,f94b173b-62eb-440c-9e83-101caf3c0e1c,35ef23ac-dad8-4f34-9bde-e3e230b35890,3,
d368ddc6-7da7-4ed3-a938-9684f1e98d81,f94b173b-62eb-440c-9e83-101caf3c0e1c,4cfa31f3-06d5-479b-bcbd-92db17ca09a8,3,
71e3f7f3-d47a-42fc-8045-27c160ce6ef0,f94b173b-62eb-440c-9e83-101caf3c0e1c,9da43ba3-e20b-4f8c-bc48-60447bbf1209,3,
7be0d845-b738-4489-99b8-6d2fc7c148f7,f94b173b-62eb-440c-9e83-101caf3c0e1c,f588e0d0-2c25-4d72-af6d-409f627ce1d7,3,
4c4928ff-a802-49d2-8627-7465e52f6f05,f94b173b-62eb-440c-9e83-101caf3c0e1c,870ce8b2-6f63-4042-a73a-df1f1a79b92d,1,
77211c02-7305-4321-81a6-2b777c4b6b04,f94b173b-62eb-440c-9e83-101caf3c0e1c,bc2d5320-c9b9-46ae-92b3-9c3fa856ee77,2,
a137efe1-24d4-4c87-8a7d-52897847a0d8,f94b173b-62eb-440c-9e83-101caf3c0e1c,2952d9ef-6e1d-41ba-a1f6-aeef70e1aef8,4,
0c746079-f0d5-498f-8d11-3d156a83db76,f94b173b-62eb-440c-9e83-101caf3c0e1c,d4300a74-ffca-4d3e-9efc-6657799e23e6,3,
a5220cb3-5cea-4a36-96bb-4c8a27de084b,f94b173b-62eb-440c-9e83-101caf3c0e1c,600cb1fa-e14f-4ee7-8fa3-128f6875e57a,3,
dad3471c-ccac-488d-80dc-2e9c9e4874ee,f94b173b-62eb-440c-9e83-101caf3c0e1c,370e600c-1f2c-4726-8cca-5241fca2d22e,4,
65ae2e5c-cfb4-4ac8-b8a2-b16e555ad571,f94b173b-62eb-440c-9e83-101caf3c0e1c,921f6504-ff87-4d2c-b2ab-c1980ee5b6da,1,
9d79b1fd-1841-48ee-b248-a1a428ab02f1,f94b173b-62eb-440c-9e83-101caf3c0e1c,3af4ca3c-50c8-467b-9eed-3a197b415fc3,4,
731ecf8b-7587-474e-98bc-fb7365156284,f94b173b-62eb-440c-9e83-101caf3c0e1c,53be7185-f32b-41ca-8535-730fbe93d7b2,3,
2cf9cc90-4c44-488a-a765-e906380aaeb8,f94b173b-62eb-440c-9e83-101caf3c0e1c,bbcc6678-d405-4964-a348-f6bbfe10a3f6,2,
9416c8e9-87e5-4815-a1ec-bee4d16b77f7,f94b173b-62eb-440c-9e83-101caf3c0e1c,6ed91461-61e6-4718-9fa7-06c6829dcd1a,3,
be3f1927-c1a3-4c31-8414-e969254501c0,f94b173b-62eb-440c-9e83-101caf3c0e1c,1c98a4f4-156a-4beb-b3d1-ac5b0a3ff234,5,
99649435-2d9d-4b84-9a9f-db3863d31c0d,f94b173b-62eb-440c-9e83-101caf3c0e1c,be01b448-9690-4e56-bc4e-5b45286acaa4,4,
ab267bca-79ea-4eb7-a155-d728202a89fd,f94b173b-62eb-440c-9e83-101caf3c0e1c,e14e973a-7909-4bd8-ac30-e7c90dc0d8df,1,
401019f7-116b-4010-8fa6-717bb4fb78d5,f94b173b-62eb-440c-9e83-101caf3c0e1c,51f587f3-3a3c-4419-b0ac-a5303d5bc60f,1,
c4bfc42d-9837-460d-895b-daa812d28fba,f94b173b-62eb-440c-9e83-101caf3c0e1c,4a5d3990-f13e-4898-88c9-1f33f0117a26,4,
8a3561f0-517e-49ee-84a7-4e165465a15d,f94b173b-62eb-440c-9e83-101caf3c0e1c,92350fbf-1fe1-42c5-875b-e73a97817d69,5,
2da4775b-180c-485f-ab12-f49d7e7d97e4,f94b173b-62eb-440c-9e83-101caf3c0e1c,7cf6b65a-fc20-4628-977e-c866abca2394,2,
36b93a4a-86dc-4c35-aae5-746eab23c225,f94b173b-62eb-440c-9e83-101caf3c0e1c,e13c4b90-1de5-48c5-a979-876b971d26c1,1,
314d332a-d33e-4958-8cad-6b129cdb653e,f94b173b-62eb-440c-9e83-101caf3c0e1c,44927ecc-012d-4667-bbca-ea9b92df7fb2,4,
1227b1b6-53b9-491c-924b-a1a1817cfa9a,f94b173b-62eb-440c-9e83-101caf3c0e1c,bf5b07ef-3c80-43ce-91fd-ffea29b7c978,1,
1b305f04-bd30-4d26-8330-f8de356acc81,f94b173b-62eb-440c-9e83-101caf3c0e1c,253b2524-ca25-4642-b13b-58bd62ab45dc,3,
df108bb6-a08c-4583-8a72-c4832c02391e,f94b173b-62eb-440c-9e83-101caf3c0e1c,83ebf18b-b59b-43c0-91e7-6df0d9208751,2,
f2868cd5-6f8c-42b5-9478-33920970525b,f94b173b-62eb-440c-9e83-101caf3c0e1c,a3af4781-7537-486b-8cb0-1389569d7edf,4,
b555ee12-81f4-45f3-847f-0bef0749a389,f94b173b-62eb-440c-9e83-101caf3c0e1c,f92bdd75-8b24-43e5-b43f-6254a79599b7,4,
8f9825a6-c5b5-4c61-9f5c-99a778c47235,f94b173b-62eb-440c-9e83-101caf3c0e1c,ef803f1c-1c69-4d7c-943f-11b9eab9c043,4,
3f357704-b026-4c25-8a6c-2f96bff023d7,f94b173b-62eb-440c-9e83-101caf3c0e1c,f239d449-b4d6-43dc-a07d-15b35bca068c,1,
5d8c879e-0544-48dd-bef9-d375be3126e5,f94b173b-62eb-440c-9e83-101caf3c0e1c,a2562f28-08ac-41de-a04d-15a60db78116,1,
cd774b86-8114-46b2-9d6a-c8e7291559e2,f94b173b-62eb-440c-9e83-101caf3c0e1c,bbc5cfe5-7410-46a4-95b3-fd9ad11974f9,3,
f7364e87-68a3-40a7-8fd7-3e5e1f1ac3b7,f94b173b-62eb-440c-9e83-101caf3c0e1c,dcaa25d1-6d20-4cad-836f-929d7b5f9457,2,
28ad0e8a-7e4b-48c4-9230-10e1c66bcca3,f94b173b-62eb-440c-9e83-101caf3c0e1c,3b538183-4e6a-4400-a73d-71fde230ffbc,5,
e7da6fbd-7890-429f-9472-fc41f1de9be2,f94b173b-62eb-440c-9e83-101caf3c0e1c,3136f7d7-a836-435a-8466-9d2817768775,1,
898db8ce-ee94-4a63-94e0-0a8bbf665756,f94b173b-62eb-440c-9e83-101caf3c0e1c,2e255bd6-9eb4-4b0d-9056-1ba9f2fb7ae7,2,
b27e3176-6019-43e9-ab53-c57966cf332f,f94b173b-62eb-440c-9e83-101caf3c0e1c,232cb630-ae7b-407f-a973-9a847c96430c,2,
dbb41962-c2b5-46ca-9424-e68f8dc2a4e3,f94b173b-62eb-440c-9e83-101caf3c0e1c,ccca0aba-deae-406f-90d9-91105cdff45b,1,
a12480ec-833d-4fa0-b018-3b0353a9c6ed,f94b173b-62eb-440c-9e83-101caf3c0e1c,7b8fd5ec-9de4-4251-aed2-67f6a9440cc6,1,
367be9ce-2db2-4273-838b-f4ae0a787f4a,f94b173b-62eb-440c-9e83-101caf3c0e1c,6885da10-4011-45c4-807e-f6916d637030,2,
6feb3b6f-b9f9-4bb9-9e31-09e5791992b6,f94b173b-62eb-440c-9e83-101caf3c0e1c,1a30bfb9-11fb-46a2-99ec-1d0da779891b,5,
d933c7bc-7c72-4e5d-9f63-9b31a4582b26,f94b173b-62eb-440c-9e83-101caf3c0e1c,de697f04-3e6d-4a85-8ec6-6d67751ed8f5,3,
c2b319be-7c1c-414a-804e-1495d0f30804,f94b173b-62eb-440c-9e83-101caf3c0e1c,f0baad99-c222-4096-817e-39729d44e32b,4,
2bbdc337-32f2-4a93-9af2-3490d07fe6d4,f94b173b-62eb-440c-9e83-101caf3c0e1c,27e84d0e-d3fe-44c8-b98d-f40d3c64cb43,5,
50a3d80b-614c-49cd-99a9-14b8392499f2,f94b173b-62eb-440c-9e83-101caf3c0e1c,29577cba-fe39-4511-84da-fffd550202d1,4,
7104ed8a-9399-4c57-b431-654076792e0a,f94b173b-62eb-440c-9e83-101caf3c0e1c,a377d231-cf3a-4b7d-af98-c58fbd91a190,5,
ec3e64f0-35c8-4519-a2bf-03784ba0946c,f94b173b-62eb-440c-9e83-101caf3c0e1c,472d7d39-10ad-47ef-a720-848f6af9ae33,1,
414c9322-463d-4944-a58f-adc1a89735b4,f94b173b-62eb-440c-9e83-101caf3c0e1c,659cb41e-3c49-4c16-81fa-752df29325ce,2,
0c8f2bb0-4bf2-410d-804c-bcbffe04c5c0,f94b173b-62eb-440c-9e83-101caf3c0e1c,3627739c-05d2-4e9b-8af6-42b348f2f0f2,1,
a8fe4ac9-bbac-4f34-b7af-b7e6306c3fec,f94b173b-62eb-440c-9e83-101caf3c0e1c,7751462e-ecf9-4d2f-8140-b324aaa3dbc7,1,
1ea45b47-10cb-454b-bd5d-19fcc78cac9d,f94b173b-62eb-440c-9e83-101caf3c0e1c,43acc81a-c97b-478e-9971-2987105841a6,3,
6409b437-d89c-436f-a2d2-f781b0eb021c,5af5a380-13a7-435f-b267-960f38345cd7,9d15f38a-2c79-48ba-a55c-91a47bc5573b,2,
3bb7a756-cbe1-4428-9882-8dc3f2a9b6ff,5af5a380-13a7-435f-b267-960f38345cd7,f6b56784-0220-479e-98d0-79ba9e197d75,3,
fc7a875f-e276-4850-a892-f7c48e89eb9d,5af5a380-13a7-435f-b267-960f38345cd7,f8af487a-662b-4a92-84b2-43ae52fcb63f,3,
26bcade5-ff48-4d8f-8b01-603b3485a510,5af5a380-13a7-435f-b267-960f38345cd7,8938acc3-26ff-4233-b239-beee46d44234,3,
40f1334f-fef6-49b5-a4bf-91daf10cd16f,5af5a380-13a7-435f-b267-960f38345cd7,a4843808-156e-4d5e-b899-e85352d5d50f,4,
48a96d45-1296-4c4e-85d0-9b5516d9ded5,5af5a380-13a7-435f-b267-960f38345cd7,37bafbea-1b76-4d61-8890-0d753e1e0e5c,2,
385669f0-0cdf-4cf1-996f-9fd8db4a8304,5af5a380-13a7-435f-b267-960f38345cd7,1d733d0d-9185-4a9b-a0e3-59099983f215,4,
ab847e63-c226-4bb6-ac4a-f07513e663eb,5af5a380-13a7-435f-b267-960f38345cd7,6a75705a-23bb-48f6-9f2d-aebb1e25521f,5,
41231338-7e3f-4e80-826e-259af65073ab,5af5a380-13a7-435f-b267-960f38345cd7,443bf42d-24ae-48ad-837c-52a830df65e3,5,
c48ea782-413a-4cf1-b1b6-cb11052a9fd1,5af5a380-13a7-435f-b267-960f38345cd7,e504378c-eda7-4631-b1f0-70290d75ee32,4,
2e39d1ac-0287-44a7-ac27-cfe870f1c7ef,5af5a380-13a7-435f-b267-960f38345cd7,17b45232-505f-42bf-a0dd-3b08b8987a3e,4,
a109a22e-2b4e-48f5-8401-9239753eccd2,5af5a380-13a7-435f-b267-960f38345cd7,2cb7d75c-2e80-47e8-8db9-3bee06364e53,4,
482977df-09cc-47d4-9222-993ec304c7fe,5af5a380-13a7-435f-b267-960f38345cd7,2c4f6418-7a5a-4023-ad4e-63d48413cee9,4,
eefcbdf7-b469-4a59-ad64-8ce307301028,5af5a380-13a7-435f-b267-960f38345cd7,dbc60a61-b2d9-4386-b1f1-a2830e41de2a,4,
20a8d472-8e9c-4e79-87f7-71afb5b8a632,5af5a380-13a7-435f-b267-960f38345cd7,5d9aac7d-1970-443a-a2b3-6bdc6a8663f0,1,
08f18db5-c1a4-4913-976e-a5cd48f09468,5af5a380-13a7-435f-b267-960f38345cd7,14aa8a51-243b-458e-b3e8-e4dce0b9afe2,3,
c84f3191-a3ad-4552-abbf-7f3567d1ae83,5af5a380-13a7-435f-b267-960f38345cd7,8dcb902e-9530-4698-bd88-fa64f7dbbb7f,4,
c2981490-07fc-465c-b684-1c3639ded301,5af5a380-13a7-435f-b267-960f38345cd7,a337a5c6-2f20-4eff-b114-f0230f66f998,1,
af741685-cbe3-4949-9b31-f5a8dbeb4e6e,5af5a380-13a7-435f-b267-960f38345cd7,3f909be0-2999-4cce-82fc-dd86ee1ff215,4,
9845296f-d150-4615-80a4-9d7fe6be9bec,5af5a380-13a7-435f-b267-960f38345cd7,bd5fe21d-af93-46b9-8870-b2424e9a295e,1,
0a0b9af0-0e04-4059-bf57-827634f7eb79,5af5a380-13a7-435f-b267-960f38345cd7,2a110f09-95bd-4b4b-a827-462fa79c7d37,2,
45b9865c-4aa8-4044-9192-4f2d71b71f1b,5af5a380-13a7-435f-b267-960f38345cd7,ccca32af-1c87-4d41-9d3d-ba94468138c4,5,
d0fcef4f-6774-43e9-b17c-38342dfeb558,4d50638b-f39a-4b06-9914-f63468a9be28,0d26a800-ef6e-4e7b-ac06-cba89eaea791,2,
b0eda3b2-319b-4be2-ac66-2e27ff00a308,4d50638b-f39a-4b06-9914-f63468a9be28,1bf577e7-cbff-40f9-9395-0b6d2ce7f5c7,3,
93a5e9fb-54bf-41c8-bc6e-8f5cd01c5490,4d50638b-f39a-4b06-9914-f63468a9be28,accec0e2-56d6-4248-bf56-7587c44104fa,5,
2e01efa9-dfcf-4f55-ad91-06f60edf439c,4d50638b-f39a-4b06-9914-f63468a9be28,9dfe22c7-7c6f-4c72-b600-ee4ac06fc3c4,3,
1ad59243-3b15-4d2a-9d06-fd48b5ff980b,4d50638b-f39a-4b06-9914-f63468a9be28,cff7d69d-10e3-49fd-bf71-564b7edc0ec5,2,
dd42d7ed-9d27-413c-9a38-5cb6913b6605,4d50638b-f39a-4b06-9914-f63468a9be28,e78cd69b-2e9f-4110-bff1-c7d16e01f8b9,3,
c2cf6a7e-861a-49e8-b1bb-d88965e3683c,4d50638b-f39a-4b06-9914-f63468a9be28,7e714b4a-e718-4751-9242-da371fdc6928,5,
85e254b5-7fd1-40d3-a880-928d8f0c3591,4d50638b-f39a-4b06-9914-f63468a9be28,c48d95ef-2ab4-4ce9-b096-2ee0a4e04b98,1,
98562cd8-ac72-47a9-80e6-7ed91e03fe33,4d50638b-f39a-4b06-9914-f63468a9be28,122071e1-0ea4-4507-b8de-8306248c1553,5,
25078537-0346-4ff9-bdd2-8ae2fca6ed21,4d50638b-f39a-4b06-9914-f63468a9be28,570b930b-0b94-40a2-82c9-714ea49f94de,1,
c36fa4f0-a809-42eb-b435-e7bf82fc727e,4d50638b-f39a-4b06-9914-f63468a9be28,ebf01671-85fd-4c1e-afc0-422dbe2dc58a,1,
77864021-a4b3-4c51-9cf9-36b06a229783,4d50638b-f39a-4b06-9914-f63468a9be28,752abd6e-19d8-4f90-bd87-6a3e0fd9c5a9,1,
4865a539-1bf1-41bc-9dae-7eeaf8295015,4d50638b-f39a-4b06-9914-f63468a9be28,fe794bee-4705-4744-bc02-75c1b3ba8579,1,
7408694c-5c6a-4ac4-96f3-6914bdc29fa1,4d50638b-f39a-4b06-9914-f63468a9be28,eca5e064-e5f1-4918-9250-d7f9cf2944ae,3,
738e4b67-4c05-455d-9fb8-8fd0a6386ee6,4d50638b-f39a-4b06-9914-f63468a9be28,2952d9ef-6e1d-41ba-a1f6-aeef70e1aef8,5,
7b9fc18e-9b0f-44d8-af86-f597ad9aa3ee,4d50638b-f39a-4b06-9914-f63468a9be28,4a0e2aa9-fc57-4a6a-9d1a-96e519ea0d1b,4,
bb3ffd64-f8aa-4e78-a659-50c8ad49afb9,4d50638b-f39a-4b06-9914-f63468a9be28,0ed2020c-95b9-47c1-a46e-dc082bc6f6f1,2,
c89c4f69-9d22-47c4-be28-e7547f401c87,4d50638b-f39a-4b06-9914-f63468a9be28,c79115e2-e905-41c2-af62-a923b2a185d2,5,
7cd70efe-65cc-4e9b-a332-0a4e6c621eff,4d50638b-f39a-4b06-9914-f63468a9be28,a337a5c6-2f20-4eff-b114-f0230f66f998,4,
20d43f06-8090-4af8-9815-9a4087329c32,4d50638b-f39a-4b06-9914-f63468a9be28,f92bdd75-8b24-43e5-b43f-6254a79599b7,1,
3bcf32d2-368d-4b00-9320-49d488ffa25e,4d50638b-f39a-4b06-9914-f63468a9be28,be208538-8e0d-4897-b62a-457ffcea0a51,3,
82f6b994-a8a7-47dd-82db-283dd6b7995d,4d50638b-f39a-4b06-9914-f63468a9be28,27a1e0c6-d841-41d4-9675-bc5ed6fbf98f,1,
ae6105eb-1910-4269-b0da-832cc102da0c,4d50638b-f39a-4b06-9914-f63468a9be28,209b154d-9a84-4425-92b4-0501459e8c48,3,
49b3abf5-543a-439d-8d50-9ba072522f50,4d50638b-f39a-4b06-9914-f63468a9be28,4b05a331-9f5b-41bd-82f1-0aefd3031567,1,
3380470d-52b9-4c43-8060-07dd17eaa28d,4d50638b-f39a-4b06-9914-f63468a9be28,279add53-4477-4eeb-82e5-78a2ecb12118,5,
009a5624-ca03-49ad-a0df-0d94208cd5c3,4d50638b-f39a-4b06-9914-f63468a9be28,1b3ce394-b703-471e-9eb5-1ae9e0cee89e,4,
f3ed9752-64c4-4aa3-b101-9fc823107fbe,4d50638b-f39a-4b06-9914-f63468a9be28,c9e1c945-5f4d-403a-bebb-47e2f0f59262,3,
9c01183d-9601-4184-9fea-61df08ecdae2,4d50638b-f39a-4b06-9914-f63468a9be28,acb24a25-29b9-4c0a-9f18-398bab0e65b2,5,
9433195e-3e08-4552-ab74-fe6467d60bfe,4d50638b-f39a-4b06-9914-f63468a9be28,7da238c0-2205-4d07-9517-9c9d8ff595c8,5,
dc2ae572-f7a7-46fa-aca0-c44296ad3662,4d50638b-f39a-4b06-9914-f63468a9be28,2bbd9111-d74a-4ff8-925b-17a34f813cd1,1,
707cbd28-4a55-44cc-95e5-0dcd97b9f24d,4d50638b-f39a-4b06-9914-f63468a9be28,4d434c52-41ba-490e-a189-9b0552839c9e,5,
7be4ab07-08fe-404a-90ec-43e61a83bd85,4d50638b-f39a-4b06-9914-f63468a9be28,857b1187-b102-4eb4-9b6d-a319bb760cde,4,
543f1d25-2a4b-46db-a200-3b79510de9de,4d50638b-f39a-4b06-9914-f63468a9be28,e685fe68-9bb2-48cc-9a28-4607f8f987ee,3,
f9820683-d5c1-49cb-be78-31ef2ff38844,4d50638b-f39a-4b06-9914-f63468a9be28,dcc5e31b-edd0-4df2-ab95-88538b7ac8f4,4,
4893d374-3cd2-4b89-b688-ee8f4bc6a84c,4d50638b-f39a-4b06-9914-f63468a9be28,1314b167-be3c-49fd-947c-63ec889e4f1a,3,
a27e8ac4-f165-4f69-a6a1-da8e0b439722,4d50638b-f39a-4b06-9914-f63468a9be28,5316c52c-ac1b-4220-9391-45fe1464e309,4,
19ca619a-cd21-4c18-8955-7f721536a92a,4d50638b-f39a-4b06-9914-f63468a9be28,a7c206ce-b17d-4f11-9925-59ded1074193,5,
28a5ea52-6531-437e-97c0-be48957656b0,4d50638b-f39a-4b06-9914-f63468a9be28,bd6f2486-c038-4276-b6fb-93bcc8792e7a,2,
9006048a-a9cc-49cb-9a92-ec191502c017,4d50638b-f39a-4b06-9914-f63468a9be28,79043697-dbee-4b06-b181-730d9e26d2c9,1,
92a8cb28-f4e0-4a6f-89b7-289a911c55b2,4d50638b-f39a-4b06-9914-f63468a9be28,375f00de-ee5d-43cd-8a9f-eb6ffd0f6647,4,
0306952b-3284-4946-b7df-247163786085,4d50638b-f39a-4b06-9914-f63468a9be28,78b265fb-bbf3-4d23-ae8a-f4e21e43db94,4,
5b61280d-0855-4082-9206-474571b100c6,4d50638b-f39a-4b06-9914-f63468a9be28,0580bc62-f840-481c-ae37-baeb2d5e902e,4,
1fbf0c4b-b378-4a9a-bceb-afc81eea82c5,4d50638b-f39a-4b06-9914-f63468a9be28,1886932c-ec0f-4005-b2f5-8f1ba0a3c0b3,5,
eed17383-0141-47c8-a857-ba0c340eba2c,4d50638b-f39a-4b06-9914-f63468a9be28,2b3dafdd-d73e-46d9-9840-8600c6cb1010,1,
8a818f0e-2049-4898-8f5d-f356b83c9286,4d50638b-f39a-4b06-9914-f63468a9be28,7d2ea10b-55f5-484f-ab4a-d363e06909c7,4,
cc049e82-9337-4116-9ec1-2a3bd3a3efee,4d50638b-f39a-4b06-9914-f63468a9be28,911f698f-4484-4a48-8694-6e3f8ff675ac,1,
9937f09c-528b-420d-870b-4e4533c71c9e,4d50638b-f39a-4b06-9914-f63468a9be28,f334e22a-ad4f-43dc-869c-a95c8caff1a5,4,
24de890a-d947-4f10-b0a1-da80fc1c530d,7147f4d3-dd09-4bfc-a3ed-3a955de63d1c,7e714b4a-e718-4751-9242-da371fdc6928,1,
5499a245-e0fd-4a2b-827e-0da3f5b62e66,7147f4d3-dd09-4bfc-a3ed-3a955de63d1c,dadcff69-97c9-4926-8d6a-adff7ad98a17,3,
ed71f574-89b6-4db3-a506-aac5c292087a,7147f4d3-dd09-4bfc-a3ed-3a955de63d1c,08f0d77c-ae4d-4ad0-8b20-2a43e58effce,5,
265603b2-a872-4fce-87f9-c00d3ab12836,7147f4d3-dd09-4bfc-a3ed-3a955de63d1c,27737d4f-2447-4815-b4c2-6cb64795d8aa,2,
d9e3eb4f-5500-4699-bc4f-72c3edee1ff8,7147f4d3-dd09-4bfc-a3ed-3a955de63d1c,dcd18541-177d-49a2-b57a-f07efdd9d944,3,
9198330e-5168-4d63-958d-5efb30f78ade,7147f4d3-dd09-4bfc-a3ed-3a955de63d1c,e7100fdb-8bc9-40bf-8f07-2fc5596266ac,4,
29d2f6f6-58cc-43fe-936d-a0f3ffd45147,7147f4d3-dd09-4bfc-a3ed-3a955de63d1c,4a948672-2a8d-4272-a54a-acf5e262064c,4,
8b269bc6-337d-45af-8a8f-ba5d44c1025f,7147f4d3-dd09-4bfc-a3ed-3a955de63d1c,1f55301c-a16e-4136-9846-25bd7c1f3729,2,
833a4123-fbac-42f4-98e9-222db0ed6611,7147f4d3-dd09-4bfc-a3ed-3a955de63d1c,c417effb-2fde-43ce-87a9-50ed869ec7d3,3,
cdc91cd3-7988-4061-8007-27c9358eca6f,7147f4d3-dd09-4bfc-a3ed-3a955de63d1c,cff7d69d-10e3-49fd-bf71-564b7edc0ec5,3,
cb45b29f-f951-4d8e-a5c0-b243553f9084,7147f4d3-dd09-4bfc-a3ed-3a955de63d1c,1ed31118-d1b9-4fa4-b1df-f99d4feba76a,2,
e74b7567-c4fa-4542-85d6-dfb0cae5b786,7147f4d3-dd09-4bfc-a3ed-3a955de63d1c,13c957f2-8526-4b4b-81c7-fed53a54b2d5,3,
8062fe7a-405a-4943-9a4c-2a89d4c215c0,7147f4d3-dd09-4bfc-a3ed-3a955de63d1c,e86baea7-5488-4440-864a-ac3508dc588f,2,
9ab9d759-906e-4c15-8f6a-6479f32ce729,7147f4d3-dd09-4bfc-a3ed-3a955de63d1c,7933fbd3-1fc7-467c-ae41-d7694355d07b,2,
a064096b-4685-4c31-8b63-7e3c13a84120,7147f4d3-dd09-4bfc-a3ed-3a955de63d1c,7ac421e4-5e02-47cc-a06b-c5462898a1f1,1,
6f06e60e-3883-4a40-be21-87275f0c3aeb,7147f4d3-dd09-4bfc-a3ed-3a955de63d1c,c1c87775-a4fd-4367-8f98-d75772abb491,4,
a813387a-10fd-4ed2-a147-1a79f81600d2,7147f4d3-dd09-4bfc-a3ed-3a955de63d1c,25a1f759-b43d-49af-9265-5d6c66531dbc,5,
7a5263b0-8576-48d2-9a90-4e1d2c66c879,7147f4d3-dd09-4bfc-a3ed-3a955de63d1c,60512ece-8219-4550-8424-0f6622856b1b,3,
f8a5a342-a55b-42aa-aa89-dca904c12ba5,7147f4d3-dd09-4bfc-a3ed-3a955de63d1c,77f174d3-671b-4f4f-8392-5f7abac6fb40,4,
134fb268-4348-46e4-83fd-a383d9271d08,7147f4d3-dd09-4bfc-a3ed-3a955de63d1c,6425e1a0-c119-48d2-b37a-055090b36830,1,
23a4075c-5361-419f-876a-aa2136b7eae8,7147f4d3-dd09-4bfc-a3ed-3a955de63d1c,4b7e0ae7-8473-4aac-87f2-458e1b1fac23,2,
d5d48bdf-6289-4b20-80c5-84ab6ac4e097,7147f4d3-dd09-4bfc-a3ed-3a955de63d1c,39de81d6-750c-43d5-a731-67ecd5f3f19f,3,
df9ef378-2ae4-4116-8eb1-838cd8595e18,7147f4d3-dd09-4bfc-a3ed-3a955de63d1c,90cdbb4a-cbb2-4692-9d0e-2ed65ada3165,1,
3c22dff7-0145-49af-9c38-107b641a1e04,7147f4d3-dd09-4bfc-a3ed-3a955de63d1c,6aeb09ce-da17-49c8-be78-8068aa04c21f,2,
309e03d4-3366-4ef0-a3bd-65c0e74b5fc6,7147f4d3-dd09-4bfc-a3ed-3a955de63d1c,7e8fcdd1-2f12-4762-82fd-ef6af8111cdb,3,
7ea5d34f-fb3a-45a1-bf87-f5a14061cea6,7147f4d3-dd09-4bfc-a3ed-3a955de63d1c,43edafcc-61d9-4fad-8519-58c9af7140f0,3,
955759ff-ab1b-4197-b179-dc79c51781eb,7147f4d3-dd09-4bfc-a3ed-3a955de63d1c,8d93f63c-83ee-480f-a253-7aedd83b932c,1,
c89c29e1-f06a-48e1-a3a6-ce882f3fd478,7147f4d3-dd09-4bfc-a3ed-3a955de63d1c,6940f7fc-7aa9-496a-bd57-25257a7f98fd,3,
9697f06d-ab1b-456c-ba8c-85cc5a597f08,7147f4d3-dd09-4bfc-a3ed-3a955de63d1c,be43444e-7144-44ab-b37c-c9c58c5313f4,3,
2053f0b7-c074-4289-aa9e-ba579410d369,7147f4d3-dd09-4bfc-a3ed-3a955de63d1c,dd75ed9d-3897-44bc-a7a5-812d00b268ad,4,
d6a4096c-742f-41d6-84ab-182496b1cbf0,7147f4d3-dd09-4bfc-a3ed-3a955de63d1c,a0ee8b76-387b-4269-bc3f-313378115b02,4,
477e5aee-ddc7-409e-aa16-5a3f03c692be,7147f4d3-dd09-4bfc-a3ed-3a955de63d1c,b9ea6ec5-05d6-4854-ba4c-96c4471fa959,4,
27175d0f-4edb-4ad2-b28c-fc527daede7f,7147f4d3-dd09-4bfc-a3ed-3a955de63d1c,6a55df45-e039-41a5-82a7-59baa9d31d4e,4,
c8764cf4-afb0-4c50-8426-dbe10d503970,7147f4d3-dd09-4bfc-a3ed-3a955de63d1c,ff1516e7-eb40-47b3-9df3-f5e1a3e49f5b,2,
b38c3d28-121c-4b21-af2a-f474e5ee66ed,7147f4d3-dd09-4bfc-a3ed-3a955de63d1c,444e9614-50ff-4c9c-9d72-95ec4e679bdd,2,
20f8e4bd-93a5-4b37-ba6a-4186e193eb5c,7147f4d3-dd09-4bfc-a3ed-3a955de63d1c,f32d8e05-3587-4bc5-bc7e-5d37b1bc7e3e,5,
65b2620d-1376-4038-a934-aa5d0a0dad8a,7147f4d3-dd09-4bfc-a3ed-3a955de63d1c,cd732cf0-9de8-4d91-8a19-c90bb84ff2b4,2,
01cf4af8-b4c8-4a61-9511-00088b7e886d,7147f4d3-dd09-4bfc-a3ed-3a955de63d1c,beaa9add-33a2-4423-91cd-34fff7051ff0,2,
96b79e63-d4fd-4f59-a1c5-d3aab88dfde4,7147f4d3-dd09-4bfc-a3ed-3a955de63d1c,5a61aafe-1e6c-4566-9012-66505d7fe1dc,4,
245e8b0d-99f5-4370-928e-983e71da1d3c,7147f4d3-dd09-4bfc-a3ed-3a955de63d1c,1306d813-3301-44ce-8f1d-a7413775493b,3,
06fdfd58-520f-420a-8161-d4a95b69a22e,7147f4d3-dd09-4bfc-a3ed-3a955de63d1c,4f112f08-ad1c-4bf4-ab80-96e7afdd66d2,5,
b5ac19d8-cc76-468a-b11b-aee4b72f1936,7147f4d3-dd09-4bfc-a3ed-3a955de63d1c,03ce5b75-3e67-47ff-81a5-4c5041b6490e,3,
abfb1de5-1a99-4db3-92b0-34483ef0060c,7147f4d3-dd09-4bfc-a3ed-3a955de63d1c,1c2cc3e5-dfc7-460c-be5f-6c124d8705e6,5,
be3c5578-685d-4867-bd38-c20a69594e60,7147f4d3-dd09-4bfc-a3ed-3a955de63d1c,42cc2425-b093-4642-aa05-8cddd75104ba,1,
3b831b5f-83fb-4375-bd82-90beec60bd92,7147f4d3-dd09-4bfc-a3ed-3a955de63d1c,8802d9fa-ce0f-4689-987e-c0f4b42c0733,5,
7c5146dd-8480-4748-b695-735f84548980,7147f4d3-dd09-4bfc-a3ed-3a955de63d1c,4d24879a-b589-40be-83aa-6da22f32e58a,2,
cf2207c6-91fb-4805-a64c-977ab67f6aa1,7147f4d3-dd09-4bfc-a3ed-3a955de63d1c,43003c31-b860-449d-84cf-941cde9ac8d5,1,
e4ed4844-7e7b-4126-9317-c2df0b6bf799,7147f4d3-dd09-4bfc-a3ed-3a955de63d1c,97c3c9d0-742d-4225-a85f-0173db0097a3,5,
b4b661b5-110c-4550-b79e-640fe9f9b1d5,7147f4d3-dd09-4bfc-a3ed-3a955de63d1c,06b035b5-c15c-4862-9afb-e160c82595a7,4,
81d5d7dd-de08-4042-87fb-7c8766f599f8,7147f4d3-dd09-4bfc-a3ed-3a955de63d1c,1ebf509e-5ffb-41d0-8952-bc093accd109,5,
6b1f3dde-c972-4cb2-ab04-4945a0014b43,7147f4d3-dd09-4bfc-a3ed-3a955de63d1c,1ba3ea02-c669-4a40-81d3-fbf29605a299,5,
95d05c03-5a10-498c-a895-a364410f5063,7147f4d3-dd09-4bfc-a3ed-3a955de63d1c,6c00d31e-68cc-47ec-ac63-20b9e8d94059,1,
16df5ca5-dae6-4526-aeac-002fb01ee2dd,7147f4d3-dd09-4bfc-a3ed-3a955de63d1c,dbab8586-03e1-40d9-ae1d-209665b8e206,1,
d2294f53-f416-48b2-a0eb-9e8b6246d9f7,c70373d2-2d0a-49fd-9919-875c3ebc13cb,fd35cdd2-2edd-4539-8494-43295b852a94,4,
90564830-93bc-4fa7-9b8e-df7653fa534c,c70373d2-2d0a-49fd-9919-875c3ebc13cb,46fc9156-7db6-4aa4-b543-1d616135fab9,4,
3ef84838-9d5d-473d-a30b-bf6ae09c67e7,c70373d2-2d0a-49fd-9919-875c3ebc13cb,9153f9a3-76e4-4302-b4c2-986bd9676cb7,3,
12f029f2-7a99-4948-8588-dba67487fafb,c70373d2-2d0a-49fd-9919-875c3ebc13cb,b0713c8c-2a2f-4388-a325-01c5086348fc,3,
bc6ca907-be46-43ca-9dc6-57d237d80da0,c70373d2-2d0a-49fd-9919-875c3ebc13cb,aa373596-9cf3-4d1c-8793-5f9587df6a26,2,
667ab532-c915-4bd0-af8b-67a9f66ce19e,c70373d2-2d0a-49fd-9919-875c3ebc13cb,047e72a2-acb7-421e-9766-6f10f3aa9e30,2,
938e4772-2305-4248-9458-697121a2f9a3,c70373d2-2d0a-49fd-9919-875c3ebc13cb,3c4e96b9-b4b6-4620-8da2-d2f7c9b66f49,4,
7af25a67-4d0d-4a09-b929-aaa3336f6d98,c70373d2-2d0a-49fd-9919-875c3ebc13cb,6becddf9-146d-405b-b2ea-a1456a634de5,3,
1edf9e8f-e951-4251-b05a-1595dc9ffaa0,c70373d2-2d0a-49fd-9919-875c3ebc13cb,36a2dd70-9b12-4c7c-be52-f238891c3a83,3,
53463590-c0f6-470c-9a23-fe757d20ed59,c70373d2-2d0a-49fd-9919-875c3ebc13cb,e1e4d4ec-7ccc-4a5f-bae6-c2a9e1ce667e,2,
86735941-4488-450b-8751-b4891111366e,c70373d2-2d0a-49fd-9919-875c3ebc13cb,b7b2cf9b-8fd7-464f-92b5-7041a56c07a3,5,
0e545e83-2d35-44a8-829d-7940bab92be9,c70373d2-2d0a-49fd-9919-875c3ebc13cb,a4a0eaf9-b0b9-40d3-9855-0d582951c3dc,3,
36085faa-fce4-43ff-b84f-5ff8be4b2cd5,c70373d2-2d0a-49fd-9919-875c3ebc13cb,d680f9b2-91a1-422a-b35c-5326fcb8adda,1,
9a42edfc-cfef-4f05-a878-b9a63ca31409,c70373d2-2d0a-49fd-9919-875c3ebc13cb,96a85fd4-fd5e-488e-9cae-fcd0bea410d0,1,
0f6cc207-90f5-41d2-83ff-28a72fa9426d,c70373d2-2d0a-49fd-9919-875c3ebc13cb,debd82a2-2280-475d-9351-bfef2928ece2,5,
70391eb4-c844-474e-94af-cd43c9e82ece,c70373d2-2d0a-49fd-9919-875c3ebc13cb,a95e3e5e-b8ec-4185-8da8-50aa3fd7884d,5,
826dc708-1c3c-4f67-8172-815b45414ac1,c70373d2-2d0a-49fd-9919-875c3ebc13cb,0567d889-8106-44c1-b344-8bf38344b055,3,
ca586e72-8245-43fd-8a59-8e99e1d8de55,c70373d2-2d0a-49fd-9919-875c3ebc13cb,59907d40-c5a6-497f-8f92-a0b6f9b96fe6,4,
55c377d0-b440-4fa0-86a0-8d70b55767b1,c70373d2-2d0a-49fd-9919-875c3ebc13cb,83fd450e-0284-4927-9f0d-cdafacf1e1e0,5,
c387523e-315b-48de-8204-2d0f8a1065f7,c70373d2-2d0a-49fd-9919-875c3ebc13cb,aea9e3b3-b0be-4872-9496-60d74d1aee5d,2,
553c7904-7e63-4751-a5d2-eaf560907baf,c70373d2-2d0a-49fd-9919-875c3ebc13cb,1b189bde-d3d9-4e3c-9762-fd8d47b894ff,4,
9b1dd1be-fa09-49ea-8fef-969a19711550,c70373d2-2d0a-49fd-9919-875c3ebc13cb,ae96035a-aa19-4952-a7c9-933bca467bab,4,
9826117a-01ad-4e3b-941f-a9ab789ad189,c70373d2-2d0a-49fd-9919-875c3ebc13cb,1009c8d8-d36c-48e9-9be9-0532be4a7985,3,
8251d1e6-ed58-4ec6-80b6-556a7ee1569d,c70373d2-2d0a-49fd-9919-875c3ebc13cb,618ede7e-1335-4736-916c-bce6141d59ea,2,
51214531-acf7-4f0e-89e2-701eb184523d,c70373d2-2d0a-49fd-9919-875c3ebc13cb,75c893a8-661a-46da-aa7f-4a55bf50f5d0,2,
730866aa-f71c-4855-b8eb-e6be41c50372,c70373d2-2d0a-49fd-9919-875c3ebc13cb,88a77398-2edd-407c-b6ee-847216fe7550,3,
53e440c2-ff68-45e1-879e-26ff65d8e541,c70373d2-2d0a-49fd-9919-875c3ebc13cb,2e4ee2d0-a1c1-4c7c-8151-5cf1b92bc5cc,1,
bc10abcc-f082-4bfa-a9ab-76c1a3e4dad8,c70373d2-2d0a-49fd-9919-875c3ebc13cb,a8abcd55-a558-4f45-bbe1-508f2cae9451,3,
77bf09b3-1959-444e-821d-b2838e352c85,c70373d2-2d0a-49fd-9919-875c3ebc13cb,4c94d798-4e4f-4c3f-b748-3a5c662c55cb,1,
06f476c1-2267-428f-abd1-baef1836b467,c70373d2-2d0a-49fd-9919-875c3ebc13cb,ec7594fd-e20e-4993-b756-4b76f1d5657c,1,
44212405-1f2b-4a85-906e-ac3a23215d32,c70373d2-2d0a-49fd-9919-875c3ebc13cb,5c9725ab-4e93-447c-8a45-cf746416527c,5,
df8e86c1-1e4e-4b98-8254-73896ed0f29b,c70373d2-2d0a-49fd-9919-875c3ebc13cb,d265464b-af65-479e-abf3-85b990d6274e,2,
c2103f24-bfbb-4226-bb8e-adbbbdb08f72,c70373d2-2d0a-49fd-9919-875c3ebc13cb,7434e4b9-a6de-45e6-ae3f-8e7e045f0f0c,1,
54f6f76b-e1ee-4378-a364-4f3350a2dc4d,c70373d2-2d0a-49fd-9919-875c3ebc13cb,7da238c0-2205-4d07-9517-9c9d8ff595c8,3,
a60292a2-eb4b-41b9-a837-c7065685cb7a,c70373d2-2d0a-49fd-9919-875c3ebc13cb,99606f70-12e1-42c2-bfff-d2d487be6735,2,
18038cdb-b587-4ad0-9692-88b1e5563e10,c70373d2-2d0a-49fd-9919-875c3ebc13cb,be59213b-0d32-47dd-b496-ae66877c3ab0,4,
3488dae0-7c41-4753-8d8c-b9b2f2acd549,c70373d2-2d0a-49fd-9919-875c3ebc13cb,2b4d9fca-5c10-45be-b5ac-63ad280fee97,3,
6941c963-5bed-4b3e-9564-38a052b49165,c70373d2-2d0a-49fd-9919-875c3ebc13cb,208fd80e-350c-42a7-8dbe-4f3f0fa85bed,2,
deac83f2-35a7-4f22-b8b3-bcc630fffea9,c70373d2-2d0a-49fd-9919-875c3ebc13cb,7ba9b5af-be69-4a54-ba41-37d1b97d61ec,4,
ce022943-e950-417a-a35b-9849aa9dee2d,c70373d2-2d0a-49fd-9919-875c3ebc13cb,f0bbca60-65cd-454e-a119-46d3a65118b4,2,
9b272b11-bf53-4a0a-87d6-f360198327fe,c70373d2-2d0a-49fd-9919-875c3ebc13cb,8c4b354a-ecd8-4432-87d7-bbcfea4d941b,3,
5645f0d2-75fe-434a-a338-4e063f2018c1,c70373d2-2d0a-49fd-9919-875c3ebc13cb,93367dea-273b-4cbf-a47a-dd3693517dc0,5,
e56243ee-2f57-4e22-9760-b56e91f42c1b,c70373d2-2d0a-49fd-9919-875c3ebc13cb,71cbe99f-c711-409d-a3dc-5c24af986d34,1,
1461e3c6-f2dc-4203-9e1b-cb84fffb172f,c70373d2-2d0a-49fd-9919-875c3ebc13cb,f8fb26d3-d783-4f28-8956-c1e55dda5267,2,
f3475b7f-bb7a-4330-9dfa-ee7f8be7667a,c70373d2-2d0a-49fd-9919-875c3ebc13cb,037c4f73-9e6f-4482-88b0-5ad5f57700f8,1,
7f8b7d15-b723-4806-a109-409e3f16cda7,c70373d2-2d0a-49fd-9919-875c3ebc13cb,b5a70ed1-c40a-4a06-a373-4b584e5bc833,2,
198deaae-6ede-4931-8cb0-de9c7f9bc73b,c70373d2-2d0a-49fd-9919-875c3ebc13cb,b89bdbf3-75d8-478c-a444-8e518e044f2f,2,
d1d9269c-92e7-4883-aa3d-0a537be24197,c70373d2-2d0a-49fd-9919-875c3ebc13cb,6d7d2132-652b-4ed3-9c5f-15eefe8fff01,3,
fc03a91b-5658-4181-875f-3f75962261ea,c70373d2-2d0a-49fd-9919-875c3ebc13cb,51f587f3-3a3c-4419-b0ac-a5303d5bc60f,4,
4377887f-3470-4c2f-aba1-e45c9d1534ab,c70373d2-2d0a-49fd-9919-875c3ebc13cb,8802d9fa-ce0f-4689-987e-c0f4b42c0733,2,
b048ffcc-365f-4231-bc23-2b321a8fb9cf,c70373d2-2d0a-49fd-9919-875c3ebc13cb,2da883fb-98e0-44ea-b35c-069e65a13e99,5,
ebadfe8b-3165-41d0-90e6-ad2b1eea9837,c70373d2-2d0a-49fd-9919-875c3ebc13cb,dd77b654-960d-436b-bae7-d7408d177b13,3,
05d4f996-7664-4795-bb92-ec89f7d0149b,c70373d2-2d0a-49fd-9919-875c3ebc13cb,955b2f88-df7f-46c5-8a24-c4c194a9c413,3,
d5fe63ca-574b-4d02-90da-6bb271574c1c,c70373d2-2d0a-49fd-9919-875c3ebc13cb,68e10cf1-6544-417a-9e12-53483af3dd26,4,
8af01074-a796-4838-a033-1dfaa3bd24ce,c70373d2-2d0a-49fd-9919-875c3ebc13cb,a0ec2d66-600e-4276-8786-33686ef2de84,3,
8705e6e2-5863-4a6d-867e-863acaf9c23a,c70373d2-2d0a-49fd-9919-875c3ebc13cb,79a43344-cb4a-45c0-892b-6811d5221350,2,
a3746f1b-c609-4dd2-9f51-5112e6de2364,c70373d2-2d0a-49fd-9919-875c3ebc13cb,fd79d851-3375-4d6a-9cb3-5f2d980b4d25,2,
5d2f18d5-d1f7-4706-b259-6038dc675f9b,c70373d2-2d0a-49fd-9919-875c3ebc13cb,5a2af484-807a-4637-8e0b-5909b0da4f10,5,
35a4c406-7d7e-43bc-899d-695fa5450f10,c70373d2-2d0a-49fd-9919-875c3ebc13cb,8bf2e267-419e-4c61-8326-cccfffbb168d,3,
4eaed307-165b-4e7f-a2b8-dcb9af45cdfe,c70373d2-2d0a-49fd-9919-875c3ebc13cb,8683b10d-5ec3-4fdb-8425-8f56cc011ab7,1,
4e1456e3-4137-415b-81e8-578bc4cd8d79,c70373d2-2d0a-49fd-9919-875c3ebc13cb,c517fcec-9dab-4afe-b250-6394e66a5fe8,3,
cbeb733e-4253-4ad9-a02e-074821d46d5c,c70373d2-2d0a-49fd-9919-875c3ebc13cb,8a0cfe99-0e7d-4cac-bd11-322ab472d78e,4,
2b4da257-f106-4ab9-a3f3-4889dbe61023,c70373d2-2d0a-49fd-9919-875c3ebc13cb,355f08c2-8732-47d6-b3c5-e68ffcaf9e3b,5,
6e2ec99e-467e-4a27-9842-b693ed83ff48,c70373d2-2d0a-49fd-9919-875c3ebc13cb,c535ed0c-0d95-4df7-823b-c85f0be74b1d,4,
66e00267-6d2e-4087-8e95-173baa868f4c,c70373d2-2d0a-49fd-9919-875c3ebc13cb,4e6bca52-c8c3-4c6f-815f-c6bf35346708,1,
44164e41-98ee-44d4-93c0-25083c49fe79,c70373d2-2d0a-49fd-9919-875c3ebc13cb,cb032ab7-715d-47d9-acac-f7bb5843831b,3,
561ffe08-b84c-4509-998f-5d6c8bce4a85,c70373d2-2d0a-49fd-9919-875c3ebc13cb,b7fc2b5b-1723-495f-987d-7694947c54e4,4,
587cee68-4cb5-4f62-bafc-0a95c2bcae31,c70373d2-2d0a-49fd-9919-875c3ebc13cb,7c24e44a-a693-4da8-ae8e-bf25deca1ca1,2,
73c4f588-7982-47e4-9f4c-572a97c04131,c70373d2-2d0a-49fd-9919-875c3ebc13cb,5461812d-45c3-42ff-8936-e40f5162ebcf,5,
fa9f3231-ad71-4a39-ae23-f4f65128d094,c70373d2-2d0a-49fd-9919-875c3ebc13cb,a5ce51ef-1fb7-45e7-95c7-0cc7ea94f9b6,1,
1821018f-206c-4c85-bb6e-ccf5b9300e93,c70373d2-2d0a-49fd-9919-875c3ebc13cb,23480d6f-6941-407d-80c4-d2b567c6780e,5,
5ec5ccf3-0fe7-49aa-88df-138a3b71097d,c70373d2-2d0a-49fd-9919-875c3ebc13cb,04147469-59f2-4041-b197-c5a1ab8d34aa,2,
cb2f5501-3761-482b-b575-d71cba3c5c39,c70373d2-2d0a-49fd-9919-875c3ebc13cb,2b20150b-42f8-493a-912b-5c61d6b3c7f2,1,
f5beb7dd-2fe5-4127-b490-dc026bf827ec,c70373d2-2d0a-49fd-9919-875c3ebc13cb,2c55e992-ce8a-46c7-8614-209992c82611,4,
5c12fd5d-6039-43e9-a26a-c1945accacfb,c70373d2-2d0a-49fd-9919-875c3ebc13cb,93222489-3b83-4f6d-9d10-c18a944e9425,5,
0211b035-1ff8-40c0-8c3a-ec7709dc21c1,3ff7adbc-3ede-407e-bb8c-666156c3a84e,e20c80c0-fa20-4042-8f5a-42ae727c3086,1,
d1b4dcbf-1c26-4090-a318-1615167536c9,3ff7adbc-3ede-407e-bb8c-666156c3a84e,2b62d677-7931-4e09-aad5-e5bf3fe6f56d,5,
7fe75479-c5e7-4019-ae48-eac1dfe2dc97,3ff7adbc-3ede-407e-bb8c-666156c3a84e,57c180d0-95f5-4b53-a514-6a9399fe758b,5,
15ad4a41-0c9c-464e-9602-bdb984b42fb2,3ff7adbc-3ede-407e-bb8c-666156c3a84e,6130c8ee-4631-49eb-b13d-89b8d9ef3bba,2,
eda3b4c6-6dbb-4b99-9708-c0979edaf292,3ff7adbc-3ede-407e-bb8c-666156c3a84e,8242e748-7cdd-4ad9-aaad-63fde97e7415,3,
f6b5ba32-8ed8-42e5-85d6-389fe8b778ef,60b6f64a-c87f-4cd3-8b16-244000e841fe,b8f42be0-7d9b-468d-8d5c-a710b128d10e,4,
1d36602b-aefe-476a-897f-8a6eacfb99f2,60b6f64a-c87f-4cd3-8b16-244000e841fe,0d83cea7-b8fa-4c43-87b0-9219afbaed61,3,
7cc39b08-15fb-4a65-a345-4a2a2321d916,60b6f64a-c87f-4cd3-8b16-244000e841fe,cce408e7-f107-4f90-804d-a68003ef8829,1,
06d09e9e-0e6c-4935-b067-20cc07263c0f,60b6f64a-c87f-4cd3-8b16-244000e841fe,a370bc33-fbcb-46be-8b8c-c581927899bc,4,
8ef87828-81ac-42a0-b606-99cdee5de066,60b6f64a-c87f-4cd3-8b16-244000e841fe,749649b5-5e5a-4ea5-94f7-719fa3b9b084,1,
535897dc-8f0e-4e3b-96e4-eb748e7b28a1,60b6f64a-c87f-4cd3-8b16-244000e841fe,a48bd0b7-305d-4a86-83cf-f0d2fadb9918,1,
6cac7811-12e4-48fd-ad84-6db7c8efd168,60b6f64a-c87f-4cd3-8b16-244000e841fe,db62b66a-f317-4f46-afbe-c58278e58fbb,3,
9fc852d2-33d2-4321-a047-a281a58dc497,60b6f64a-c87f-4cd3-8b16-244000e841fe,e6263734-3efb-4a70-9253-40eb28cdcf79,1,
a3dae453-5010-4e84-915e-b718aad707f8,60b6f64a-c87f-4cd3-8b16-244000e841fe,9370015f-33ed-4352-8e41-e1fd7f97ce83,5,
34d482b3-dfb4-41ee-aee6-59d213bbec9e,60b6f64a-c87f-4cd3-8b16-244000e841fe,10553558-2644-49cb-9acb-1cd5a31674da,1,
d1066a36-d8e5-41c8-946f-10936979bdf3,60b6f64a-c87f-4cd3-8b16-244000e841fe,6f166a9f-bf14-4308-808c-11fa99c7e07a,4,
80782e58-cf7c-47f4-8048-ba1142d0ebad,60b6f64a-c87f-4cd3-8b16-244000e841fe,4d989003-5ee4-454b-953c-503f95f12a2f,1,
086a792d-3c54-465e-bcf4-00b3be744229,60b6f64a-c87f-4cd3-8b16-244000e841fe,3bf4d036-aa9e-425e-9d76-357cf7c6f651,1,
5128adbd-e662-4785-acc6-0a9b07e35d0d,60b6f64a-c87f-4cd3-8b16-244000e841fe,aa90fccd-65c8-443a-82c4-6e24f42508d2,4,
e4bf6f70-9049-47a9-8305-0c2ee5c07c22,60b6f64a-c87f-4cd3-8b16-244000e841fe,8610a5e6-36ad-41e9-8d8f-91039a27194d,3,
f1af26ab-8c58-4cca-b4d5-91e974d2842e,60b6f64a-c87f-4cd3-8b16-244000e841fe,8d93f63c-83ee-480f-a253-7aedd83b932c,5,
900c752d-9dfe-4702-bfa4-b118258c9262,60b6f64a-c87f-4cd3-8b16-244000e841fe,83ede756-e755-4376-95fe-8bdbfe80765f,1,
873d33d4-e654-4927-b5e8-b84e3f8afc54,60b6f64a-c87f-4cd3-8b16-244000e841fe,799e44b2-e4f1-4cd6-9f58-ceb2285c9a6a,4,
76e7256a-6006-4d76-a72c-f6a4929de2dc,60b6f64a-c87f-4cd3-8b16-244000e841fe,c5938aef-7b9b-4dc6-a27c-8efef793fd3e,2,
7dd24aeb-5fae-47ad-b3a9-6d2f45f20b89,60b6f64a-c87f-4cd3-8b16-244000e841fe,069da43a-3d28-47f2-9c8d-315d20bc4a00,4,
36352778-58ce-4414-b28e-a1779d6cb7ed,60b6f64a-c87f-4cd3-8b16-244000e841fe,dde18379-2022-4383-abe1-d85de9131b50,2,
3f2de9f2-a8ae-433d-8844-20d401e4c1de,60b6f64a-c87f-4cd3-8b16-244000e841fe,f09b1964-4454-4352-987d-6f33a6df0107,5,
5c096b42-ef57-4c7d-b7bd-3dcb14bcaf7b,60b6f64a-c87f-4cd3-8b16-244000e841fe,531bfa32-e7b3-4a18-9e4c-80d7b08f7eec,4,
fb21eaa9-9498-43be-a1fd-b740e865ad30,60b6f64a-c87f-4cd3-8b16-244000e841fe,d9c1f684-ef7a-4022-a6f2-42500420f737,2,
e22c5f4c-d45c-457e-bb41-8317e985c80a,60b6f64a-c87f-4cd3-8b16-244000e841fe,673280ee-950d-46b5-99f2-bfefb1db4390,1,
70240143-6347-4eaa-865b-533f997bedf4,60b6f64a-c87f-4cd3-8b16-244000e841fe,f6edebbb-298b-439e-950d-2f463832d37a,1,
3f7c3b2f-37d6-4c71-a0e0-f40c729156c8,60b6f64a-c87f-4cd3-8b16-244000e841fe,0db7f1ab-2861-489d-b031-ded94918f748,3,
1fad4991-f1fd-4873-aa78-dfefee07ffaa,60b6f64a-c87f-4cd3-8b16-244000e841fe,c610bbba-0987-4200-b571-122157e15988,4,
e7b9b699-8f00-45dc-84ab-114de561e671,60b6f64a-c87f-4cd3-8b16-244000e841fe,432b9be9-2291-40e8-b68f-fa60fc2280fd,5,
f67eb5e8-7a28-43cc-9f54-6367060e0542,60b6f64a-c87f-4cd3-8b16-244000e841fe,d30bc76b-08a6-44ef-b4e9-0d1f1778033d,1,
0da9ddc0-3f0f-4308-87c9-5cb266ea8d50,60b6f64a-c87f-4cd3-8b16-244000e841fe,fab3434a-04d9-48ac-827b-eda4e911b401,3,
27e53464-c5c2-4c80-b104-41f3b1fff1a8,60b6f64a-c87f-4cd3-8b16-244000e841fe,6e38404c-9c5d-4ce1-8feb-c98677d37f48,2,
746029ca-e7c9-4073-92e5-a827b3df718c,60b6f64a-c87f-4cd3-8b16-244000e841fe,ceca672a-34a3-45f1-9b41-db8473a8ceac,2,
94fc8c6c-68be-4b0a-8b3c-54d8104d72e5,60b6f64a-c87f-4cd3-8b16-244000e841fe,76216ae2-ca75-4373-9536-efe4cc3c4411,2,
3a580e96-7a56-4712-b53d-f6f7c8528ae8,60b6f64a-c87f-4cd3-8b16-244000e841fe,3e1931e1-e1d8-45ad-8f28-bbf9f4899f46,1,
dba7c481-a0e1-4e71-966a-63cd258423a6,60b6f64a-c87f-4cd3-8b16-244000e841fe,83ebf18b-b59b-43c0-91e7-6df0d9208751,1,
f3a05d66-fd3f-4a7b-969c-65f563dba293,60b6f64a-c87f-4cd3-8b16-244000e841fe,9cfbe616-c1ef-45d1-b8fc-78bbf6ad29dc,5,
1d8a2f8c-cf70-45df-b85c-1604c08adb6a,60b6f64a-c87f-4cd3-8b16-244000e841fe,86125666-acd5-46ee-9fea-69bdde363cae,3,
d6e780a5-03f2-4371-b5ed-0198623fef73,60b6f64a-c87f-4cd3-8b16-244000e841fe,5bdcbf92-5a4f-4c60-b0b4-2ba1f14e4e08,4,
e753c04f-fe0d-4ed0-a23f-f85202568903,60b6f64a-c87f-4cd3-8b16-244000e841fe,cc48a793-a82b-4edf-87ed-92ad2cd88773,2,
32ff4b25-4bdc-4e9d-8a60-8bbafeb42e3b,60b6f64a-c87f-4cd3-8b16-244000e841fe,b25bb974-bc73-46c9-8afa-e98ec3cbae08,3,
d7c9a220-c5f2-4c99-97de-9987f5db777b,60b6f64a-c87f-4cd3-8b16-244000e841fe,682dc2fa-2df5-4d32-ad50-02b035e2cef5,2,
9840c4fd-7d9a-40e6-8844-f0319725ac00,60b6f64a-c87f-4cd3-8b16-244000e841fe,aacdfedc-333c-4340-802f-ccba329a4c17,5,
6a9baf18-fd57-4c1d-bd8e-94f3b069bfe0,60b6f64a-c87f-4cd3-8b16-244000e841fe,0c615a5e-3d03-4910-8247-5d406f9187c9,5,
e1f1795d-8c02-4c1f-919f-34bcd2434222,60b6f64a-c87f-4cd3-8b16-244000e841fe,0c621cdc-66fb-4567-9def-1b974efa755a,3,
16ea8ada-0265-41e9-8155-cc87ae0add29,60b6f64a-c87f-4cd3-8b16-244000e841fe,eda298e8-a794-4ef9-880b-02b0eebe9b27,4,
462a786a-e47c-40d2-a708-3b5fd54eb4e2,60b6f64a-c87f-4cd3-8b16-244000e841fe,8a1265b2-e6aa-4db9-8869-9ab214498965,1,
2feb0f74-a9c3-453a-b6b6-d4a329188a63,60b6f64a-c87f-4cd3-8b16-244000e841fe,2ef8e5b6-6368-487e-ac27-b8b774fc118f,1,
bb12f9c1-e6dc-4796-a73f-6607f84e839f,60b6f64a-c87f-4cd3-8b16-244000e841fe,793aafc2-2436-4a25-8da9-7cc07d866ac8,2,
0bb9336a-9089-4252-b7d8-f2335015d68e,60b6f64a-c87f-4cd3-8b16-244000e841fe,d6db5393-6c8a-44a4-8307-341602bb4d21,4,
f9d80177-bed2-447c-be66-7a52ff1fdba0,276bc786-71e1-43d5-a95f-d068aba82c89,070754de-c550-4cfd-9d2d-31421d2dfc30,2,
a9f03adf-dec9-4390-bad9-c240aefd9662,276bc786-71e1-43d5-a95f-d068aba82c89,01bb4d11-a27e-4864-bc37-50a5637b69d0,5,
081722bf-e0f6-4c42-8d7c-faa38fa645eb,276bc786-71e1-43d5-a95f-d068aba82c89,c3263365-2806-4145-95f2-1d34e53a14a0,1,
123fd94a-7bd7-45c6-9875-18e276bfc4b8,276bc786-71e1-43d5-a95f-d068aba82c89,fc526f25-4054-4491-8abf-7b8486c32363,1,
cfa2b38b-46e8-43c1-aac1-207f02daf9dc,276bc786-71e1-43d5-a95f-d068aba82c89,ed72cde0-38c2-49a8-b70f-af08c39af85f,5,
82fe6030-a317-48f1-9aec-a8717db45eba,276bc786-71e1-43d5-a95f-d068aba82c89,f8311c06-3506-4133-866f-cdf506a1b9d8,2,
c0699611-37dd-4970-8c88-aa414105a961,276bc786-71e1-43d5-a95f-d068aba82c89,8e2911e1-3c6e-458a-add7-16210c4ae5aa,5,
3891562b-1769-4a48-a2ee-bcd85aeb7eeb,276bc786-71e1-43d5-a95f-d068aba82c89,55fa4ceb-10dd-46f5-9f76-bb04b8a1963b,1,
9e09cc1f-8f8f-422c-9158-12c4b16e8819,276bc786-71e1-43d5-a95f-d068aba82c89,2b2eed6b-ed4a-4fea-b738-0be242e83eec,4,
3d6be6cd-b39b-455f-a87a-a5f3137f280a,276bc786-71e1-43d5-a95f-d068aba82c89,1fd52837-2b09-4bd3-8b44-df4ef9f51e7d,4,
b58381d0-a35b-41bd-a858-e492be2330ae,276bc786-71e1-43d5-a95f-d068aba82c89,16d4f94f-b353-476b-b6be-4cbd1fd11a64,2,
29ab3c14-e73e-4b8c-816a-571397b8d875,276bc786-71e1-43d5-a95f-d068aba82c89,de37a0a3-9514-4ea8-bd89-40c581670d33,1,
a8447363-b007-4a84-8247-0ad710ccb7f7,276bc786-71e1-43d5-a95f-d068aba82c89,58b220ce-71eb-40eb-a7fa-94daad1f6694,2,
98569bef-322d-46bf-8258-f3b459212afd,276bc786-71e1-43d5-a95f-d068aba82c89,7db09d6b-c9a5-4964-bd97-3e6bfc6103e5,3,
165d72d0-2c0f-462c-944d-cdbd93440ad2,276bc786-71e1-43d5-a95f-d068aba82c89,fcead552-4ec4-4881-9108-f85b670bcc55,1,
ac02bf59-f5e5-4abe-8f38-c0f9123c9c28,276bc786-71e1-43d5-a95f-d068aba82c89,a77ba6af-e717-4e2d-9c16-3015ace48eb9,1,
6ff4cee4-d816-4e5e-b976-749dae36d782,276bc786-71e1-43d5-a95f-d068aba82c89,32dbbb4e-8038-46fe-a1f4-b54ab5632b38,4,
95757eae-e404-4e82-a11e-fb8a55b601d2,276bc786-71e1-43d5-a95f-d068aba82c89,e35f5c99-6437-4e77-ae65-b0f6f518ce69,5,
9a749618-b245-41be-865c-e6f6bb2380f1,276bc786-71e1-43d5-a95f-d068aba82c89,390a9169-3537-4319-86f3-b55ced007bf5,1,
1c5ec62b-4b39-4073-b8db-35db4a305de8,276bc786-71e1-43d5-a95f-d068aba82c89,b4e27b4c-d982-46dc-8de8-612a4da95611,2,
c6b99c95-2ae4-4c19-96a3-e6bdeca6ce7f,9c9b68e2-c59a-4d16-9d91-2c0f99203346,30d94f66-5f37-4757-bfc5-26fd2b8f809b,2,
a216eb83-5ae3-44cf-8b0f-029ef1db906f,9c9b68e2-c59a-4d16-9d91-2c0f99203346,db4a45e5-77f4-4434-918f-e3956be2fbac,3,
86166b7c-2790-4db5-9cc8-862739209311,9c9b68e2-c59a-4d16-9d91-2c0f99203346,40aac1a0-346d-4765-bc1e-d48598b74c38,2,
f4810b8f-973d-473c-93d0-83fecda7a1c2,9c9b68e2-c59a-4d16-9d91-2c0f99203346,e0cffbb3-99dc-4a39-8561-03bf7bd85a83,3,
87269fba-7cee-4268-a6fb-82e74a9f18e4,9c9b68e2-c59a-4d16-9d91-2c0f99203346,fab36d5b-06a0-4ac2-91f5-d3b86a0d27e3,3,
ae1d6d4e-561d-40a5-a7dc-9df99995c8cd,9c9b68e2-c59a-4d16-9d91-2c0f99203346,184a56c2-43a2-4063-b8d5-fa90024bba6f,3,
7236404c-4687-4fa7-abe1-e07922581114,9c9b68e2-c59a-4d16-9d91-2c0f99203346,c4ec374d-e13b-40aa-9c57-37688b6a995d,2,
3e726037-3363-46e9-9d6a-672836062e90,9c9b68e2-c59a-4d16-9d91-2c0f99203346,a7d69c1b-05ca-4dda-9866-82e6b1ba1ae9,1,
4f200e0d-4fb0-4f91-9938-2419d3091f6e,9c9b68e2-c59a-4d16-9d91-2c0f99203346,3eb61b12-f719-47a6-8162-21698aeaf02d,4,
885ac1ee-a546-4831-841c-a0a5a1153892,9c9b68e2-c59a-4d16-9d91-2c0f99203346,2952d9ef-6e1d-41ba-a1f6-aeef70e1aef8,4,
75ab9f0e-d13a-4fb6-ae90-539a09f69378,9c9b68e2-c59a-4d16-9d91-2c0f99203346,43e66ee3-045f-4c27-a597-e562a2aa2a4c,2,
5b9c1bbe-3733-4ac2-b155-398db4b942af,9c9b68e2-c59a-4d16-9d91-2c0f99203346,5461812d-45c3-42ff-8936-e40f5162ebcf,2,
adb46b69-b17a-4d63-9926-493889e2c3f3,9c9b68e2-c59a-4d16-9d91-2c0f99203346,f20a5242-c338-42f0-b828-b6f358c7accc,5,
4dabb4e0-ea84-4d05-881e-cbd24e2e7230,9c9b68e2-c59a-4d16-9d91-2c0f99203346,25035817-3ac9-49bd-8303-091ebf8aa1ca,3,
80cd7c1e-735d-4116-81e9-b7a349c72e1e,9c9b68e2-c59a-4d16-9d91-2c0f99203346,4eccbd43-0376-4841-bf72-aba49c77d83b,4,
707bb98a-a2b5-49fc-916a-812f634deeaa,9c9b68e2-c59a-4d16-9d91-2c0f99203346,1ea11569-d34b-41b0-8807-eda23946f651,3,
f2956eb9-bfe5-4103-86cd-18c6980d479a,26d3ed93-720a-4667-8b60-f59697b79619,b90a4444-0055-4f4d-96e2-d6585089789f,3,
d295a218-082a-4599-83bd-ed242f294830,26d3ed93-720a-4667-8b60-f59697b79619,a8c5e788-9b4c-4ca7-967d-52ae1de20ad1,2,
bfca565f-b1b4-4fcc-8581-dcbaf7d8750d,26d3ed93-720a-4667-8b60-f59697b79619,5a071d80-a5d8-4f05-9a14-4821db927a8e,2,
4a8ba956-7ab7-4214-8655-7c41d26b684c,26d3ed93-720a-4667-8b60-f59697b79619,d6c6dc66-91ee-4a64-b105-3269f111fa00,4,
468f2132-5036-4831-884e-4a7b77eea524,26d3ed93-720a-4667-8b60-f59697b79619,2da7b4fc-5d3c-4a47-98aa-a06a47ea3915,4,
6c2d8273-db5a-483c-b652-e6a75cc20d4f,26d3ed93-720a-4667-8b60-f59697b79619,eca52498-bce3-4271-8ab3-dd589b65b4a0,2,
858e9605-ca7f-443f-86b7-78eb54e6130b,26d3ed93-720a-4667-8b60-f59697b79619,b6297f45-ce5f-4383-9d04-9a2b323a5c2c,5,
c0d06434-c855-4964-b253-53846f2aab43,26d3ed93-720a-4667-8b60-f59697b79619,911c13df-6243-4112-ba03-ffa8892c0824,4,
f774b50a-5b2f-41f0-bf22-ef7d8982ada5,26d3ed93-720a-4667-8b60-f59697b79619,e2193ca3-04be-4afb-aefe-0a02df96f65f,3,
77d1bcc8-8aa3-4542-9941-ca46d81307d4,26d3ed93-720a-4667-8b60-f59697b79619,2b3b6f53-03f4-491c-8010-e5cce7209927,5,
29613c5d-3ac4-42a1-bf4f-7bca1c6ba1db,26d3ed93-720a-4667-8b60-f59697b79619,a6771068-d16f-4811-8226-1909ea64358a,3,
8134c160-7b60-47cb-864b-b26e62d60693,26d3ed93-720a-4667-8b60-f59697b79619,fa78404d-c0a7-4275-a6f8-9dbe4f0a1ac7,1,
a10b24af-e1c5-4840-bb95-f664575ab353,26d3ed93-720a-4667-8b60-f59697b79619,4d459923-c5d0-46de-8ee2-61686d6e2a8d,1,
9ee3175c-06b4-495d-a4c2-f6595baaac7f,26d3ed93-720a-4667-8b60-f59697b79619,a39f56d6-bdca-4a38-9897-26ffc06e6314,2,
e78a68f1-e3a4-4a06-a2fd-fcef1f2254bc,26d3ed93-720a-4667-8b60-f59697b79619,8047592b-08bd-4d5a-a7c1-97fa2e113eda,1,
c6c6a0f2-b2e3-4fff-8dd5-f318109b59c3,26d3ed93-720a-4667-8b60-f59697b79619,6063ebf0-15cd-4776-9362-44eac728d003,1,
b5729672-a104-48e4-b382-e1e4a63ade4d,26d3ed93-720a-4667-8b60-f59697b79619,91b63504-6378-4107-9713-c3e25cfbcade,4,
dec12143-2f7d-4ebf-9e0f-aa537fca1a7e,26d3ed93-720a-4667-8b60-f59697b79619,d7c85f36-09fc-47d3-8bf8-22e07c62594c,1,
92bdfe65-2bef-45dd-b322-ed890694a4cb,26d3ed93-720a-4667-8b60-f59697b79619,597b7a30-abc5-463d-b2d3-e915cb5642a8,5,
b16768dc-a82d-4470-9305-cbecf13d7c2d,26d3ed93-720a-4667-8b60-f59697b79619,d3b2b6d6-9262-4dc0-82e9-7190075b18de,3,
0b299cbc-5841-4003-97f5-18abd6c82446,26d3ed93-720a-4667-8b60-f59697b79619,2347bbd6-d993-48d6-862c-eca6e2d9dc11,3,
a085dcf7-cf6d-4581-a5a0-4973b270c644,26d3ed93-720a-4667-8b60-f59697b79619,e6abf063-d0a6-4c2d-afdc-28babb212c2b,1,
ddafe42e-1872-4551-b27a-84750ce0ef89,26d3ed93-720a-4667-8b60-f59697b79619,8dd3a638-b748-4598-bb30-b9f6511148fb,1,
ec74f4a1-b282-4ec4-a46e-7e0d6701c404,26d3ed93-720a-4667-8b60-f59697b79619,6d993b03-f491-418f-8dac-e3b52e1ec3bd,3,
03d6117d-0231-4b3c-b368-472f8eef82a8,26d3ed93-720a-4667-8b60-f59697b79619,5150ebce-c6ca-4c84-82f4-e2a9bbe96dca,4,
9a688a53-72c1-48d1-b295-47df6513a97b,26d3ed93-720a-4667-8b60-f59697b79619,f4f411a0-0211-4e2b-bd29-c34de96e7bf8,2,
959f1db9-da57-4d4b-94f2-bdd86f43fb81,26d3ed93-720a-4667-8b60-f59697b79619,ccb608eb-47e6-4a52-943d-b114e97370df,4,
71a01b7b-95a8-483b-90fc-df63c1798327,26d3ed93-720a-4667-8b60-f59697b79619,6ab1be69-5ab0-4d96-b26e-15c2c40df032,1,
9ec72a81-e9b0-440d-bfbf-3cb1d7c2266d,26d3ed93-720a-4667-8b60-f59697b79619,6df208a2-ba74-4c0b-8727-4917623c315e,3,
68b28dad-2743-430e-ac03-16b51ca8cd75,26d3ed93-720a-4667-8b60-f59697b79619,9db0981f-9ea6-4599-b186-d11be3c166ea,2,
00b39fe3-5208-415f-9972-e4e23e607a1a,26d3ed93-720a-4667-8b60-f59697b79619,4a5d3990-f13e-4898-88c9-1f33f0117a26,4,
362f9a45-4488-4223-a7e8-4d299ff11052,26d3ed93-720a-4667-8b60-f59697b79619,5838eeba-efd1-47f6-ad3e-9d7f64cdfecd,3,
1fd351bc-0692-4993-b23b-2416338e94f4,26d3ed93-720a-4667-8b60-f59697b79619,56526ca7-f91a-4854-b516-cd8d36ec2d4c,3,
5cadb6a8-1dad-4404-9019-306c76ec130a,26d3ed93-720a-4667-8b60-f59697b79619,ea21f8c3-eb4d-431d-ad80-65ed253f8e2d,5,
68fab3f6-beeb-400e-8945-a4bc0e59087a,26d3ed93-720a-4667-8b60-f59697b79619,b51c8443-219d-4934-864f-c672b1d8e428,4,
30372e64-6abe-4e37-a554-cf7a14d64ca9,26d3ed93-720a-4667-8b60-f59697b79619,2e6f41f5-064c-43f2-8dda-8ee15fc5f740,4,
160e61d9-efe5-4962-9ec4-32222c24d1f8,26d3ed93-720a-4667-8b60-f59697b79619,e504378c-eda7-4631-b1f0-70290d75ee32,3,
ba9505c6-f1bc-4513-a3ff-fb6a55d759f7,26d3ed93-720a-4667-8b60-f59697b79619,675965b9-58d2-4a08-95f1-d2aa6bbb44f0,5,
3241694d-334f-4cd8-8b48-d137d86424a4,26d3ed93-720a-4667-8b60-f59697b79619,7b61a4f4-0e25-4488-bdcf-1b4bc379d1c3,1,
fdaea57b-cec8-4d3f-b228-7840d7b9ee6e,26d3ed93-720a-4667-8b60-f59697b79619,a6016091-9f9c-4111-98e7-f8ebb52121f7,5,
07e1aff5-0920-4cb8-b4ae-3b3054cdf6b4,26d3ed93-720a-4667-8b60-f59697b79619,73fdbf1c-449c-4f36-84a6-e401fcd50898,2,
b726ed0f-500f-4080-811a-d124465c0cb6,26d3ed93-720a-4667-8b60-f59697b79619,71e01948-7cf2-4b2f-a4e7-e1b66fe9690d,2,
2eda85e4-de8e-493d-bc85-754f54a501c3,26d3ed93-720a-4667-8b60-f59697b79619,2f502345-c112-4831-aa5a-dc826da91795,5,
b0dcdbb0-097a-484a-9a71-4b6315304465,26d3ed93-720a-4667-8b60-f59697b79619,e6a3b88c-7d03-482a-a40c-0cd79f32e048,2,
7019ad44-2965-4057-b53c-cd54d45c5d59,26d3ed93-720a-4667-8b60-f59697b79619,c32a30f4-622e-4c20-82f8-f631baa4faa3,1,
c70ef515-3d8d-4113-b360-7e8a6a4c6f41,26d3ed93-720a-4667-8b60-f59697b79619,e22b65f0-c024-432a-a217-0b868055e4ee,1,
acb402fe-5f7f-4d1f-8a41-5c79a20632d3,26d3ed93-720a-4667-8b60-f59697b79619,03bcc929-4f9a-4db9-96a1-6b0f11960727,4,
b4f2bc3e-156b-47e8-a39d-e70896d787ef,26d3ed93-720a-4667-8b60-f59697b79619,2c4f6418-7a5a-4023-ad4e-63d48413cee9,4,
9b44315a-ac2a-42cd-b038-7e7d885d76eb,26d3ed93-720a-4667-8b60-f59697b79619,4852d1e2-81f2-45c6-8564-09d12a88c683,5,
804916de-6667-4a9e-ba5c-b449e0ebb0b0,26d3ed93-720a-4667-8b60-f59697b79619,5acf7048-de2c-4203-92e2-0f5917ef9f3d,1,
90611df4-5246-4f75-a6b5-9ff9a6923ef5,26d3ed93-720a-4667-8b60-f59697b79619,1f1efbbf-53c0-4d44-8f86-7646510f5094,2,
e4bf8ac0-d650-4ff0-9362-e85a1f1ea7bb,26d3ed93-720a-4667-8b60-f59697b79619,1268bf7e-ff25-4d53-b791-a596dd061558,3,
67e7a319-6e1c-4dc8-b2ac-6f3efc67f760,26d3ed93-720a-4667-8b60-f59697b79619,fc4b9e8f-3078-45af-9be1-172e7608b68c,3,
a42e1321-4e21-4bae-bc95-2004e1f18e34,26d3ed93-720a-4667-8b60-f59697b79619,1362777b-9f44-4b67-8e1c-43d48eb6abe3,2,
e0b5e6c6-37bd-451f-8c48-0877e4962e3b,26d3ed93-720a-4667-8b60-f59697b79619,03778288-a2f5-4d4c-91cd-66d142fb0281,3,
9e0d52fc-f064-4830-8e21-644adc157964,26d3ed93-720a-4667-8b60-f59697b79619,2a9130c8-2f68-4b6f-b238-6d1263aed0fe,1,
523e2245-f49f-4365-95c4-c19799210ce2,26d3ed93-720a-4667-8b60-f59697b79619,e25e457e-5f0b-4669-ac96-9a32812fd4fc,1,
cf364a5d-e202-40d0-a8e8-3150669ddb8d,26d3ed93-720a-4667-8b60-f59697b79619,81e2c3b0-a621-4ac1-8cbd-d0ed887a6846,3,
e66be105-47af-45c0-b460-6702727bedd7,ace58789-7fe6-448c-a5b7-71729fd0ca0a,b80fb47a-b918-4fa5-9a65-d96e2e666213,5,
16bd131c-7e30-4cf8-8841-4c7ec1407c1c,ace58789-7fe6-448c-a5b7-71729fd0ca0a,792ab3a7-a235-4235-a88f-0d0236715c01,4,
c6b6290f-329f-45d2-99b3-79c5b6b75243,ace58789-7fe6-448c-a5b7-71729fd0ca0a,977764ec-1aed-4b72-bc39-3c7b5b94d59b,2,
789a1278-736a-4c0d-9fad-4108353bdc03,ace58789-7fe6-448c-a5b7-71729fd0ca0a,b38b695c-4e8c-42e3-b429-fc3b2f50cb03,1,
4280f738-e2fa-4774-a703-5af31d53c5fc,ace58789-7fe6-448c-a5b7-71729fd0ca0a,87a9fe72-123b-4edf-9d8b-7cce7e2b5e19,2,
bde5eef6-1bce-4b21-9566-f25935af0d2b,ace58789-7fe6-448c-a5b7-71729fd0ca0a,47a7c0b1-81f4-4765-bcc6-fe2688889ef9,2,
dbd19d04-f5aa-4170-a7fa-e4d196783ebd,ace58789-7fe6-448c-a5b7-71729fd0ca0a,75de1bf4-8cac-41a8-81af-bbfa5edbf337,5,
5c6f1f74-f410-44a6-a8c8-0ff3ceb59d82,ace58789-7fe6-448c-a5b7-71729fd0ca0a,59edadd1-5127-4ca5-975f-5845b2cd782c,5,
bcca288d-f629-47cc-b215-269a5cb9fc01,ace58789-7fe6-448c-a5b7-71729fd0ca0a,8162bf33-41f2-47f8-870a-a42354a82764,5,
94c591ea-0cb6-4642-838d-158cc49a3e0d,ace58789-7fe6-448c-a5b7-71729fd0ca0a,8610a5e6-36ad-41e9-8d8f-91039a27194d,5,
f9891576-6eb6-4b58-b7e4-bb145adcf30a,ace58789-7fe6-448c-a5b7-71729fd0ca0a,6e56d61c-e0c6-4915-a188-b82c75af774f,3,
b07bab60-57a0-4d3a-a564-67b1ccf7b8be,ace58789-7fe6-448c-a5b7-71729fd0ca0a,0362a4e4-d372-4b35-9015-c2439b592e52,2,
095de6a2-0909-4a20-9a29-135d50f29e48,ace58789-7fe6-448c-a5b7-71729fd0ca0a,56513f3f-3f0a-435b-b5fa-82203655877e,4,
e7f53334-ae96-4135-a254-ed10c0f7ad3b,ace58789-7fe6-448c-a5b7-71729fd0ca0a,accc2cb1-7798-4214-83fd-62a65729b5c2,1,
68967380-55eb-4a4b-8547-10484e8f080d,ace58789-7fe6-448c-a5b7-71729fd0ca0a,2306621f-668f-4816-917b-3247ff506a0b,1,
6fcc36eb-4b5e-4788-b8c6-67afb5be5852,ace58789-7fe6-448c-a5b7-71729fd0ca0a,a87dc5bf-f1dc-4253-868b-653d25141868,5,
406a658e-9031-47b3-ad9f-637f2b7bf6c8,ace58789-7fe6-448c-a5b7-71729fd0ca0a,8ea5561c-4687-4d24-a6b7-1e23066ccf0e,5,
5a56a365-95dc-4d9b-8dc7-2515701d6efb,ace58789-7fe6-448c-a5b7-71729fd0ca0a,8ea39250-dfd5-46a1-b809-f3a559bbbfde,2,
30e91450-34e1-449c-a8f2-a51513e58eda,ace58789-7fe6-448c-a5b7-71729fd0ca0a,e3450754-f2e2-42b5-be58-fa10b9b3e16a,4,
bd0e2c97-5465-46e6-9ef3-0a8348613f4e,ace58789-7fe6-448c-a5b7-71729fd0ca0a,efcada91-eb3a-477f-9843-1c69f11be1a9,3,
d49ed53c-d309-4f26-99e5-0efa5b5fe793,ace58789-7fe6-448c-a5b7-71729fd0ca0a,8a7bcd15-ab82-438e-b656-da9f882e5e71,3,
13521262-dab8-4370-ba98-a75515cf01f7,ace58789-7fe6-448c-a5b7-71729fd0ca0a,c3263365-2806-4145-95f2-1d34e53a14a0,5,
9491736c-e2d5-43aa-a7b2-a14550b75162,ace58789-7fe6-448c-a5b7-71729fd0ca0a,e67fe443-0bc8-4e69-8412-72991fb4081a,1,
f26e2c1e-f569-46e3-9aeb-90a185793b69,ace58789-7fe6-448c-a5b7-71729fd0ca0a,a794dbba-7498-4399-898b-91abf56265c1,4,
c96914a3-c461-407c-b007-ed3d1aece478,ace58789-7fe6-448c-a5b7-71729fd0ca0a,11dcfe96-85ac-434b-9116-081c705ca8f6,1,
72fed378-a2b4-4162-86f5-17f51488cce4,ace58789-7fe6-448c-a5b7-71729fd0ca0a,655935d7-8d60-4e89-8050-90a4eb580021,2,
bdafb0d4-6f4e-4b2e-bbd6-bfbe26ad017f,ace58789-7fe6-448c-a5b7-71729fd0ca0a,7ccd00d7-24ee-4f69-8770-7b25138b31a3,4,
b4356732-4b47-48c8-b466-2ae47f7de036,ace58789-7fe6-448c-a5b7-71729fd0ca0a,7701ccc7-4e78-4de4-8fef-04c2b9a1e70b,4,
11fa440b-c6bd-49bb-9933-11727a0a3a02,ace58789-7fe6-448c-a5b7-71729fd0ca0a,48ac89a3-3ba7-4c89-ab4e-4739cfc7e2f2,1,
709e327a-8d5c-4d5d-9833-3a5d5b571221,ace58789-7fe6-448c-a5b7-71729fd0ca0a,07e5458d-db84-49a3-bde5-d9944d455ee2,5,
3d20a741-c77a-42d6-b568-4e30c0f874f5,ace58789-7fe6-448c-a5b7-71729fd0ca0a,988bd1ce-798b-4e35-89f3-45c945f22a4b,5,
d405ea0e-970c-4ba0-adc5-0083b9c8e467,ace58789-7fe6-448c-a5b7-71729fd0ca0a,74b10390-5642-4ceb-b04b-be9dca4e69ba,5,
fbd5cc82-e361-44a5-b28c-a1fbd4fb1782,ace58789-7fe6-448c-a5b7-71729fd0ca0a,2c28ba8c-2806-47cf-bd72-0efccf49e0ce,3,
88fc04a5-56fd-455a-8bfe-f221f5c91d8e,ace58789-7fe6-448c-a5b7-71729fd0ca0a,8c2d3c11-3ade-4cf5-a3ce-7a103328f967,2,
29e131ef-e931-4473-b579-71e2bf5d7c80,ace58789-7fe6-448c-a5b7-71729fd0ca0a,56b5ef0d-1f51-469f-9731-6cc6ab2fc5fa,2,
2968d178-3b5b-46fd-8893-4d30a0e19e5c,ace58789-7fe6-448c-a5b7-71729fd0ca0a,fe68dac3-9eea-4187-9d97-9c3f4ef2bc75,5,
9f4a8920-ff31-4495-aa6b-27392e21ed50,ace58789-7fe6-448c-a5b7-71729fd0ca0a,c8bfbd2a-6de9-4aff-a2b8-b031f94c9228,3,
a7f8c8b5-2729-4a6b-93bf-c2d2ec6fea48,ace58789-7fe6-448c-a5b7-71729fd0ca0a,a917f373-df89-4e46-9bd7-9c1931c331de,1,
1e67f628-936f-43a3-9df3-3c4b8d8b95b7,ace58789-7fe6-448c-a5b7-71729fd0ca0a,f762322a-ced7-497b-a602-75b3ce00ed54,5,
911e18d9-a18b-466d-8ab1-bda820d6b435,ace58789-7fe6-448c-a5b7-71729fd0ca0a,d85f2582-eddf-482d-bb30-e238c5a3d4cf,2,
203975c3-b7c5-47cf-a29c-ce10b033992a,ace58789-7fe6-448c-a5b7-71729fd0ca0a,00ec1a08-e0d6-4d18-b720-9d37b0bb435f,3,
8fade996-0540-4fbd-af4e-5d0b199e0beb,ace58789-7fe6-448c-a5b7-71729fd0ca0a,520087bc-4dfe-494a-98f3-323f165c6993,1,
de10bc7e-fb02-47a9-a661-e24f62625ea5,ace58789-7fe6-448c-a5b7-71729fd0ca0a,1967866c-afd7-4969-88c2-1d7dd89a3908,5,
707734a1-4b27-43f2-be79-778d56ed008f,ace58789-7fe6-448c-a5b7-71729fd0ca0a,d1bd4998-ac1b-4372-8dcc-d7cf391415de,2,
12ba5691-2906-454b-b001-319f67b6941d,ace58789-7fe6-448c-a5b7-71729fd0ca0a,2f351bcf-658c-401d-bef5-0ede649452f0,5,
b1641cb5-e342-42a9-97af-0c2f6b137bd5,ace58789-7fe6-448c-a5b7-71729fd0ca0a,4c94d798-4e4f-4c3f-b748-3a5c662c55cb,3,
4917d729-4716-4cb5-9b65-268fc891135b,ace58789-7fe6-448c-a5b7-71729fd0ca0a,e114d63b-52e9-4385-8c0b-598b68cc9acc,3,
09739df6-e9b2-4521-b224-0517de23f8cc,ace58789-7fe6-448c-a5b7-71729fd0ca0a,bc4d1856-450c-488d-8cec-806823513014,1,
1223aca6-278d-4db5-9d19-17d00429471e,ace58789-7fe6-448c-a5b7-71729fd0ca0a,9153441e-dcbb-4763-a2a5-d9d245f9b829,5,
21894ede-346b-488f-93c4-405d2fc37f26,ace58789-7fe6-448c-a5b7-71729fd0ca0a,c1badada-d095-49bc-97a1-46fcd85cfbbc,2,
f77f75f8-54ba-4531-bc94-05e637c92cff,ace58789-7fe6-448c-a5b7-71729fd0ca0a,773f991d-e473-4279-b010-f1b18fa5ef77,4,
9a35008c-9669-4b6f-8e86-a87480d63707,ace58789-7fe6-448c-a5b7-71729fd0ca0a,e796501a-4862-45eb-8ba8-00896bbc54ce,1,
a914c5eb-abea-4dd9-ab27-c16a4e11cade,ace58789-7fe6-448c-a5b7-71729fd0ca0a,f97c0a2f-866f-4b0c-bc1b-f07d455b66e5,5,
270f110f-d54b-431f-8020-abdf6ca28f3d,ace58789-7fe6-448c-a5b7-71729fd0ca0a,9b14c176-3d67-41fd-82c3-ca6fb1c3bfb0,5,
32af9ce9-f0eb-40b5-b09d-051cf0fddf57,9855815a-75d2-4cd0-891d-f926824c6254,1d914439-62b1-47df-9672-2163bd3e1a83,4,
a5d01a29-da26-4c38-87ae-1eff30ee117b,9855815a-75d2-4cd0-891d-f926824c6254,61448a71-55eb-4321-bcf0-b0ea240c993d,1,
f0d5a55e-0916-4d11-9d40-7d10e9ca7fcb,9855815a-75d2-4cd0-891d-f926824c6254,4646669d-f13d-4973-a7ba-696a8e48a366,3,
103c10a7-6f1a-4f55-bdb6-2008110d8b84,9855815a-75d2-4cd0-891d-f926824c6254,a9d59e7b-6745-4bf3-964a-298cb721c858,1,
6f90a46d-83e1-4594-8fd5-0634311f945a,9855815a-75d2-4cd0-891d-f926824c6254,53be7185-f32b-41ca-8535-730fbe93d7b2,4,
e0f0af9e-afc4-4210-b4e0-03ae0732df22,9855815a-75d2-4cd0-891d-f926824c6254,74fd3524-f269-489b-85f2-5a0a0da733c5,5,
40ebe055-427f-4b3e-8afa-18fd25beef76,9855815a-75d2-4cd0-891d-f926824c6254,2e9f6a2d-513a-4f87-90e9-ae7662033893,2,
923c8706-5070-4454-a84e-a6f9d75f5a81,9855815a-75d2-4cd0-891d-f926824c6254,d6c6dc66-91ee-4a64-b105-3269f111fa00,1,
7980c3e6-35e4-4db3-b025-1a8cc1d18bde,9855815a-75d2-4cd0-891d-f926824c6254,814c9c71-8544-4a90-aca7-df338924d832,3,
10893308-8457-4c60-bdce-456158b0babf,9855815a-75d2-4cd0-891d-f926824c6254,6418968f-d869-4292-ac58-ef538580305f,1,
52accb6e-5057-4aae-9508-12c78c742ebc,9855815a-75d2-4cd0-891d-f926824c6254,7ee1d4e5-3fec-4776-a6a1-1c4e830f8731,2,
4f49aa85-8728-4e11-972a-3cb58bc8c411,9855815a-75d2-4cd0-891d-f926824c6254,16909bc2-a487-4668-8595-1ccd48429b18,4,
50379a1b-c995-42c6-9163-b0a78e133fcd,9855815a-75d2-4cd0-891d-f926824c6254,821b206b-e6d7-4066-b6dd-18d19605ca45,2,
9bd046cd-11e2-429e-b6e0-5eb7c8ad69f5,9855815a-75d2-4cd0-891d-f926824c6254,80195344-39e4-4a29-8534-1b603300f16a,4,
d6b58c51-4b1c-40bb-a914-76bd9d50695a,9855815a-75d2-4cd0-891d-f926824c6254,02062974-5adf-4602-b50b-3cf6ee7a5d85,1,
0e70f2b4-2097-4180-8489-732933d1077c,9855815a-75d2-4cd0-891d-f926824c6254,240a0cad-2848-4b05-87dd-a96f6ba332db,1,
e69a8d29-58fa-444a-945a-4ba86a7e5630,9855815a-75d2-4cd0-891d-f926824c6254,4af82c96-20a7-4a1b-b454-d1b08ea8ee24,5,
97e240b5-d2f5-427d-91f9-9e82a55a8fd8,9855815a-75d2-4cd0-891d-f926824c6254,9b07a89e-1403-4ceb-b23d-efe790e67fb1,4,
be7a37c0-7eb6-4004-9bbd-a76774efa82b,9855815a-75d2-4cd0-891d-f926824c6254,2fd08e8e-eef6-413f-8102-35febe10962d,3,
ef471fcd-b953-4f6b-8d57-beaefb44ba74,9855815a-75d2-4cd0-891d-f926824c6254,743495fd-9981-4119-9d2b-f48b8f2f82af,4,
18357944-8218-40e4-ab6e-5bf88e411ea1,9855815a-75d2-4cd0-891d-f926824c6254,823c67c2-6e79-4f59-8f9c-e01d98006934,3,
352b02bc-560d-45bf-911d-b2d09af359fb,9855815a-75d2-4cd0-891d-f926824c6254,82f270c9-9a9c-49d7-850e-799ee8c7ee9a,5,
c79dcb64-ca50-47a9-8c5d-59c4c7fefe9b,1f8cc1ad-734d-415e-94da-6aeb8f4704bb,11cda74c-b009-4d75-a67f-0de7b9ae5432,3,
f85b955c-9d80-46cd-b25b-f5547caeaf26,1f8cc1ad-734d-415e-94da-6aeb8f4704bb,ae9ad9f2-ab8e-46cc-af86-719a18c497e4,5,
c7767a2a-e120-4dad-904c-77c31d57c2a9,1f8cc1ad-734d-415e-94da-6aeb8f4704bb,f67882e3-5310-458b-a441-be628c88d0a8,1,
a80e4652-22aa-49f9-9415-f0969e5f8f0e,1f8cc1ad-734d-415e-94da-6aeb8f4704bb,75ec7d74-f0e9-4d3a-a974-5c6b064ee749,4,
fe3b398b-e107-49e5-a143-fae7716fc470,1f8cc1ad-734d-415e-94da-6aeb8f4704bb,3f084669-7359-47ec-87f2-4b57eb0cde8c,5,
c527e1da-f00e-4577-99d8-ac2e4b061ddf,1f8cc1ad-734d-415e-94da-6aeb8f4704bb,c0e73dbe-1764-41cf-a39c-682c1bc69f6e,2,
bc60add6-152c-45e8-ad1c-03e928882b74,1f8cc1ad-734d-415e-94da-6aeb8f4704bb,f716b654-436f-4c12-8f63-bbb57d39923a,2,
a8e4e369-7005-45ff-8570-c8b73e54590e,1f8cc1ad-734d-415e-94da-6aeb8f4704bb,12512b5c-4197-45d7-905e-92a917d6b284,2,
55b14289-5340-42cc-95d6-f8a4132f8e52,1f8cc1ad-734d-415e-94da-6aeb8f4704bb,a8ea6b75-1748-4bac-9f67-e33d0f49da31,2,
f9fcdd6b-06b4-4265-b389-5e223a939f5e,1f8cc1ad-734d-415e-94da-6aeb8f4704bb,f6b56784-0220-479e-98d0-79ba9e197d75,5,
23cb744c-6dd2-4b9a-8875-5239f3b7f8bd,1f8cc1ad-734d-415e-94da-6aeb8f4704bb,f10f53e0-778c-47fe-87fd-32b61f018acc,4,
d35bc07c-d4ca-45a0-b438-7f1ea04e3253,1f8cc1ad-734d-415e-94da-6aeb8f4704bb,d0b56d7d-23d0-4711-91cf-cd100e08fdd6,4,
fe1ea84b-51dd-4a4a-bcaf-28564228e990,1f8cc1ad-734d-415e-94da-6aeb8f4704bb,fb7cdfaa-9b61-4522-8822-aceeddb7443e,1,
b39a19df-92fd-4fe9-9052-3a9b67bdc037,1f8cc1ad-734d-415e-94da-6aeb8f4704bb,1ccfeded-daae-4a44-89b3-2309bd4ca235,5,
19c8c34e-50eb-496c-beb6-ef3853ebb812,1f8cc1ad-734d-415e-94da-6aeb8f4704bb,e9051fe9-d6ed-4faf-9d6f-bd6a735416e6,1,
0c46a2e2-e82d-4783-8c6a-4329bccfd372,1f8cc1ad-734d-415e-94da-6aeb8f4704bb,2be33378-3eb0-4215-accf-e3162ad26ad0,3,
f698493b-b593-40ce-9bbd-093fc6ea4ba5,1f8cc1ad-734d-415e-94da-6aeb8f4704bb,389a4b0b-8c0c-4a7b-a861-ad8d32f21b4a,5,
24758d05-8f03-4915-a017-11ec91bcffa0,1f8cc1ad-734d-415e-94da-6aeb8f4704bb,d79f13e2-3d61-4a51-9856-95cf70c9882a,3,
c6508715-6f15-4a64-a3cd-d2d7b4b87710,1f8cc1ad-734d-415e-94da-6aeb8f4704bb,217ee10e-1e57-4652-b5db-9ee47d4cd241,3,
dc78bac1-0b7f-4695-80b3-4c07d67dfffa,1f8cc1ad-734d-415e-94da-6aeb8f4704bb,70c8c4b4-b9c5-4d09-9e6b-a5dd0f894007,5,
b0d5a9a1-e260-4219-9b8f-2ab48a061745,1f8cc1ad-734d-415e-94da-6aeb8f4704bb,f41a769e-3a27-4b3e-912d-9aeceac009d9,5,
37e32e6c-e265-4db5-8311-081f754c67d7,1f8cc1ad-734d-415e-94da-6aeb8f4704bb,7b7aa40a-f382-477b-a2a0-d8a5264c5396,4,
e375d550-61ef-41c8-a974-f4c076b376de,1f8cc1ad-734d-415e-94da-6aeb8f4704bb,caeb83da-4997-4ade-a9d7-2dd6a922cf9d,1,
4bda8403-d68f-469f-8bbb-1956b0858599,1f8cc1ad-734d-415e-94da-6aeb8f4704bb,9f3745ad-3577-4a28-add1-8104c61a15b5,4,
706bad44-83d7-4d52-b9c3-f03cec8d8939,1f8cc1ad-734d-415e-94da-6aeb8f4704bb,0f61e2b5-dd5b-4e6f-aa33-c2a666c27d89,3,
ed8b929e-55ce-4242-90df-73243939b5de,1f8cc1ad-734d-415e-94da-6aeb8f4704bb,2e61ffb0-3d7f-4690-9d9f-ad12dd39717c,1,
3c12399d-c462-4a79-83b2-27eb512237a0,1f8cc1ad-734d-415e-94da-6aeb8f4704bb,062884fc-515d-4bcd-98a6-8e5b9ec0f13e,3,
08613acf-0965-4f28-b274-286b2c119deb,1f8cc1ad-734d-415e-94da-6aeb8f4704bb,85ab0cb1-572c-4409-9d2f-47be02f32e82,2,
6345eb4e-4267-44f6-9095-daa2397c5bc7,1f8cc1ad-734d-415e-94da-6aeb8f4704bb,ce488a48-8808-440b-b1f7-5ecbef1614ad,3,
893cb592-b328-499c-81b7-52b0f7c2ccb6,1f8cc1ad-734d-415e-94da-6aeb8f4704bb,9ed53466-d8bc-427d-9ce9-6264c5aebb2f,1,
61ad917d-b85f-48b1-98bb-a6c986576172,1f8cc1ad-734d-415e-94da-6aeb8f4704bb,91692861-2aac-4226-a4be-5fbdcc9440f3,3,
456a3e5c-7dfa-4fdc-8511-12aaad0371db,1f8cc1ad-734d-415e-94da-6aeb8f4704bb,7933fbd3-1fc7-467c-ae41-d7694355d07b,2,
6d59d4ed-5b71-4737-ba21-939acf983f82,1f8cc1ad-734d-415e-94da-6aeb8f4704bb,9e50058b-ac30-445c-80a8-5335f7aff369,3,
83e23541-df26-43c2-86c4-d560b673e161,1f8cc1ad-734d-415e-94da-6aeb8f4704bb,4133136c-ce6c-4403-9668-68b1d3adfeed,4,
4217f6a5-546c-4b56-a5d8-70cbccfdd62f,1f8cc1ad-734d-415e-94da-6aeb8f4704bb,da6f8c03-5c63-4bbd-a526-4e91f78d9543,3,
9075f891-d884-4a6e-8921-42a0d319dd20,1f8cc1ad-734d-415e-94da-6aeb8f4704bb,420cadae-e94e-4c19-9c4b-6c44976550a7,2,
ed603e5d-620a-4581-98f5-a4ccbe7e55ee,1f8cc1ad-734d-415e-94da-6aeb8f4704bb,2d1a32cc-d5dc-4972-bc69-ad04408044e7,5,
2f67452b-f7ad-43c0-986f-486527918391,1f8cc1ad-734d-415e-94da-6aeb8f4704bb,19b91be2-2366-445e-a518-f83fd222c7f9,3,
98464598-2f1c-4cf2-9aa5-bae22284d632,1f8cc1ad-734d-415e-94da-6aeb8f4704bb,6dccd3c7-defc-4389-ac07-debd78fce966,1,
84ff510a-ebd7-4677-8592-b81aa8c6de67,1f8cc1ad-734d-415e-94da-6aeb8f4704bb,24b4c942-f085-4295-a2b4-f954d9fd431f,2,
8ed8212c-70f7-49f3-b60c-f40318e28edf,1f8cc1ad-734d-415e-94da-6aeb8f4704bb,5f683c31-e55f-4634-b1e0-6aa37bc04a83,3,
e2b03ee4-c93e-4386-b3e4-5a1324b5c431,1f8cc1ad-734d-415e-94da-6aeb8f4704bb,8cedcb16-9028-41a4-969c-6ac06b34d248,4,
d9883310-8c44-4ac2-a76c-f2c183034048,1f8cc1ad-734d-415e-94da-6aeb8f4704bb,53f724ec-82f5-42fe-9b4c-5d7ba0230a13,1,
1c4ebbde-1ee4-4fdf-880b-5df43265cce0,1f8cc1ad-734d-415e-94da-6aeb8f4704bb,154c65e4-e561-40b5-bda3-9e1ab0c15c0d,3,
18ddf298-f2c5-4f4c-ad08-730ebfc28c13,1f8cc1ad-734d-415e-94da-6aeb8f4704bb,cc0295a5-0d66-4b5e-ab96-523618acfe89,5,
1fa1838c-4ded-4e88-abf1-d01bfdc8d9bc,1f8cc1ad-734d-415e-94da-6aeb8f4704bb,67c3c780-62d2-4395-bc3c-4afafac4cc94,1,
108db585-7f35-4659-bc1a-02e716f64b2a,1f8cc1ad-734d-415e-94da-6aeb8f4704bb,05d2cacf-17e1-4a6b-9736-d2e5ee3bf041,5,
5a18777d-71c1-4511-a440-db3a3a509da3,1f8cc1ad-734d-415e-94da-6aeb8f4704bb,472c12dc-79b4-4f16-a78d-a03744269d5b,3,
52d4f814-7bcc-4d26-bb8f-a59b4a2249c8,1f8cc1ad-734d-415e-94da-6aeb8f4704bb,8cdbf821-7cad-4948-b37d-44cc7a765eb5,4,
e7805678-9ab2-4130-bc52-bf53a4044fad,1f8cc1ad-734d-415e-94da-6aeb8f4704bb,aa7eb163-a1c3-4970-917d-1ad10e06ac83,5,
63019f72-dcd8-422b-a8b6-d8080319fd95,1f8cc1ad-734d-415e-94da-6aeb8f4704bb,cb778536-3940-489d-b2f6-322ed8eb5426,2,
cebfa84f-eb69-4b64-97be-bd30bd9fd9f1,1f8cc1ad-734d-415e-94da-6aeb8f4704bb,7ed167f8-643e-4b6a-a34e-e4615155e60c,5,
90cafda6-0d62-4706-81c8-e7872bbe6f49,1f8cc1ad-734d-415e-94da-6aeb8f4704bb,675868f2-df5b-4040-97ef-a4db19590a64,2,
153e0d39-448a-439e-b053-f1eb1134bde6,1f8cc1ad-734d-415e-94da-6aeb8f4704bb,4fba01f4-ce94-4594-bcfb-5b65d8e28e7c,1,
d65ce5ea-da7e-4a63-87b2-7ca80ead9309,1f8cc1ad-734d-415e-94da-6aeb8f4704bb,61993e4b-d894-4a3d-b96b-5b5dc5f5ad91,4,
6ae09c19-aba2-4afe-a138-23453d873e31,1f8cc1ad-734d-415e-94da-6aeb8f4704bb,ede2b211-4428-4495-927a-c9816d481199,3,
696944fe-73f7-4cac-a365-8883775e5e49,1f8cc1ad-734d-415e-94da-6aeb8f4704bb,1702c901-69ae-4168-813b-1fe6132c8052,1,
1e1f9391-5444-47b6-a984-a1a546dfc664,1f8cc1ad-734d-415e-94da-6aeb8f4704bb,6b0b1c18-b402-44a1-aca8-ae580c41e0a4,4,
a028fdec-98c5-4011-8ffa-ed001906314a,1f8cc1ad-734d-415e-94da-6aeb8f4704bb,601d9e3d-30ab-4d75-8965-e46d06e885c1,1,
8910466b-92fd-4d15-a430-b60653cfd708,fd75451c-5221-4a91-a7f4-0f7d81f86aaa,c7db2053-ae14-46c1-a8ff-410c0c707fa6,1,
7fb077dd-edff-4b5a-8b3e-03646415266b,fd75451c-5221-4a91-a7f4-0f7d81f86aaa,271c9273-a720-41eb-9bd8-cd2fb9d4b7d8,2,
b62e1037-6bf4-4bdc-8938-b6514773a464,fd75451c-5221-4a91-a7f4-0f7d81f86aaa,638d45b7-3117-48e1-9acc-1241f190239e,4,
3a4cdb22-40ae-47ba-9a6a-f2ff68c283d8,fd75451c-5221-4a91-a7f4-0f7d81f86aaa,b80fb47a-b918-4fa5-9a65-d96e2e666213,5,
d8896c64-9478-48f3-b51e-cd8553c2f3ec,fd75451c-5221-4a91-a7f4-0f7d81f86aaa,b83e9d9f-7771-410c-966f-f982f04ee5b5,3,
d6e1a439-51a1-457d-8f3f-e672329a6a9d,fd75451c-5221-4a91-a7f4-0f7d81f86aaa,a4843808-156e-4d5e-b899-e85352d5d50f,5,
d8927bdf-9153-4f4b-821f-89f29391969a,fd75451c-5221-4a91-a7f4-0f7d81f86aaa,83cf52a9-c523-472e-8a2a-c0e1239ae19a,5,
046d9b52-bfaf-431e-9bed-f4d54376ae99,fd75451c-5221-4a91-a7f4-0f7d81f86aaa,b18c0965-39ed-4d6b-8d39-b01b3fe2b8c6,2,
a9868197-0924-4e8e-a724-8106c461d9f7,fd75451c-5221-4a91-a7f4-0f7d81f86aaa,b4e27b4c-d982-46dc-8de8-612a4da95611,3,
31c48d0b-1a16-4307-9b46-4dc71f6b3e2a,fd75451c-5221-4a91-a7f4-0f7d81f86aaa,ac092f65-bc5c-419d-b9ca-2fe643994818,1,
d1fbb687-031b-42ef-a782-b03bba7ad3ca,fd75451c-5221-4a91-a7f4-0f7d81f86aaa,bca25b97-18e3-4900-af64-fc47ab6938d0,4,
f604cd6f-4f0f-45dc-bdaa-a09f5ad4e1e7,fd75451c-5221-4a91-a7f4-0f7d81f86aaa,a9dc9960-aa84-474a-b138-5acef6325629,1,
5eeff46b-5ac2-46c2-a2fb-db1c19c61e16,fd75451c-5221-4a91-a7f4-0f7d81f86aaa,5e305ee0-73ef-4602-afa7-9144634d6dfd,1,
a2b67193-a7d1-4054-b822-785fa283dd01,fd75451c-5221-4a91-a7f4-0f7d81f86aaa,07249a36-7886-4ef9-858d-f0c6b5158e2a,4,
60cb3603-7cd0-4366-9ed4-163ec50ba966,fd75451c-5221-4a91-a7f4-0f7d81f86aaa,44729860-e6a3-4f9e-be5d-96856368bf73,1,
67c0374e-e3dd-4fd5-8f3c-8af569132943,fd75451c-5221-4a91-a7f4-0f7d81f86aaa,eb080017-9632-44fd-8cbe-a74f7edf77eb,4,
1bd50054-6f18-4b25-abef-9f7918b20151,fd75451c-5221-4a91-a7f4-0f7d81f86aaa,fb4627c5-d588-43b0-8ff2-a47d7061a108,4,
9671fa0e-1065-4c72-b16a-a5852a9437e6,fd75451c-5221-4a91-a7f4-0f7d81f86aaa,c761d41a-0f55-4820-9b2a-b6e85a725b2f,2,
78ae5677-ef85-4cb6-890a-22cdf46f5be7,fd75451c-5221-4a91-a7f4-0f7d81f86aaa,0a8f7c90-0e95-4b96-be1f-a12297b136a6,1,
802c4550-3bf3-49ab-809a-cede5bbeda51,fd75451c-5221-4a91-a7f4-0f7d81f86aaa,d7b7a991-5329-4929-b371-665cce6aed07,1,
002db52f-aa88-4a1c-b1a7-8af29c00bbd0,fd75451c-5221-4a91-a7f4-0f7d81f86aaa,7cf6b65a-fc20-4628-977e-c866abca2394,3,
7dc88b09-5642-47d9-bed4-a4b7aded4c79,fd75451c-5221-4a91-a7f4-0f7d81f86aaa,95a6ca0d-37ed-4286-a396-cfc8ea9c13a4,4,
d83c2420-8513-4fc3-acd1-267035193d37,fd75451c-5221-4a91-a7f4-0f7d81f86aaa,51826a57-a2e1-41aa-99e4-b5c9f4d8b215,4,
21b7254e-e071-4451-b217-1ea9bd90c7a7,fd75451c-5221-4a91-a7f4-0f7d81f86aaa,c417effb-2fde-43ce-87a9-50ed869ec7d3,3,
27ea1528-b433-497b-95dc-f2c458001662,fd75451c-5221-4a91-a7f4-0f7d81f86aaa,ce2fe009-173d-4c0f-b63b-fbb4ad924384,2,
1aabfeda-130d-431f-8801-666049cac827,fd75451c-5221-4a91-a7f4-0f7d81f86aaa,23480d6f-6941-407d-80c4-d2b567c6780e,3,
1ac5f4f1-d256-4217-b0f6-1df286595677,fd75451c-5221-4a91-a7f4-0f7d81f86aaa,4b912a20-728d-4fbc-9bc8-92a1f0341571,1,
340e16ea-0d9e-4f3e-aa23-fdfbbb417a28,fd75451c-5221-4a91-a7f4-0f7d81f86aaa,b18dc860-ef17-4a39-8342-7f6e931d1ec4,3,
fc57b82d-d111-4974-99c3-95fb756126d1,fd75451c-5221-4a91-a7f4-0f7d81f86aaa,abcf86a8-c19f-4772-97e5-b42461ad28c9,5,
b92e1e0f-be2a-41a9-8acf-f724796a3f26,fd75451c-5221-4a91-a7f4-0f7d81f86aaa,fc526f25-4054-4491-8abf-7b8486c32363,3,
5d0c6dc4-9f78-4d77-ac57-197932f39b44,fd75451c-5221-4a91-a7f4-0f7d81f86aaa,ba8bec99-03dc-4ecb-b57e-9a5736f09822,2,
a16f1d1b-3b0b-471b-986e-93ca9255a391,fd75451c-5221-4a91-a7f4-0f7d81f86aaa,106e9a72-891c-41b7-9937-e55023b3df2b,1,
385f65a2-fb18-4ef8-8edc-68c18c093bee,fd75451c-5221-4a91-a7f4-0f7d81f86aaa,037c4f73-9e6f-4482-88b0-5ad5f57700f8,4,
e3231495-232d-47af-80d5-de408543c89c,fd75451c-5221-4a91-a7f4-0f7d81f86aaa,44d09118-a6f5-466a-9ced-92adf60a9841,2,
a97780dc-86c7-412d-981c-fbbf033cc522,fd75451c-5221-4a91-a7f4-0f7d81f86aaa,13abf6bc-341e-4a7d-916a-ba2a0b0ad9f8,4,
57b60822-bebe-4b0c-ae3f-81617deca790,fd75451c-5221-4a91-a7f4-0f7d81f86aaa,97b9de33-ab53-4a32-ba7c-e4076458cc97,3,
4740fa2f-4f0e-4f7d-b5d1-f4304bfb9664,fd75451c-5221-4a91-a7f4-0f7d81f86aaa,c9880498-c86b-4e6c-87c0-501f71a8c8dc,1,
c520e0a4-ec44-4cdf-9968-63aa5e338c01,fd75451c-5221-4a91-a7f4-0f7d81f86aaa,bfcab35d-a89a-4851-b5f4-5040ccbdf6fd,2,
6150d15a-178e-46c7-beee-7fe00ad543ea,fd75451c-5221-4a91-a7f4-0f7d81f86aaa,6c069aef-f5ef-447f-ab5f-38757770ceb2,5,
f86d7b81-c0e9-4ba4-931f-6d35b752f63d,fd75451c-5221-4a91-a7f4-0f7d81f86aaa,443d66eb-acd4-4c7b-9507-d9a007c7ab00,5,
9853dc72-a389-4df6-9cd9-47bbefa51b67,fd75451c-5221-4a91-a7f4-0f7d81f86aaa,3ba1729c-411c-429b-9e95-ec507c8e243b,1,
e098999b-7a41-44e0-bee9-5db251062724,fd75451c-5221-4a91-a7f4-0f7d81f86aaa,ca7b5a6a-f360-4f4d-8169-7162e39a98c0,2,
a43d427e-3fa5-44e8-8d46-e10ececde59e,fd75451c-5221-4a91-a7f4-0f7d81f86aaa,dcd18541-177d-49a2-b57a-f07efdd9d944,3,
90fdddde-79e7-4339-8227-537a7168e543,fd75451c-5221-4a91-a7f4-0f7d81f86aaa,fa80f90f-1d5c-4975-b145-bbccac666e45,3,
893ec1cd-a14e-486f-aaf5-44e3fb5c3444,fd75451c-5221-4a91-a7f4-0f7d81f86aaa,956745a6-7528-4b4c-95b8-5f8d857ee840,5,
ed679776-4eb9-4f57-8415-b1b889cfe74d,fd75451c-5221-4a91-a7f4-0f7d81f86aaa,fc06d054-4796-4511-8cf5-3dcd1b8c1730,1,
11175c99-d699-4a5e-bd8a-09f3a237a6d0,fd75451c-5221-4a91-a7f4-0f7d81f86aaa,802c8b7c-0b3e-4dad-a046-9e178952f774,5,
20a815eb-cbff-491a-a675-667b74a3ac4c,fd75451c-5221-4a91-a7f4-0f7d81f86aaa,62ebb1d5-c5dc-4133-b2ff-fe0f25b06d32,3,
cd85a794-0d6a-4265-a3d7-37e95ce01ffa,fd75451c-5221-4a91-a7f4-0f7d81f86aaa,d374e38c-977f-436f-90b7-26056b8a179d,4,
a606a1c5-c1bd-4db1-88a0-126737acfffd,fd75451c-5221-4a91-a7f4-0f7d81f86aaa,f4842b9e-8615-4c53-ad8e-ca023e27985c,4,
36156535-754e-4048-911f-e5b3420e0658,fd75451c-5221-4a91-a7f4-0f7d81f86aaa,512dad5a-2b4a-4086-bf2d-734471026ec8,3,
7f242aa9-f113-46ca-aa17-444f55e09ba4,fd75451c-5221-4a91-a7f4-0f7d81f86aaa,21409acc-a39b-48d3-b0a3-a00b5082e7bf,1,
bb4009ca-1673-421b-bea2-dbee2e0943d8,fd75451c-5221-4a91-a7f4-0f7d81f86aaa,dacc4efd-7066-4876-8ef3-593b07b9cee7,4,
4c08159a-e9f0-4b23-99f1-9c9ae34aa9f7,fd75451c-5221-4a91-a7f4-0f7d81f86aaa,259c0d4c-82a5-4935-97e2-0ab1230d997a,5,
8f1e8a6e-fb0e-482b-9399-939ddf216625,fd75451c-5221-4a91-a7f4-0f7d81f86aaa,50d0b9bc-2b9a-40c0-a6d2-68bca33c9727,4,
51b49b81-a330-4a7b-9344-ac593fead44e,fd75451c-5221-4a91-a7f4-0f7d81f86aaa,0c1e96a4-dad9-4248-aede-2967e6b67ab8,1,
34283a68-f305-46d1-a848-f83c0021d1d8,fd75451c-5221-4a91-a7f4-0f7d81f86aaa,b5ca7573-7fb8-4b8e-a315-92755654026b,4,
b622a877-80e9-4737-93bd-38a69997130e,fd75451c-5221-4a91-a7f4-0f7d81f86aaa,585ad807-3ed2-4940-b170-23a88fc85c1f,3,
4c036b28-4230-49b0-9622-144bece92087,fd75451c-5221-4a91-a7f4-0f7d81f86aaa,05ba562f-bea5-4827-8f20-28c27477b20e,4,
49695eef-015e-438d-9b42-ca7ffb6d83fa,fd75451c-5221-4a91-a7f4-0f7d81f86aaa,17786565-d75d-457d-abaa-b07101164aec,5,
d57ef880-8dc0-4972-938b-380ce1d11696,fd75451c-5221-4a91-a7f4-0f7d81f86aaa,0d26a800-ef6e-4e7b-ac06-cba89eaea791,2,
13f041f1-aaab-4fd9-8a0f-be1b24d44e35,fd75451c-5221-4a91-a7f4-0f7d81f86aaa,a2fc3b3f-8c10-41c8-ab69-c096d0b9c8e2,5,
72b2fd8c-a342-44ab-823c-7ab42bed6275,fd75451c-5221-4a91-a7f4-0f7d81f86aaa,f45c6e35-620c-4310-a095-e307506870ca,2,
cc263418-9e54-4ff9-81d4-280fec931939,fd75451c-5221-4a91-a7f4-0f7d81f86aaa,486b71f3-370d-441d-9110-9e03b8bee4ee,3,
f51ae856-4d5d-4ce9-b695-c05e905c3d60,fd75451c-5221-4a91-a7f4-0f7d81f86aaa,624fb2e4-272a-420e-94da-cd91d00af85c,5,
dac4aa3f-abc0-40bb-89bf-61bbf71d662b,fd75451c-5221-4a91-a7f4-0f7d81f86aaa,58ecf512-3b03-466c-9d53-7b7e706e9b3e,2,
ba7c1085-90e7-4fa2-ac35-42faa5f6ebbc,fd75451c-5221-4a91-a7f4-0f7d81f86aaa,a5abe8d5-20e1-48c6-aed3-3a73ec4781b0,1,
c0b94c0c-0793-43c5-9d90-22ea501aa054,fd75451c-5221-4a91-a7f4-0f7d81f86aaa,df5417f6-e3e7-40d2-9add-f1b80a1e7637,2,
f732b34d-cbd6-4629-94cf-1fea2946d7e5,fd75451c-5221-4a91-a7f4-0f7d81f86aaa,217ee10e-1e57-4652-b5db-9ee47d4cd241,5,
ab26b7e2-da03-4013-8902-d8f5c0689ae3,fd75451c-5221-4a91-a7f4-0f7d81f86aaa,2b4d9fca-5c10-45be-b5ac-63ad280fee97,3,
cc777b36-4ff0-4cea-b75c-b85eb5040ad0,fd75451c-5221-4a91-a7f4-0f7d81f86aaa,1d914439-62b1-47df-9672-2163bd3e1a83,1,
bceb212e-6c36-4ac3-8a35-8a070e73da73,fd75451c-5221-4a91-a7f4-0f7d81f86aaa,45443bfa-87ff-4c24-a99a-89f7fb977d81,5,
a4cfb507-9b36-45e6-b00d-aa86a424366a,fd75451c-5221-4a91-a7f4-0f7d81f86aaa,a427d02f-edd8-47a4-89d1-b0681f703cad,4,
51ef10f6-8db6-4b26-a7ad-55f97009939d,fd75451c-5221-4a91-a7f4-0f7d81f86aaa,6550e046-5609-45f3-a966-2aff0f82b830,5,
b328b9a4-9cf8-4317-9041-1bf527050209,fd75451c-5221-4a91-a7f4-0f7d81f86aaa,2057658b-0fed-43bd-b8bc-1f717a4513d1,1,
35ba09b0-b313-4637-aeba-a21f7da3f221,fd75451c-5221-4a91-a7f4-0f7d81f86aaa,368fe071-03e3-4673-96b3-e18ffa34affd,1,
369f170c-8c49-470e-ba69-1dbfc1df23dd,fd75451c-5221-4a91-a7f4-0f7d81f86aaa,727d3547-cd98-4e55-a689-9a11dbd134b6,5,
8ad039a6-4040-4049-afb7-72379270de10,fd75451c-5221-4a91-a7f4-0f7d81f86aaa,6f3b3149-ef7e-4c88-a222-3eb281118e0f,4,
bd3a36b7-007d-4147-b793-3e588a386d25,fd75451c-5221-4a91-a7f4-0f7d81f86aaa,3a4acd91-a015-4419-ac88-8ed0db955556,4,
7a975e6c-5d89-4462-9e96-fb3a0f09e748,fd75451c-5221-4a91-a7f4-0f7d81f86aaa,c516a95b-2dbc-4939-a3d2-cf93ed44526d,4,
7385b4d9-e141-4b4d-a139-f49ad756d610,fd75451c-5221-4a91-a7f4-0f7d81f86aaa,f6091fb4-4206-4e13-8ff0-2b7793b2fdb5,4,
12d658fc-9745-4168-ab5e-b3e529950d18,fd75451c-5221-4a91-a7f4-0f7d81f86aaa,c0443f17-187e-497e-91b2-911a4c747021,2,
9fd04a5d-1e87-4f4c-bfa4-344a84c7ba66,fd75451c-5221-4a91-a7f4-0f7d81f86aaa,b1da4f99-137a-49a2-9d02-c2f719804925,4,
bf995bc9-39f6-4ae0-aa54-592e53c9ca85,fd75451c-5221-4a91-a7f4-0f7d81f86aaa,8534c052-ffe8-4465-8df3-eae4c6c407ca,1,
13e2f880-c0ba-46a7-80fe-a9ddf4587a09,fd75451c-5221-4a91-a7f4-0f7d81f86aaa,6bc1ccde-c77f-4e4f-a8dc-062a6e41a685,1,
27298ea6-a7b4-48e8-8127-e046b8a121ed,fd75451c-5221-4a91-a7f4-0f7d81f86aaa,111537c5-2236-4659-9b78-7e6368e20e2d,1,
79f03e5a-ce68-4b08-8705-61447e0a5cd9,fd75451c-5221-4a91-a7f4-0f7d81f86aaa,39de81d6-750c-43d5-a731-67ecd5f3f19f,2,
b2243add-398f-4a7a-ad9f-57f7477cb6c6,fd75451c-5221-4a91-a7f4-0f7d81f86aaa,b75dada6-0586-4407-9245-9e50ffce066e,4,
f58c1a62-5eca-4e7b-a922-de59ad003070,fd75451c-5221-4a91-a7f4-0f7d81f86aaa,4af82c96-20a7-4a1b-b454-d1b08ea8ee24,3,
efd1817d-3686-456c-89b3-b02e3cb93cb5,460bcd4f-5eb9-4296-8125-ef736704c124,bfbc62f0-1d3b-44b5-bebc-78f248a3df8d,3,
a935743a-b383-42d5-b099-2f4d14441ada,460bcd4f-5eb9-4296-8125-ef736704c124,e61b507e-6353-458b-b160-e1d5d7cfdc73,3,
484b8aab-d826-43d4-8143-89b9b99aa91a,460bcd4f-5eb9-4296-8125-ef736704c124,232acb18-56be-4006-8e0b-dd882faf3b99,1,
20ce4f4f-6aba-4496-b02c-e00a7962f7e9,7d8e662e-1282-455c-b649-dd309a7a04be,0a7574dc-0c75-4b10-9a72-e42963cf231f,3,
f3e78133-cdca-497a-8e55-aaab108aa27d,7d8e662e-1282-455c-b649-dd309a7a04be,d0a6321f-b99c-4795-b243-9fa7d1ebf07a,3,
1534d124-b794-47e3-8a38-5e938f64e57e,7d8e662e-1282-455c-b649-dd309a7a04be,c25832c3-a1ac-4b03-816e-4f349a218e1d,4,
28076f56-9b50-4db5-aabe-ab1401aa9eca,7d8e662e-1282-455c-b649-dd309a7a04be,4f8d90ef-a315-408c-9f3f-d92796227689,3,
4948e2bc-66d9-49e8-be4a-a5686079e819,7d8e662e-1282-455c-b649-dd309a7a04be,2b1d3d4f-7b9f-4e1c-ac12-4058e8c37f88,4,
79a056fe-c109-454d-9bf7-4a2668f7806f,7d8e662e-1282-455c-b649-dd309a7a04be,f9a88979-cc06-4b82-8bd7-47ada74e9650,4,
82eaa68c-fac2-48f7-944a-3af95039c530,7d8e662e-1282-455c-b649-dd309a7a04be,eaddc027-ac7a-4141-830a-72ad9627ffb9,5,
f504e65c-78b9-4586-9308-83be4a0cacbd,7d8e662e-1282-455c-b649-dd309a7a04be,174ac7d9-c34d-4ab9-b3e9-333f0da57221,2,
f6c8ba1d-27af-46de-a67d-5f68309bf2f7,7d8e662e-1282-455c-b649-dd309a7a04be,d36bd631-5034-411e-a058-17c6388b8789,5,
92a54e3a-7927-4b2f-ae7f-80a4a7755a7e,7d8e662e-1282-455c-b649-dd309a7a04be,ac5c5308-697b-416c-b5f0-2cbbf52b8603,3,
f6432fa9-fbd8-40e1-93cd-6fa5feea3867,7d8e662e-1282-455c-b649-dd309a7a04be,26be5740-f442-498f-921a-55e645b09d21,1,
41cede65-95bb-4a32-afcf-1ffaca92b889,7d8e662e-1282-455c-b649-dd309a7a04be,0bb68681-5b3d-4c4c-8169-231583bd5bec,2,
f29382b0-46af-4edc-8284-1b73c92c40fd,7d8e662e-1282-455c-b649-dd309a7a04be,3380274d-a218-461c-9004-9e1ea994f042,3,
372df520-71da-40eb-909c-ce379440598d,7d8e662e-1282-455c-b649-dd309a7a04be,2e7ed861-8ac1-4c55-aa4b-6ade0a4bafd5,5,
09d4a5a7-b9f9-4980-be27-9adf3d6f9d49,7d8e662e-1282-455c-b649-dd309a7a04be,d01f9978-f1a7-4d84-b078-2787f6a0b0b7,2,
25926e8d-1ee2-4609-9d9b-144d102d0b50,7d8e662e-1282-455c-b649-dd309a7a04be,f14ad8ba-ead3-4e0d-92ce-a20b436acfff,1,
33a9cbcc-9a8b-4501-9c88-0202863be4fa,7d8e662e-1282-455c-b649-dd309a7a04be,dca747e7-f8f2-4fba-83b9-97542deaac77,2,
250893d7-0c33-4587-8704-eaadffd1e454,7d8e662e-1282-455c-b649-dd309a7a04be,501a4847-b198-457c-98d6-1aadb1d2a094,1,
eee28f78-52b5-46b7-a0c3-bfe6988f8f07,7d8e662e-1282-455c-b649-dd309a7a04be,dd01770c-e984-4575-bfd6-84cddbaf72e8,2,
b5e47898-5958-4a30-991d-94d05539b8c8,7d8e662e-1282-455c-b649-dd309a7a04be,d38ef758-b7f6-4a5f-8803-2e0eab7e71ba,5,
a9636968-0d37-42e4-85a5-75493cecfa32,7d8e662e-1282-455c-b649-dd309a7a04be,80133626-7951-44e0-ad6a-1b41f123880c,3,
8cd1dac7-fef1-4e57-92bd-a61e5620d339,7d8e662e-1282-455c-b649-dd309a7a04be,9ef67c7a-ca27-4178-820d-1970a50ad8f5,5,
fd507f32-9184-48c7-8d10-f15c4dff95a5,7d8e662e-1282-455c-b649-dd309a7a04be,76919c16-cbd4-4650-ab8d-10ef50bad0fe,2,
e5c589fd-e986-4a1f-b982-edea45718c13,7d8e662e-1282-455c-b649-dd309a7a04be,2dd74fdb-4d55-4b73-b832-87b1545197e4,2,
7634667e-24cf-4cce-934f-26341a55c04d,7d8e662e-1282-455c-b649-dd309a7a04be,f3d34d86-e3de-4473-a7b8-df87cef659b1,2,
ff735c9c-ba65-4498-a0c7-5a17fcc7b19b,7d8e662e-1282-455c-b649-dd309a7a04be,693f07e8-9df0-4f60-9a99-b2fe04cf4242,3,
a86e34ad-65fd-431e-974e-be5d6f7e50c1,7d8e662e-1282-455c-b649-dd309a7a04be,faf69698-2a4e-4c9c-ac84-4bf9f3a61454,5,
33e955e6-8dd7-4264-9305-58fb6b6efb35,7d8e662e-1282-455c-b649-dd309a7a04be,8c61d99d-ff23-4cfb-bfed-1f6d111c221c,1,
de992190-a7d7-4478-bfd2-0c73b35e7bb2,7d8e662e-1282-455c-b649-dd309a7a04be,c36a2208-f8fd-43c3-ac8f-96875b77894b,1,
dd5f42e2-9764-4ed6-8971-59062cf31879,7d8e662e-1282-455c-b649-dd309a7a04be,e8fa2f16-8748-48de-a019-4e61f5f7a885,4,
d115232a-dfaa-48e7-bec5-6b385abc0740,7d8e662e-1282-455c-b649-dd309a7a04be,7ccd00d7-24ee-4f69-8770-7b25138b31a3,1,
f5856b43-ac5a-4b8f-824a-41f166f46253,7d8e662e-1282-455c-b649-dd309a7a04be,eb080017-9632-44fd-8cbe-a74f7edf77eb,2,
c90035b1-9a3d-4df4-a505-bca35ff3e56b,7d8e662e-1282-455c-b649-dd309a7a04be,27fe0b81-4b5a-49c0-b71e-2fb85290b00e,5,
e66e518b-46bb-40ce-853a-56d4c511c5ca,7d8e662e-1282-455c-b649-dd309a7a04be,349f9d38-4c7f-4e10-bf70-071f61549365,3,
9f0a1399-dace-4616-8c70-96089cf440ed,7d8e662e-1282-455c-b649-dd309a7a04be,9153f9a3-76e4-4302-b4c2-986bd9676cb7,4,
76fa7452-71fc-4df7-b8ed-6f6775cf9d00,7d8e662e-1282-455c-b649-dd309a7a04be,789772ad-aded-46c5-adb3-176cf8a4ca63,2,
192ad9e1-53c4-4d06-96e1-4c8bfab176e7,7d8e662e-1282-455c-b649-dd309a7a04be,d7c85f36-09fc-47d3-8bf8-22e07c62594c,3,
856092cb-a2e5-4564-8050-33bb1cbd48c9,7d8e662e-1282-455c-b649-dd309a7a04be,fcd87f02-1a5e-4414-b953-2901dbfa4aae,3,
eee7dd9f-5581-4796-bfa1-82e070fd7d27,7d8e662e-1282-455c-b649-dd309a7a04be,27c8dc98-4e6e-4a5d-96f8-f909c7e82ab4,5,
94cb35c6-ad0b-4478-9b9b-1e241074e991,7d8e662e-1282-455c-b649-dd309a7a04be,f10f53e0-778c-47fe-87fd-32b61f018acc,5,
6dafe963-c4ff-4b71-9aa6-ed5037e1c803,7d8e662e-1282-455c-b649-dd309a7a04be,4561e477-e1b9-482d-83ec-75e35196b589,1,
994fa8f7-12f1-4da7-b675-0d901062b429,7d8e662e-1282-455c-b649-dd309a7a04be,eabe19ac-5975-4eba-80aa-98054f30c24c,2,
4e98fe03-6205-4d72-b631-2167a4f4d84a,7d8e662e-1282-455c-b649-dd309a7a04be,39cfae1b-651a-4d00-9075-67a063dc1509,5,
8fdbc85b-f551-4315-9bfc-2c28de37b049,7d8e662e-1282-455c-b649-dd309a7a04be,f0d12986-d97d-4e63-a8c2-48af00b66c10,3,
da8e4936-0d0c-4334-b84e-efe855f5602b,7d8e662e-1282-455c-b649-dd309a7a04be,6e217385-c7df-4655-bf38-49aad611ce4e,2,
8b7b503d-1198-4adb-b257-3cc07e80d4ca,f41146da-423a-49fd-9afc-c0a280232f61,7e4da14d-607d-449c-96e6-4d0af2cd0ad6,2,
eeb514cc-63ed-4315-b08d-a58b621bf1a2,f41146da-423a-49fd-9afc-c0a280232f61,30fd6ce1-5925-4854-8696-7b1d544bd53b,4,
6acccaf5-edab-4f13-87fb-6e0d05bbf63f,f41146da-423a-49fd-9afc-c0a280232f61,5a74afd8-43dc-427d-896e-4a39c46fb280,5,
60f99e65-5fdc-4d00-8898-c8227de5f651,f41146da-423a-49fd-9afc-c0a280232f61,abea2694-8581-47e0-8136-a15f7ca08a75,5,
fe4f376f-2607-4592-b958-9014c42e3f3e,f41146da-423a-49fd-9afc-c0a280232f61,468e949d-706d-4e13-acb9-da95b518b91d,2,
6c267638-9f87-4287-bb9f-96ca6a02eab6,f41146da-423a-49fd-9afc-c0a280232f61,215e52f1-86bc-4966-beb1-5ce98c9655ad,3,
6295137d-bd6c-476a-abe9-1de490bcfdaa,f41146da-423a-49fd-9afc-c0a280232f61,37f3a99b-0406-4698-b080-7701e3ab6cbc,4,
d172b73a-7117-483f-a71f-14be1d625251,f41146da-423a-49fd-9afc-c0a280232f61,a110e11f-f297-4826-93ce-9e6257bf212e,3,
e0e90740-66b8-42d2-bd60-8a930cbd45bb,f41146da-423a-49fd-9afc-c0a280232f61,2da883fb-98e0-44ea-b35c-069e65a13e99,4,
0b29088e-c5a7-48c0-97b3-9e3b89dd2549,f41146da-423a-49fd-9afc-c0a280232f61,49fbecd8-4bf9-4a07-ac50-6654a840f280,1,
54f4e022-6ab3-4b0a-9ce0-e753181a0aa5,f41146da-423a-49fd-9afc-c0a280232f61,50b8d573-1153-4af3-99f2-3cd8eba97132,2,
ee1d9f12-adb3-44e6-ba1a-53ceb94a93d3,f41146da-423a-49fd-9afc-c0a280232f61,683be802-fee8-42f7-be12-b46901073dee,2,
e797a44c-e3cd-419e-b70e-820f8199a487,f41146da-423a-49fd-9afc-c0a280232f61,7ba9b5af-be69-4a54-ba41-37d1b97d61ec,1,
cfe476f5-bc3b-4896-95b0-bcb1d39f12f9,f41146da-423a-49fd-9afc-c0a280232f61,cb84fe5e-e84d-408d-b11a-c500e33db6e5,1,
16cc550e-eece-450e-8d22-b19a39b02b8b,f41146da-423a-49fd-9afc-c0a280232f61,f403b59e-d489-4655-853a-8242928da36f,1,
28e4cb0e-956e-4996-80cd-d50cb2ecda06,f41146da-423a-49fd-9afc-c0a280232f61,fac30f49-2bc1-47e2-95ce-4f36ca87b75b,1,
a6330962-1441-418b-a582-ff1f8353db71,f41146da-423a-49fd-9afc-c0a280232f61,39571f7e-ee4e-46a4-a0d8-4454310ae529,3,
5fff644a-5dda-4fa4-af28-7aab6ab59bef,f41146da-423a-49fd-9afc-c0a280232f61,e3f5eec9-ba88-46c7-81b2-91c43f159576,5,
38cb8663-2710-4a91-a746-bd537318fb50,f41146da-423a-49fd-9afc-c0a280232f61,f04bd2d2-f955-4575-866d-99c3b4f359b4,5,
23a84fad-eb60-488f-a2d9-22b3e874d320,f41146da-423a-49fd-9afc-c0a280232f61,2c9f876b-13f4-4639-8a45-39621b9b4159,2,
064dd392-c08c-4123-8857-ef8eb5138d6f,f41146da-423a-49fd-9afc-c0a280232f61,6db42341-1348-420d-9fa3-21bc62c66aeb,5,
1bfff8dc-00f9-471e-a220-c015c8e5d4b2,f41146da-423a-49fd-9afc-c0a280232f61,94b9f542-b8f4-4239-b523-a2f80bae8871,4,
c31a298d-90e9-49af-bfdd-fb60451e1a43,f41146da-423a-49fd-9afc-c0a280232f61,3c5a709c-f31e-4533-9ee2-a19167b740de,5,
4ca1b3b0-3d0f-453c-9389-5d65341eecee,f41146da-423a-49fd-9afc-c0a280232f61,7156a4be-44ca-4c03-a28e-fe9cd7c48be1,5,
76cfd324-54de-433c-bf3e-8e1ca2dbd913,f41146da-423a-49fd-9afc-c0a280232f61,dba5ebe5-a0a8-48f0-ba69-1e3c0bdfd224,3,
c5a8c9ad-5e1b-49e0-8b83-31102f691ef4,f41146da-423a-49fd-9afc-c0a280232f61,d500ccbe-46fc-4117-b863-c50ec5b36bda,4,
d823f96f-f764-47be-8561-c40e28e735c0,f41146da-423a-49fd-9afc-c0a280232f61,bdd3db63-3921-4454-bc0a-81b5365e4075,4,
fc4ba990-f788-4b37-8dc6-b5d15c0de019,f41146da-423a-49fd-9afc-c0a280232f61,c587ac63-8439-4328-8d78-b437dd8a0c07,5,
3e1c3b58-a2b1-47b2-a90d-4188a2bb49bd,f41146da-423a-49fd-9afc-c0a280232f61,7ccd00d7-24ee-4f69-8770-7b25138b31a3,5,
e2a18766-f3a8-4b7a-a79f-282b3002ff47,f41146da-423a-49fd-9afc-c0a280232f61,8951faed-4811-450e-a233-5b7c3846d8ba,2,
116a76d8-2041-4654-a175-9160515c7120,f41146da-423a-49fd-9afc-c0a280232f61,dc097c0c-54fc-4cb7-957d-267fc53af905,1,
7ea2ba48-3b5e-4520-b37c-d1d554c1162a,f41146da-423a-49fd-9afc-c0a280232f61,89ade8f1-5bb5-4b32-8086-55a1665f1684,2,
6eec30e5-6df7-4bcd-83ea-764b9a8dee60,f41146da-423a-49fd-9afc-c0a280232f61,e4b0ca1f-f309-4002-8e3b-98bedf5dc7a5,5,
6daee7df-60d8-475f-8aa4-a3e7422fe6a0,f41146da-423a-49fd-9afc-c0a280232f61,31689931-b935-49af-98db-1cb4dcb9d7ae,4,
c88c1dc3-b224-44a9-81e0-885314c7efb9,f41146da-423a-49fd-9afc-c0a280232f61,a47fe167-9ec2-45e1-bab4-336567a42a50,2,
abd9b1c7-11bf-4c1f-becc-59de71318eed,f41146da-423a-49fd-9afc-c0a280232f61,42ba265a-3f98-4881-89a7-86c9c1ecca39,4,
eefd8f88-fa95-4ca2-9da4-c91f40c73c2a,f41146da-423a-49fd-9afc-c0a280232f61,eaddcc22-5fb4-447a-9dae-42b5608270a9,2,
93e1856c-8412-4a44-86fe-b0b31dc1eb1f,f41146da-423a-49fd-9afc-c0a280232f61,1cfac5a4-f5eb-45a5-beba-df83ab7dbd9b,2,
304f872c-c2e1-4934-be86-5a9048480734,f41146da-423a-49fd-9afc-c0a280232f61,5d1cfb0b-0b44-4268-918f-0acc22429223,4,
fdbbd41c-2f67-4392-9e39-91d86092db8b,f41146da-423a-49fd-9afc-c0a280232f61,0c830d4b-f6e6-41e8-b149-691ecd34ba2e,4,
ddaee306-f5d1-4ad1-8c39-f1a2fbe8463f,f41146da-423a-49fd-9afc-c0a280232f61,9211c981-f620-41bc-a319-8ebf77677a36,4,
c1bf7d72-39a9-4398-84d9-a41fa826152f,f41146da-423a-49fd-9afc-c0a280232f61,33cbdb64-1a49-4413-a289-cee43a29e29b,3,
d2712f2e-425a-44f9-b1f4-63d98015eb1d,f41146da-423a-49fd-9afc-c0a280232f61,9a1a8ee3-aeac-4b81-9edb-8b4f832b8434,3,
c52d55e8-df06-41d5-b4ac-352c0bea24c0,f41146da-423a-49fd-9afc-c0a280232f61,33effde7-6725-4093-afed-4d1ad92b1848,4,
71a97fe8-77b0-4c76-ada7-5318144cd2df,f41146da-423a-49fd-9afc-c0a280232f61,bc90287e-f680-4023-98a5-c42e2553bbb0,5,
f3703818-9810-4aec-af97-6ecb33987a89,ebbd4cbe-0a75-4985-bbc4-8fa0a831b1d2,f5ff8e65-1b9f-4460-bf82-b22f109b78cb,2,
c66aad3a-ddfa-4a0e-894e-30363ddc38b9,ebbd4cbe-0a75-4985-bbc4-8fa0a831b1d2,85735cc8-2844-4133-a0ee-e4c7f90bf504,1,
dcdb9720-a832-4481-97e2-052cb51b2f84,99d89eff-e51f-4608-b9eb-d8d73011445a,d1c65752-ac9c-4c0e-910e-318d56bb6b1e,5,
1ff615e1-b01d-4fd3-9dad-5ba03927a037,99d89eff-e51f-4608-b9eb-d8d73011445a,721a0744-4643-4d16-97e6-55a07ecadf01,5,
6d8539bc-d8ff-47e4-8d30-305625ef892d,99d89eff-e51f-4608-b9eb-d8d73011445a,99c3431e-79e3-40f3-a69f-242d92f9c4e6,1,
d0d90b11-51e1-4bec-b31f-2c2d3ccbbdd6,99d89eff-e51f-4608-b9eb-d8d73011445a,927a1bec-b64c-408c-aa86-3435dd2d18d4,2,
7b7afea7-6fca-4058-8e28-92dbdc5207f1,99d89eff-e51f-4608-b9eb-d8d73011445a,1a9d7c15-804f-455e-82e7-008f53201708,1,
5afe0604-3505-4ec0-8fdc-f445b880c50f,99d89eff-e51f-4608-b9eb-d8d73011445a,cd732cf0-9de8-4d91-8a19-c90bb84ff2b4,3,
439dd1e5-cf98-40ad-80c7-ffb2cb509525,99d89eff-e51f-4608-b9eb-d8d73011445a,25c1135c-fbf4-4d2d-8062-87ad4a482895,3,
3d0ff69e-7d77-4718-b410-3e105b4aeda8,99d89eff-e51f-4608-b9eb-d8d73011445a,7434e4b9-a6de-45e6-ae3f-8e7e045f0f0c,5,
3a53eee5-663d-42d9-ac0c-ace783105187,99d89eff-e51f-4608-b9eb-d8d73011445a,31b41627-3542-4837-bcf1-59398bdf6671,4,
d9f99f80-15d2-4dfb-a6bd-177dd74ffab6,99d89eff-e51f-4608-b9eb-d8d73011445a,ac6b44a9-4e6c-45e6-bec2-a3f98d7b7b14,2,
44f328d2-fc9f-4aa1-9fe9-e8492ef97dd7,99d89eff-e51f-4608-b9eb-d8d73011445a,fa56f21b-e9d2-4b49-9d65-3f04ff174bb2,1,
cae6b9ef-9392-4d73-996a-0d23089941d8,99d89eff-e51f-4608-b9eb-d8d73011445a,e08d070d-2cf5-4f3b-8d07-e2a8e00fa095,1,
4a82d291-a39d-4c28-9393-cfc274e0d21e,99d89eff-e51f-4608-b9eb-d8d73011445a,345719e4-6c85-4170-8fcf-e09c7c510824,5,
308c5aa8-1174-414a-a198-daa40324dcc7,99d89eff-e51f-4608-b9eb-d8d73011445a,bdd450ea-2792-428e-8bee-3c378f54f3d3,5,
630b02f0-c284-4bfb-9af5-749e0472e99f,99d89eff-e51f-4608-b9eb-d8d73011445a,8d2b14df-13d6-4823-ac06-f90ddaaa2b93,2,
2f3cfc44-0e8f-47b1-94c6-372113e90bb4,99d89eff-e51f-4608-b9eb-d8d73011445a,fe794bee-4705-4744-bc02-75c1b3ba8579,3,
05fa9a81-3123-4621-a860-73fa8f13cc07,99d89eff-e51f-4608-b9eb-d8d73011445a,8736efc9-f817-4e91-a8c2-579d1445819b,3,
66cf2193-ae46-40e2-9686-3c2a2edbea56,99d89eff-e51f-4608-b9eb-d8d73011445a,05cbaaba-028e-4fa2-8935-e2d400167f9d,2,
cfe036af-9e3f-42a5-9bc3-4e70ab309a3c,99d89eff-e51f-4608-b9eb-d8d73011445a,80133626-7951-44e0-ad6a-1b41f123880c,3,
278d8801-569e-4762-930d-16e069c56796,99d89eff-e51f-4608-b9eb-d8d73011445a,704ff7fe-ce15-4d9d-a7b4-1d7c0b164e1f,3,
46d8c7d8-da17-439d-9af5-3fbb3620962a,99d89eff-e51f-4608-b9eb-d8d73011445a,467747e4-e81e-4a2b-b742-48e856e739c3,5,
7fc94b9d-87c0-49e8-9513-5b484f9ed875,99d89eff-e51f-4608-b9eb-d8d73011445a,01d5ed14-573c-43ff-96bb-25c575ea8937,4,
48e6fa00-8f45-454b-adc4-64e34638aff9,99d89eff-e51f-4608-b9eb-d8d73011445a,e9a9e7dc-2b5b-486f-b07a-89d1e0e4cca2,2,
097cf1df-6703-4353-8b9a-f65a88f9cd1b,99d89eff-e51f-4608-b9eb-d8d73011445a,f23efa1c-1692-4c9a-951c-37dee424c7d3,3,
3224339f-fbb9-4273-8f5b-9259e9165795,99d89eff-e51f-4608-b9eb-d8d73011445a,07a828ac-cbe5-4346-bbcb-d803fc85722d,1,
13c19b09-7686-4bcf-9d52-29c507af9d4a,99d89eff-e51f-4608-b9eb-d8d73011445a,532df9d7-0056-44ff-8d8d-1b19dae25ff3,4,
6060fa1c-2434-48db-981d-21ec2420b51a,99d89eff-e51f-4608-b9eb-d8d73011445a,88a6db0f-a907-4182-b594-1a0b94200b6d,2,
72bcb0ec-237a-4fdc-90f7-e7bd9ca831b7,99d89eff-e51f-4608-b9eb-d8d73011445a,1e4982be-8924-4a40-874d-2042486475d2,4,
46cd45f0-b369-4004-bdc3-e40507ab3c17,99d89eff-e51f-4608-b9eb-d8d73011445a,1345931e-9a7b-45bc-9d8b-02087e5d8197,2,
efb56f10-ec41-4aac-84a7-2d20591e7834,99d89eff-e51f-4608-b9eb-d8d73011445a,e3b6100f-1fc7-4b70-99ba-fa69d6858403,4,
2f36fb49-1a87-450c-bf4c-4ef4799f3251,99d89eff-e51f-4608-b9eb-d8d73011445a,2f8e51dc-caab-4554-b78f-a9350d8649f3,1,
77fb7a41-d7a4-45c2-b5a3-c6bab6a1c752,99d89eff-e51f-4608-b9eb-d8d73011445a,0df2ecc9-653d-4e46-ae07-ff275947123a,4,
c4d8dd85-7f2d-440f-8c08-859d07329aac,99d89eff-e51f-4608-b9eb-d8d73011445a,4da86bb0-0d70-490b-bc6a-add793a433b6,4,
feb97085-da4a-4cc7-ab46-afb24152dbc7,99d89eff-e51f-4608-b9eb-d8d73011445a,d454e118-b8f8-4179-b71d-e7ecce5132ce,4,
a9fd5ce0-6eab-41e5-9ba4-67b10dbe955b,99d89eff-e51f-4608-b9eb-d8d73011445a,01464b5e-2e0b-4269-b744-ac2d62cf5a54,5,
2ace1211-ef32-4e07-a8f5-fcc4d442c85b,99d89eff-e51f-4608-b9eb-d8d73011445a,c108ebea-81b4-4535-8431-9eb274b7d58a,5,
9686ee49-29fc-4359-a69d-d61294118469,99d89eff-e51f-4608-b9eb-d8d73011445a,eabe19ac-5975-4eba-80aa-98054f30c24c,1,
7b0b74c4-b216-447f-a1c6-b1509145493a,99d89eff-e51f-4608-b9eb-d8d73011445a,d01f9978-f1a7-4d84-b078-2787f6a0b0b7,1,
3b2a8fed-1e1b-4b5c-9a0a-d06417e7c19a,99d89eff-e51f-4608-b9eb-d8d73011445a,eb111371-e0b2-481c-9645-1cd25754131e,5,
3647c68e-e9a8-441f-9b2d-0b4a1c14720b,99d89eff-e51f-4608-b9eb-d8d73011445a,5527f56c-d484-433e-aea0-a65a29837599,4,
aed037e6-6121-49ad-b76c-367a9b4c1564,99d89eff-e51f-4608-b9eb-d8d73011445a,7ed28127-aa0e-4ed0-85a8-6b82a54bf538,1,
03347850-8520-49c2-ac49-25526cad5dd8,99d89eff-e51f-4608-b9eb-d8d73011445a,2fe03874-966b-4a20-8495-0514c9562b55,2,
04b87961-1702-4a1a-83f7-a19df0c30cc6,99d89eff-e51f-4608-b9eb-d8d73011445a,7ed8c960-04fb-405d-bc66-dcd786611b09,5,
f8f0e949-0dfa-49cb-9b60-e618993d8be2,4d10c711-a7f5-4386-b042-110a980dc72d,c8fd1c5a-4a5d-4706-9a84-2e11fe5e87cb,5,
35f9641d-5a04-44e0-81c7-6a7fe60fd23d,4d10c711-a7f5-4386-b042-110a980dc72d,690e6d7b-c754-4cc9-a720-48ad8827ecab,1,
299bac1a-19f6-46fc-90da-1dd5ad048955,4d10c711-a7f5-4386-b042-110a980dc72d,5a44becf-b53f-4468-8ba8-993fb1aa8c67,1,
f8ade682-b310-4370-96bf-4aab0b8db982,4d10c711-a7f5-4386-b042-110a980dc72d,be6b84fe-7fbf-4c9d-9d38-16b3b8260a90,3,
77d3d0c0-09d3-458a-921d-c45fc0ccdfbf,4d10c711-a7f5-4386-b042-110a980dc72d,d2bbab89-86bc-4dc1-b9fb-7d5c976a26b8,1,
0d0282e4-b275-4688-b76e-f89274d779dc,4d10c711-a7f5-4386-b042-110a980dc72d,dd40a2a8-9253-4117-bd9d-39815d1d9890,1,
138c5e82-cf4d-4b6d-a42c-7711e43e2ad0,4d10c711-a7f5-4386-b042-110a980dc72d,873d3aaa-0b0d-4d4a-9a10-e41472707f6e,4,
40a7b97f-ec61-4fa5-a841-60560f3fc42a,4d10c711-a7f5-4386-b042-110a980dc72d,3987d0fe-3092-43de-bf72-df7b9f84a37f,3,
10567e20-6200-4372-9af2-324db769e38e,4d10c711-a7f5-4386-b042-110a980dc72d,c912d8b9-8952-4058-add5-d4e3048d27c2,1,
4422a9e3-d275-44e2-8521-f817db7e83e9,4d10c711-a7f5-4386-b042-110a980dc72d,fd134262-0cd7-44d9-9884-d2103b133333,4,
6cd085e0-f159-42f4-b23e-6f0534891ce7,4d10c711-a7f5-4386-b042-110a980dc72d,e258a1c9-caf7-4a7f-a42f-3f4155b19662,5,
e147fd7d-9897-47b3-8d8d-fdf50f5b8d20,4d10c711-a7f5-4386-b042-110a980dc72d,8577d6d7-7b7a-4982-a853-dd387071f9ea,5,
44a01c74-9802-4c51-a28d-bad1a56557a3,4d10c711-a7f5-4386-b042-110a980dc72d,52e532a2-d23e-4c3a-93c8-1480a9068bc9,4,
16112a9f-8be0-4193-97d6-481502289ca0,4d10c711-a7f5-4386-b042-110a980dc72d,6f3b3149-ef7e-4c88-a222-3eb281118e0f,2,
de748bc3-a05e-4015-b1ce-0b212295b0e0,4d10c711-a7f5-4386-b042-110a980dc72d,443d66eb-acd4-4c7b-9507-d9a007c7ab00,1,
14bc19e2-1d92-46e9-8ce0-b2112754312d,4d10c711-a7f5-4386-b042-110a980dc72d,d61d5dff-fe51-4ab7-a0f9-b8a900d985cc,1,
3e754581-459d-45b3-9825-bb6950b3384c,4d10c711-a7f5-4386-b042-110a980dc72d,6626c11c-0331-46bc-ab12-ee82d6c89b56,1,
8b930d05-f42c-4465-9b2a-97414fba32fd,4d10c711-a7f5-4386-b042-110a980dc72d,847c501f-6d73-4a25-8a17-cfd568de2f6e,1,
a889c63c-8b5f-4f35-97d1-3a87b23cbc24,4d10c711-a7f5-4386-b042-110a980dc72d,4177862a-b0ed-4a8e-992b-1b37ebc96f98,2,
44b6e9de-a405-4052-a5cb-4afd785220d9,4d10c711-a7f5-4386-b042-110a980dc72d,abcf86a8-c19f-4772-97e5-b42461ad28c9,3,
66cbefdd-913c-4d97-80e9-21cfb2c17379,4d10c711-a7f5-4386-b042-110a980dc72d,f5a2d587-3df1-4d92-84ea-98285b209881,4,
6c9a4e05-b702-42ef-985e-6ab4f6f647d8,4d10c711-a7f5-4386-b042-110a980dc72d,a8d19a2a-2042-469e-b048-4833a0664d80,3,
5884bfe0-aad0-459e-ab02-2cc7d368db3d,4d10c711-a7f5-4386-b042-110a980dc72d,5ddb8ddd-72a9-4dc0-bb0b-77cd9d1b2b07,4,
360f7acb-fa71-48d2-a843-a66ee0adb1e8,4d10c711-a7f5-4386-b042-110a980dc72d,161027e2-6277-48ec-90de-b5b013b6ed7f,4,
fd732f18-ea7b-498d-b6be-5a51784933ac,4d10c711-a7f5-4386-b042-110a980dc72d,eaf374bf-d4e0-49f8-9b95-5ea28503a7cc,3,
4ba3b909-95c0-4caf-91ad-423aa94fa47b,4d10c711-a7f5-4386-b042-110a980dc72d,6dccd3c7-defc-4389-ac07-debd78fce966,4,
7286d1e4-91c5-4708-b51c-8bad137f6afa,4d10c711-a7f5-4386-b042-110a980dc72d,53eb1143-1a9a-4084-98bf-f922431018ae,4,
dac1549e-fc3b-4a39-b339-488d9288f4cf,4d10c711-a7f5-4386-b042-110a980dc72d,28081678-c70d-429e-8cc9-71f1314a6450,3,
5bf720d6-0d28-4ca7-9198-3e7aae1b772c,4d10c711-a7f5-4386-b042-110a980dc72d,b517b4ea-59be-4266-a257-48e25612d22c,4,
aa7b7a62-f25f-48ae-b8f9-34b43e921dcf,cca6f920-8dbf-480e-873b-095336471750,951bc809-3f59-42db-9b5a-89d3c3efbfa6,3,
6371e5ea-c325-464e-b638-31ab3d650ddc,cca6f920-8dbf-480e-873b-095336471750,db33cfa5-213f-4632-b9b2-2ca3d57e6eeb,2,
a37b68d4-2db9-41f6-953f-35cb602af597,cca6f920-8dbf-480e-873b-095336471750,eac8312c-6635-4d34-8343-6fb0044697e4,1,
aea58e73-d0c4-4ff1-a044-92b21d9a6e88,cca6f920-8dbf-480e-873b-095336471750,977764ec-1aed-4b72-bc39-3c7b5b94d59b,2,
e5db0797-2d78-48e2-9811-472382bcd0fd,cca6f920-8dbf-480e-873b-095336471750,5a472a28-5113-4b02-bf88-5760f34584e0,1,
811661a0-777d-4458-83b1-bd905fccb0ce,cca6f920-8dbf-480e-873b-095336471750,f67bad36-e876-405c-9909-7f8a83e7118a,1,
f456e67e-a42d-450e-8e2b-39087a3c1d9b,cca6f920-8dbf-480e-873b-095336471750,1fd0fd40-42cf-4f67-9ecc-2a1b026c2f7b,1,
c3b97dbe-8c20-4f46-9ccb-a1be63b7fd85,cca6f920-8dbf-480e-873b-095336471750,7beab694-0a09-4d79-8e31-10423e18e913,5,
885c819d-c608-4712-8410-dd66bae81dc3,cca6f920-8dbf-480e-873b-095336471750,d7c85f36-09fc-47d3-8bf8-22e07c62594c,5,
50f65c1a-6cb6-4896-888a-60fdd157d0fa,cca6f920-8dbf-480e-873b-095336471750,c587ac63-8439-4328-8d78-b437dd8a0c07,3,
8b2b6aa1-f8dc-4f63-a59f-02bc5b0eb79e,cca6f920-8dbf-480e-873b-095336471750,882b3724-bc3f-4e88-843b-2a4c7bbf0b88,1,
deaf81a9-a541-4d2b-a6bb-124c24185e23,cca6f920-8dbf-480e-873b-095336471750,797f8d91-4aa0-4ab5-a03b-a7e232df324f,1,
edfbd233-2801-4b34-8793-4d3b6d449980,cca6f920-8dbf-480e-873b-095336471750,49668c7c-fbf8-4f1c-b380-a5b97dd818ff,5,
1efdb7fc-94ed-4b5c-86f6-7c5e3d9c5a78,cca6f920-8dbf-480e-873b-095336471750,eef38a7c-00ec-481c-8f27-3e19813fc534,5,
c7596ba2-f7ff-4cee-b399-0db7a2041378,cca6f920-8dbf-480e-873b-095336471750,6bc1ccde-c77f-4e4f-a8dc-062a6e41a685,4,
bb21fe4d-dd70-4f57-a4e6-174ef0ac1ed6,cca6f920-8dbf-480e-873b-095336471750,7c3c24a4-6904-4620-8bad-30412960b051,4,
dbf18c9a-ba43-4ed1-b53d-9fd60961ca4c,cca6f920-8dbf-480e-873b-095336471750,f0baad99-c222-4096-817e-39729d44e32b,3,
e4e14daf-cf45-4009-ad38-ada0eae2fe86,cca6f920-8dbf-480e-873b-095336471750,da1e4647-c9e1-4c51-a2b0-f928642ec02b,4,
fbd0ff11-1215-49d8-a4ed-7f731d030cc3,cca6f920-8dbf-480e-873b-095336471750,3746a234-5aed-4dad-b24c-ef565e046881,2,
8e55b3e2-c9c7-467e-99dd-10cb790c18f3,cca6f920-8dbf-480e-873b-095336471750,aff30a9f-619b-478b-9e46-ead25401d670,1,
cdce31c4-7c49-4c57-8c8c-3a430ffb7203,cca6f920-8dbf-480e-873b-095336471750,ce50e291-fbdc-44a6-a5a1-8ce4953e0a6a,1,
183af566-d423-42c5-9676-0c9682d13623,cca6f920-8dbf-480e-873b-095336471750,3c5a709c-f31e-4533-9ee2-a19167b740de,5,
2d78db88-49e2-4eb3-af28-f470c033ebd7,cca6f920-8dbf-480e-873b-095336471750,c8b4ece8-ea8a-4a3c-b03b-df09738356ea,3,
8a235fcf-2240-493c-934b-c2431c067ef5,cca6f920-8dbf-480e-873b-095336471750,7bdde54a-025e-43e6-94cd-fedcf6949d6a,3,
300bd7e3-9601-4f22-8ad1-44a4020fcd0c,cca6f920-8dbf-480e-873b-095336471750,537deda4-737d-471b-a9bd-d0e21465b619,5,
f135cc3f-b4f3-40c1-9218-f52d772eb1ed,cca6f920-8dbf-480e-873b-095336471750,32aeb08a-f7ea-49a9-9577-979250fdfe39,4,
150496f4-5127-46ea-8407-9888f394cdee,cca6f920-8dbf-480e-873b-095336471750,e2af352c-4992-4827-86c9-a3c7079fe829,1,
770e2f27-02ce-4c2f-a66b-32fe1d4b7052,cca6f920-8dbf-480e-873b-095336471750,1dbe00b6-6d98-480e-95bf-a877fe23d577,3,
6e3abb7e-88fe-4b13-bcc9-f50f7fae4b5a,cca6f920-8dbf-480e-873b-095336471750,0f6197d9-086c-470b-aae7-9bf3d9b0f8d3,5,
acb6bebe-92f9-4da2-a00b-cd6678b4aee1,cca6f920-8dbf-480e-873b-095336471750,f5ff8e65-1b9f-4460-bf82-b22f109b78cb,1,
5bb098eb-0287-40db-8bad-a9e91def1066,cca6f920-8dbf-480e-873b-095336471750,c8732773-6366-4f1d-b58c-8112a355dcaf,1,
b1aaccd3-c0d2-421f-a534-ffbb7d9100f2,cca6f920-8dbf-480e-873b-095336471750,1fede6aa-c190-4e12-b1d4-7348a369a978,4,
601c7bca-0378-4600-a6a0-e9f22d901bce,cca6f920-8dbf-480e-873b-095336471750,852ceb56-f057-4d83-9565-60dd43a98ed1,1,
a5c40b81-bc83-4467-9ae4-d5377130709d,cca6f920-8dbf-480e-873b-095336471750,98f75e69-f4df-4208-b65f-671207e2d4c9,3,
c88b566d-afc7-4cb3-928f-a06e62a2c639,cca6f920-8dbf-480e-873b-095336471750,aeaa0fc7-ef54-4bb9-8dc1-1d8360f38608,5,
9668bfbe-75e9-4d3d-b0ac-eb4a6104beb2,cca6f920-8dbf-480e-873b-095336471750,43e66ee3-045f-4c27-a597-e562a2aa2a4c,1,
7053c9d9-8ec8-4967-a975-ba304dc04503,cca6f920-8dbf-480e-873b-095336471750,58864d76-aeaf-4b92-b741-c945cab5b46f,3,
9d5695dd-bf20-425f-9d0f-5760a2b45397,cca6f920-8dbf-480e-873b-095336471750,d031d675-73c7-44be-a439-fc03ba2fa22e,2,
76c00dd6-86ab-48ab-b0d9-d115f8a3d847,cca6f920-8dbf-480e-873b-095336471750,75ec7d74-f0e9-4d3a-a974-5c6b064ee749,5,
9619e5f6-0123-46c2-90c8-49c725948e99,f5f58b03-6cb4-4c52-b798-6adc1b68cc16,b7fd02d2-d0b8-43bc-88f0-db4ef9762ca3,2,
cf2208d0-58dd-4ddc-a66f-d44f25532bd5,f5f58b03-6cb4-4c52-b798-6adc1b68cc16,45b7e4d5-c39a-4d1f-97e2-cf94ddd8fe81,5,
930bbd15-8de9-4d85-87bb-53a7a01f2fa4,f5f58b03-6cb4-4c52-b798-6adc1b68cc16,e9ec04bf-b7e6-4684-9b24-7ec6ea858cf7,1,
0fae1e57-042e-4b97-add7-feae0f3f829b,f5f58b03-6cb4-4c52-b798-6adc1b68cc16,e3d5e44a-ae91-45a9-acab-df93ba81f1a2,1,
ffd97ed9-907e-4d7d-b23d-791e3eb41f2e,f5f58b03-6cb4-4c52-b798-6adc1b68cc16,8195a3e0-8a0e-41c3-ad16-179ddff2f6bc,4,
ce8d190d-ce92-43f3-b105-008a131b965a,f5f58b03-6cb4-4c52-b798-6adc1b68cc16,74eb55d2-519e-44d9-b9ae-bda37c46282c,4,
cc061908-42ed-4ae1-93c1-e8f5949c7991,f5f58b03-6cb4-4c52-b798-6adc1b68cc16,e6abf063-d0a6-4c2d-afdc-28babb212c2b,4,
9904cb6a-a94d-4dc6-8e11-4dd271c6d8a8,f5f58b03-6cb4-4c52-b798-6adc1b68cc16,84e9a846-4948-4a8c-aceb-19a95645c557,5,
417a38b2-5f7d-4e96-abe4-691bcaefabfb,f5f58b03-6cb4-4c52-b798-6adc1b68cc16,ce488a48-8808-440b-b1f7-5ecbef1614ad,3,
7e7c0a9f-8a7a-447f-938f-41fdd7975b05,f5f58b03-6cb4-4c52-b798-6adc1b68cc16,27613fb7-2b79-42c8-af89-e451292da496,3,
3cd3f37f-504c-4d28-8cf0-fb0126b66d6e,f5f58b03-6cb4-4c52-b798-6adc1b68cc16,9c7b30bc-195b-433f-af65-675e7323f977,1,
da25f58b-2fa8-4767-b3dc-5c883f72fb81,f5f58b03-6cb4-4c52-b798-6adc1b68cc16,a1a2a392-4c33-497d-99ee-b14c63c2752b,5,
44c3c455-702b-49da-9143-d3dd84debf0f,f5f58b03-6cb4-4c52-b798-6adc1b68cc16,d1b54a31-2555-4368-a1dc-59b32ca4f434,3,
d6d35ea8-3658-4e04-a231-d10808e5f958,f5f58b03-6cb4-4c52-b798-6adc1b68cc16,8caa7e11-b08a-4632-a87b-a61b70ecb4c6,4,
debdeabf-55a3-412e-a080-6958d89782e3,f5f58b03-6cb4-4c52-b798-6adc1b68cc16,1af8bc8a-ef0b-4dff-8753-67f212dd45a2,2,
f446618c-eced-411b-b119-3e07310545e1,7f9c7835-ba67-40ef-be4c-d3ff1cadeb18,820c7bbb-eb9f-4a2e-ad98-feade8b4024f,3,
2659da6a-1517-4d20-8baa-55b4c3486cd9,7f9c7835-ba67-40ef-be4c-d3ff1cadeb18,d8ca80a0-fe17-49a6-8f2a-b006a0bd3748,4,
ce58af13-7478-423f-97f4-87c2901b31b3,7f9c7835-ba67-40ef-be4c-d3ff1cadeb18,b2d2b186-cb2d-41b8-8edc-577f310c72bb,5,
321f5c32-9241-45b0-94ca-73b0ccc71da2,7f9c7835-ba67-40ef-be4c-d3ff1cadeb18,19853cc6-f1f3-4807-9bdc-0d2f5be22b44,1,
8faff7ba-6a5b-4bb7-b38c-af3628f27c30,7f9c7835-ba67-40ef-be4c-d3ff1cadeb18,07afdb2f-11ff-4837-a002-9ca8bdcecc48,1,
46b2e898-6071-4e6f-9127-40db54af2090,7f9c7835-ba67-40ef-be4c-d3ff1cadeb18,b1941426-c44a-4d30-85e5-e8e4c721dc13,3,
9f044f3c-0ecb-4cdb-8404-f81ea2972763,7f9c7835-ba67-40ef-be4c-d3ff1cadeb18,2c55e992-ce8a-46c7-8614-209992c82611,5,
43dc5d33-8a6b-4ba4-9870-0898c670eee1,7f9c7835-ba67-40ef-be4c-d3ff1cadeb18,be847caf-7efe-45b1-8e05-c198cfaa88a8,3,
625311c3-b026-4434-b709-b0a4caba4c06,7f9c7835-ba67-40ef-be4c-d3ff1cadeb18,fa78404d-c0a7-4275-a6f8-9dbe4f0a1ac7,3,
cd454e7a-cfa8-4d5b-a023-b8d64964065d,7f9c7835-ba67-40ef-be4c-d3ff1cadeb18,8ed18dc9-c2b6-47b7-a6df-20fecc670d73,2,
b598f4a6-028e-4318-8e8f-20353b382aa8,7f9c7835-ba67-40ef-be4c-d3ff1cadeb18,d3986307-bddb-41d9-86e9-c9bb18f9c74a,5,
1ce67073-48d2-4fee-96c3-bcbb1072e620,7f9c7835-ba67-40ef-be4c-d3ff1cadeb18,04b821ba-2ff2-48f3-b2d0-145659c491e3,1,
6a38d946-76e0-47d1-a8e8-9209ca42664b,7f9c7835-ba67-40ef-be4c-d3ff1cadeb18,ccca0aba-deae-406f-90d9-91105cdff45b,3,
e8dc9f4c-bfb6-483e-935e-aa3fa9b9e325,7f9c7835-ba67-40ef-be4c-d3ff1cadeb18,e2193ca3-04be-4afb-aefe-0a02df96f65f,4,
003f5700-5a79-42b2-9cdb-43e2a0f7ab7c,7f9c7835-ba67-40ef-be4c-d3ff1cadeb18,e4731fcd-62b8-41fb-b40a-d33a723318f8,4,
fa20a029-020f-4f1f-8c3a-32a966050145,7f9c7835-ba67-40ef-be4c-d3ff1cadeb18,b540bedb-a5ee-4fb0-99ee-2a4c638484fd,3,
861f3300-a970-4f66-9d10-5a9a61427e40,7f9c7835-ba67-40ef-be4c-d3ff1cadeb18,496f4156-2ebb-4074-a2bb-b508916c2edc,2,
b1077767-3820-4faa-90d4-498854540e4b,7f9c7835-ba67-40ef-be4c-d3ff1cadeb18,8a0cfe99-0e7d-4cac-bd11-322ab472d78e,4,
b67a8193-2392-4306-bf20-653e3ddb7081,7f9c7835-ba67-40ef-be4c-d3ff1cadeb18,206f4236-2d3d-4db0-b562-355122d26c4a,2,
fcc4234e-60e9-4a4f-8391-11e1ed314caf,7f9c7835-ba67-40ef-be4c-d3ff1cadeb18,049d3cf2-39be-48d6-aea9-e57ec5c402e6,1,
23bb5466-622a-491d-9131-e4ab9c337f87,7f9c7835-ba67-40ef-be4c-d3ff1cadeb18,7d3e30d7-b41e-4cc7-870c-190e1c2e4183,5,
9c8bd5c6-19a0-4a2b-a036-e03bea1c501c,7f9c7835-ba67-40ef-be4c-d3ff1cadeb18,91cadf48-4ca8-4109-ac41-d0fb1b614bb3,3,
117e670a-37ca-4e77-a222-b03887ed150e,cbc75780-1500-44c8-98a6-5c010a919a68,6339b8e4-5a2a-432c-9f1f-83087de6e58b,3,
88f309a9-e1ac-4100-b7dd-2c69dd10cbea,cbc75780-1500-44c8-98a6-5c010a919a68,773d8b98-9c28-4a36-a067-2028662a09c3,2,
1ac66290-1559-4ffb-914e-edb0e24f040c,cbc75780-1500-44c8-98a6-5c010a919a68,35c1d87d-2645-49eb-9356-617c2864fcfc,3,
3aaef061-f3dc-498b-a94d-1e99eb431e0f,cbc75780-1500-44c8-98a6-5c010a919a68,96cf9e99-4426-46b4-9d95-9b19122a1d22,4,
a7c7fe93-b213-4bea-9e00-4b98538adc56,cbc75780-1500-44c8-98a6-5c010a919a68,563cfbb9-e62c-4d44-b653-d30d5303b2d4,4,
10d7432e-bec3-49fc-8c77-cf6cddee8b80,cbc75780-1500-44c8-98a6-5c010a919a68,683be802-fee8-42f7-be12-b46901073dee,3,
cf6f4f55-a4ac-4e47-a885-a46bb5c0c799,cbc75780-1500-44c8-98a6-5c010a919a68,70df4b75-ba56-482e-82d2-b2f5261163f9,3,
35ae39de-73e6-4246-937a-838f59ce6ab4,cbc75780-1500-44c8-98a6-5c010a919a68,c5aa3782-8957-4947-a020-59fcecaebbd8,4,
4dd0d709-c253-4d7c-99b9-59475866117f,cbc75780-1500-44c8-98a6-5c010a919a68,0149a0d1-9ce1-4801-b933-07c449ffd43e,2,
764db6f9-2154-4cc8-ad5f-48ec10ba6bdc,cbc75780-1500-44c8-98a6-5c010a919a68,66f4a4b9-ad56-423f-9622-86a466d0b2a1,2,
9be52d34-c39c-4507-89de-a3956a072c15,cbc75780-1500-44c8-98a6-5c010a919a68,6425e1a0-c119-48d2-b37a-055090b36830,4,
4b70316d-41de-4a1d-be0b-933a506e9026,cbc75780-1500-44c8-98a6-5c010a919a68,a5f2d96e-549b-4516-a970-bb4e75142810,3,
9ed4b5a7-00fa-4139-ad96-9fdb10c39618,cbc75780-1500-44c8-98a6-5c010a919a68,870ce8b2-6f63-4042-a73a-df1f1a79b92d,2,
20ae3b40-3857-4815-8604-4a2b583e47f4,cbc75780-1500-44c8-98a6-5c010a919a68,ce4ca284-4503-461e-9d5c-48fe668b2475,1,
6e9ddcc1-51da-4537-97a9-3f37fa761e2a,cbc75780-1500-44c8-98a6-5c010a919a68,f4f411a0-0211-4e2b-bd29-c34de96e7bf8,3,
5d116eca-6563-48df-ba74-49b801318b35,cbc75780-1500-44c8-98a6-5c010a919a68,c6c695b0-8f5a-4771-b435-76e74d7c0b6c,2,
40d238a2-c52f-4b6e-8fe5-6b6ef2105b05,cbc75780-1500-44c8-98a6-5c010a919a68,86879dd5-f5bd-478c-8462-d6e2b241d88d,3,
3c831ffb-480d-4e32-a342-6b27ed98909c,cbc75780-1500-44c8-98a6-5c010a919a68,8047592b-08bd-4d5a-a7c1-97fa2e113eda,5,
61bd1c62-ba1f-477a-84f6-693220290a9e,cbc75780-1500-44c8-98a6-5c010a919a68,532df9d7-0056-44ff-8d8d-1b19dae25ff3,4,
c8a2a246-b6ad-462f-984a-032f96ae9916,cbc75780-1500-44c8-98a6-5c010a919a68,c583298e-729b-4c0e-80d1-a36c190ef3dd,1,
8c7c1314-9619-4632-919f-794aaea5f18b,cbc75780-1500-44c8-98a6-5c010a919a68,12075c30-0972-4510-97c8-90917776a29c,4,
801cfde7-8c18-4c2c-b7c3-4ec2ed936bd2,cbc75780-1500-44c8-98a6-5c010a919a68,a61da8cc-0acd-4d3c-94d4-5e4af1360f47,1,
07b50f33-32f2-45fb-91ed-4dea7ed37a75,cbc75780-1500-44c8-98a6-5c010a919a68,b517b4ea-59be-4266-a257-48e25612d22c,5,
f78273cc-f15e-4dc7-883f-341f0ccafc58,cbc75780-1500-44c8-98a6-5c010a919a68,9f3e5640-07c2-4e83-a4dd-496af65a6e51,2,
aebbbec9-0ac8-4ed7-8536-eae2e5aa082d,cbc75780-1500-44c8-98a6-5c010a919a68,f6306c64-e300-4d2f-a74e-0c8c03237898,5,
b429f958-0d29-4c5a-8ec7-b088ecedf0fc,cbc75780-1500-44c8-98a6-5c010a919a68,69f28b85-bd10-4ee2-9946-82ad6e65ccd9,5,
a7c8da7f-f878-4eac-bb59-e9e1bb072492,cbc75780-1500-44c8-98a6-5c010a919a68,819ef1ef-9856-4d8a-a893-7c84cc639ff9,1,
56d3f684-045d-4c40-b2ff-099e218d61e4,cbc75780-1500-44c8-98a6-5c010a919a68,4190b197-808d-4054-b979-5dc9c6ea3335,2,
f3c205c0-397c-4340-91b2-9d6067a99eab,cbc75780-1500-44c8-98a6-5c010a919a68,c08a939a-c9db-4ee7-920c-cae7b4c0107b,5,
f632b702-ac25-4991-9be1-61fec970fd57,cbc75780-1500-44c8-98a6-5c010a919a68,1bcefbfa-f6be-4de0-b093-4432df92f0af,1,
1095f942-8e52-4856-bedb-2b74fe285083,cbc75780-1500-44c8-98a6-5c010a919a68,31f5ddc8-43d2-499e-98ee-be28612ae94f,2,
8eed8a5b-a333-4a9f-ad97-78b95ac34b6d,cbc75780-1500-44c8-98a6-5c010a919a68,302f75fe-ef5b-41a3-92be-901246472b58,2,
62b48ce9-71ba-4c0e-9a3e-79cd8f0efaab,cbc75780-1500-44c8-98a6-5c010a919a68,c48d95ef-2ab4-4ce9-b096-2ee0a4e04b98,5,
5244a582-ce68-4ed8-8a22-79ad53fa2319,cbc75780-1500-44c8-98a6-5c010a919a68,8f575771-9bac-4d1d-a9d0-29be1511b723,3,
9bd94204-fa4d-4de8-a7b2-6df0f100e343,cbc75780-1500-44c8-98a6-5c010a919a68,c3bb7ee2-3574-40a9-acdb-584e100b4939,1,
01468832-316d-44c0-b874-5e34db7c3aa2,cbc75780-1500-44c8-98a6-5c010a919a68,50d0b9bc-2b9a-40c0-a6d2-68bca33c9727,3,
a2105b6a-94ab-444d-9f6b-0cb7c492dfd9,cbc75780-1500-44c8-98a6-5c010a919a68,dd94e326-1780-498d-bb25-91f50ee671ae,5,
f9a18a3c-53e9-47e5-83c9-20e93586c8c7,2c4f96c0-aa16-4fcd-a10a-606a919b018c,a1a2a392-4c33-497d-99ee-b14c63c2752b,4,
425be7fb-dbdf-4e74-ae4a-792cf61ea0e1,2c4f96c0-aa16-4fcd-a10a-606a919b018c,a2e4196a-6f84-4d27-8635-8f6b78a2b257,4,
40632cd7-d80e-4175-b4c6-57d89f315032,2c4f96c0-aa16-4fcd-a10a-606a919b018c,a374f457-063f-49ed-abb8-e659d9898192,5,
2d098dbb-2253-4aba-9f8d-97662dfc99b2,2c4f96c0-aa16-4fcd-a10a-606a919b018c,7f62469c-29e7-45d8-ae21-9c248d2602db,2,
75b0edac-3467-4e54-9232-6c050f0350b8,2c4f96c0-aa16-4fcd-a10a-606a919b018c,1dff71ac-a023-4c74-a993-6b78c3895eb5,3,
1acc8d4f-6207-4c10-8e0b-80cd290d16e2,2c4f96c0-aa16-4fcd-a10a-606a919b018c,ae1bb83e-d2f7-495d-938b-5681b6cddccc,3,
dba8e8a9-f122-46f8-9b47-8a0df4e6c748,2c4f96c0-aa16-4fcd-a10a-606a919b018c,c0047f64-89bf-422c-8f80-b44fbeb12c1e,4,
70665e35-a928-4f12-a645-f63a3f72c14a,2c4f96c0-aa16-4fcd-a10a-606a919b018c,b7b32803-d84a-4c2f-8a90-89d55338bb57,4,
430101c3-cc7c-47c1-8741-af58f33505cf,2c4f96c0-aa16-4fcd-a10a-606a919b018c,abea2694-8581-47e0-8136-a15f7ca08a75,4,
0cf7d627-fc0a-4682-9d27-4550754715fc,2c4f96c0-aa16-4fcd-a10a-606a919b018c,746898bb-edd3-44a1-a3b3-90f94f36e4f5,4,
23e73421-c836-4567-bd02-9b1cb12a2dc1,2c4f96c0-aa16-4fcd-a10a-606a919b018c,14c13401-ec86-401a-b88d-6e6d61617ea5,4,
cbc3ebc3-bcf4-47e2-821d-e931b588edf5,2c4f96c0-aa16-4fcd-a10a-606a919b018c,59af912c-830b-4de6-839b-2b76b2fc6695,5,
41c2c430-9a28-4dd5-b7df-329c6949a11b,2c4f96c0-aa16-4fcd-a10a-606a919b018c,05cbaaba-028e-4fa2-8935-e2d400167f9d,4,
4d4bbd29-0fe5-461a-aa94-6eec479dc905,2c4f96c0-aa16-4fcd-a10a-606a919b018c,b8cd4a50-4695-4515-9537-f0d82ee53af2,4,
e807851c-1699-4a3a-a67c-7b4d436a8440,2c4f96c0-aa16-4fcd-a10a-606a919b018c,aaa73e89-9db3-431f-b124-59f96ed9db1e,4,
00edc510-416c-42f3-86bf-f19710eec541,2c4f96c0-aa16-4fcd-a10a-606a919b018c,6fc8bf75-5a2a-4a2d-9373-353aa5745090,3,
8160b828-18ed-42b8-891f-83cbac604511,2c4f96c0-aa16-4fcd-a10a-606a919b018c,ae89919b-fe91-42ab-9d67-93cb51eb1185,1,
f76b7aaa-0993-4786-bc56-f16e0d4d5ecf,2c4f96c0-aa16-4fcd-a10a-606a919b018c,a370bc33-fbcb-46be-8b8c-c581927899bc,2,
f6fcd08d-bfcb-456d-ad62-c6ac5bfb1413,2c4f96c0-aa16-4fcd-a10a-606a919b018c,5a0155be-399a-4243-9ee5-aba418b72875,1,
9792d200-680f-44d0-aae6-4214c20408bd,3601f54d-4c94-4dd0-ad37-805af5a45ba1,560c5a1f-0515-41f6-af6e-5f066a74ac37,1,
bf23716e-5d0a-4e68-a95d-cc0fa57d6f04,3601f54d-4c94-4dd0-ad37-805af5a45ba1,0fd89e7d-d3bf-429b-a476-bc424df7852d,2,
f01ae30b-bc58-41a2-9235-6a1d2d2462a3,473b7c33-aac8-4a21-bcba-825a8725b3c7,5da0d14b-0ece-4fbd-b496-e576a5b73373,5,
bd86ef62-e23c-43da-abc9-5301abe55f77,473b7c33-aac8-4a21-bcba-825a8725b3c7,d33f1c6d-99d7-4169-9a7c-88c8ad0f9f1d,4,
5ddcccad-711e-4866-99d0-593e459e2b85,473b7c33-aac8-4a21-bcba-825a8725b3c7,8e00b545-9e41-49f5-91bf-74f05ff31f69,3,
6d2fafea-9b0e-437a-af4b-d16a88a0ec48,473b7c33-aac8-4a21-bcba-825a8725b3c7,95f9a4c6-8cc4-444d-b053-f8b92844c793,1,
b014f659-1de0-488c-a948-caf1e5df7710,473b7c33-aac8-4a21-bcba-825a8725b3c7,a663b298-2a2d-4565-84d2-fa171b233511,3,
9dd5cd66-0596-4fde-bba0-13340cd062d3,473b7c33-aac8-4a21-bcba-825a8725b3c7,0bcda77f-7864-4e77-a539-8f9858cc8127,4,
1e2087b5-d5c0-4d19-ac84-90389477fb94,473b7c33-aac8-4a21-bcba-825a8725b3c7,df0e1ab7-3234-4fed-a03e-b69f6cf029d2,2,
18843e13-b281-4026-a45f-227585274ac0,473b7c33-aac8-4a21-bcba-825a8725b3c7,05b23d76-0fe9-4c93-ba9c-dc5b5791a871,4,
386042ef-5196-4a6a-ba9f-02c26f9463ca,473b7c33-aac8-4a21-bcba-825a8725b3c7,5103f663-44b2-4a11-9edb-792de949cea0,2,
380c3ebe-e130-40d4-a4ea-384f0b6a2a34,473b7c33-aac8-4a21-bcba-825a8725b3c7,7d4e9ed9-408a-4976-a3b7-eca110861a0e,1,
daaa8650-942a-4974-bcae-ed5258a80743,473b7c33-aac8-4a21-bcba-825a8725b3c7,0ce1e1d4-356d-4cf8-b358-177a5af1527e,2,
79d971ab-6dc2-4ded-bc71-e65336deedd6,473b7c33-aac8-4a21-bcba-825a8725b3c7,e0ad26c9-f627-41ff-936c-416ddd1fa9e9,3,
61d0670f-4082-4abd-83ec-e786f95e5ac1,473b7c33-aac8-4a21-bcba-825a8725b3c7,300b038d-d5f6-4e08-8ec4-e988a866a3aa,1,
79268669-8fc7-498e-aec2-6477aab06be5,473b7c33-aac8-4a21-bcba-825a8725b3c7,f6fad6e3-e11f-40bb-b56c-fa25de028dd4,1,
bba37fd2-cd59-49c4-ba4b-0bd0819e69d7,473b7c33-aac8-4a21-bcba-825a8725b3c7,88115200-98b9-4b99-91bf-5e4763a6f7f4,5,
91175223-414c-4859-8704-b439f4f13bbb,473b7c33-aac8-4a21-bcba-825a8725b3c7,5db0327d-f5d5-439a-816b-649ce01ec6f0,2,
28eb30e3-aab7-4ab1-9447-9a1e57b66dc6,473b7c33-aac8-4a21-bcba-825a8725b3c7,39cfae1b-651a-4d00-9075-67a063dc1509,4,
4382d8b2-e984-421a-8e78-7bc2c3dce362,473b7c33-aac8-4a21-bcba-825a8725b3c7,1009c8d8-d36c-48e9-9be9-0532be4a7985,1,
cef9f9d0-5723-4cf6-a9e0-6d5fafcf2c10,473b7c33-aac8-4a21-bcba-825a8725b3c7,f334e22a-ad4f-43dc-869c-a95c8caff1a5,1,
f0033853-07e3-4d55-8ce6-806368717aa1,473b7c33-aac8-4a21-bcba-825a8725b3c7,b06bc42d-5054-4342-a949-72792d1b78f8,5,
3d9d0fed-78a0-4d38-b775-930f754db560,473b7c33-aac8-4a21-bcba-825a8725b3c7,8d5ed1b2-e87f-4086-b1b6-fd16cbbea825,5,
beedb991-bcb8-406d-8019-3549274da323,473b7c33-aac8-4a21-bcba-825a8725b3c7,551220cd-170c-41bf-bf0b-2ef2594dc8fc,4,
12823339-40d9-4d87-b113-13b832e46f9f,473b7c33-aac8-4a21-bcba-825a8725b3c7,88ceeea0-3394-4e0f-817a-8b95bc14ee18,2,
ce66104a-d8bd-49ea-a09c-b5cb6f8450b9,473b7c33-aac8-4a21-bcba-825a8725b3c7,1253268b-7403-4860-9a2a-bf7ce050de50,3,
b388647d-2756-48ae-969e-d3e6011bdfbe,473b7c33-aac8-4a21-bcba-825a8725b3c7,d2456efa-2f44-4cf9-a612-d5b4e7606131,5,
8a7e9da3-1729-440b-83fc-efd97adb97fc,473b7c33-aac8-4a21-bcba-825a8725b3c7,a21dd717-f197-4376-92b7-e7b20bde1aa1,4,
3b51af20-1961-4375-9461-efee69374f7e,473b7c33-aac8-4a21-bcba-825a8725b3c7,638d45b7-3117-48e1-9acc-1241f190239e,5,
46342da5-c550-424c-a0fd-8f07d8815ffb,473b7c33-aac8-4a21-bcba-825a8725b3c7,1d7ee9c0-2115-4668-904d-278e45276747,2,
623e86ba-0cee-4440-98b5-98a454baa3f3,473b7c33-aac8-4a21-bcba-825a8725b3c7,328663d2-5ed1-48f4-82d9-c5ec717bbfce,1,
656f83be-cfe5-484f-8802-0fdaf08ca283,473b7c33-aac8-4a21-bcba-825a8725b3c7,d13b0e69-f952-45c0-95f8-8bd761cfa3dc,1,
57b02f76-a2ed-4b74-9151-50fd29f1e415,473b7c33-aac8-4a21-bcba-825a8725b3c7,65f794d8-bfab-4581-b27b-af3cd4a6c747,3,
4f1c96f5-2331-4735-8548-fe3ad28d9b3d,473b7c33-aac8-4a21-bcba-825a8725b3c7,8b59be57-2eae-4dde-ba70-d4812e2df4d9,1,
a3d90904-43fc-459a-941e-60a10abdd665,473b7c33-aac8-4a21-bcba-825a8725b3c7,6c00d31e-68cc-47ec-ac63-20b9e8d94059,1,
c8df2344-47fb-4de0-9caa-bb17de1e51e5,473b7c33-aac8-4a21-bcba-825a8725b3c7,59daaaeb-843a-4461-81ca-c7d4d6c5f47c,1,
99ef6b35-2e50-4085-8d88-e84e62b95ee4,473b7c33-aac8-4a21-bcba-825a8725b3c7,beda4602-71da-4821-a354-377b7590d2ef,3,
8a4a2ab4-3d93-4610-9830-bfb10c3d3c9d,473b7c33-aac8-4a21-bcba-825a8725b3c7,729b7344-5ca4-472e-814c-21873e43cced,4,
d655c974-85f1-45b4-ac36-dda7a50e5f2e,473b7c33-aac8-4a21-bcba-825a8725b3c7,21116185-2717-4b99-9801-dc5346f831ef,3,
6fbeadc9-3802-402b-af28-43f890973d2b,473b7c33-aac8-4a21-bcba-825a8725b3c7,bebccd98-5eae-4745-92d6-f92132cd527f,3,
ee0abfc7-e166-4b93-90c8-ec7665c7f153,473b7c33-aac8-4a21-bcba-825a8725b3c7,ed4a79d2-1afc-4f19-bc8a-505862a081cf,2,
de1a3b3b-0134-44ba-91fa-95eec9486c9d,473b7c33-aac8-4a21-bcba-825a8725b3c7,e6a3b88c-7d03-482a-a40c-0cd79f32e048,2,
81505160-be0a-4d18-bc22-f909890a743f,473b7c33-aac8-4a21-bcba-825a8725b3c7,9ad84df0-3b01-4d44-b831-3a251b5dc4eb,4,
f9b07e99-82cc-4e8a-b53d-4bf9b3691738,473b7c33-aac8-4a21-bcba-825a8725b3c7,0c58d57c-d602-44d4-81a9-71a019e58533,4,
0168c2a9-89fd-4adf-85a6-360230e59a56,473b7c33-aac8-4a21-bcba-825a8725b3c7,bfbfee1a-e484-4277-bccc-6ef093cc85bd,3,
f697579b-40eb-49ea-8264-2fc0db94466d,473b7c33-aac8-4a21-bcba-825a8725b3c7,ee57bbc9-5e83-4e81-9584-fefcf05cb799,4,
ae6376c7-3449-422f-bc64-830987bc7287,473b7c33-aac8-4a21-bcba-825a8725b3c7,5f709387-740d-4fdf-b169-9721357d5f2e,2,
414cb5ee-f31d-4546-b867-1fe44690cb16,473b7c33-aac8-4a21-bcba-825a8725b3c7,5c4c81dd-c265-4bb6-a5b2-3b01a9bd9018,3,
3bcaaf8c-e27a-498b-8594-87874851fb16,473b7c33-aac8-4a21-bcba-825a8725b3c7,3cd033de-2e25-4a82-a086-d8b1ef527946,1,
8f1b724b-7299-4f31-a037-9074d29171c7,473b7c33-aac8-4a21-bcba-825a8725b3c7,9a2cd20c-deb5-4a2b-8c4c-0ac650c5d5d6,5,
563f1fa2-1f4a-43be-9ca3-96b0c833ed04,473b7c33-aac8-4a21-bcba-825a8725b3c7,a9d59e7b-6745-4bf3-964a-298cb721c858,4,
ab0e854f-7b08-4ade-81f7-6feaa8429386,473b7c33-aac8-4a21-bcba-825a8725b3c7,298fb7c3-4e70-4248-8d69-0979cad7856d,3,
76e7d075-c23a-40bd-bd3f-82699b4fc410,473b7c33-aac8-4a21-bcba-825a8725b3c7,f37e0984-70c4-4e5c-8384-03145c1a1066,4,
15c881df-7b24-4e66-8ce0-e4c88449f7ed,473b7c33-aac8-4a21-bcba-825a8725b3c7,a8f2ecd6-defe-44ce-a6a8-3439cfd05102,4,
4b951273-6467-4dd0-b4e3-d88c876bc0af,473b7c33-aac8-4a21-bcba-825a8725b3c7,a8f4141d-d17a-4dac-879c-6f7da4c0f162,5,
675c9bab-2fad-43dd-a52b-fc8cd7b80483,473b7c33-aac8-4a21-bcba-825a8725b3c7,78de7f85-a888-4054-bfa5-89a86cb753a7,4,
401de98a-7427-43e5-bd77-3441d8d160bc,473b7c33-aac8-4a21-bcba-825a8725b3c7,eaddc027-ac7a-4141-830a-72ad9627ffb9,4,
4c666016-d0f2-4f93-b7b2-3699c792f2ac,473b7c33-aac8-4a21-bcba-825a8725b3c7,f59122d2-8900-487f-aae7-887dbf9681ae,4,
7131d9a9-8a4e-4a56-aa0e-e23d3d51c9c5,473b7c33-aac8-4a21-bcba-825a8725b3c7,2f8c4b79-040d-4271-b446-bdea991c1da9,3,
eb5e7d52-3d30-4fdc-ae6a-a9381d598837,473b7c33-aac8-4a21-bcba-825a8725b3c7,9124efd1-e660-4b84-9b2c-e4595b6a61bd,4,
f5cc7981-eb72-499c-9f66-3f423f327837,473b7c33-aac8-4a21-bcba-825a8725b3c7,1eb12397-e937-42ed-aae9-f097417c481b,3,
e68095ff-410b-42f4-a65b-9372e1ebb377,473b7c33-aac8-4a21-bcba-825a8725b3c7,3846b499-e2e4-4144-94bb-3c1e0abd9286,4,
de30c2c4-6f3d-4a7c-9d37-d3fe7c443ac0,473b7c33-aac8-4a21-bcba-825a8725b3c7,3bb3d87f-202d-4826-ae9b-97d3d4f972fd,3,
811593dd-7e1c-4194-8fd0-98ce1ffcb15b,473b7c33-aac8-4a21-bcba-825a8725b3c7,8568966d-cd9d-476c-9762-f937436af072,5,
ed370459-ea76-43f7-baf0-bf9cc8b064e6,473b7c33-aac8-4a21-bcba-825a8725b3c7,42357a96-bcf9-4a94-96f8-7be4cd4c53b1,2,
551b324d-5ad8-4c90-a26d-13fbfb1c1266,473b7c33-aac8-4a21-bcba-825a8725b3c7,2ed78270-f0ff-455a-9d9a-47fb1af0024c,2,
38761ced-9492-49ae-8c1f-98dcc4b6de3f,473b7c33-aac8-4a21-bcba-825a8725b3c7,2af7e466-3db6-4c28-ac3a-aa2b1ccaf01c,1,
a9d9b09a-1e8a-4d9f-920a-504c86a7fc5a,473b7c33-aac8-4a21-bcba-825a8725b3c7,b7b2cf9b-8fd7-464f-92b5-7041a56c07a3,3,
2e401b76-0919-4eb9-8834-131b46aa3902,473b7c33-aac8-4a21-bcba-825a8725b3c7,80195344-39e4-4a29-8534-1b603300f16a,3,
513fc8c5-1c6c-45a8-819a-1c728c9fdc5e,473b7c33-aac8-4a21-bcba-825a8725b3c7,5a44becf-b53f-4468-8ba8-993fb1aa8c67,2,
bbcdeed9-f91d-46dd-a996-daf8b1274c3b,473b7c33-aac8-4a21-bcba-825a8725b3c7,def18701-b066-42b0-b042-234be0efbb76,4,
0b5c365f-6476-4f7a-934c-354939002598,473b7c33-aac8-4a21-bcba-825a8725b3c7,91fc71c9-0c29-4059-b532-69a26680ef22,1,
7cd878e0-03a8-4acf-baaf-cfb42b8edd30,473b7c33-aac8-4a21-bcba-825a8725b3c7,7564ccc7-7312-40b8-a3bd-46a760a67035,1,
6bc1444c-afea-4c04-abae-a931d13f66f9,473b7c33-aac8-4a21-bcba-825a8725b3c7,880dfd3b-984e-452a-979f-ff69bff9c4a3,5,
a86f3994-d76c-4b27-838c-96959046ace7,473b7c33-aac8-4a21-bcba-825a8725b3c7,af6f53fc-47a7-4b36-bf8a-265dcd8c6c54,5,
3195a875-ac6a-4f83-bb57-3715b9978ca8,473b7c33-aac8-4a21-bcba-825a8725b3c7,c691bb24-2f5b-48b2-9a00-34dc7353657f,4,
12d08597-d363-498d-b3d0-530396ede269,473b7c33-aac8-4a21-bcba-825a8725b3c7,5f238468-9d1c-4e63-b845-698b6c265998,1,
1b3e66a5-e2c8-474c-bfca-0199c53441d4,473b7c33-aac8-4a21-bcba-825a8725b3c7,8450e747-1633-4b8b-a8f9-3a7eca2a2b5b,1,
37a351c7-51f5-4483-bfab-7ab1295ea864,473b7c33-aac8-4a21-bcba-825a8725b3c7,fa59eb91-32ec-4081-ac09-fd2496fba6b9,2,
a826b6da-11c3-41b6-993d-0d3acc0009c5,473b7c33-aac8-4a21-bcba-825a8725b3c7,3b538183-4e6a-4400-a73d-71fde230ffbc,1,
c5d68cad-32e2-4de3-8629-d89e72919802,473b7c33-aac8-4a21-bcba-825a8725b3c7,48ac89a3-3ba7-4c89-ab4e-4739cfc7e2f2,3,
5e311497-0e98-4a99-adc8-38b60f07e878,473b7c33-aac8-4a21-bcba-825a8725b3c7,f6539c01-c5db-42c7-9d83-c87d81e64ea4,1,
2488abd4-5833-45c1-bce5-1ea2274e2e97,473b7c33-aac8-4a21-bcba-825a8725b3c7,13abf6bc-341e-4a7d-916a-ba2a0b0ad9f8,4,
d87f81e4-1ad8-4f15-b564-fa10067aeb64,473b7c33-aac8-4a21-bcba-825a8725b3c7,f8311c06-3506-4133-866f-cdf506a1b9d8,4,
05f9051e-6f9e-4642-ba74-8f333a274a65,473b7c33-aac8-4a21-bcba-825a8725b3c7,aee1e568-656d-41c5-94e1-3dab5a251e41,5,
168b08ee-1ce1-4a10-b5f0-568964910e62,473b7c33-aac8-4a21-bcba-825a8725b3c7,d07d417f-0fc7-4171-8604-c9a4ef824469,2,
e3884fb3-44ed-4fae-a1ea-d7bb218850e0,473b7c33-aac8-4a21-bcba-825a8725b3c7,63c05653-1f14-4e08-8fc9-f7214cef98c0,2,
3ee14370-b686-4404-9edd-464b0505a3f4,473b7c33-aac8-4a21-bcba-825a8725b3c7,879a2774-47b9-4bec-85ae-20ed98ca2c95,1,
ec668fcb-9fd8-4ed2-a23c-de7f23f3eeba,473b7c33-aac8-4a21-bcba-825a8725b3c7,9f86e693-3c1f-4b0a-9629-2501d887e554,5,
028b9a37-d98d-4b5c-9edb-e35f0ed80eef,473b7c33-aac8-4a21-bcba-825a8725b3c7,526b87ba-7ecd-48f7-b094-b9184adcbab1,5,
5b6382a5-496e-4f56-b3ee-64e889c3bc4d,473b7c33-aac8-4a21-bcba-825a8725b3c7,1df07696-a9cb-4ff5-9798-8d4cef4adf0d,2,
a461d691-b90d-4074-9e9d-4fc17a9c27dd,473b7c33-aac8-4a21-bcba-825a8725b3c7,9974a362-e962-4a60-b753-c498f87717a8,5,
74de9f0b-6be0-4489-8acf-cd1acb93d198,473b7c33-aac8-4a21-bcba-825a8725b3c7,0ea17cd3-b730-4d43-a7b7-0635fac0cc5e,3,
45974b90-40c7-45fa-bddb-ecc2b06bbbe8,473b7c33-aac8-4a21-bcba-825a8725b3c7,47a7c0b1-81f4-4765-bcc6-fe2688889ef9,3,
a4ff4e2f-2125-494e-8fd1-d31fb23c9678,473b7c33-aac8-4a21-bcba-825a8725b3c7,c11b8490-78fd-4acd-bd1e-d937b02dda2c,1,
0835ff23-4d41-465f-a229-8ae447c7a438,473b7c33-aac8-4a21-bcba-825a8725b3c7,9f51bbf7-290b-4d17-bb46-0f92e67b7689,2,
e7329f0b-e7c8-4aa5-b34d-c2571e7dd57c,473b7c33-aac8-4a21-bcba-825a8725b3c7,92d56d41-d36a-44e3-ba5e-928460b24458,5,
a51d659f-fee1-4097-9eac-022a07e599b8,473b7c33-aac8-4a21-bcba-825a8725b3c7,0c830d4b-f6e6-41e8-b149-691ecd34ba2e,2,
977cd90a-4f09-41a8-87b1-53d95702715e,473b7c33-aac8-4a21-bcba-825a8725b3c7,5b66a6a6-a49d-4f9e-aafa-6f6cd73ec75a,1,
a28013c9-66be-42db-a85e-b332df12691f,473b7c33-aac8-4a21-bcba-825a8725b3c7,66f4a4b9-ad56-423f-9622-86a466d0b2a1,5,
b019d672-3f18-4833-95b1-6b9e7e3f5f2b,7a3ffeca-66e4-48fe-b70f-8e857b26b90e,28a4463d-8b6a-48cf-a1f8-541e07a8addc,2,
015ee53b-7235-48c8-acdd-147f6cf72360,7a3ffeca-66e4-48fe-b70f-8e857b26b90e,73df19c4-c355-4ce1-a0c5-9d587ed0be66,4,
1b0363a4-05d2-415f-8719-1dae5b7bdecf,7a3ffeca-66e4-48fe-b70f-8e857b26b90e,5bcf205d-2bac-40c1-a155-b12ebeee240a,2,
ff86c875-0912-4043-86a1-804675bcda66,7a3ffeca-66e4-48fe-b70f-8e857b26b90e,9bd0868f-6962-41df-b96f-23f489877023,4,
e04dd504-99f6-4af9-b015-1390e7c8e0ec,7a3ffeca-66e4-48fe-b70f-8e857b26b90e,c5938aef-7b9b-4dc6-a27c-8efef793fd3e,1,
5cf0406f-5e79-41ac-b910-98f8bb8a65cb,7a3ffeca-66e4-48fe-b70f-8e857b26b90e,b34857b8-13e2-45ce-aa70-bcfdac47e1c6,3,
60781b1c-d51a-4cce-9d3e-5d5393ec28d7,7a3ffeca-66e4-48fe-b70f-8e857b26b90e,f51cf2b0-121c-44ff-be0a-7958ef3eba0f,1,
729f21f8-7ed5-4f88-90e3-4e525355737d,7a3ffeca-66e4-48fe-b70f-8e857b26b90e,3bd659ca-4758-45ff-a5f3-16c0f8523d71,5,
290512ef-d584-4f77-b318-4dcc4732265b,7a3ffeca-66e4-48fe-b70f-8e857b26b90e,4acf2c1e-c1e3-4f81-b187-3c8f1e1dbab5,5,
834be1ca-dca5-4771-93b6-6365bb6da3a8,7a3ffeca-66e4-48fe-b70f-8e857b26b90e,1eb12397-e937-42ed-aae9-f097417c481b,2,
d9b4b28e-b3f4-402e-8e24-bc1d41029c5b,7a3ffeca-66e4-48fe-b70f-8e857b26b90e,1ca676e0-a374-43fe-beaf-bc16b9091c1e,3,
eeda04f5-eb00-4a99-86c1-b91d34d70cfe,7a3ffeca-66e4-48fe-b70f-8e857b26b90e,c601a1c7-374f-4a38-ac21-3a766757c6ad,3,
1092b1a9-e39e-4e58-9954-3334aa909572,7a3ffeca-66e4-48fe-b70f-8e857b26b90e,e01d5fd7-7558-4e8c-aded-670c71d5e74e,3,
dc780334-b8fe-4690-b8df-6748495dd5ab,7a3ffeca-66e4-48fe-b70f-8e857b26b90e,402c6647-af32-42c2-94f5-e999181e0a00,1,
c5d2f9e6-b521-4270-bbcc-c3814b920a1a,7a3ffeca-66e4-48fe-b70f-8e857b26b90e,2729d0eb-2cda-441e-bfaf-d80a26680424,1,
fad24d12-6701-46fe-af33-d83078fd0570,7a3ffeca-66e4-48fe-b70f-8e857b26b90e,a1fdcce6-b4e6-457c-9ad1-7a1aa91c0215,5,
fcdaaaf2-3231-41cf-8275-710bf91cb67b,7a3ffeca-66e4-48fe-b70f-8e857b26b90e,bea71fba-7b3e-47ca-a962-28e429cd2835,4,
b3b69715-aa05-47eb-9639-c5efa6c3b413,7a3ffeca-66e4-48fe-b70f-8e857b26b90e,35ef23ac-dad8-4f34-9bde-e3e230b35890,5,
457d6f48-7f87-4b2b-ba76-492321b4e26a,7a3ffeca-66e4-48fe-b70f-8e857b26b90e,faf6e25b-0ac1-4501-9ef9-6aeb8cb1a2f4,3,
c474d25a-11da-44b7-947f-0d146451cdd0,7a3ffeca-66e4-48fe-b70f-8e857b26b90e,60d05181-04f3-4188-8d76-e5ed5354be0b,5,
48093737-b673-4004-9d53-713d6e1cc273,7a3ffeca-66e4-48fe-b70f-8e857b26b90e,14cad85e-8866-44e6-afe8-a85910fed105,3,
b574f4c5-524e-4d2b-a93c-a72b7ff8837a,7a3ffeca-66e4-48fe-b70f-8e857b26b90e,821b206b-e6d7-4066-b6dd-18d19605ca45,4,
bb7918ed-56e5-4960-94c5-cec4dd519095,7a3ffeca-66e4-48fe-b70f-8e857b26b90e,b8b118a2-03fe-4cb8-8f7f-6b02956d5c5b,5,
16d90efa-46b8-4310-83bc-dc6f91a9286d,7a3ffeca-66e4-48fe-b70f-8e857b26b90e,93a7b8fd-bfae-423c-8a12-64eda7fed0dd,3,
bd8a3cfe-79af-4177-aacc-a632485a8b5a,7a3ffeca-66e4-48fe-b70f-8e857b26b90e,813f6b88-3357-40ba-8c96-d8eb6f339a00,1,
267b024c-583f-4093-b482-f9fc158d5e40,7a3ffeca-66e4-48fe-b70f-8e857b26b90e,459c3aeb-0287-4ff0-a7bd-10e2dcbcb1d3,4,
a46acd4f-c64e-4389-a3a5-b8a2b61e7874,7a3ffeca-66e4-48fe-b70f-8e857b26b90e,90e0224f-8ff5-4a21-861b-af5d9f3ab7f7,2,
40e8b0a1-224e-43fa-990a-901fe0add7b5,7a3ffeca-66e4-48fe-b70f-8e857b26b90e,6a8ff6b9-15df-42b3-a11d-430605b99e08,1,
4ba53cf8-10e8-44cc-acaa-808ec12897f5,7a3ffeca-66e4-48fe-b70f-8e857b26b90e,f65bc4e5-b7fa-4c6f-90a4-08287778ff34,4,
89cf215c-ec45-45dc-9cb9-fe747fa11190,7a3ffeca-66e4-48fe-b70f-8e857b26b90e,bef0f041-c654-4662-8ae4-2bee5559b47f,3,
d8153bcc-bc0d-440f-a9d7-c47fe7dfb916,7a3ffeca-66e4-48fe-b70f-8e857b26b90e,690b3bfa-5f81-4f88-9b5f-96005363a989,5,
5dc378f3-3ce5-472a-b37b-0d5f4ad5525a,7a3ffeca-66e4-48fe-b70f-8e857b26b90e,313ba549-97cf-4823-9c61-dc982515c4ec,4,
0f94e922-917b-46f9-b04b-7c549fe63498,7a3ffeca-66e4-48fe-b70f-8e857b26b90e,4a1a4102-71d5-4e3f-a69c-3dd070370b4a,3,
772c4db9-e76b-488c-bcd0-f261947912e7,7a3ffeca-66e4-48fe-b70f-8e857b26b90e,7322ea6e-cdbc-41bc-8872-c8cf3c43e80b,3,
8d179e15-7142-4bbe-825d-65dc9d428713,7a3ffeca-66e4-48fe-b70f-8e857b26b90e,ae96035a-aa19-4952-a7c9-933bca467bab,5,
68445189-2eb1-4e2b-a43c-59b5e4b2cee0,7a3ffeca-66e4-48fe-b70f-8e857b26b90e,7dfa5856-95ab-422d-8452-126fc1a8f5ac,3,
0971ab49-0594-4131-a574-5d5b1e897e82,7a3ffeca-66e4-48fe-b70f-8e857b26b90e,0d621fac-283e-469e-90c4-d1bca60c924d,4,
f394f6ba-94f3-4e1d-9abf-1c7c469ded28,7a3ffeca-66e4-48fe-b70f-8e857b26b90e,bbcc6678-d405-4964-a348-f6bbfe10a3f6,1,
04bcfc30-5b87-4131-8540-d8eb6c648a45,7a3ffeca-66e4-48fe-b70f-8e857b26b90e,b2ab313b-cb28-4c78-9974-7ee859fef963,3,
5e04283a-269c-4132-98a4-7cc9ca37509b,7a3ffeca-66e4-48fe-b70f-8e857b26b90e,17267c11-11eb-4148-b1c9-81808ecca4b9,1,
e864fc4a-5b9b-4333-bb2e-cf609ecdb06c,7a3ffeca-66e4-48fe-b70f-8e857b26b90e,099eb5fe-7b6d-4278-8859-bea9a83982a0,1,
dd81d67c-3fd3-4156-9917-13b9eee3e73c,7a3ffeca-66e4-48fe-b70f-8e857b26b90e,6e28f50c-0fa1-464b-b248-ab127b2fa140,2,
7668ea9d-ac23-46b6-9166-9c20822b1e0d,7a3ffeca-66e4-48fe-b70f-8e857b26b90e,b3a6ee57-0b29-460c-a607-8727532a612f,4,
cef00bea-a1b0-4b87-8152-5fb1f46ea455,7a3ffeca-66e4-48fe-b70f-8e857b26b90e,8f53db6f-64a7-471e-bdf0-89101b7185ce,3,
301313dd-6869-4957-8dbd-acd5ceff4bee,7a3ffeca-66e4-48fe-b70f-8e857b26b90e,19c52b68-dbaa-4e3c-8fb6-24c0b98e720f,4,
44349326-a0d8-44b5-ade0-d2e046fccb29,0c817ae1-9f14-45b7-9306-7142f87367bb,040c4806-6299-4645-bfc3-717e70b434b0,5,
bf98d904-79c2-4a80-bbd2-9f90f2834007,0c817ae1-9f14-45b7-9306-7142f87367bb,afe2fbb2-3864-474f-a8e3-bb10f260d357,4,
fd973279-f9ae-4120-9b28-32366f3c1d9d,0c817ae1-9f14-45b7-9306-7142f87367bb,9cec10f4-8c93-4f94-86c6-4b912297c0ad,3,
7b56f36e-4a57-4968-802f-00d3989718b5,0c817ae1-9f14-45b7-9306-7142f87367bb,05e5b190-7c1d-4eff-817f-050278a3075e,4,
1eb9573c-652c-4618-b743-4b6f65dcd59f,0c817ae1-9f14-45b7-9306-7142f87367bb,7b0fe4ef-6fd9-4ac5-925f-5daab6456f51,1,
5ced5f27-834c-4209-ac65-5fe6ab2fa2f7,0c817ae1-9f14-45b7-9306-7142f87367bb,06d8ad40-2feb-4ca6-9208-ac1a37480405,3,
eea5c2ef-4b52-4abe-81ba-0dcd9b6ac485,0c817ae1-9f14-45b7-9306-7142f87367bb,70265ce0-d189-4722-9ecf-82cb6670e44f,1,
630ccd2b-1589-495f-a3f0-a7b3f9e34c9f,0c817ae1-9f14-45b7-9306-7142f87367bb,679af488-853d-40b8-b766-a288feb13d03,2,
4a740b71-a9ea-4d87-afa0-507c8c9c50aa,0c817ae1-9f14-45b7-9306-7142f87367bb,1fe1415a-fe71-4f2f-b501-678fe14ddac9,5,
212163ed-a788-48ce-9bae-764ca36864b5,0c817ae1-9f14-45b7-9306-7142f87367bb,950c588d-492d-4517-9221-537cd9ffe897,3,
145923e6-aea4-41e5-ae90-f03c8b8fc706,0c817ae1-9f14-45b7-9306-7142f87367bb,87029daa-60f5-4bc7-b957-5154fa7952eb,4,
30b923aa-76bd-402c-8c99-733c9a060c79,0c817ae1-9f14-45b7-9306-7142f87367bb,00ec1a08-e0d6-4d18-b720-9d37b0bb435f,3,
bc837b08-b3a1-473d-b184-805845afd33d,0c817ae1-9f14-45b7-9306-7142f87367bb,ae2af9b4-9f64-41c4-b24f-ba685b4a288f,4,
6ef07096-e85f-4fe8-a061-30fb9ee757d4,0c817ae1-9f14-45b7-9306-7142f87367bb,5b18b28f-4e4e-4d6e-9cbf-d536f25d1dbe,1,
5e0bbb10-fa67-4b1a-82f7-50cf6d38d740,0c817ae1-9f14-45b7-9306-7142f87367bb,580f2375-f012-499b-b095-b1827f39c2eb,5,
c45749f5-fcbe-4b98-b133-e16004649e63,0c817ae1-9f14-45b7-9306-7142f87367bb,7ca4d9ac-e843-4594-9b95-9f808d1ab506,5,
077acb62-3368-4398-9229-88ac32b4f9dd,0c817ae1-9f14-45b7-9306-7142f87367bb,96dff91f-d5ba-48a8-a026-fe3cf6855aad,2,
fbc11a8a-b225-492d-90dc-c6e4752c26fb,0c817ae1-9f14-45b7-9306-7142f87367bb,0244fc0d-73ab-4540-b1f7-1503e28eb9fd,4,
73626fca-9235-409f-aad9-90b4a0e52f2b,0c817ae1-9f14-45b7-9306-7142f87367bb,b34857b8-13e2-45ce-aa70-bcfdac47e1c6,4,
5e278d12-f36b-4185-bff5-6561b30cfe26,0c817ae1-9f14-45b7-9306-7142f87367bb,d07d417f-0fc7-4171-8604-c9a4ef824469,1,
fd76e095-5ccd-4082-9545-17d613ee9ed6,0c817ae1-9f14-45b7-9306-7142f87367bb,a3441531-6141-4f9b-8790-2e53833cf925,2,
94942a2c-23d9-478d-84c9-724444a000e6,0c817ae1-9f14-45b7-9306-7142f87367bb,e9409398-5777-4c68-a180-a7b8a0427cea,3,
cd6d5333-31a7-4541-b709-af556854d030,0c817ae1-9f14-45b7-9306-7142f87367bb,3213efa2-6d4f-4b7f-ba94-6860e4e8b728,3,
61be4d20-2929-4970-bbd8-82de5c7f4e5b,13900904-6cff-4dcc-b740-be064a11dd5b,f3372d0d-8941-4571-ba15-be64f8d4d5db,3,
028874e9-2e7a-4480-abef-9b4edee97f17,13900904-6cff-4dcc-b740-be064a11dd5b,443555b9-6122-4777-91ad-b4a521260ae9,1,
ea2b04fa-338d-4540-950d-3eef657f47e8,13900904-6cff-4dcc-b740-be064a11dd5b,215e52f1-86bc-4966-beb1-5ce98c9655ad,2,
c666e6b4-86f8-46aa-a0a9-d008a95e56ae,13900904-6cff-4dcc-b740-be064a11dd5b,3cac6e07-e3cf-4a49-b1e1-9fd6f949b65b,2,
5bce13a5-b2ff-4c4d-adf7-a205dff01637,13900904-6cff-4dcc-b740-be064a11dd5b,a8ea6b75-1748-4bac-9f67-e33d0f49da31,4,
9bb33da9-7361-44a4-a1f2-24a81c1b9a18,13900904-6cff-4dcc-b740-be064a11dd5b,7ac48d54-25bd-499d-ada1-d453a2af9109,2,
907435d7-0c46-44b1-af57-a8054916e804,13900904-6cff-4dcc-b740-be064a11dd5b,7428a260-dfa4-4650-b3e0-9d80626d3ae6,5,
5df233d7-7fbb-460f-a70f-078d938b629d,13900904-6cff-4dcc-b740-be064a11dd5b,341319e8-5803-4663-8885-547958779783,2,
73e72ea3-18eb-4d66-bd09-1661cd6b24e2,13900904-6cff-4dcc-b740-be064a11dd5b,1314b167-be3c-49fd-947c-63ec889e4f1a,4,
14cd6fd1-6bec-4f47-ac54-54dcf885058a,13900904-6cff-4dcc-b740-be064a11dd5b,29577cba-fe39-4511-84da-fffd550202d1,1,
f686dec6-bf5f-4b7c-aecc-cd993dfbf51d,13900904-6cff-4dcc-b740-be064a11dd5b,47769d6a-b8c7-47a9-a670-f6bbabb42b3c,1,
9d5a9206-67f4-40ce-b55b-35a0a9c18369,13900904-6cff-4dcc-b740-be064a11dd5b,b5ca7573-7fb8-4b8e-a315-92755654026b,5,
45dda5cb-5980-4c97-a1b7-c8212b67b9e0,13900904-6cff-4dcc-b740-be064a11dd5b,191d3779-938a-4266-9bf2-07352ec684b6,1,
d9ddacdb-5c7e-48e7-9b76-6290fd71b247,13900904-6cff-4dcc-b740-be064a11dd5b,00e90cb2-2401-4360-92df-77e209355320,2,
93b9693f-4760-4a93-b264-827dd1472053,13900904-6cff-4dcc-b740-be064a11dd5b,5838eeba-efd1-47f6-ad3e-9d7f64cdfecd,5,
faf395b4-51e6-46e2-bd64-302e073b4888,13900904-6cff-4dcc-b740-be064a11dd5b,ae20aa4c-c3ff-4939-a74d-30862cfd5123,1,
ee78a9c4-fa46-4956-a7e7-4b32e045410d,13900904-6cff-4dcc-b740-be064a11dd5b,ec0a34fa-dc0a-4971-846c-567edc69bac0,5,
d71e11f4-0b09-4460-9b90-e73eacb7bca5,13900904-6cff-4dcc-b740-be064a11dd5b,3970a5b8-2030-45fb-9824-49b7643340a4,5,
7892cf03-1d99-47ef-ac04-81f0ffd2ab5d,13900904-6cff-4dcc-b740-be064a11dd5b,fea3c1dd-3f5a-40d6-962f-6080b09dc3d2,1,
1f03f5b8-a2dc-4e52-93ee-0e921f0628ed,13900904-6cff-4dcc-b740-be064a11dd5b,6b85ecb7-7236-4a0b-a995-491ddf66dc90,3,
2062362f-1743-4fa9-8eed-19723c779dd7,13900904-6cff-4dcc-b740-be064a11dd5b,d1d0efe7-ad08-4483-835e-17f8c41b7c30,2,
1983f009-098e-4eaf-8bf0-ab1ab60a6ee0,13900904-6cff-4dcc-b740-be064a11dd5b,435efc1a-99b1-4e12-abb5-9cd792ea5b49,2,
02277653-571e-472b-bdc2-4b8c750bb80a,13900904-6cff-4dcc-b740-be064a11dd5b,5be500df-029e-4ea4-ac9e-e94c155c6a8a,4,
fb919979-dfaa-49fd-b056-f78b4cfc97a5,13900904-6cff-4dcc-b740-be064a11dd5b,86c2513c-7fd7-4487-b3da-49f9fec534f6,5,
94f31ab9-3dd6-48c0-b0df-9103e310d678,13900904-6cff-4dcc-b740-be064a11dd5b,8663f2b2-5ccc-490f-8c77-212591645a64,1,
4d8f92a0-1859-488b-8328-7b416136b0fa,13900904-6cff-4dcc-b740-be064a11dd5b,7e6bb130-aa0d-4c60-9498-b93a084a60a9,1,
ac116216-fcc2-4b42-8c47-d71e430b28c1,13900904-6cff-4dcc-b740-be064a11dd5b,62cf6301-8ef2-463b-9d71-058d70a7f001,5,
8928e010-5fba-4933-b89e-2da3c5169093,13900904-6cff-4dcc-b740-be064a11dd5b,952a998a-7527-43a5-bb73-4bcfe5d34f2d,3,
d223ae94-df2e-4a52-a46a-b6f66f78a8b4,13900904-6cff-4dcc-b740-be064a11dd5b,fd3b2386-a41d-46b9-92b4-9eb72ca0b4f4,1,
ee9561f2-01b8-450f-b10f-b9970b0a2b00,13900904-6cff-4dcc-b740-be064a11dd5b,8979b226-6c92-40b5-8538-3e1ea5ae1422,4,
769d38fb-ebcb-4260-918b-636347836d50,13900904-6cff-4dcc-b740-be064a11dd5b,0f2a1bbc-8f7a-44a4-b3b5-33dc8d7fc08d,4,
f5d4c650-c75a-4467-b595-d02771d17ee3,13900904-6cff-4dcc-b740-be064a11dd5b,4a0571c7-c65f-443d-b6cb-4acfddd33de8,1,
80b213dd-8833-4ec9-b3b3-99ccd4bc5ea7,13900904-6cff-4dcc-b740-be064a11dd5b,4ddb5c1b-21f9-43ae-a1a9-bbbb8ef90adf,1,
811ecdd6-db1a-431a-a2e8-cc069929715e,13900904-6cff-4dcc-b740-be064a11dd5b,1dff71ac-a023-4c74-a993-6b78c3895eb5,2,
41f81be9-96fa-4af4-b82c-cba132a20b27,13900904-6cff-4dcc-b740-be064a11dd5b,97fced49-99df-451c-bb05-e4b326e26af1,1,
97d3a033-ecc1-4ec8-83fd-5c43531f7f53,13900904-6cff-4dcc-b740-be064a11dd5b,0f6197d9-086c-470b-aae7-9bf3d9b0f8d3,4,
5753069f-5914-4919-bcad-cb7170c654ba,13900904-6cff-4dcc-b740-be064a11dd5b,243285a7-5856-404c-a261-a91fb3254f12,2,
b7a7d0b2-5764-4002-a170-b3fcc90d4aec,13900904-6cff-4dcc-b740-be064a11dd5b,0c52d9f5-6cdc-49be-b2f5-5584bd6d86be,4,
b86d6401-f160-4b81-913e-8906476f43d5,13900904-6cff-4dcc-b740-be064a11dd5b,720489ef-79a7-4190-8b19-73daa03a311b,4,
55e5dabf-2413-44ac-897a-e8c2a393e058,13900904-6cff-4dcc-b740-be064a11dd5b,c4d516fb-0e0e-4f37-906c-47cb668ab212,3,
c248cf2d-cf2e-40b2-8d8c-af5d9c3ed85c,13900904-6cff-4dcc-b740-be064a11dd5b,d005c850-b9c2-46f8-8db9-f14636f5cc0b,4,
b37165d8-c22d-482e-9644-42e5ecf9bc33,13900904-6cff-4dcc-b740-be064a11dd5b,58ecf512-3b03-466c-9d53-7b7e706e9b3e,3,
da036cf4-5d43-4c8d-a23a-2e3d5196fafe,13900904-6cff-4dcc-b740-be064a11dd5b,1c400527-8615-412c-8641-69e50f00a38c,3,
e84ea1bf-bc00-4e34-8cb5-ceddf2e8d041,13900904-6cff-4dcc-b740-be064a11dd5b,eff15cbc-73f5-429a-acd7-dfc3dd35b866,1,
4ff6f67b-d512-47e7-be5b-13e8721af084,13900904-6cff-4dcc-b740-be064a11dd5b,08db4694-83b6-4093-8e2f-52e6e3efcd6e,1,
bc048439-4239-41d6-943a-e5804f8c86a7,13900904-6cff-4dcc-b740-be064a11dd5b,b5e75b8e-ca18-43f0-83a9-8f72b3c8a5cc,4,
fe98d299-b3a6-40b8-aee0-9b49393ef88a,13900904-6cff-4dcc-b740-be064a11dd5b,540ba7c0-a84f-43ef-9280-3dfe9db4e124,2,
b9e8ce12-cb1d-48ce-aaee-928154041af2,13900904-6cff-4dcc-b740-be064a11dd5b,886806f3-24e7-4ad6-9cdd-80163c41059f,5,
14532fe7-c09f-4663-a5ea-642018641752,13900904-6cff-4dcc-b740-be064a11dd5b,67b284a2-cfe4-450f-9488-28f3e720b035,4,
5168871f-8a08-42ad-9070-75fd03540cf5,13900904-6cff-4dcc-b740-be064a11dd5b,4d290b70-2c84-45bc-a0e3-d007c59bdf43,1,
e4cfb176-1ffe-47a4-8d3c-5384d51fb313,13900904-6cff-4dcc-b740-be064a11dd5b,5a9b64f9-acad-471a-a94a-143ee4473d20,2,
6b759c48-bb46-490a-926f-02194d865c4b,13900904-6cff-4dcc-b740-be064a11dd5b,26be5740-f442-498f-921a-55e645b09d21,1,
58d8abcf-542b-4fa3-a1f6-ea89eb1385aa,13900904-6cff-4dcc-b740-be064a11dd5b,2df5f5b8-b742-4b9c-9e15-5e7caeac917d,3,
5a341ebd-2e9f-4e66-ae19-a13d658618f7,13900904-6cff-4dcc-b740-be064a11dd5b,dfd6164d-293e-4c96-8a24-cd57dcb370ba,2,
a349f728-eef5-46d2-aae3-ca6a2510ceda,13900904-6cff-4dcc-b740-be064a11dd5b,017627f4-153f-48e7-a170-d7eaa194b80d,3,
38c2c9f8-c43c-4edf-8a17-cfb5348f7e07,13900904-6cff-4dcc-b740-be064a11dd5b,86c2908d-15ea-43c5-9831-4cfb7d304e16,1,
3a8d5eea-3b1f-4367-81dd-25ced6ba8043,13900904-6cff-4dcc-b740-be064a11dd5b,5c6bf6dd-af1d-418b-80ee-385c4f4ef3a1,5,
8d0968b0-fd06-43c1-89d2-9764641e4867,13900904-6cff-4dcc-b740-be064a11dd5b,e14e973a-7909-4bd8-ac30-e7c90dc0d8df,4,
7e41e736-b337-4ad1-968a-b85505687e64,13900904-6cff-4dcc-b740-be064a11dd5b,24e643ec-89f8-4768-aebe-ec1f966ceb07,1,
30d73eee-0aa9-4207-853c-e36876b20ff8,13900904-6cff-4dcc-b740-be064a11dd5b,76c4607c-a879-4b62-8c76-141a3fb4de7a,5,
73140546-d187-4e06-b0d7-33ed382931de,13900904-6cff-4dcc-b740-be064a11dd5b,06337053-d7bb-4f52-86b0-80f8f55dafcf,4,
d96f6255-5785-4007-abb7-922abcde0904,13900904-6cff-4dcc-b740-be064a11dd5b,15ab904a-9cc6-4203-a1d1-f7db2a6c7fcc,1,
5157eec1-0588-483f-89ef-32b317736ce4,13900904-6cff-4dcc-b740-be064a11dd5b,f3521547-2465-4ae9-99aa-eaae478e3a0a,1,
1a5f69eb-f035-4b8b-b81b-953dcd6e9288,13900904-6cff-4dcc-b740-be064a11dd5b,b1b777a2-7741-4d41-a238-1c92978c3869,3,
e446a3d3-b3d6-4808-8d67-aaef26ddaad2,13900904-6cff-4dcc-b740-be064a11dd5b,26bb7f15-4a71-436b-b4d6-18bcdd3fe727,5,
f0e1b1a0-80a9-4fcf-bef2-29765b7e1966,13900904-6cff-4dcc-b740-be064a11dd5b,fa231272-a47f-4691-9bd4-414e40dc2cf6,2,
691ecdc0-9b64-46e0-b7a8-ad3d9fb26e06,13900904-6cff-4dcc-b740-be064a11dd5b,93222489-3b83-4f6d-9d10-c18a944e9425,4,
9b582738-6326-4766-acb2-f2d099d849e6,13900904-6cff-4dcc-b740-be064a11dd5b,f5ff8e65-1b9f-4460-bf82-b22f109b78cb,4,
aedf65cf-15d3-4a0a-9079-396b09ce2608,13900904-6cff-4dcc-b740-be064a11dd5b,f7e6d77c-9165-46db-a298-b2383373ae27,2,
5cee9bb2-5323-42ae-9f7b-1f2253d05824,13900904-6cff-4dcc-b740-be064a11dd5b,83fd450e-0284-4927-9f0d-cdafacf1e1e0,1,
889ba27c-2983-4993-af42-9d7d3d9f42ad,13900904-6cff-4dcc-b740-be064a11dd5b,3706bfbe-0679-49ba-aee8-8a797ac280a1,2,
4e21d50c-bce1-4a4e-b44a-c8b8633ec657,13900904-6cff-4dcc-b740-be064a11dd5b,be85df2a-18a4-46d1-8ba3-ae56eacc354f,4,
18400276-35a5-4a3c-ad1b-b0298d3a0eae,13900904-6cff-4dcc-b740-be064a11dd5b,c8b4ece8-ea8a-4a3c-b03b-df09738356ea,2,
c679ca20-98f0-43ea-8cb4-323535062e0b,13900904-6cff-4dcc-b740-be064a11dd5b,3c38ced6-2433-4bb3-8419-97c8f341a06f,2,
102d9508-a94d-402a-a5ce-7348027e9025,13900904-6cff-4dcc-b740-be064a11dd5b,a8be8dee-edce-4986-a16e-d44da119d755,5,
2bd8ed29-3204-47d2-943b-bbbd2773f781,13900904-6cff-4dcc-b740-be064a11dd5b,523cd84b-c749-435f-a4a9-3c316217105d,4,
c631ca4d-31be-4bc3-8862-06bb7369cdc4,13900904-6cff-4dcc-b740-be064a11dd5b,a2fc3b3f-8c10-41c8-ab69-c096d0b9c8e2,5,
5b88e66c-f849-428c-a60c-162e73a1f619,13900904-6cff-4dcc-b740-be064a11dd5b,23092a5a-2c9e-4f6e-a6c5-8a805f9c154a,2,
b75bf93a-18c8-492c-aea3-ec613b130e05,13900904-6cff-4dcc-b740-be064a11dd5b,911f698f-4484-4a48-8694-6e3f8ff675ac,1,
1328bcd4-dfcf-420d-872a-067556a44097,13900904-6cff-4dcc-b740-be064a11dd5b,71adba73-f56e-4c23-918b-726a74a4e945,1,
1fa08759-82e4-4e48-87f7-c1cad91b3ba8,13900904-6cff-4dcc-b740-be064a11dd5b,38178060-1a3b-42be-ba84-2a705ad18d5d,3,
fa22e21a-2350-4802-906e-d8e7febb55ce,13900904-6cff-4dcc-b740-be064a11dd5b,0ed2020c-95b9-47c1-a46e-dc082bc6f6f1,2,
85ea8e94-1c0b-40e1-ac99-90db065996a8,13900904-6cff-4dcc-b740-be064a11dd5b,d7fa7061-05a3-4b6b-8477-907cc18888d6,5,
641d8b8e-f605-4ca9-811a-186b6b96394e,13900904-6cff-4dcc-b740-be064a11dd5b,0c18e810-6e2b-4d81-aeb0-c7f53db962ad,5,
5400c251-3aac-4522-8c1f-8af7b533087e,13900904-6cff-4dcc-b740-be064a11dd5b,0d2f1531-6e6f-4ecd-bc4f-08fd645f488b,1,
324ae346-7af0-4b2c-8183-16e631be7220,13900904-6cff-4dcc-b740-be064a11dd5b,ccca32af-1c87-4d41-9d3d-ba94468138c4,4,
db75dd2f-2589-4c36-b91c-d39f53525abf,13900904-6cff-4dcc-b740-be064a11dd5b,922f3c26-7f79-42eb-9cd1-9a3e00c2aaae,4,
d7890d69-b44e-44ae-acbb-f1991bf83f76,13900904-6cff-4dcc-b740-be064a11dd5b,6d7d2132-652b-4ed3-9c5f-15eefe8fff01,2,
a8f23cb2-7bd6-40f6-a279-afee08a58e71,13900904-6cff-4dcc-b740-be064a11dd5b,95b4bd6d-66bf-4985-a987-b776be9d78d9,5,
0d006e8b-fa1b-4f01-bb61-2afd5e374c4a,13900904-6cff-4dcc-b740-be064a11dd5b,e6da7fd8-8001-4579-a314-05f7108a05b3,5,
e34b8fc7-36c8-444d-aa96-ae81ecafbb35,13900904-6cff-4dcc-b740-be064a11dd5b,452a35af-4640-4aaf-8039-49517f3a5d93,5,
ffb0fd07-8b0d-4b3f-81c7-684dfc38f1ea,13900904-6cff-4dcc-b740-be064a11dd5b,06a88017-7fdf-45a8-b773-ed11255e9d8a,5,
4578ae48-1f83-4fba-ad3a-d3f46c468ec6,13900904-6cff-4dcc-b740-be064a11dd5b,7e18a229-d547-40b5-94e2-05688bd63f5b,1,
6ad1e6a2-9234-4b05-bf50-eba5c80fdd2a,13900904-6cff-4dcc-b740-be064a11dd5b,68f289c1-0e27-4598-be2e-fa03337bb878,3,
4dd51055-ce6c-4597-8e12-625078f0394e,13900904-6cff-4dcc-b740-be064a11dd5b,e78cd69b-2e9f-4110-bff1-c7d16e01f8b9,3,
453c7dfb-31a3-4288-be52-9cb9f46a20d8,13900904-6cff-4dcc-b740-be064a11dd5b,5c9725ab-4e93-447c-8a45-cf746416527c,3,
12bd41a7-0377-4a2f-a509-d931592cd319,f275a1e5-6ff0-4877-b624-094284a0991a,0345fb46-6cbb-4081-852b-3187ef7b1ec6,2,
92040250-b811-4953-a60c-b7ce786d5c1e,f275a1e5-6ff0-4877-b624-094284a0991a,d497dc00-d4db-43ec-889e-49b1287b4adf,5,
bb0a9110-68c7-437b-9684-eba865a72c4e,f275a1e5-6ff0-4877-b624-094284a0991a,fb4ca373-8067-4996-b2b4-6b7e8426aad2,1,
cc258289-5a0c-4d13-b0a5-7e479368f0db,f275a1e5-6ff0-4877-b624-094284a0991a,b80fb47a-b918-4fa5-9a65-d96e2e666213,2,
4578aee0-a86a-4fa4-88f7-247fe83ec00d,f275a1e5-6ff0-4877-b624-094284a0991a,1827cbcd-5e18-4c77-a8fd-3a004537d822,1,
4add83ba-f736-42d2-8f9f-9f516e85ec7e,f275a1e5-6ff0-4877-b624-094284a0991a,0a5511ed-0453-49f3-9e9e-eab4ef5905c8,1,
3884d9ad-a16a-45b9-8212-bda8bf53ff7b,f275a1e5-6ff0-4877-b624-094284a0991a,3ac4f7a2-7030-42d2-9a49-252f42dcc3f6,5,
c4dcdaeb-f747-4359-a69b-eb6affec08bd,f275a1e5-6ff0-4877-b624-094284a0991a,89056eba-045c-4c6c-924c-7b872258eb3d,2,
281d97e9-96e1-49f4-9115-ecae7b51a97a,f275a1e5-6ff0-4877-b624-094284a0991a,f22eeca6-8270-40e7-b444-de0fc174e227,4,
c322d0b4-c45d-4708-9bb7-a2aeacaedd07,f275a1e5-6ff0-4877-b624-094284a0991a,82bb78fd-6642-4040-94f3-fddd9a5fa47e,4,
9d06453a-b7f6-45e8-989e-b11872ae8519,f275a1e5-6ff0-4877-b624-094284a0991a,db18e892-2b9f-4724-867c-c624a9d95345,2,
66ff56af-eaa7-46f4-8562-35e9073daec6,f275a1e5-6ff0-4877-b624-094284a0991a,9d950dee-a280-4b36-9f0c-935fd516692d,2,
ff03c93a-d706-4bc2-b184-99574f38df6a,1f5ae174-bc2c-41e4-9071-eb875b7e2bee,952a998a-7527-43a5-bb73-4bcfe5d34f2d,2,
3f915d20-5c58-4a33-92b8-10f5467bd4c3,1f5ae174-bc2c-41e4-9071-eb875b7e2bee,2fb9b3b9-c573-4b2f-95b7-84bf13350753,4,
701160e0-2dc5-4ca1-a3b7-842b18f2e08b,1f5ae174-bc2c-41e4-9071-eb875b7e2bee,1253268b-7403-4860-9a2a-bf7ce050de50,2,
2697b00b-b2c4-4438-8a45-b07dfbca8947,1f5ae174-bc2c-41e4-9071-eb875b7e2bee,be6b84fe-7fbf-4c9d-9d38-16b3b8260a90,4,
9073160b-45ad-4394-a8de-2c2ed5f7187b,1f5ae174-bc2c-41e4-9071-eb875b7e2bee,8f944734-104f-476c-a80f-0d5d01752856,1,
566612c4-ebb1-4ebc-8a49-ce7bc62bf291,1f5ae174-bc2c-41e4-9071-eb875b7e2bee,7aea0374-62d5-499d-bc73-1e4fac823478,5,
28fdb013-857e-4f1e-9c99-c2d1e04effd2,1f5ae174-bc2c-41e4-9071-eb875b7e2bee,ed5164e0-ac05-4286-92e0-a4710d528f9e,3,
788095eb-4b7f-4c37-9c6c-150ab8b5d1f6,1f5ae174-bc2c-41e4-9071-eb875b7e2bee,b262dc43-d86c-47fa-b943-f1af23ed942c,2,
247f2e7c-3ecd-4473-a0db-d87c080a05cc,1f5ae174-bc2c-41e4-9071-eb875b7e2bee,ff104941-f2b2-4de4-8553-65e1a4f4d251,1,
87d46a57-51e0-43f9-a470-4bab84373db7,1f5ae174-bc2c-41e4-9071-eb875b7e2bee,f95a90b4-1e8d-43d6-a382-98ed757194fd,5,
c1c688be-fa09-4db9-80ba-15c73af55905,1f5ae174-bc2c-41e4-9071-eb875b7e2bee,befa4ee3-26a0-4b3e-88c6-ce552d73f68f,1,
06c980c4-5db5-47a3-9cfb-4b16f2fe7064,1f5ae174-bc2c-41e4-9071-eb875b7e2bee,142f8091-c70f-4ecb-9222-262e65ec62c7,4,
23069f38-10fd-46d1-9790-6bce0b902342,1f5ae174-bc2c-41e4-9071-eb875b7e2bee,e043e2a5-c73b-4579-bbc4-d0ddbc927775,1,
09823b31-cc04-4283-8154-fffc30605898,1f5ae174-bc2c-41e4-9071-eb875b7e2bee,1ba3ea02-c669-4a40-81d3-fbf29605a299,2,
7c62f599-2728-4b8c-bae8-739a5498ba3d,1f5ae174-bc2c-41e4-9071-eb875b7e2bee,f88623c2-50b0-4648-b3fd-6d2016dbbf56,2,
4302107c-05e8-4e7c-8e0d-91c1ffff37a5,1f5ae174-bc2c-41e4-9071-eb875b7e2bee,653aaec5-f18f-4466-b95d-c28f4bafacf9,3,
3b3cea80-7924-4af1-8d37-741d6036fc28,1f5ae174-bc2c-41e4-9071-eb875b7e2bee,ba3860fb-5fd0-41dd-ba60-97a5559647ac,1,
8feab694-700c-4983-9227-b3fbdbac5079,1f5ae174-bc2c-41e4-9071-eb875b7e2bee,f817b19e-d870-432d-9c16-588b0392c952,3,
30393659-fee6-447d-ac54-00a9d94b13c4,1f5ae174-bc2c-41e4-9071-eb875b7e2bee,9568e9ed-4974-4ac2-ad6d-1876b90411c8,4,
93f2098f-adc3-44ae-8f19-980e9a51eae1,1f5ae174-bc2c-41e4-9071-eb875b7e2bee,485035f6-2314-45a9-87b8-82ee5e09e36a,3,
2b82b242-e2f6-4eff-b5c4-03bedc368c2d,1f5ae174-bc2c-41e4-9071-eb875b7e2bee,bf894a61-2545-416c-89eb-8bc9c1a27c78,2,
4d34777c-2ba8-4c2d-a95e-64828f038a5f,1f5ae174-bc2c-41e4-9071-eb875b7e2bee,02f2d15b-f30d-4163-bc80-65c9414f30b6,1,
249357cc-2721-4ca4-b513-9255d5af0615,1f5ae174-bc2c-41e4-9071-eb875b7e2bee,69f28b85-bd10-4ee2-9946-82ad6e65ccd9,3,
780b6c05-c07f-4116-9cad-da4a242d39f6,1f5ae174-bc2c-41e4-9071-eb875b7e2bee,b7ba25ce-d1a3-4ad8-9870-786f18f69daa,2,
860c644b-45d5-4a93-bfee-22f97d85ab80,1f5ae174-bc2c-41e4-9071-eb875b7e2bee,dcc5e31b-edd0-4df2-ab95-88538b7ac8f4,5,
28fee8a0-1f6e-4655-bdbf-4e7c57aab942,1f5ae174-bc2c-41e4-9071-eb875b7e2bee,5b24d3e0-b555-4e92-ae37-8e31699016cf,5,
500e9301-c489-4de1-853e-e4456a93679f,1f5ae174-bc2c-41e4-9071-eb875b7e2bee,dfa4f0cb-ec64-426c-b852-1e913670e0dc,2,
9ff49e0e-de1b-4e03-9dda-9c32710831c5,1f5ae174-bc2c-41e4-9071-eb875b7e2bee,d62fe968-70e7-4ba9-8781-c479ee7617af,1,
25f50f68-f6c0-4f1b-ac55-14537741839c,1f5ae174-bc2c-41e4-9071-eb875b7e2bee,7267a39d-6e6a-4918-8bea-2069b6ac2fb9,1,
93dfe740-2164-46f0-9129-96556a0cb1d6,1f5ae174-bc2c-41e4-9071-eb875b7e2bee,ace5e3ae-f1fe-4c7f-8b77-ee3e9619668e,4,
ff6f7d64-d450-4e20-a345-ddfbbcb18e0f,1f5ae174-bc2c-41e4-9071-eb875b7e2bee,95237c9c-27b7-40c0-830a-c2ed0372d563,5,
0cdc2b24-b10b-4e60-8036-08b715994303,1f5ae174-bc2c-41e4-9071-eb875b7e2bee,56526ca7-f91a-4854-b516-cd8d36ec2d4c,3,
783e39b4-f493-481c-92ac-3149123f13c7,1f5ae174-bc2c-41e4-9071-eb875b7e2bee,ed72cde0-38c2-49a8-b70f-af08c39af85f,3,
77212084-0514-42f0-aa84-2d3e3d4e15bb,1f5ae174-bc2c-41e4-9071-eb875b7e2bee,1ddcab20-397d-4652-b505-341a1628f271,1,
3ee0bd75-e357-4e95-bdcd-86715f702384,1f5ae174-bc2c-41e4-9071-eb875b7e2bee,41fba9aa-cf58-4054-84fd-15eb1ec26cd2,3,
84efd3f6-213b-45d9-8072-3538d1d02d73,1f5ae174-bc2c-41e4-9071-eb875b7e2bee,901141da-a298-4e1c-bff9-524a66b8310d,2,
411a1483-7b4e-4a02-b16d-9873a8aa69e8,1f5ae174-bc2c-41e4-9071-eb875b7e2bee,56852ec3-ee67-4961-a2d7-5858ea42e4e1,2,
554bafe5-7453-46bd-9caf-2ab0a78b7372,1f5ae174-bc2c-41e4-9071-eb875b7e2bee,4af82c96-20a7-4a1b-b454-d1b08ea8ee24,2,
32fe239c-31e6-4e82-abea-1e6e71b4fd9b,1f5ae174-bc2c-41e4-9071-eb875b7e2bee,a9f7bb96-a39d-4a52-8dc8-bfcc071fca8f,4,
2a7e649d-ff3f-44bb-8fe1-f40b08ebf24a,1f5ae174-bc2c-41e4-9071-eb875b7e2bee,a2562f28-08ac-41de-a04d-15a60db78116,2,
3a561544-bf5d-4fa8-8094-73270574cd06,1f5ae174-bc2c-41e4-9071-eb875b7e2bee,28da6a84-f0ed-4eae-ba4e-3ef359f60ce5,2,
a7391791-0c1f-497c-a6e2-507fc6991833,1f5ae174-bc2c-41e4-9071-eb875b7e2bee,f505342f-de5f-46e0-8340-ba112ee10df8,4,
04e575e8-89e6-4928-8824-8a6c3df1e469,1f5ae174-bc2c-41e4-9071-eb875b7e2bee,206f4236-2d3d-4db0-b562-355122d26c4a,3,
f3c0c41c-c90a-414e-9235-de67a328e307,1f5ae174-bc2c-41e4-9071-eb875b7e2bee,99554d43-dd28-418d-9904-11fbd2d8e1c8,1,
af71f235-fe20-4bb9-895f-240d2254bb93,1f5ae174-bc2c-41e4-9071-eb875b7e2bee,0f3c32c0-4ee7-4fdd-b545-47dd66565393,2,
7ad8b986-3b1c-45d4-90eb-10ffc9e4e5ae,1f5ae174-bc2c-41e4-9071-eb875b7e2bee,0f6197d9-086c-470b-aae7-9bf3d9b0f8d3,1,
d7b20998-d377-48f0-aa47-a388477a4107,1f5ae174-bc2c-41e4-9071-eb875b7e2bee,25ea2c49-f71e-4cc0-b032-c84cfe4586a1,5,
f947e7b5-e7fe-4940-a9ea-860d353e2a68,1f5ae174-bc2c-41e4-9071-eb875b7e2bee,480fc05a-06bf-49b2-85c2-02325ff6e64b,1,
01f47a1a-f1bf-4eef-b0f6-17ab4650e5f8,1f5ae174-bc2c-41e4-9071-eb875b7e2bee,93a67bc6-ca08-422d-92e3-e1a522f60bb1,5,
dcfbf921-c2cc-43f3-b8b4-916839675a00,1f5ae174-bc2c-41e4-9071-eb875b7e2bee,f94a510c-c642-4d50-9897-4a2787b5df87,2,
be34d67a-9c1a-4d01-b2a0-0f1504ab5b0e,1f5ae174-bc2c-41e4-9071-eb875b7e2bee,8af8db46-8e1f-44c5-bbd1-2ec37711ad66,2,
903a3935-ca88-45a0-b2b0-6ca7ebed13bc,1f5ae174-bc2c-41e4-9071-eb875b7e2bee,821b206b-e6d7-4066-b6dd-18d19605ca45,2,
4c45d966-9636-41a8-ae1b-3981d19775c2,1f5ae174-bc2c-41e4-9071-eb875b7e2bee,be4559ef-19c6-497e-bc91-842687a8b3fe,3,
94581dff-7e73-4a84-a443-e1d8fb727429,1f5ae174-bc2c-41e4-9071-eb875b7e2bee,a4612158-8e48-4fb7-9505-9cb6f6598c7d,2,
3a6e3548-b5b6-43ce-9a1c-fc7f7516d786,1f5ae174-bc2c-41e4-9071-eb875b7e2bee,56a4f97c-9771-4fa2-b5ed-fd29342651f2,1,
9cea6f18-6320-493b-a518-1d9446ca8b80,1f5ae174-bc2c-41e4-9071-eb875b7e2bee,d856183c-d4ad-420c-82a0-7d5fdaee1cea,5,
b7051837-a83a-4fb7-8f1f-366a838e3419,1f5ae174-bc2c-41e4-9071-eb875b7e2bee,9d16c138-cc99-419f-9e1d-e910d124b80a,4,
8fa5f7a4-952e-4be1-bd2c-58b6708c037b,1f5ae174-bc2c-41e4-9071-eb875b7e2bee,65c6b36f-66fa-4e6a-a669-8050ee89ecec,4,
5a6db238-fb8c-49d0-8337-f21a153311ab,1f5ae174-bc2c-41e4-9071-eb875b7e2bee,74b56612-3b62-47d6-adb7-ea78aa977db7,3,
8549c71c-c74e-4a22-bb66-670a15f4955e,1f5ae174-bc2c-41e4-9071-eb875b7e2bee,415005ee-57ea-4046-8306-10fbd333f062,4,
229dc625-a0ef-40de-9421-13599f26a08a,1f5ae174-bc2c-41e4-9071-eb875b7e2bee,2aa7656c-e603-478e-ac16-4bcbaf236ab0,5,
9c8363c1-fe29-4d37-8f63-3458ae5013c4,1f5ae174-bc2c-41e4-9071-eb875b7e2bee,cd3c182d-c908-40d4-b1bd-8cb7c8e7bcc0,1,
f4044ba5-5daa-4bd9-8868-b370864dba8e,1f5ae174-bc2c-41e4-9071-eb875b7e2bee,fa80f90f-1d5c-4975-b145-bbccac666e45,1,
bcd5cf9c-54aa-4c16-a03c-4020d153cbcb,1f5ae174-bc2c-41e4-9071-eb875b7e2bee,b63da43c-6eab-4d7d-9d82-797ad996b822,4,
196538c2-c549-46be-a97f-9c518d873adf,1f5ae174-bc2c-41e4-9071-eb875b7e2bee,8b1e6276-4351-42cd-9f79-c5b691f452af,4,
8039a495-8828-4bbc-b4aa-da6651e152f1,1f5ae174-bc2c-41e4-9071-eb875b7e2bee,c5924135-bdbc-42a3-92c3-a982e8f5b761,4,
f92ba49e-087f-44cd-9bc6-1ca9c1e04377,1f5ae174-bc2c-41e4-9071-eb875b7e2bee,957c60d2-f975-4710-9ae1-00ba98cde586,2,
49f51199-c1e5-4230-9329-bae2a490bf1d,1f5ae174-bc2c-41e4-9071-eb875b7e2bee,17dc3126-0e27-4963-8462-13775e9a4d5e,1,
6b824ea9-9ec3-4d17-893b-d216cc79652f,1f5ae174-bc2c-41e4-9071-eb875b7e2bee,7a96d22d-c7dd-4286-bbfb-6839cf38c2b2,2,
e53c8ca1-039c-4f65-89a1-7edd87b6da8c,1f5ae174-bc2c-41e4-9071-eb875b7e2bee,31f5ddc8-43d2-499e-98ee-be28612ae94f,4,
033cb18c-3160-45cf-84d8-0d8c21d7f5c3,1f5ae174-bc2c-41e4-9071-eb875b7e2bee,463a0063-7f76-4eb5-ace4-785431c80378,4,
0dcb8bf7-f562-4a8f-9417-8cf3b8e6b575,1f5ae174-bc2c-41e4-9071-eb875b7e2bee,7dfde251-fe8a-4fc4-a7b1-d255e8a8b9b8,3,
9c5c5e21-acc9-42e5-9fa4-fdcf8992aadd,1f5ae174-bc2c-41e4-9071-eb875b7e2bee,d45133d0-74ce-428d-9522-bd31eaa3be5c,4,
c2b36de4-9ed4-461c-878f-2c207040e37e,1f5ae174-bc2c-41e4-9071-eb875b7e2bee,76977b7c-af44-4a8a-be8c-fd501615e472,5,
aa51a84c-ecd5-43b9-903a-c3814d406f52,1f5ae174-bc2c-41e4-9071-eb875b7e2bee,0db7f1ab-2861-489d-b031-ded94918f748,1,
0bd5b799-4f42-4c6e-8573-24299718d0c0,1f5ae174-bc2c-41e4-9071-eb875b7e2bee,a6a33336-cf3e-49e4-a286-5250246b7159,3,
009b07fe-77d2-4c59-a2cd-c2b2fe4ebd0b,1f5ae174-bc2c-41e4-9071-eb875b7e2bee,501a4847-b198-457c-98d6-1aadb1d2a094,2,
4562c453-a5eb-42db-a3b4-4abfa96da812,1f5ae174-bc2c-41e4-9071-eb875b7e2bee,000c3a8d-6846-43cb-b524-d209121db1b3,4,
931abba3-ee3a-4617-b026-ca59b858dca8,1f5ae174-bc2c-41e4-9071-eb875b7e2bee,06c63bf6-0530-4a97-a3b6-a327f757ddc3,4,
82fd27cc-0597-41d8-a33d-33d5612d7d16,1f5ae174-bc2c-41e4-9071-eb875b7e2bee,3674ab1a-bf5c-4c80-98ca-c86fc9c59e35,1,
2061f209-e30e-4179-a97e-35ced5937c63,1f5ae174-bc2c-41e4-9071-eb875b7e2bee,4d5f8b5d-6a42-4f54-bdf6-210d8356ee62,4,
4f446302-50b2-425e-a142-015ad0ff48dd,1f5ae174-bc2c-41e4-9071-eb875b7e2bee,fce31a00-12b4-4d86-8612-23c42d810cf7,3,
dddaa49e-c7fc-4f20-bcf0-1bb8bd9a07fe,1f5ae174-bc2c-41e4-9071-eb875b7e2bee,c97d8737-5bfe-4a0a-a5a0-784aa2593af5,2,
ab1ac12e-747d-4d0f-b4ec-edf49b839ddb,1f5ae174-bc2c-41e4-9071-eb875b7e2bee,09ffcf55-53f0-4f2d-a58c-8a8ba20bc057,5,
b2d6f0a0-b802-45c9-9b42-7fd459650600,1f5ae174-bc2c-41e4-9071-eb875b7e2bee,31cd38b6-4c14-4158-801b-e10af6ff60ee,3,
6706bc53-988a-4681-a955-966468c7dff7,1f5ae174-bc2c-41e4-9071-eb875b7e2bee,24f63b58-2507-4eb2-be9d-dac38bef18db,5,
75854d7a-f981-43a8-9d53-0c4fe3968db8,1f5ae174-bc2c-41e4-9071-eb875b7e2bee,75c893a8-661a-46da-aa7f-4a55bf50f5d0,3,
5ef498ad-3713-4f01-82f8-70460f675890,1f5ae174-bc2c-41e4-9071-eb875b7e2bee,314b0d9b-3dc8-4633-9a75-f046f336b4db,3,
b2dddbd2-01b8-4ebb-a161-c385e2f9f3c7,1f5ae174-bc2c-41e4-9071-eb875b7e2bee,690b3bfa-5f81-4f88-9b5f-96005363a989,3,
e4b669b7-1ef5-4efa-ba3c-c9df4b561c90,1f5ae174-bc2c-41e4-9071-eb875b7e2bee,dbab8586-03e1-40d9-ae1d-209665b8e206,5,
98eab6d1-56cd-4e12-844c-c165735f7528,2e751497-e77b-45f1-a25b-cbda1d3f52b9,a6fa0595-4c26-42d6-9668-7510d1591bef,2,
036d98aa-31e7-4f93-9a04-a648f06f186d,2e751497-e77b-45f1-a25b-cbda1d3f52b9,dac6a39d-51f1-441f-bbb3-2894dd9a0978,3,
475c9a0e-10bf-4e80-bcf5-1235333b8c9d,2e751497-e77b-45f1-a25b-cbda1d3f52b9,19853cc6-f1f3-4807-9bdc-0d2f5be22b44,5,
723a1e1e-8653-4d42-842a-5d0bbfe35e2a,2e751497-e77b-45f1-a25b-cbda1d3f52b9,612f6fd8-3a11-4120-a701-5ebef766f909,4,
c18fddad-2c5d-4c31-8aaf-c85505c5b972,2e751497-e77b-45f1-a25b-cbda1d3f52b9,3b538183-4e6a-4400-a73d-71fde230ffbc,2,
580b6f32-7714-43f6-b8a7-bf6736756e1e,2e751497-e77b-45f1-a25b-cbda1d3f52b9,d1239080-0751-4969-b350-84cd2b50ec6f,5,
ccff69ea-9f7a-4858-bc2a-d9cbbc9cbe1d,2e751497-e77b-45f1-a25b-cbda1d3f52b9,56526ca7-f91a-4854-b516-cd8d36ec2d4c,4,
f9f44661-1e93-4abd-908d-84ca3833fcbe,2e751497-e77b-45f1-a25b-cbda1d3f52b9,2c28ba8c-2806-47cf-bd72-0efccf49e0ce,2,
009771d9-8950-4e4d-801d-b1155c05a7c8,2e751497-e77b-45f1-a25b-cbda1d3f52b9,ffdf274c-83c6-4823-bb71-a455589d9347,1,
1c163849-ae6f-44a4-8547-80518f8350fa,2e751497-e77b-45f1-a25b-cbda1d3f52b9,01670547-04ed-46c4-b48c-68ff3e21c61e,1,
d6ef8680-3e20-42ac-a2be-698a477b74bf,2e751497-e77b-45f1-a25b-cbda1d3f52b9,78f4d894-9c02-4e3d-8251-9d8d91edfd15,4,
fb71efd1-0885-4dfb-82f9-3b69132bb93d,2e751497-e77b-45f1-a25b-cbda1d3f52b9,5215f283-c5ba-4ef9-a59f-92c1de3597ab,1,
b2823776-52c0-4268-903d-190f046ed38d,2e751497-e77b-45f1-a25b-cbda1d3f52b9,80f8baf5-2c59-460a-8567-20235ec28b28,4,
0e288838-c274-4d86-a026-86c41dbd42e7,2e751497-e77b-45f1-a25b-cbda1d3f52b9,0dba0419-15c4-4cc7-910b-1ce16878c959,1,
67d56892-00ca-443e-a3db-4d77d6c2bebf,2e751497-e77b-45f1-a25b-cbda1d3f52b9,1c746b68-3a0a-406c-876e-0b1946a8c275,3,
9dad330a-8923-489f-bb33-a68996176a5d,2e751497-e77b-45f1-a25b-cbda1d3f52b9,a377d231-cf3a-4b7d-af98-c58fbd91a190,3,
15484667-1b18-4949-a440-7a4322d0bbc0,2e751497-e77b-45f1-a25b-cbda1d3f52b9,c9e50b34-38dd-4bf4-b2f1-69bd1eca4318,4,
02c9b819-4878-4991-a5fe-1e3ffa7167b3,2e751497-e77b-45f1-a25b-cbda1d3f52b9,2863621b-0255-43c6-a547-8b05b970805f,2,
dfb13758-d2d3-4822-8e47-d0b4a4b906cc,2e751497-e77b-45f1-a25b-cbda1d3f52b9,13bed201-005e-4a14-8618-46316fc9ba8a,4,
c35c5002-3888-4bce-b33a-f919d6cbcea7,2e751497-e77b-45f1-a25b-cbda1d3f52b9,822dae85-a083-48bf-b0e5-8136ed80d03a,4,
95a7638a-5d97-4f7a-b804-8201a04f9d50,2e751497-e77b-45f1-a25b-cbda1d3f52b9,f6306c64-e300-4d2f-a74e-0c8c03237898,5,
42ec6bf5-69fa-4a6d-8f6d-73ed94c376bb,2e751497-e77b-45f1-a25b-cbda1d3f52b9,a427d02f-edd8-47a4-89d1-b0681f703cad,3,
3d1a62ee-603b-44e7-a681-8806ec4386e5,2e751497-e77b-45f1-a25b-cbda1d3f52b9,baea5a3d-3b15-4480-89a8-b5a17c8e4bf8,3,
4616ccc0-8ba3-4435-8297-d9d79538963f,2e751497-e77b-45f1-a25b-cbda1d3f52b9,d5ed0802-c41a-431a-bf4e-016d1a7132b5,5,
d09bffd4-9e17-4813-b1c1-82424dd5f0df,2e751497-e77b-45f1-a25b-cbda1d3f52b9,9f3745ad-3577-4a28-add1-8104c61a15b5,4,
1bdbf1be-34ff-4b6c-bf15-80492193cf6c,2e751497-e77b-45f1-a25b-cbda1d3f52b9,7ed8c960-04fb-405d-bc66-dcd786611b09,5,
eb907d50-13e5-42c6-ae05-4f57bb0105a7,2e751497-e77b-45f1-a25b-cbda1d3f52b9,62d2c768-c697-494a-95b9-ea0d23689001,1,
12f16012-1472-4ff9-9936-d5f0078d7021,2e751497-e77b-45f1-a25b-cbda1d3f52b9,30e2be34-6ad3-48ea-9484-941732801078,4,
79da9681-5fd3-4bee-bcab-fe5960901b97,2e751497-e77b-45f1-a25b-cbda1d3f52b9,a16bb1fe-9588-4e32-929f-db16b40596e3,3,
736156dd-121c-4be2-b5b0-81d8e8cef093,2e751497-e77b-45f1-a25b-cbda1d3f52b9,e4495af1-5a02-4bf5-96f0-67b78bc0523b,3,
6a992625-10dc-4496-af67-1301e1038923,2e751497-e77b-45f1-a25b-cbda1d3f52b9,d4300a74-ffca-4d3e-9efc-6657799e23e6,3,
c472450d-2a6e-42a6-8ee4-677998447c66,2e751497-e77b-45f1-a25b-cbda1d3f52b9,2e7c890b-13ed-4310-b667-280b74cdc0a8,3,
effb0d25-b126-41c7-ad76-87354411b251,2e751497-e77b-45f1-a25b-cbda1d3f52b9,7331f17b-7121-4407-ae32-bac878b11f07,5,
5218e197-5dae-40a9-9500-705a576d4322,2e751497-e77b-45f1-a25b-cbda1d3f52b9,a3b28a35-ffb9-4f23-a516-4143a8b8e74a,1,
a4c6b920-ad93-4ba6-b3c9-232f0917ff36,2e751497-e77b-45f1-a25b-cbda1d3f52b9,138a5c3e-a855-4e52-9e4e-90ac7c676313,3,
188eeeb5-6cc9-4cf2-9539-fd3b35748106,2e751497-e77b-45f1-a25b-cbda1d3f52b9,901141da-a298-4e1c-bff9-524a66b8310d,2,
aaa63d8d-5b79-441d-8914-c71901682502,2e751497-e77b-45f1-a25b-cbda1d3f52b9,e25e457e-5f0b-4669-ac96-9a32812fd4fc,5,
a18f1899-178f-41d0-a6d5-388dac94de95,2e751497-e77b-45f1-a25b-cbda1d3f52b9,a6924c43-79e0-4d5b-9a24-12361ee92f41,4,
9031d70b-fb03-40d2-8a7a-762dede707b9,2e751497-e77b-45f1-a25b-cbda1d3f52b9,cb41ff37-fb4b-4575-ad60-15b98405ab61,5,
577c1444-a0b0-4aeb-ae7a-a71d4ff7668e,2e751497-e77b-45f1-a25b-cbda1d3f52b9,f6ae0940-60c2-41e9-9e56-7c9b2ad5f5a6,5,
57a23cef-8328-479d-a211-cff2de50b591,2e751497-e77b-45f1-a25b-cbda1d3f52b9,63d39e63-ceb6-4803-a3d3-8fc95beaaaff,5,
09b39119-5a14-40cd-a76c-10bee2fba727,2e751497-e77b-45f1-a25b-cbda1d3f52b9,0b69f3bc-d2e2-4aaf-8fe1-47b930752f21,3,
8c0b7af9-bb15-40ae-83eb-09936c936d6c,2e751497-e77b-45f1-a25b-cbda1d3f52b9,cfe4b66a-b899-42d4-8d11-40bde60d05c1,2,
da8a7b8b-3a4f-4c92-9ab3-c6d5b9e27349,2e751497-e77b-45f1-a25b-cbda1d3f52b9,eb7c5068-9775-4c87-8622-c277c0b6f719,5,
8962d5de-daa7-491f-b0ed-382986e5f22d,2e751497-e77b-45f1-a25b-cbda1d3f52b9,70ab607a-51d2-4637-8a93-5335cf10905b,2,
66074459-a107-468b-8709-6fcfd1a51d76,2e751497-e77b-45f1-a25b-cbda1d3f52b9,86767a41-fb1c-44e2-a99e-7ec31b226468,3,
5a7dfc2d-d406-4bce-a4ad-b50c920cadc6,2e751497-e77b-45f1-a25b-cbda1d3f52b9,1682f33f-2f6a-4e53-b1b8-30d21b27f3a2,1,
0dc95e7a-5594-447d-ac55-d358ffed634d,2e751497-e77b-45f1-a25b-cbda1d3f52b9,5ea38b04-346d-484a-8cdc-c1b0b594154b,3,
8150dd26-a08f-411a-9397-23a662a31f73,2e751497-e77b-45f1-a25b-cbda1d3f52b9,e54c51e2-7a91-4352-9e25-94cfc6776628,3,
7c85da55-3150-4e88-a6cd-e2c697656eff,2e751497-e77b-45f1-a25b-cbda1d3f52b9,0d83cea7-b8fa-4c43-87b0-9219afbaed61,2,
78040edb-6df6-43be-ab7a-a9bfb772d7ad,2e751497-e77b-45f1-a25b-cbda1d3f52b9,f2d1b2f3-e4c1-4fe5-95ce-19844da74917,3,
462bd471-5833-4986-8ecc-3b86dcc8468a,2e751497-e77b-45f1-a25b-cbda1d3f52b9,c601a1c7-374f-4a38-ac21-3a766757c6ad,1,
a1e5476f-4330-48b0-a802-c7b7cfccf4a2,2e751497-e77b-45f1-a25b-cbda1d3f52b9,01162f67-fb26-4c1c-9194-3c90e6ad3d55,1,
1ccb1b0f-5bb8-43bd-b457-ee5d2163c894,2e751497-e77b-45f1-a25b-cbda1d3f52b9,c5924135-bdbc-42a3-92c3-a982e8f5b761,1,
b46beaf9-af95-45f1-af45-7669d53e0690,2e751497-e77b-45f1-a25b-cbda1d3f52b9,491f7892-6267-4784-9383-01066a033c59,3,
20197e60-60e5-4de8-8466-c3b0678da6b0,2e751497-e77b-45f1-a25b-cbda1d3f52b9,fbb6b2f2-6e69-4fee-8e4c-894ac991dcf8,2,
29d2c0d8-f884-471d-8660-5f2829490752,2e751497-e77b-45f1-a25b-cbda1d3f52b9,814570f9-89a1-4e42-94d5-d57aa8a8edab,2,
83baf7cf-2595-45a1-99f4-15b9b29f78c3,2e751497-e77b-45f1-a25b-cbda1d3f52b9,41e5c1bd-3713-4461-b377-1eaf503e4ee0,3,
93345f30-4bec-4a79-b29d-f521e98c78cf,2e751497-e77b-45f1-a25b-cbda1d3f52b9,0bc6752c-edcd-4422-a605-daa64acc90f0,2,
08d77bc7-3951-4f26-82b2-fc32f3b2c5f5,2e751497-e77b-45f1-a25b-cbda1d3f52b9,1738481c-3f3c-4b43-a22f-c495b15f4338,5,
30855d4e-d68d-41a3-ae37-5f387d9590b0,2e751497-e77b-45f1-a25b-cbda1d3f52b9,38223865-e5fe-4397-be34-8cfc8068dfd0,3,
23ab93a1-4a63-48a0-8d26-4050e697106b,2e751497-e77b-45f1-a25b-cbda1d3f52b9,c791087a-8206-4d19-b04a-afb7500b2848,3,
1b33a220-56ba-4ed1-9bf3-cceb64c3bd63,2e751497-e77b-45f1-a25b-cbda1d3f52b9,70eb8672-df3e-467f-af45-dee6afeeecf4,1,
c3bc7f49-1c61-4000-a921-974efb5d5b83,2e751497-e77b-45f1-a25b-cbda1d3f52b9,9e24760e-1ddb-4183-9088-303f12c5d3b1,2,
ed08eb8c-b7bc-46f8-a588-a04a3db7a288,2e751497-e77b-45f1-a25b-cbda1d3f52b9,88a77398-2edd-407c-b6ee-847216fe7550,4,
38a0e22c-e434-45fe-8ccf-6bfcef9437b6,2e751497-e77b-45f1-a25b-cbda1d3f52b9,fd5eba7b-87d9-4f20-9ae4-bbaac27a5882,4,
45223d3e-da27-4098-be92-3302180116f0,2e751497-e77b-45f1-a25b-cbda1d3f52b9,77f174d3-671b-4f4f-8392-5f7abac6fb40,5,
80e705ed-1001-4e6f-b7a8-a76a679a4b43,2e751497-e77b-45f1-a25b-cbda1d3f52b9,9e0ab9b9-5fd3-4d18-a999-ee88828d5fe2,2,
c7c62522-8552-45a1-8e09-0ba372c97514,2e751497-e77b-45f1-a25b-cbda1d3f52b9,cd23dfa5-3655-4541-8165-ab197fc16942,5,
5d04b165-c4d9-40f8-a340-51c6b23ec64e,2e751497-e77b-45f1-a25b-cbda1d3f52b9,d4e2c2e3-3fa1-4a59-aa81-1711877bd6cb,1,
c7793a8f-08c6-454f-a088-61e76dd21d90,2e751497-e77b-45f1-a25b-cbda1d3f52b9,2fcf9343-34bc-42a7-81df-f9afb9ba9f02,4,
cc0cb267-255a-4c73-a46b-2abad0f64bc0,2e751497-e77b-45f1-a25b-cbda1d3f52b9,c89a3192-afa9-4e1f-ad1a-0c03422f5251,1,
a6ae37fc-b399-404d-b5c6-202a87001248,2e751497-e77b-45f1-a25b-cbda1d3f52b9,287d5c2d-1cc0-462a-9c34-cf104f7c9023,4,
1cb9a123-0cb4-4af5-9fca-0128d4811cf0,2e751497-e77b-45f1-a25b-cbda1d3f52b9,f97c0a2f-866f-4b0c-bc1b-f07d455b66e5,4,
7c04ef6e-dc8b-4f4c-af99-475e3d036724,2e751497-e77b-45f1-a25b-cbda1d3f52b9,9895338b-2888-4393-baff-79480510664c,2,
5bb64795-b990-423e-b2c8-c05e0469a802,2e751497-e77b-45f1-a25b-cbda1d3f52b9,8ea39250-dfd5-46a1-b809-f3a559bbbfde,2,
d67852ea-c027-427d-9630-c618a42885b7,2e751497-e77b-45f1-a25b-cbda1d3f52b9,e6c7baae-49fd-4299-bca8-0fcdad8197ff,1,
9ebf59f1-07d9-4f49-b7e7-542585e6d397,2e751497-e77b-45f1-a25b-cbda1d3f52b9,f9f92bd2-c8c5-4c70-a3ba-6bedc2732a4a,1,
bdef9b63-8c9c-4e9b-b4a1-8036225c96ef,2e751497-e77b-45f1-a25b-cbda1d3f52b9,72354a3e-01af-4d2f-a9bb-4788420ca653,4,
d19a3dc2-5f39-495d-ac45-3baded52f1bd,c7ac673f-773b-4579-8647-97236b8042a5,06337053-d7bb-4f52-86b0-80f8f55dafcf,5,
c823fa0f-9fad-48a6-8367-e9452eb91e4b,c7ac673f-773b-4579-8647-97236b8042a5,747b66bc-f23f-43f8-b8ca-4938a51c6f30,2,
ef172a76-70ea-4b95-b2ad-3d159d9ccabb,c7ac673f-773b-4579-8647-97236b8042a5,9e0be1e8-3c42-4bd2-b2f7-65f2443d7de8,1,
1f20d0c1-5abb-485c-a25d-71c2c5cd6cd4,c7ac673f-773b-4579-8647-97236b8042a5,87b2650f-7a27-4d57-bae1-25eba97716c6,2,
3c9967ce-8d63-4364-a561-70ca4ac6a024,c7ac673f-773b-4579-8647-97236b8042a5,422d2d2b-6220-457e-ac6e-69ea7e39ac32,5,
ae9e9e37-5814-405d-85fa-a1e3bf674942,c7ac673f-773b-4579-8647-97236b8042a5,7e167155-5f5f-4f09-ac5c-5f4d6ff31fbb,4,
96a3bc18-1d23-4a73-af57-98e7700d6b94,c7ac673f-773b-4579-8647-97236b8042a5,2eda3699-c65d-4a31-b424-593007abdba0,1,
520cb238-f90f-4a74-9886-e5d18ad94e61,c7ac673f-773b-4579-8647-97236b8042a5,e883e910-db9e-4fb3-8646-002f07cbfe2b,1,
73505e0c-a09f-4b39-b4e9-920e97a74825,c7ac673f-773b-4579-8647-97236b8042a5,704cf61e-2d35-4b36-9b65-31e96b3214a3,1,
485c3444-ecd1-439c-83a6-037b46a80b50,c7ac673f-773b-4579-8647-97236b8042a5,98f75e69-f4df-4208-b65f-671207e2d4c9,1,
9e0db8b9-6b94-4de6-9ba6-adae633fdba4,c7ac673f-773b-4579-8647-97236b8042a5,4a948672-2a8d-4272-a54a-acf5e262064c,1,
16b05601-64d1-43ec-b78b-0d8c485b9441,c7ac673f-773b-4579-8647-97236b8042a5,d768fb16-570a-48de-8cbd-d144b14af004,1,
6db418c2-bc56-4947-bbb3-cff6513d63b9,c7ac673f-773b-4579-8647-97236b8042a5,45624d46-a777-428f-9be5-91a5435639a7,1,
2ca8084f-7ca9-4298-94bf-7a5a1d7028b9,c7ac673f-773b-4579-8647-97236b8042a5,9db2be29-8dbd-47be-b8f1-20348d8b49db,1,
4cf9b060-0ac4-4104-85d7-87a4e0a3f096,c7ac673f-773b-4579-8647-97236b8042a5,daacfdfa-faf9-4c75-8daa-c6b326038e25,5,
974a090b-9514-45b9-ac66-05f4719c7ce6,c7ac673f-773b-4579-8647-97236b8042a5,a5f793b7-01f3-4618-acfb-54b7c16c2bca,3,
75e4011b-6d67-4ade-9ae3-5400bf3d7522,c7ac673f-773b-4579-8647-97236b8042a5,48e46f2f-8989-43f8-a1ac-91c74619cf62,4,
43440c7d-0964-4781-b6d2-c53cab9efa4f,c7ac673f-773b-4579-8647-97236b8042a5,757205af-5938-4684-9452-3b3f097b086e,5,
3f17ac3c-2fb2-4fd6-b177-c86866cbcef6,c7ac673f-773b-4579-8647-97236b8042a5,717ce7cf-c800-4bc9-bd7a-483176fa33d4,4,
766495dd-c140-4655-8874-dc0b3f82dc62,c7ac673f-773b-4579-8647-97236b8042a5,ce2fe009-173d-4c0f-b63b-fbb4ad924384,2,
215116bb-00d1-4c00-b4e3-afdf9d522c32,c7ac673f-773b-4579-8647-97236b8042a5,94c5c1b8-af8c-450b-9e44-41023dd99d5f,5,
a5f8d743-8051-4144-9d6c-73db82001438,c7ac673f-773b-4579-8647-97236b8042a5,41c81967-7ba0-48e2-a968-47efbbcbadb2,1,
af39ee7b-2487-4e01-ac14-5e9d2059673b,c7ac673f-773b-4579-8647-97236b8042a5,db18e892-2b9f-4724-867c-c624a9d95345,1,
c5e22994-4675-43a6-9957-7b3505498351,c7ac673f-773b-4579-8647-97236b8042a5,2d4ad8be-3944-4599-a820-c6997814a40b,1,
7e1e8415-1625-42e8-9f99-bad89a6ab8fb,c7ac673f-773b-4579-8647-97236b8042a5,2d80451b-0ae9-47be-9c7c-37d6b3d2c983,4,
1842ec5d-15d6-4e1b-b92e-62cacb521a3c,c7ac673f-773b-4579-8647-97236b8042a5,046edc99-1cea-42b9-ac63-cab048410424,2,
b8f46a9f-16c6-4a69-8c14-816254400e6a,c7ac673f-773b-4579-8647-97236b8042a5,c6c5b601-5bf7-411a-a388-c41279e387f9,1,
04ca3c8c-405f-429f-94ea-c49162ee963b,c7ac673f-773b-4579-8647-97236b8042a5,34c89d0c-5cb0-42af-b7bb-619035caaf88,5,
5c9882bb-26a5-4236-bc0b-8ff280e51d95,c7ac673f-773b-4579-8647-97236b8042a5,37c91d1f-d98f-48a6-99b6-f078f1cc1a08,3,
8ea8dc73-c8a7-4f32-b46a-8abf53e6c32e,c7ac673f-773b-4579-8647-97236b8042a5,655935d7-8d60-4e89-8050-90a4eb580021,4,
95959a9a-f746-4a8d-9df2-3783933d0d17,c7ac673f-773b-4579-8647-97236b8042a5,468e949d-706d-4e13-acb9-da95b518b91d,5,
7e03818e-0e64-4fcf-9690-d797660f4c0a,c7ac673f-773b-4579-8647-97236b8042a5,28081678-c70d-429e-8cc9-71f1314a6450,1,
420f9032-0694-456b-ba23-e04acce5c916,c7ac673f-773b-4579-8647-97236b8042a5,1ee946a6-75ef-4265-a01f-e9586bb98373,4,
93807cdb-33cf-4f29-9329-553acf1829fb,c7ac673f-773b-4579-8647-97236b8042a5,c2eec124-eb01-4cb2-b68a-530bfb329a43,1,
935881b3-e7e2-4182-bad2-b6caff930e4f,c7ac673f-773b-4579-8647-97236b8042a5,86cefb9f-15a8-4fa4-991c-9d16a34ce711,1,
596a5b4a-9ba8-4e27-b580-40f5170c13c2,c7ac673f-773b-4579-8647-97236b8042a5,618ede7e-1335-4736-916c-bce6141d59ea,4,
c002cda1-9e88-4fa9-8ed4-067eaac6ef84,c7ac673f-773b-4579-8647-97236b8042a5,0345fb46-6cbb-4081-852b-3187ef7b1ec6,1,
6c8bfb32-f081-42bf-8e90-53e62d6a2827,c7ac673f-773b-4579-8647-97236b8042a5,db33cfa5-213f-4632-b9b2-2ca3d57e6eeb,4,
c1dcb586-67d2-400f-b194-c212fff3bc73,c7ac673f-773b-4579-8647-97236b8042a5,0143aa35-fc41-4789-a52a-d845369751a9,3,
9ab86f74-edca-496a-bbe1-360dc8e87872,c7ac673f-773b-4579-8647-97236b8042a5,2a2c6416-f17b-452f-857c-551274899e3a,2,
500e1d45-7112-4066-b538-60b02ffa1897,c7ac673f-773b-4579-8647-97236b8042a5,ff8c2ebb-752c-400a-b0bc-2144d03b2736,3,
68c24051-e70a-4ef2-b83d-87b474d6298b,98a9154f-6e50-478b-85f4-34e588794d89,fc44a617-132d-4d93-9b75-b4e67431231e,1,
6f9f6977-c45d-4a05-99d6-e96efa1d7bfc,98a9154f-6e50-478b-85f4-34e588794d89,3da465ca-b833-4059-ab95-22c64fc033c4,4,
944acf69-e414-4fd3-bd9b-803a1446ee1c,98a9154f-6e50-478b-85f4-34e588794d89,533a8a4c-7bbe-4a78-a73c-2a43285a93c7,4,
5196aaff-77d0-40c8-a2a8-f0eaf257f938,98a9154f-6e50-478b-85f4-34e588794d89,debd82a2-2280-475d-9351-bfef2928ece2,1,
d9bfec14-1a66-4aca-bb1b-f0fd740f19c9,98a9154f-6e50-478b-85f4-34e588794d89,9f23ea9a-cd82-4c80-8c06-0ce5893a3b3c,4,
2fe969b9-b022-421b-a783-40fd64cd754c,98a9154f-6e50-478b-85f4-34e588794d89,4d434c52-41ba-490e-a189-9b0552839c9e,3,
c92135f7-570a-4b9f-a14d-2067c4ce8e46,98a9154f-6e50-478b-85f4-34e588794d89,f16cd3c6-afb1-4450-9c8f-5d00f501b163,2,
b2a328a9-a91c-4a1f-ae6c-3d7c3cd1eec3,98a9154f-6e50-478b-85f4-34e588794d89,45443bfa-87ff-4c24-a99a-89f7fb977d81,5,
2e3ed985-e1fb-48be-a703-311163d2489e,98a9154f-6e50-478b-85f4-34e588794d89,2482d9c9-ad72-4397-8ee3-f4964ed55429,3,
92edec80-7bde-44d2-ae44-7310630ac138,98a9154f-6e50-478b-85f4-34e588794d89,1467fb96-6343-451a-9d45-f9c4183edfbc,3,
a1bc109f-4488-4ca1-8a03-e8c01b24870c,98a9154f-6e50-478b-85f4-34e588794d89,63c05653-1f14-4e08-8fc9-f7214cef98c0,3,
a9f3fbf2-bd50-4ba9-8846-929496354aa6,98a9154f-6e50-478b-85f4-34e588794d89,c1c4bd62-888f-4e53-a685-ea6298d91b5b,3,
01e02d50-d24d-4e3d-a9c5-5c8aa92c137c,98a9154f-6e50-478b-85f4-34e588794d89,fcdf0967-2e22-4f58-80c2-e2841d6fbc4e,3,
3f26b647-9e76-45c9-87f2-535c32ed2bc4,98a9154f-6e50-478b-85f4-34e588794d89,3e96b808-ce58-41b3-89f0-a7b89e49e87b,1,
3d52a494-3174-443d-8e33-b87524cfbb19,98a9154f-6e50-478b-85f4-34e588794d89,989da650-2dea-4c4b-b6c9-70f7623b3337,4,
e25304bd-3f83-451b-93db-6a1eb0dc56e6,98a9154f-6e50-478b-85f4-34e588794d89,98460a17-2165-4c49-9575-c177abc40069,3,
8b88ee02-e22c-43e0-a8c0-78ca470c7cfa,98a9154f-6e50-478b-85f4-34e588794d89,165c54de-52a4-48db-b694-f19eff1b7593,1,
3e9eddf1-fc92-4d0d-ad72-42d1ef4d0b5b,98a9154f-6e50-478b-85f4-34e588794d89,f3328f1d-3a77-4afd-b092-614f8be3a42b,4,
0bd9e62e-82cc-4cc2-95e4-ebaabc13f0ec,98a9154f-6e50-478b-85f4-34e588794d89,145b29dc-c622-484a-b234-fff6030bab07,5,
cf9fb21b-ae5a-46b0-a9fd-0b8c3caf86af,98a9154f-6e50-478b-85f4-34e588794d89,9cfbb664-5471-4d09-995f-f09d83e04802,2,
b70ec2e8-a4b5-4252-8d47-a48be640f5ca,98a9154f-6e50-478b-85f4-34e588794d89,71cbe99f-c711-409d-a3dc-5c24af986d34,4,
1efcbdb2-cc37-4020-8248-29b6ad6f8d1b,98a9154f-6e50-478b-85f4-34e588794d89,8eabc62f-eb53-4cb6-b3c7-e995a1af4f00,3,
fc6c9644-8190-4de9-b66e-54d7f8d4161b,98a9154f-6e50-478b-85f4-34e588794d89,6626c11c-0331-46bc-ab12-ee82d6c89b56,3,
5981ff62-dd2a-48d8-82e0-547d505e7c86,98a9154f-6e50-478b-85f4-34e588794d89,2740bab0-2e6e-45c3-92d4-abf91988e73a,3,
39f3776e-737b-410d-97b1-c4bdec9e35de,98a9154f-6e50-478b-85f4-34e588794d89,841ffdb1-874e-4532-bf3e-50317ac25a5f,3,
37b563ac-4199-4de1-9878-a505791afb82,98a9154f-6e50-478b-85f4-34e588794d89,0345fb46-6cbb-4081-852b-3187ef7b1ec6,4,
3b34016e-fd75-47d8-bf0b-92711ffcd7fc,98a9154f-6e50-478b-85f4-34e588794d89,a745635f-671c-4820-8c3e-7631757bf56c,3,
fd3a2d72-1983-41a8-a20b-cc8499ead392,e59450c4-cdbe-4b87-8437-ff8e2bdd21a1,c8bfbd2a-6de9-4aff-a2b8-b031f94c9228,1,
49e28bfc-4ebc-459f-b8c4-ac681020fe2b,e59450c4-cdbe-4b87-8437-ff8e2bdd21a1,a83fe276-104a-457e-904c-4e950af7c7af,3,
c437e1c5-affe-425a-a918-e8d96bc693e3,e59450c4-cdbe-4b87-8437-ff8e2bdd21a1,b1da4f99-137a-49a2-9d02-c2f719804925,4,
c1e3043a-cf78-4108-bb10-1e6935428ea1,e59450c4-cdbe-4b87-8437-ff8e2bdd21a1,39d24def-b0da-4985-8388-94f10f862394,5,
cbc2648d-787e-4991-8a6a-0a85c1fa01b1,e59450c4-cdbe-4b87-8437-ff8e2bdd21a1,2d2996ea-5147-4b47-a4ed-93eb1b7ad74f,4,
0ea02968-7b16-49fb-ba59-e57d8bd62e4d,e59450c4-cdbe-4b87-8437-ff8e2bdd21a1,507ea3ca-939c-4065-9677-7b291d7a1dd4,1,
2791eac2-e127-4bea-a765-ed5fb226ff83,e59450c4-cdbe-4b87-8437-ff8e2bdd21a1,11539943-55e5-445c-985c-5786c6c2afca,3,
2e3de398-08f9-46a1-bf60-e32b81b6aa4e,e59450c4-cdbe-4b87-8437-ff8e2bdd21a1,5a0155be-399a-4243-9ee5-aba418b72875,4,
c5467a0e-237e-4298-9f43-7b88c0c9b7e4,e59450c4-cdbe-4b87-8437-ff8e2bdd21a1,5eeb9f9c-dc7a-4e80-9207-28341edfa245,4,
9f454eb8-7c4c-4a21-8254-a9851514e804,e59450c4-cdbe-4b87-8437-ff8e2bdd21a1,ccca32af-1c87-4d41-9d3d-ba94468138c4,5,
205fa934-e20e-4b10-a876-4814ca1caed8,e59450c4-cdbe-4b87-8437-ff8e2bdd21a1,de9dab4c-75ce-4c2e-b678-063ad22a345a,4,
7e0e4b06-1ad2-49fd-b3f4-cc44754599a1,e59450c4-cdbe-4b87-8437-ff8e2bdd21a1,b44ea67d-2b04-4ab9-8077-eb7b7d45593d,1,
cfe77f4e-a9d6-4b9f-ad25-a23aa6ed52c2,e59450c4-cdbe-4b87-8437-ff8e2bdd21a1,3a42d345-f509-4768-9bb9-d83c89c3f8f9,3,
99cd1935-b612-4d61-ac85-33b46082082b,e59450c4-cdbe-4b87-8437-ff8e2bdd21a1,09670b76-f88d-472e-9b33-400723a55052,4,
791e5a7d-4fbc-43de-827d-792897503b50,e59450c4-cdbe-4b87-8437-ff8e2bdd21a1,b4fd9219-b009-41f5-98f2-78a25016995f,2,
db4ec717-e7ef-49ef-93bc-aeb07b59b454,e59450c4-cdbe-4b87-8437-ff8e2bdd21a1,caf591c7-7476-4f71-880e-fe38606d79ed,5,
bb2c3963-e421-4f63-8d45-7ccbfe9126d4,e59450c4-cdbe-4b87-8437-ff8e2bdd21a1,2fee1744-6801-47f8-bc66-c046bb74e620,1,
c3a47a2c-8d60-40d2-8cde-8a92c5edd1aa,e59450c4-cdbe-4b87-8437-ff8e2bdd21a1,76a3193d-df5b-4ebe-9aa8-58647847c96d,5,
f6b8059f-dd7d-41df-ae59-b01486f51b34,e59450c4-cdbe-4b87-8437-ff8e2bdd21a1,943340c4-585a-41c9-b7c4-5002099d2dac,5,
cde66991-92aa-475d-b28d-50fc586b45ba,e59450c4-cdbe-4b87-8437-ff8e2bdd21a1,2290efe5-0c4b-43b5-9e5f-4fb864fa1c98,4,
5e0ce4a0-a17e-4cce-8905-6ab10ba0cca7,e59450c4-cdbe-4b87-8437-ff8e2bdd21a1,53882961-0cf3-488b-bf5c-87d0dc470852,5,
522ccba3-879f-4922-b94f-68a50b9de67a,e59450c4-cdbe-4b87-8437-ff8e2bdd21a1,6df208a2-ba74-4c0b-8727-4917623c315e,5,
64bd675f-6575-42bb-a124-570a9f92f1eb,e59450c4-cdbe-4b87-8437-ff8e2bdd21a1,0ac281c2-0ede-40c5-bc60-efe47b1ce910,3,
f974f6c8-a8ad-444e-a8f7-9f31cc04411a,e59450c4-cdbe-4b87-8437-ff8e2bdd21a1,7e8fcdd1-2f12-4762-82fd-ef6af8111cdb,2,
a12e5c15-fa64-4495-b5d1-ace8262f9340,e59450c4-cdbe-4b87-8437-ff8e2bdd21a1,07a828ac-cbe5-4346-bbcb-d803fc85722d,5,
f7e695b4-06c1-46f1-b783-a2092be8b124,e59450c4-cdbe-4b87-8437-ff8e2bdd21a1,675264da-7453-44c5-bb95-76800d168fa2,3,
6d61c5d6-172e-42e6-846a-3a7d763467da,e59450c4-cdbe-4b87-8437-ff8e2bdd21a1,1682f33f-2f6a-4e53-b1b8-30d21b27f3a2,3,
4605a2d0-e60a-4387-b394-3027a01254bf,e59450c4-cdbe-4b87-8437-ff8e2bdd21a1,81a722e5-d256-4a3a-8ccc-a09b860bb29f,2,
6ebd8f40-28a2-4292-adcd-f32e6d4eefaa,e59450c4-cdbe-4b87-8437-ff8e2bdd21a1,24d97129-495a-4efb-8c15-0bd7a2340325,1,
bf6d105f-5c7e-4c9f-abfa-c143fd0e0e25,e59450c4-cdbe-4b87-8437-ff8e2bdd21a1,58864d76-aeaf-4b92-b741-c945cab5b46f,3,
56495cac-068d-429f-bcdf-e7a4205b1656,e59450c4-cdbe-4b87-8437-ff8e2bdd21a1,1f1efbbf-53c0-4d44-8f86-7646510f5094,4,
86e79725-fa32-4826-b620-1b4a33724465,e59450c4-cdbe-4b87-8437-ff8e2bdd21a1,dc610540-d93d-4bd0-8c0c-e277e0b96bea,4,
c88a339d-ecbf-4ec7-86da-97db63b78fd4,e59450c4-cdbe-4b87-8437-ff8e2bdd21a1,0787fefe-a37c-4471-b377-6cf18616311e,3,
27aad583-22ea-4f42-8bb0-4805328a5b17,e59450c4-cdbe-4b87-8437-ff8e2bdd21a1,aebdddd0-abde-409e-a449-852cefbd92c5,2,
5688bae4-2ee7-40c6-b44c-7c193600e4bf,e59450c4-cdbe-4b87-8437-ff8e2bdd21a1,9bb071cd-60c6-411e-b5a4-42ddc004f750,5,
4c94e12f-fda0-46c6-b451-8403405a2ebe,e59450c4-cdbe-4b87-8437-ff8e2bdd21a1,caeb83da-4997-4ade-a9d7-2dd6a922cf9d,3,
7cff2d08-c019-4a83-a378-cae77bd49a4e,e59450c4-cdbe-4b87-8437-ff8e2bdd21a1,f429caa1-4811-4a0d-bb4a-374aaeebc6bc,3,
7ba0c0dc-ad72-448c-bba0-d5bafb3db103,e59450c4-cdbe-4b87-8437-ff8e2bdd21a1,e8c5014e-4f3e-40fc-bd49-1168509cf59c,5,
23b80ade-fca7-44dc-aad6-87be358c59aa,e59450c4-cdbe-4b87-8437-ff8e2bdd21a1,0533ccf4-58f4-4178-b912-5ade29abde53,5,
2d1cfab0-3ee9-4f37-91bc-e0130b8a79a9,e59450c4-cdbe-4b87-8437-ff8e2bdd21a1,f7e6d77c-9165-46db-a298-b2383373ae27,3,
b0ad3efd-c963-4ed7-9e7b-197bf87e8784,e59450c4-cdbe-4b87-8437-ff8e2bdd21a1,39571f7e-ee4e-46a4-a0d8-4454310ae529,2,
f3b335af-6318-4245-b6eb-32c3507148c5,e59450c4-cdbe-4b87-8437-ff8e2bdd21a1,2b3f4dbc-fc8e-41d9-9803-5a1db61481fc,3,
d6d7b07a-eba3-4b45-b780-ed24a399027c,e59450c4-cdbe-4b87-8437-ff8e2bdd21a1,2b40a1c7-fe27-43f0-9ad8-91b63d4a7cca,1,
f574af86-7f6e-47e3-a048-3906161a8037,e59450c4-cdbe-4b87-8437-ff8e2bdd21a1,237c3763-a535-4fd0-937d-756b098de194,2,
08140496-b8e0-4a91-841e-70108dcdaf05,e59450c4-cdbe-4b87-8437-ff8e2bdd21a1,0785c909-23bd-4ac9-8657-0390fa65bf31,2,
279a8eef-b49d-4fd5-bc02-c4c9f703a975,e59450c4-cdbe-4b87-8437-ff8e2bdd21a1,5b605aad-b264-4267-8905-22cfada89130,1,
8d7d8220-a469-4723-a873-67cfac8c903e,e59450c4-cdbe-4b87-8437-ff8e2bdd21a1,6f29e6ad-19ae-41cc-be16-1ec5b901b2d2,4,
a00b15cf-a33f-41e0-b7fc-a9b03092c5ce,e59450c4-cdbe-4b87-8437-ff8e2bdd21a1,7b25cee1-92e6-4ad7-b3ec-9dadd364d905,4,
0b3bfd78-a4a8-41ed-a1dd-819a8e9b18c4,e59450c4-cdbe-4b87-8437-ff8e2bdd21a1,dd3f0197-b36c-410e-915b-c45b9ba436c4,5,
f20db8ba-f477-4f44-b331-c35a39264579,e59450c4-cdbe-4b87-8437-ff8e2bdd21a1,39cfae1b-651a-4d00-9075-67a063dc1509,1,
86e04c3c-cb53-4b65-a871-b1271527e856,e59450c4-cdbe-4b87-8437-ff8e2bdd21a1,14466508-f9d8-49f6-b2eb-3d14b088c4b2,1,
a2ba1f29-06ed-48c5-9886-11ce97a9e0f8,e59450c4-cdbe-4b87-8437-ff8e2bdd21a1,0105ef85-a373-4cae-891c-51288f381c52,1,
18628b03-ecfc-4924-94ab-6d5fe093cfcb,e59450c4-cdbe-4b87-8437-ff8e2bdd21a1,f6b56784-0220-479e-98d0-79ba9e197d75,5,
cf704c07-5a35-4dea-8ae5-caf6b001a694,e59450c4-cdbe-4b87-8437-ff8e2bdd21a1,28da6a84-f0ed-4eae-ba4e-3ef359f60ce5,5,
0abbb86f-6ad6-4f63-b7d9-9ab7291a4ffd,e59450c4-cdbe-4b87-8437-ff8e2bdd21a1,1c86f5ea-41a5-4168-80cc-ed7d1642a8b2,3,
eb24484f-0746-47d2-bae3-48794db4e217,e59450c4-cdbe-4b87-8437-ff8e2bdd21a1,0143aa35-fc41-4789-a52a-d845369751a9,4,
da7b8ef9-24fe-4b3d-b83b-8a685cbbcbb0,e59450c4-cdbe-4b87-8437-ff8e2bdd21a1,63ddfa2a-647d-4e88-8b0f-1e2dfd5478fc,3,
eace10b8-e5e3-4317-bb37-9268ad46a2ec,e59450c4-cdbe-4b87-8437-ff8e2bdd21a1,efcada91-eb3a-477f-9843-1c69f11be1a9,3,
86b461b2-1be2-4aec-b7e3-9c88176f0660,e59450c4-cdbe-4b87-8437-ff8e2bdd21a1,dae55109-200c-4104-903f-88b0c3827665,2,
d7a96499-f5ea-433e-a14a-359550df2341,9793481c-9af2-4eb7-a979-9da4f23515a6,dc58fd2f-0d82-4c28-99ae-57c1b6816370,3,
26cd6fd1-fdfb-4880-8447-f625fdf91563,9793481c-9af2-4eb7-a979-9da4f23515a6,7d15c5bf-9e17-4e9b-86c4-148601b896ef,4,
0243351d-3741-47d3-815e-f63d3129db55,9793481c-9af2-4eb7-a979-9da4f23515a6,f487421c-c02e-4a97-85b7-e77c59050feb,3,
83c70bef-5024-492e-90fc-0e8fecfe887f,9793481c-9af2-4eb7-a979-9da4f23515a6,802c8b7c-0b3e-4dad-a046-9e178952f774,2,
a8b13c8b-5c11-446e-a0e7-d0316b9bd761,9793481c-9af2-4eb7-a979-9da4f23515a6,6130c8ee-4631-49eb-b13d-89b8d9ef3bba,2,
39d9e1e7-0803-443f-a1bb-13a7bdc53223,9793481c-9af2-4eb7-a979-9da4f23515a6,72fe2657-e510-4f2b-a28b-482e579dd144,5,
525ee4bd-f6f6-46e0-a29d-9f7d8826b8d9,9793481c-9af2-4eb7-a979-9da4f23515a6,16733cf6-adce-4705-a7c3-3c277fe9a9ca,1,
e24b3ba9-4c9b-4f1b-a398-b3f5c878f28b,9793481c-9af2-4eb7-a979-9da4f23515a6,b360df2c-faea-47cc-9495-b0f45a53bc5f,2,
9aeec96b-cd02-46de-b10d-663cb226e3e5,9793481c-9af2-4eb7-a979-9da4f23515a6,a59f002a-d49c-42fd-8b9c-1329321ba5bd,4,
3cd11b99-8775-495d-ba52-1688e4af74b3,f85f5456-b9a0-44f1-a348-fdaa35cc7aee,1f3227ac-78ef-4f7d-90e4-be74f913c887,4,
80e4e0e1-bb2a-4158-b81b-fd08059a3db1,f85f5456-b9a0-44f1-a348-fdaa35cc7aee,46dfcdf9-5685-4227-ba94-35995ccf63a4,5,
80a2b37b-e7de-491e-8115-456169f1138c,f85f5456-b9a0-44f1-a348-fdaa35cc7aee,29c20544-6d89-4cde-9776-2679ec8a0254,5,
9b9e4c37-7c46-45f1-9777-9c0591c078ef,f85f5456-b9a0-44f1-a348-fdaa35cc7aee,10553558-2644-49cb-9acb-1cd5a31674da,5,
d443196a-cc3a-43e4-af3b-f186748f0f13,f85f5456-b9a0-44f1-a348-fdaa35cc7aee,bea71fba-7b3e-47ca-a962-28e429cd2835,3,
86b5455e-d60d-45eb-9011-bd34fc12784a,f85f5456-b9a0-44f1-a348-fdaa35cc7aee,4630d2e7-4847-47a1-8ff7-d18db590e746,5,
067f8102-a632-4c98-92bf-36292ff94e1c,f85f5456-b9a0-44f1-a348-fdaa35cc7aee,8c086d97-308c-4125-9f43-d4cb320319cf,4,
1deb62cd-ce2f-4942-9a91-77f33cb9a0c8,f85f5456-b9a0-44f1-a348-fdaa35cc7aee,df5417f6-e3e7-40d2-9add-f1b80a1e7637,1,
a5bb1639-4755-4fe0-afb0-1b7a52566bc6,f85f5456-b9a0-44f1-a348-fdaa35cc7aee,914b9cbc-ecd3-4543-b45b-1e195252cd2c,4,
68e34560-913d-4262-822e-0be9f935bf59,f85f5456-b9a0-44f1-a348-fdaa35cc7aee,056a9987-15f0-4fdf-9e0d-92f974a31572,4,
8cb18fb6-4d73-4789-a091-769857ff7af8,f85f5456-b9a0-44f1-a348-fdaa35cc7aee,ff9869e1-1384-4b43-b90d-ba76b6be2d86,2,
72f0c2dc-76b3-46c0-9413-b4b80587bdea,f85f5456-b9a0-44f1-a348-fdaa35cc7aee,04439d17-a3a2-493b-ba51-11d6cdb38c01,1,
10370872-fccf-4bd2-863b-c7e5a14a5096,f85f5456-b9a0-44f1-a348-fdaa35cc7aee,9f23ea9a-cd82-4c80-8c06-0ce5893a3b3c,4,
9b94c885-5fc2-46b9-942f-1d69259a5197,f85f5456-b9a0-44f1-a348-fdaa35cc7aee,7d3a1c75-55dc-4c09-b055-c42ff56036ea,3,
080ac093-e91d-4ac9-a7a1-5bd24d04f65b,f85f5456-b9a0-44f1-a348-fdaa35cc7aee,971911aa-31f9-440d-85a2-6e0cbfe053b2,4,
d710aa15-9a0a-4ea8-b2d5-5492ce27d902,f85f5456-b9a0-44f1-a348-fdaa35cc7aee,21d05aed-3b48-44a8-ab60-087d9d2a73ab,4,
f5b16241-3f35-4edb-896e-d18bc1826ceb,f85f5456-b9a0-44f1-a348-fdaa35cc7aee,7f7255e6-bcf8-4661-a24b-d8ec6e9780bb,4,
eac61e6b-7d2a-485a-bbf1-57239905e3fe,f85f5456-b9a0-44f1-a348-fdaa35cc7aee,41c81967-7ba0-48e2-a968-47efbbcbadb2,3,
4e7aca96-6277-4524-a0e1-bb395b61f7e3,f85f5456-b9a0-44f1-a348-fdaa35cc7aee,4a7bb63c-8e4b-4d63-b85a-28be1d87d408,3,
85b1ec1e-36bc-4347-99eb-4e9a1e9f6e2f,f85f5456-b9a0-44f1-a348-fdaa35cc7aee,f37e32ce-9ed8-4aaa-87c7-bc663b761c28,1,
0c2a1252-4b53-498d-8429-b816df8a95ba,f85f5456-b9a0-44f1-a348-fdaa35cc7aee,34695551-e84f-47e1-b260-097cc081d04c,2,
34a49d91-e394-481f-94ee-79474833aadb,f85f5456-b9a0-44f1-a348-fdaa35cc7aee,c73629e2-a82a-4e09-a725-c41584ea045d,3,
4294c279-db29-4b8e-8da0-4afd2f9ce0ea,f85f5456-b9a0-44f1-a348-fdaa35cc7aee,d7fa7061-05a3-4b6b-8477-907cc18888d6,4,
888c19c5-d318-4e94-95bc-39e58ec48a92,f85f5456-b9a0-44f1-a348-fdaa35cc7aee,e7018418-b6fb-434b-9675-66c3712ee8f4,4,
abf3c634-11ed-498b-8f6a-a07b4215070c,f85f5456-b9a0-44f1-a348-fdaa35cc7aee,f7ceb2fb-146e-49e7-b5ea-61a0f2bfd08e,4,
a3071afa-9b4d-49ac-ad0e-1626e90416ce,f85f5456-b9a0-44f1-a348-fdaa35cc7aee,3ba07e1c-500b-4e92-89bb-016401284004,1,
0182abca-db42-4c30-b340-8ae4200538ed,f85f5456-b9a0-44f1-a348-fdaa35cc7aee,f5468e7d-7c12-4327-9805-ea8b54735c6e,4,
1e1f8815-1f51-46a7-9082-97db599c8c74,f85f5456-b9a0-44f1-a348-fdaa35cc7aee,66d4bd8b-1c89-4a7e-a78f-d83a2b1dbeb6,3,
42aabe79-191c-4c0b-9510-f21f532af9f2,f85f5456-b9a0-44f1-a348-fdaa35cc7aee,ef4fb80d-54c6-4b81-84b5-7aa00e15a62b,2,
3c10e347-0ab9-4af4-b338-727e53c3de0f,f85f5456-b9a0-44f1-a348-fdaa35cc7aee,7608d90f-abb2-41e2-a585-c63e17ee3481,1,
38225a41-2dfe-4db8-8718-2bb8a1062f8d,f85f5456-b9a0-44f1-a348-fdaa35cc7aee,f752cbd4-4bf0-4f77-933a-e04a1ea07e2a,5,
5fd6d1bf-49b0-442f-a479-ec1a029f69e7,f85f5456-b9a0-44f1-a348-fdaa35cc7aee,96c9cdd2-83d7-474a-9a2a-785a608d55e8,2,
038cb48e-79f1-43ad-beac-c827165fe654,f85f5456-b9a0-44f1-a348-fdaa35cc7aee,c0fa6704-6f9d-4ea1-b7c2-74f8bf453a9c,2,
c274c4bd-a960-4c90-a597-a0322ca1923c,f85f5456-b9a0-44f1-a348-fdaa35cc7aee,3360e961-a980-46e6-816f-9bcffec0ec06,2,
da831d68-1512-4356-98ef-024db2beb1bf,f85f5456-b9a0-44f1-a348-fdaa35cc7aee,385d6a53-5354-4bfb-b290-bca8dbdb2718,2,
81e79515-4e6c-4002-a62c-a8eb3d48f1e7,f85f5456-b9a0-44f1-a348-fdaa35cc7aee,1987f2c3-b8b5-4fa2-a35a-311fc632176b,4,
7beee5b4-0b2b-4737-903a-80b55169b2d4,f85f5456-b9a0-44f1-a348-fdaa35cc7aee,d8670538-9e3d-46bb-abda-6ae3f688a09c,5,
fb905630-caa4-4add-9777-5d88f575e4c4,f85f5456-b9a0-44f1-a348-fdaa35cc7aee,eb4c56dc-4548-49cc-9220-4e0e96ab8d2e,1,
14ca5757-0c00-4753-81f5-ae492aa0316e,f85f5456-b9a0-44f1-a348-fdaa35cc7aee,1f91a211-662b-4049-b13f-9fed3426f2ab,2,
54c1db14-7666-4166-ad85-6ba0cf38a4b0,f85f5456-b9a0-44f1-a348-fdaa35cc7aee,8b460071-8d1e-42a4-b1a6-502c4918ad6b,2,
1bb84203-9c6d-43e9-99dd-c11c45007c92,f85f5456-b9a0-44f1-a348-fdaa35cc7aee,f37e0984-70c4-4e5c-8384-03145c1a1066,5,
dd4a1f95-dd22-4a8b-82da-68fa421ec576,f85f5456-b9a0-44f1-a348-fdaa35cc7aee,9e0be1e8-3c42-4bd2-b2f7-65f2443d7de8,1,
71c9bd8e-9449-4c6e-82ec-101adf0980fd,f85f5456-b9a0-44f1-a348-fdaa35cc7aee,0c8f4827-c1d1-4a3b-8429-0e15cb12962a,1,
445e4ee6-9d44-48ff-8bf0-8204b2a44b9c,f85f5456-b9a0-44f1-a348-fdaa35cc7aee,f391003b-b11c-44bf-8b8a-aa54c96fb1c0,1,
76261b63-6270-4914-bfae-b98533fa32ca,f85f5456-b9a0-44f1-a348-fdaa35cc7aee,e5630f2c-51d5-45ed-9ce6-af35c19612a3,4,
81f4d839-4aa6-4571-beeb-8c142c22b254,f85f5456-b9a0-44f1-a348-fdaa35cc7aee,415005ee-57ea-4046-8306-10fbd333f062,1,
f1458484-4481-4012-8990-4a484bbcbb2c,f85f5456-b9a0-44f1-a348-fdaa35cc7aee,302f75fe-ef5b-41a3-92be-901246472b58,5,
683cf012-df5f-4fbd-bed7-b461457edf32,f85f5456-b9a0-44f1-a348-fdaa35cc7aee,87616db5-4d05-42bf-8f22-46b86968ee02,4,
8270390d-ea5f-416a-abcb-bdaf40bc7275,f85f5456-b9a0-44f1-a348-fdaa35cc7aee,c18b1271-5585-415d-88a9-e2b042ae0142,1,
e217d73b-bfde-4b97-b041-30d495327dc1,53382196-d39d-4cdb-bf67-329d63784266,923cf9c0-0af3-4e19-bc0d-c12d195e0086,2,
e54d6e95-6068-4e52-8f7f-90b4120741fa,53382196-d39d-4cdb-bf67-329d63784266,eccc7610-0f89-4c9a-b94e-dbf29d13d24f,3,
df474fc2-3f7b-474f-b4c1-3e617c294ff4,53382196-d39d-4cdb-bf67-329d63784266,fc3e8d7b-92e7-4fb6-9290-7ef3025fc098,4,
bd3b0ed3-df3a-4c5c-b6cd-8782e07e91fd,53382196-d39d-4cdb-bf67-329d63784266,5b2a2571-eb5a-4cda-ad5f-197ffd2f7096,3,
1963bf2d-b2df-4376-a922-6c41d16a7e88,53382196-d39d-4cdb-bf67-329d63784266,052fe39a-3cc2-4225-94a4-aeea188a27ad,5,
fb302d71-b303-46c2-950d-d6cc378589d3,53382196-d39d-4cdb-bf67-329d63784266,0d4a19d4-3a94-4b15-b465-444f6e448318,3,
105d3469-ab32-4a78-921b-0ffb37a048e3,53382196-d39d-4cdb-bf67-329d63784266,aa373596-9cf3-4d1c-8793-5f9587df6a26,3,
d2b128cb-b6d2-4b0a-ab50-9308e2749f3c,53382196-d39d-4cdb-bf67-329d63784266,8d2d7702-4966-4bfd-8a3b-c8f9f5a27b1f,4,
fd2f2b97-61bd-4602-9d77-40cddf5153a9,53382196-d39d-4cdb-bf67-329d63784266,5849ece1-d443-47de-bd91-8e64f28df028,3,
5397f758-b55a-4f2f-a1ae-5ff2c7fe8fdc,53382196-d39d-4cdb-bf67-329d63784266,33c280e6-8e1c-44da-810d-fa3ae9d125d9,4,
747915e0-5693-481b-83d7-d64e5dd1b2d4,53382196-d39d-4cdb-bf67-329d63784266,877a6e92-cc4f-4388-9480-b93eb431362b,2,
8c17a3e8-69f4-464c-b5e1-7414915df1ce,53382196-d39d-4cdb-bf67-329d63784266,8744d6d3-ec97-4875-8878-e25ca48dc705,4,
683c96dd-a9db-4528-be30-cdbeecccc910,53382196-d39d-4cdb-bf67-329d63784266,63e1941a-ee73-4471-a57d-454aa9afe0f3,3,
8856038b-8ef3-41e8-b021-7d27d384eec2,53382196-d39d-4cdb-bf67-329d63784266,c8ecae6a-2736-4681-93e4-b1ab122acc19,5,
a61d5488-e7fb-4e3a-aa98-3d77e05a3460,53382196-d39d-4cdb-bf67-329d63784266,ab9ae0a2-414e-4ed2-9144-069a73ddbc96,4,
50163c28-9105-4524-9f59-70ea6bf57d31,53382196-d39d-4cdb-bf67-329d63784266,2a767dd9-c854-46a7-bf1b-8714385bafb7,4,
4a06b74c-846e-4116-b861-47af26c8641d,53382196-d39d-4cdb-bf67-329d63784266,3adb0d02-0c19-4c2e-92bd-9e965796e77b,1,
208a4066-2fb9-49cd-bada-1b5a0bd730ed,53382196-d39d-4cdb-bf67-329d63784266,ea79a9e1-3956-4f3d-aa20-fa66df566133,3,
ac654fff-3ab0-45e4-bbbf-087da72de142,53382196-d39d-4cdb-bf67-329d63784266,844bcc0c-3cb2-42da-8393-cf73d257b96f,5,
8e407697-4e2d-4194-afd2-b69dbfc36ee9,53382196-d39d-4cdb-bf67-329d63784266,bc4d1856-450c-488d-8cec-806823513014,2,
a2518aae-119c-41ae-b40b-1a7cea963a5e,53382196-d39d-4cdb-bf67-329d63784266,9ee08b8c-e4e6-40fa-924f-977705ecc4de,4,
5861afdd-1138-44f1-ab01-b53852e5d2ad,53382196-d39d-4cdb-bf67-329d63784266,7e3e4fe9-75c1-4923-bb4c-0bb74079324e,3,
576c25c3-8315-4ab9-a1dc-39d69a8702a6,53382196-d39d-4cdb-bf67-329d63784266,06646287-ad54-4143-a502-4987f35c64f8,5,
fe074345-889d-466c-b3a9-7dc14b9c030b,53382196-d39d-4cdb-bf67-329d63784266,9af6d555-2f38-4236-9595-9f1df3f373b0,5,
a8cb8a65-d56b-4086-af78-0df3fcaef307,53382196-d39d-4cdb-bf67-329d63784266,0dba0419-15c4-4cc7-910b-1ce16878c959,2,
3dd4ddbc-88a4-4ec4-b26e-73b8926ef5f1,53382196-d39d-4cdb-bf67-329d63784266,05c655fa-4bb2-4732-bf31-285db3f7fc49,4,
991aaa0f-9d41-4a21-b371-b0cf214d481d,53382196-d39d-4cdb-bf67-329d63784266,691f4291-4f0e-47dd-bba7-b8fa7cf36f19,3,
57ced769-2a63-4698-bb8f-75cb17f1cf24,53382196-d39d-4cdb-bf67-329d63784266,6ac90907-7b5d-45cf-baa8-a5c3530947fc,4,
8016cda8-45b6-4197-a474-5c0b6343a8e4,53382196-d39d-4cdb-bf67-329d63784266,afdf42e1-a464-4594-83fb-bb0149bd0923,5,
4013e7ab-8a75-426b-84be-92554a49cd13,53382196-d39d-4cdb-bf67-329d63784266,c96fa01f-939b-4d61-accf-b0cc84737a84,2,
1e1ada5b-3215-4942-90d5-d521ffa9a262,53382196-d39d-4cdb-bf67-329d63784266,e6d0a3b4-1f16-413f-a20d-1352ecdc69b4,5,
1ed4cc37-cf35-405c-8421-17e960a12f4d,53382196-d39d-4cdb-bf67-329d63784266,98900a28-7df9-470a-b372-8c407bbb7ff0,5,
c5223021-a870-44e5-a435-db84bb21639f,53382196-d39d-4cdb-bf67-329d63784266,50d0b9bc-2b9a-40c0-a6d2-68bca33c9727,4,
6a82cd6a-9f13-4c22-bae4-c25c47bbdaf6,53382196-d39d-4cdb-bf67-329d63784266,9a3d0ad1-72e3-4784-8a3c-c935c62076e1,2,
c8daf21d-d9d1-4adb-810a-17501c319a30,53382196-d39d-4cdb-bf67-329d63784266,146d99f8-89ae-42b0-83de-4a1aa8875e5e,3,
119a4f76-af96-4060-8d15-294c29164f8e,53382196-d39d-4cdb-bf67-329d63784266,dd6886d1-6bd5-458d-9009-6ba9495172a3,2,
67831428-9552-49f5-a9c4-c001aac02948,53382196-d39d-4cdb-bf67-329d63784266,ebbe7dff-e92a-460f-8e80-08e5b8a282ba,3,
c429c829-a80b-4962-aff2-6c1a9914cbc8,53382196-d39d-4cdb-bf67-329d63784266,2d409c01-5f44-44be-86c1-8c3ce8356bf4,3,
f43c4970-98b3-4565-ba93-171222b2157c,53382196-d39d-4cdb-bf67-329d63784266,084aa2a7-a063-4b7c-8ede-a4ace009136c,3,
bbf67736-26a6-471f-bf73-7735ae9116d4,53382196-d39d-4cdb-bf67-329d63784266,8534c052-ffe8-4465-8df3-eae4c6c407ca,1,
a0fc629c-bac4-4412-9ce3-37edebfd3314,53382196-d39d-4cdb-bf67-329d63784266,e6da7fd8-8001-4579-a314-05f7108a05b3,4,
81348432-3784-4025-83cd-7ea460816c27,53382196-d39d-4cdb-bf67-329d63784266,658e00cb-63be-480e-9466-5c5613d49312,1,
caae38cd-6559-4e5e-b275-257ff0ff461c,53382196-d39d-4cdb-bf67-329d63784266,b9a7d5bb-5457-4729-aeca-d98dfd90a785,3,
9f4e6f89-e45a-46b1-9ce0-bf7f2834aabf,53382196-d39d-4cdb-bf67-329d63784266,bbddc622-6918-499e-8299-c1180fd17476,2,
be311bf9-0518-4f31-8b93-aee17fc898f1,53382196-d39d-4cdb-bf67-329d63784266,5cf27856-599a-40b7-ac5a-d22323cf7329,5,
a3dcb1c2-3073-44ef-a6b2-7ea6cf61b47d,53382196-d39d-4cdb-bf67-329d63784266,cc5b54ee-a9af-46b0-a468-e54567659321,3,
947b4e10-3173-4031-824c-10c8c9f93fbc,53382196-d39d-4cdb-bf67-329d63784266,444e9614-50ff-4c9c-9d72-95ec4e679bdd,2,
edae26cc-3f4c-40ed-a21b-939782fd397c,53382196-d39d-4cdb-bf67-329d63784266,cc48a793-a82b-4edf-87ed-92ad2cd88773,4,
d9a56ffb-e953-4b69-86ec-aa32292d430e,53382196-d39d-4cdb-bf67-329d63784266,c6b4d81d-7d09-4a11-bb89-c134aa2190a3,1,
266652a8-51b6-4325-aa2a-ed9652255faf,53382196-d39d-4cdb-bf67-329d63784266,0b2187c9-52f0-41ad-810d-01b4d458e9f0,5,
62277b41-c4ad-4da7-9c2b-df19670bd189,53382196-d39d-4cdb-bf67-329d63784266,7aaebf6c-d335-4d82-bd7e-1ac615562150,5,
44dc429c-d942-43e1-a7a6-971564e3a6f6,53382196-d39d-4cdb-bf67-329d63784266,138a5c3e-a855-4e52-9e4e-90ac7c676313,1,
eff7d408-87e7-4b97-b893-e7ac8ed61b60,53382196-d39d-4cdb-bf67-329d63784266,aa035cf2-45b4-417b-8dcc-187294c91eba,2,
abde2bbd-7c54-4aa7-853e-a03e82aafcf9,53382196-d39d-4cdb-bf67-329d63784266,ac5011ca-15ef-4d33-b812-4ed99e8f4f8f,1,
7522b090-0cce-46d5-802f-438008f1a137,53382196-d39d-4cdb-bf67-329d63784266,b45b8a5b-3198-4ee6-aa0b-3e986439951c,3,
b191fc65-87ad-4c9e-8131-cfee95e3c45c,53382196-d39d-4cdb-bf67-329d63784266,db598064-f02f-41c5-97bc-b67a8ad69f83,5,
b449554a-6413-4a91-81a5-603c6dbc7624,53382196-d39d-4cdb-bf67-329d63784266,2bc08c56-bae7-4503-8234-7302677a6c3d,3,
69cdea77-d992-426a-8c5f-4736bead7885,53382196-d39d-4cdb-bf67-329d63784266,2a16ccce-a03d-4778-9f75-0a046db251ac,1,
dbc288b6-b095-491d-a120-c73c71b56cdd,53382196-d39d-4cdb-bf67-329d63784266,5215f283-c5ba-4ef9-a59f-92c1de3597ab,5,
0ff4be15-2c5f-49ab-9200-762d7a927a94,53382196-d39d-4cdb-bf67-329d63784266,02f2d15b-f30d-4163-bc80-65c9414f30b6,3,
fd623d56-6815-419b-a55a-234fab50a375,53382196-d39d-4cdb-bf67-329d63784266,5316c52c-ac1b-4220-9391-45fe1464e309,3,
d45a17dd-4fca-4c7c-8d7a-5826ca04f334,53382196-d39d-4cdb-bf67-329d63784266,a48aab86-7158-4783-a81d-59ad2be6b767,4,
2ca76b5a-e6a7-4068-b8b9-5ec5a470b399,53382196-d39d-4cdb-bf67-329d63784266,1dbe00b6-6d98-480e-95bf-a877fe23d577,2,
2951b86f-8647-4d66-aaa4-be37ee846e71,53382196-d39d-4cdb-bf67-329d63784266,8ff82859-a250-4874-beee-c323fd9ca08c,5,
ad5057ba-6663-43ec-9eb5-8efcd2204e93,53382196-d39d-4cdb-bf67-329d63784266,a4991a96-63fc-4e42-b91f-fbaaa9ec9d5d,4,
54745151-e10d-406c-bf81-9e2443554c8d,53382196-d39d-4cdb-bf67-329d63784266,de9dab4c-75ce-4c2e-b678-063ad22a345a,2,
56cf36f8-108c-4dac-8379-3ebf46086c0b,53382196-d39d-4cdb-bf67-329d63784266,115fc097-5d63-461c-9ff0-6811f08985e3,5,
a0234114-cd97-46ca-9554-d09ca546355e,53382196-d39d-4cdb-bf67-329d63784266,db4a3bae-7152-4d5b-ace7-daa0f4047908,2,
3e540622-6889-416d-ae65-3036eabca715,53382196-d39d-4cdb-bf67-329d63784266,cb778536-3940-489d-b2f6-322ed8eb5426,3,
f1d13ae0-47cd-4d44-b903-14d96bfd7383,53382196-d39d-4cdb-bf67-329d63784266,25951b8c-03a4-4683-b97e-15172fae038d,1,
ea2e7eaa-372a-4e42-9b77-be75b1f6690e,53382196-d39d-4cdb-bf67-329d63784266,5b605aad-b264-4267-8905-22cfada89130,5,
ef60a08f-6fca-4442-a48b-eb536a623757,53382196-d39d-4cdb-bf67-329d63784266,00765231-1165-4cdd-9ecb-5920efc5dd61,2,
a362d66e-ee34-402a-b43a-b4236571ed51,53382196-d39d-4cdb-bf67-329d63784266,b2a6e273-1ad2-4352-a2b7-a2d9ea28cca7,5,
0fd181fd-4bab-44d3-8fb2-aa793a7b90d8,53382196-d39d-4cdb-bf67-329d63784266,c64fcd92-7993-4117-b2d5-e604468c5b6c,4,
357bdbb0-374c-4d33-bc3c-e540a67d761b,53382196-d39d-4cdb-bf67-329d63784266,e5c1e3f0-258a-40c1-b9d6-07d1c796039c,2,
4404004d-d7a6-4b29-b6c5-2032dbc0c010,53382196-d39d-4cdb-bf67-329d63784266,5785a1d5-b2a1-4949-b9cc-d010a84fa304,4,
81c65bf6-84a0-4d74-aff2-c151f774a1b4,53382196-d39d-4cdb-bf67-329d63784266,fbb6b2f2-6e69-4fee-8e4c-894ac991dcf8,5,
a035ae74-214d-4b4a-8444-bbcbe248f768,53382196-d39d-4cdb-bf67-329d63784266,dfd8af01-cc48-4206-8654-e63b4b6a9c72,3,
379b07ce-ae10-44c3-bc27-c52dcd570528,53382196-d39d-4cdb-bf67-329d63784266,41efb6ad-88fb-474d-84ee-492b2d5ec9f0,5,
7ffaf332-dc3f-4e7b-a3dc-f56b4bbd28ec,53382196-d39d-4cdb-bf67-329d63784266,1e950950-bc0e-4c69-878c-facd9784fb3a,4,
f23ad51e-b881-4baf-9aae-9c8052d20f01,53382196-d39d-4cdb-bf67-329d63784266,302f75fe-ef5b-41a3-92be-901246472b58,2,
35409dd1-a8eb-4766-be47-c4ab97675684,53382196-d39d-4cdb-bf67-329d63784266,b2a8edc2-af73-410a-b2c3-9760210ef7bb,5,
472b4846-f1c1-4062-b48f-631741a654e3,53382196-d39d-4cdb-bf67-329d63784266,3c23092a-ba91-41d1-a7fd-f084bacb25c8,1,
58beef10-1c3b-436f-8fe4-376f874ed901,53382196-d39d-4cdb-bf67-329d63784266,589bc712-cbed-4237-8914-81815c997f5c,2,
ca69e9c9-70c0-449d-b01d-1cf2ab1c0f01,53382196-d39d-4cdb-bf67-329d63784266,c610bbba-0987-4200-b571-122157e15988,4,
f544925f-dd3a-4bfe-8d0d-a426e6cf9952,53382196-d39d-4cdb-bf67-329d63784266,534dcc78-9b6c-4382-86de-0709a7c9ee76,1,
e3dc05d3-4543-47f0-b59e-b764c58183bc,30a151b3-a5b4-4cbe-b812-9d1c19d15a4f,7d3e30d7-b41e-4cc7-870c-190e1c2e4183,3,
ca7e1130-c6bb-49ca-8a7e-b3f93f94189e,30a151b3-a5b4-4cbe-b812-9d1c19d15a4f,bafccd42-51ef-45b5-a444-a7f558057d05,1,
52ff7ec8-a3d6-43f4-ad68-458f789857c3,30a151b3-a5b4-4cbe-b812-9d1c19d15a4f,d1bbf6d7-d82d-44ce-a2ac-215360707313,4,
45b480cf-5ea1-47e7-972d-7632ba212655,30a151b3-a5b4-4cbe-b812-9d1c19d15a4f,03465ee7-c70e-415c-b155-99e579cb256d,5,
1e41efc0-5b46-4826-9058-04b4efa6f344,bf063920-930f-4dc4-b2db-dcaf7b96f153,d5f86edd-87bb-48b7-b7d9-22e6b2b9dbae,1,
1fab0010-24d9-4c69-9a5f-32364eaab141,bf063920-930f-4dc4-b2db-dcaf7b96f153,27699998-ce36-4e31-ab28-347e127a5072,3,
da02ccae-2d84-400e-b6cf-5ddd20a62cbb,bf063920-930f-4dc4-b2db-dcaf7b96f153,9b07a89e-1403-4ceb-b23d-efe790e67fb1,2,
405f58b0-e15f-4640-8b0c-3afe7633fa39,bf063920-930f-4dc4-b2db-dcaf7b96f153,dfa009f0-5e38-429e-afc3-cac2a252a6d3,4,
30bfc59d-9be6-4d0f-be4f-05f6a3aa9956,bf063920-930f-4dc4-b2db-dcaf7b96f153,4902497e-ea71-4083-99fc-58d5e0bbf477,2,
91b53852-d6e5-400f-8861-7a77a88d958d,bf063920-930f-4dc4-b2db-dcaf7b96f153,d176e190-81ea-49ac-a667-472341297fcc,1,
0be1cc97-fbb3-488d-a41f-1e8fdf08e618,bf063920-930f-4dc4-b2db-dcaf7b96f153,2347bbd6-d993-48d6-862c-eca6e2d9dc11,1,
0c0ccf5e-3ea4-4dab-8f56-255fc56f8ce0,bf063920-930f-4dc4-b2db-dcaf7b96f153,d2c89e41-c973-44c7-b255-8a3e41d55adf,4,
e7553295-67d7-467d-b781-05297cf1f3d0,bf063920-930f-4dc4-b2db-dcaf7b96f153,ae18c85c-6a79-4066-9286-08ea609496ad,2,
b6d40369-2012-4b86-bf19-d635be41ed2b,bf063920-930f-4dc4-b2db-dcaf7b96f153,19c52b68-dbaa-4e3c-8fb6-24c0b98e720f,2,
98b835f8-fbb3-48d0-b643-9dbc827517e2,bf063920-930f-4dc4-b2db-dcaf7b96f153,cff00695-eec1-4edb-9ebc-ca77303aeed3,3,
7feff186-fa45-43e1-9279-189cae0b6b1e,bf063920-930f-4dc4-b2db-dcaf7b96f153,178fec1f-01bb-4fe6-a097-5a1e0ed243ec,4,
d5366b03-1f30-4362-b38d-5ce73aed7267,bf063920-930f-4dc4-b2db-dcaf7b96f153,fc5b90e0-1eb0-433a-8e20-447d82e9635a,3,
a0ef86be-606f-4942-8e6f-66147c420770,bf063920-930f-4dc4-b2db-dcaf7b96f153,18e01c67-bfed-496e-be78-0e89cbb63a50,5,
3d9f8676-551c-4c61-b004-3b893360f63b,bf063920-930f-4dc4-b2db-dcaf7b96f153,7f15918a-4b00-42a3-bb9f-9c128b510b88,2,
d0fa8129-ef5b-4cb1-8db9-23ec5bc56216,bf063920-930f-4dc4-b2db-dcaf7b96f153,54970902-3a64-4186-9a81-23f788794745,5,
c5b8b026-baa8-4f58-9348-1a82a120241e,bf063920-930f-4dc4-b2db-dcaf7b96f153,169e683c-aabe-48d0-a45e-5372ac969840,2,
323afc0b-ff80-4d9e-8c27-43d58d97e805,bf063920-930f-4dc4-b2db-dcaf7b96f153,314b0d9b-3dc8-4633-9a75-f046f336b4db,5,
d9efdd14-406c-4a07-bd28-e513d4f2b159,bf063920-930f-4dc4-b2db-dcaf7b96f153,4a3e0b10-de7d-49f2-8003-8adfde1ac8e0,4,
e9d0543b-b20c-407c-b32e-2af72a887aa7,bf063920-930f-4dc4-b2db-dcaf7b96f153,35699b61-2d80-4602-9d32-ca794e7893b0,3,
470679a7-07aa-48c3-a2b2-6762a4c616d9,bf063920-930f-4dc4-b2db-dcaf7b96f153,9ed53466-d8bc-427d-9ce9-6264c5aebb2f,1,
32b2cd07-5e0a-4dc0-a1a3-475338a350d3,bf063920-930f-4dc4-b2db-dcaf7b96f153,43ab0d7b-0d49-41b1-9118-03243127997f,3,
316b61d6-a979-41eb-9fa9-72678b653516,bf063920-930f-4dc4-b2db-dcaf7b96f153,8d6149b8-e3d4-4311-a1bc-0fff2d519164,3,
30aa363b-cd79-407d-96e5-852d3b5a2e3c,bf063920-930f-4dc4-b2db-dcaf7b96f153,8466498c-ad00-4112-b2fa-9f846fef234d,5,
d437da3d-58ee-408c-8f0e-3282ce227683,bf063920-930f-4dc4-b2db-dcaf7b96f153,a1530dcb-9f68-4403-a72c-f52aaf1ee4ed,2,
a2159bf8-b113-4e02-933b-761425b9b4aa,bf063920-930f-4dc4-b2db-dcaf7b96f153,ede2b211-4428-4495-927a-c9816d481199,2,
3a72c5d0-4653-4449-8a75-55359b6b4047,bf063920-930f-4dc4-b2db-dcaf7b96f153,68647e71-5edd-41c0-8e70-266578cdcfc6,3,
fda68e59-1ade-4d51-8352-f6c375f72161,bf063920-930f-4dc4-b2db-dcaf7b96f153,1207efc9-3928-438c-99a5-74214b1d8bcc,2,
20caf651-1690-4288-b445-d9ce8dba17fe,bf063920-930f-4dc4-b2db-dcaf7b96f153,70ceb016-ac73-47f4-a993-111d114c62c8,1,
46221795-129b-4864-a3dd-8c671840f642,bf063920-930f-4dc4-b2db-dcaf7b96f153,5f118433-25a1-402c-8c20-57b6580039c7,2,
97c3a19a-5d43-4853-b3a9-7b3f86573baa,bf063920-930f-4dc4-b2db-dcaf7b96f153,5e37c508-a784-431d-9b52-8708c7d81a76,3,
32c0a546-e365-4fd5-a963-97c7f2be2c87,bf063920-930f-4dc4-b2db-dcaf7b96f153,7ed28127-aa0e-4ed0-85a8-6b82a54bf538,2,
6622e501-6679-4464-b676-6fb9d7091e6e,bf063920-930f-4dc4-b2db-dcaf7b96f153,f3328f1d-3a77-4afd-b092-614f8be3a42b,1,
f74a4c27-8a95-4136-a96a-12b95b94f820,bf063920-930f-4dc4-b2db-dcaf7b96f153,f716b654-436f-4c12-8f63-bbb57d39923a,4,
0166d99b-2829-42c2-8952-3d3d6ef14807,bf063920-930f-4dc4-b2db-dcaf7b96f153,4ac9d266-c246-4437-8112-d63474d7610b,4,
a01c0ff8-8ffa-4ec8-816a-cd8870de2be1,bf063920-930f-4dc4-b2db-dcaf7b96f153,8f3c2aa3-1d4c-4b40-ab4e-3487f44f22b7,1,
935756fe-7662-41e2-a9bc-e46d68eaac0d,bf063920-930f-4dc4-b2db-dcaf7b96f153,e6c0ffa3-e2a1-43ed-9d54-a95d8e245d26,3,
20de857a-19c9-4f4a-b280-22fb17cfe2cf,bf063920-930f-4dc4-b2db-dcaf7b96f153,3f084669-7359-47ec-87f2-4b57eb0cde8c,4,
11bf14bf-301d-4076-b656-227a2c4cdd00,bf063920-930f-4dc4-b2db-dcaf7b96f153,64603c79-09ff-4a03-9151-3f4df624be1e,5,
c42b3ea1-2ebf-4c28-b345-445aa0b6a18a,bf063920-930f-4dc4-b2db-dcaf7b96f153,bf73732a-7192-43f6-9074-f4e71facbf93,3,
f42dfc45-2676-450b-b9de-4f5c8ab2397d,bf063920-930f-4dc4-b2db-dcaf7b96f153,b8cc6f52-52fd-423d-be48-62fbb34f3548,2,
7bc5cea2-76ca-409f-8335-17dbd3df9004,bf063920-930f-4dc4-b2db-dcaf7b96f153,0dce7f8a-ce69-4310-ad26-80638690417c,2,
728d0917-3705-4a8d-bb72-92d9f14f3381,bf063920-930f-4dc4-b2db-dcaf7b96f153,cc193b13-7d80-4839-8efe-028f2b4c1641,3,
2f98af29-a549-4016-8fef-26a7a3745373,bf063920-930f-4dc4-b2db-dcaf7b96f153,822dae85-a083-48bf-b0e5-8136ed80d03a,4,
d0ce2731-278e-48f0-a9b0-d682a72f0d2d,bf063920-930f-4dc4-b2db-dcaf7b96f153,ae985899-e567-4161-9265-0217edbba164,1,
7c8a25a3-2ec3-4e58-96a0-e0b56ed3d605,bf063920-930f-4dc4-b2db-dcaf7b96f153,a883d77b-80c2-452e-8f20-e54901432bdf,4,
81de13fc-ff52-41f3-a51c-598f42eb9c20,bf063920-930f-4dc4-b2db-dcaf7b96f153,757205af-5938-4684-9452-3b3f097b086e,1,
ad2b8f8f-5f7e-473c-bd88-dc74918988b5,bf063920-930f-4dc4-b2db-dcaf7b96f153,a39f56d6-bdca-4a38-9897-26ffc06e6314,5,
fa3bd5ed-3a22-4066-9aaa-d2ae9ef91e2d,bf063920-930f-4dc4-b2db-dcaf7b96f153,d1f6554f-bee1-4ac7-aa73-2c25fec0003b,5,
f5a51b02-699c-4abf-8fa3-21e15c4d03dd,bf063920-930f-4dc4-b2db-dcaf7b96f153,073da496-47f3-42ec-aab4-05794f18f421,5,
2fd3a95e-9cf5-4859-91e0-ba8b47bef20f,bf063920-930f-4dc4-b2db-dcaf7b96f153,e307d782-0150-4f33-bcaa-7e3010e95e5b,5,
e30293f0-13d9-470b-bbbd-42aa417b8ffa,bf063920-930f-4dc4-b2db-dcaf7b96f153,eef38a7c-00ec-481c-8f27-3e19813fc534,4,
b4a63833-2c2b-48af-a6ea-de2811b03b93,bf063920-930f-4dc4-b2db-dcaf7b96f153,59bc383e-9c53-444b-b2cb-f054ab9d8cbe,2,
796172ff-aeb8-4317-86dd-c5ebd3181fa5,bf063920-930f-4dc4-b2db-dcaf7b96f153,4eccbd43-0376-4841-bf72-aba49c77d83b,3,
e37c8347-3e07-40b3-905f-ceccf6ce01dd,bf063920-930f-4dc4-b2db-dcaf7b96f153,7429570c-d11f-4683-8a7c-77ec84a1b73c,4,
ad48f527-441f-415e-a316-2d4896a94251,bf063920-930f-4dc4-b2db-dcaf7b96f153,eeafa7a7-adf8-4534-9a83-046b81ad085f,4,
2d89b089-62f6-4f7d-b68e-46352cf3f00d,bf063920-930f-4dc4-b2db-dcaf7b96f153,8b7aa716-731a-49a9-a914-da47227e3657,5,
86a31d1c-1064-40d2-b289-3913175f5d6b,bf063920-930f-4dc4-b2db-dcaf7b96f153,ae5ddab2-4edd-4e5b-8092-db64a41e8cbc,3,
fa3e8548-2426-4ea4-a9cd-737ec42957e5,bf063920-930f-4dc4-b2db-dcaf7b96f153,3fbfe8b9-17e6-44ab-a890-5d40ec7c4158,5,
d0b3cb80-a826-4e24-908e-683aee041c6c,bf063920-930f-4dc4-b2db-dcaf7b96f153,85e47141-f17a-426e-a31c-b1b26547ff95,3,
83d9a2dc-5a85-45f8-ad71-67594313ace7,bf063920-930f-4dc4-b2db-dcaf7b96f153,a4f51b69-8e0e-4d8f-bc0b-b305b6dc4eeb,2,
4aa851cc-c88d-487a-b303-d56934ff74a0,bf063920-930f-4dc4-b2db-dcaf7b96f153,df6a0ecb-94d9-4314-ad71-72dfb12c89e7,1,
b161f67e-e69f-4fd3-8afe-afb50cec1b7f,bf063920-930f-4dc4-b2db-dcaf7b96f153,f0eb5d5f-ad00-4002-9010-b3fa71aaeda6,3,
e67ae9ba-162f-4862-a29f-21bc18bd75c3,bf063920-930f-4dc4-b2db-dcaf7b96f153,a1528950-ce11-4b09-afd2-5a387bfa41a1,4,
5d24b593-a803-45c8-9a20-1e664aafc683,bf063920-930f-4dc4-b2db-dcaf7b96f153,26038382-879a-463e-ad49-5a133d0a1ccb,5,
2e565741-4d94-4cc7-8e6c-3d631e2d1f18,bf063920-930f-4dc4-b2db-dcaf7b96f153,e2bec959-42e2-4203-beb0-8236b1802f6a,4,
27c40d8f-e45e-48d7-9f24-51eb9336a23e,bf063920-930f-4dc4-b2db-dcaf7b96f153,fa615139-f3c8-4ec9-b3ab-c0f0af5ffece,1,
0ce36f57-461e-4102-ad9f-7973235b94f6,bf063920-930f-4dc4-b2db-dcaf7b96f153,a10d2a8b-4019-4c25-8092-ebad089a0a9e,5,
2ff13a3d-8517-427f-bdb5-fef4b3ef5e47,bf063920-930f-4dc4-b2db-dcaf7b96f153,8dcb902e-9530-4698-bd88-fa64f7dbbb7f,3,
ee4ade7a-0456-43c5-a7ae-2628bd792140,f0af6476-27ea-459c-8bf4-fb2751570be6,cf71b3ba-d58e-41dc-97f8-bf1bf413a4e7,3,
b65f91fa-ff42-4a8d-b763-7e2994c58b7c,f0af6476-27ea-459c-8bf4-fb2751570be6,668d1b22-b28e-44eb-b174-ff885a68e928,4,
5d164414-8efb-4f1f-b13a-0f41b50c7071,f0af6476-27ea-459c-8bf4-fb2751570be6,7ed88612-434e-46a0-9875-7da0c95e5046,3,
e5cfe452-9bf6-4c33-bba6-d36791b68d1a,f0af6476-27ea-459c-8bf4-fb2751570be6,10cd0665-87e3-41db-994f-e6590adac7a0,4,
afbfe71b-07ff-4260-9b03-a40ee76240dc,f0af6476-27ea-459c-8bf4-fb2751570be6,d2c89e41-c973-44c7-b255-8a3e41d55adf,5,
01a80f49-3863-41f1-98ee-94dac6784f6c,f0af6476-27ea-459c-8bf4-fb2751570be6,1c746b68-3a0a-406c-876e-0b1946a8c275,1,
86ecc439-bb14-4352-98ed-5f613d51de91,f0af6476-27ea-459c-8bf4-fb2751570be6,5893cff2-93fa-498e-ac87-97bae73136be,1,
39934582-cbd0-4f4a-978a-2df8503ea195,f0af6476-27ea-459c-8bf4-fb2751570be6,2c437599-fe30-4ac5-bb26-0d44206191fd,1,
c14e35c6-468b-4fb1-94f1-c5b3814e0996,f0af6476-27ea-459c-8bf4-fb2751570be6,1515b228-5e9b-4980-8bf0-8d825f963ecf,4,
38bd02a6-8ac1-4008-9a7a-01e8291509cd,f0af6476-27ea-459c-8bf4-fb2751570be6,9a568ea6-c0ea-40fe-9b20-35dc840fcbfd,4,
10b8f5e2-3cf6-4fac-99af-40249c1a1488,f0af6476-27ea-459c-8bf4-fb2751570be6,d296ca5e-a6ae-460b-9097-07e95434d889,3,
202910f8-d781-481c-b1fc-23a2003122ac,f0af6476-27ea-459c-8bf4-fb2751570be6,c79115e2-e905-41c2-af62-a923b2a185d2,1,
6dde474f-1943-4e77-b183-43b2573d6d3d,f0af6476-27ea-459c-8bf4-fb2751570be6,a4fe6284-39f7-4395-a52f-a421e43c5955,3,
ff3aac36-74eb-46f2-b021-bb592f10d443,f0af6476-27ea-459c-8bf4-fb2751570be6,9d7f2a94-9ac8-49ee-8973-df21a4c4baae,2,
b17b73a1-9aaa-4449-bcef-ab633894cba5,f0af6476-27ea-459c-8bf4-fb2751570be6,1c9d2328-2d77-4cb4-b672-62daacedc415,4,
a7deef98-986c-4ee7-ab03-9d1e1c0615d7,f0af6476-27ea-459c-8bf4-fb2751570be6,2b34a1c7-eccc-45f1-8233-cff1280567f2,4,
0ac5f5cf-994b-4dff-a0c3-4f64e88573a7,f0af6476-27ea-459c-8bf4-fb2751570be6,9895338b-2888-4393-baff-79480510664c,2,
53459046-149c-4ee8-998f-ba2544c9de11,f0af6476-27ea-459c-8bf4-fb2751570be6,6fc8bf75-5a2a-4a2d-9373-353aa5745090,2,
6bc1a236-463a-45f5-af96-32d58c1e43fb,f0af6476-27ea-459c-8bf4-fb2751570be6,173ca914-3441-45a5-9b1c-e98f8f3bd907,2,
d29a8812-ebc6-4b31-9d50-bb51cafba5d0,f0af6476-27ea-459c-8bf4-fb2751570be6,e685fe68-9bb2-48cc-9a28-4607f8f987ee,4,
9675564b-a89c-4375-b83c-934901576790,f0af6476-27ea-459c-8bf4-fb2751570be6,7608d90f-abb2-41e2-a585-c63e17ee3481,1,
eab22c5a-5fae-4491-82da-007ddfc600d7,f0af6476-27ea-459c-8bf4-fb2751570be6,08f0d77c-ae4d-4ad0-8b20-2a43e58effce,2,
8a59b2ae-fb71-4a26-8ca3-78b173553752,f0af6476-27ea-459c-8bf4-fb2751570be6,4664bc12-4cf8-4d2a-aa28-3f842fecfe22,5,
15831149-dfaa-4228-afe2-278540f2c5ad,f0af6476-27ea-459c-8bf4-fb2751570be6,6aeb09ce-da17-49c8-be78-8068aa04c21f,1,
2ac54fe4-f450-45cb-8137-b573dee4ac40,f0af6476-27ea-459c-8bf4-fb2751570be6,161027e2-6277-48ec-90de-b5b013b6ed7f,1,
e43d875f-73f2-4d3a-bc63-a54c0ec6474d,f0af6476-27ea-459c-8bf4-fb2751570be6,6bab11d9-d7fb-403f-9be2-fa367e87003a,5,
e3374bcb-475d-4391-8d31-2649d3745207,f0af6476-27ea-459c-8bf4-fb2751570be6,c38be31e-f006-43ad-b854-f6376797e817,4,
f51a39ba-8c40-457b-b8ab-7cf9a84a174c,f0af6476-27ea-459c-8bf4-fb2751570be6,65f794d8-bfab-4581-b27b-af3cd4a6c747,4,
f8d40b2a-571e-42c2-9349-58f6fdc9d4d0,f0af6476-27ea-459c-8bf4-fb2751570be6,c5aa3782-8957-4947-a020-59fcecaebbd8,4,
2976ff67-e97f-4c1e-9a4e-35367137006b,f0af6476-27ea-459c-8bf4-fb2751570be6,4b912a20-728d-4fbc-9bc8-92a1f0341571,1,
8ae1a7ee-48d1-4adf-98d5-48a4ff8c6465,f0af6476-27ea-459c-8bf4-fb2751570be6,4081194c-f72d-4e8d-bcca-0dd75c6bc121,4,
f022d3bc-d521-4c68-aa88-7471d75babef,f0af6476-27ea-459c-8bf4-fb2751570be6,ab1f23e1-4017-4a3f-a5de-e07db1302def,2,
9b828321-3bba-4850-94e2-62d7347ee4a7,f0af6476-27ea-459c-8bf4-fb2751570be6,a38889e0-86c4-461d-a144-0c7e5cc93013,4,
e854b633-a17d-4912-bdce-a495eff397ac,f0af6476-27ea-459c-8bf4-fb2751570be6,b3c78caa-af03-4a91-9e1d-385c5a60aec9,5,
1a52df27-8c37-4c3f-9f95-61b1705b2af1,f0af6476-27ea-459c-8bf4-fb2751570be6,4a948672-2a8d-4272-a54a-acf5e262064c,3,
e7c97ae3-816d-414f-a777-d6fa243b630b,f0af6476-27ea-459c-8bf4-fb2751570be6,789772ad-aded-46c5-adb3-176cf8a4ca63,4,
8dea163b-7f97-4982-929d-73e3e4dc4bc0,f0af6476-27ea-459c-8bf4-fb2751570be6,8caa7e11-b08a-4632-a87b-a61b70ecb4c6,3,
d4dbdc4c-7251-43d9-bd70-32632e81f467,f0af6476-27ea-459c-8bf4-fb2751570be6,2a96c771-f01d-4ba3-9f22-3bc5f4be2c40,3,
7f815053-be76-4280-ae12-de5ea92fee38,f0af6476-27ea-459c-8bf4-fb2751570be6,7ac421e4-5e02-47cc-a06b-c5462898a1f1,2,
998d3b2e-e05f-42bb-a39b-bca6d71ca631,f0af6476-27ea-459c-8bf4-fb2751570be6,9b471f5c-fa5a-4be7-847e-7869f090936a,4,
5d7803fd-de34-46f5-8047-9c6f3403c51d,f0af6476-27ea-459c-8bf4-fb2751570be6,624fb2e4-272a-420e-94da-cd91d00af85c,5,
36929452-10b0-4b8f-81ce-a6d77cb9324b,f0af6476-27ea-459c-8bf4-fb2751570be6,a2b61de0-7ade-4879-b671-9b0abf0a2910,1,
b31f4384-0060-4878-82f8-3be9d09b384d,f0af6476-27ea-459c-8bf4-fb2751570be6,8c4496b5-1595-4ac7-8129-d9383a699fa3,5,
444641c2-4ad7-42d2-9202-00ab4e006910,f0af6476-27ea-459c-8bf4-fb2751570be6,4e52e6c8-9354-4b27-b2cb-691a66026457,4,
3211ebb9-f81d-4678-aef8-5a272d62b5ad,f0af6476-27ea-459c-8bf4-fb2751570be6,c034dcc0-efdc-4924-b2e3-d22a8c3d1db8,1,
99cbd08a-49f1-447f-8a90-cb09d1c409f6,f0af6476-27ea-459c-8bf4-fb2751570be6,3c63676d-882b-4658-8d76-23175b57004d,5,
18691fcd-ce7f-4b12-80d1-d95bd3340ba2,f0af6476-27ea-459c-8bf4-fb2751570be6,c45dadbf-09f6-41d6-9524-e7f39b3ad1a0,5,
db6921c4-8062-487c-a3b1-31806ba37cd7,f0af6476-27ea-459c-8bf4-fb2751570be6,971911aa-31f9-440d-85a2-6e0cbfe053b2,3,
ebf8a575-a6f9-4f1e-9b66-2c51b84a7c8f,f0af6476-27ea-459c-8bf4-fb2751570be6,307e1262-4d3c-4430-bbe0-7e1d217c46b7,3,
4c1fb9ae-f4e6-46aa-9094-2cf769182c0c,f0af6476-27ea-459c-8bf4-fb2751570be6,0dac43fc-6f6b-427f-969e-aa82622f19e2,2,
f6f98240-7450-4f21-a9be-ae7557f84513,f0af6476-27ea-459c-8bf4-fb2751570be6,5f9066bd-9813-4682-a60e-c10435e31b1c,2,
f26d8cdc-ee23-4f8e-ba2a-82beb563bff7,f0af6476-27ea-459c-8bf4-fb2751570be6,6e37d4a9-11d6-4c31-9dfd-945709c9961e,3,
5b167c91-d126-4764-a5b9-1554a360ab3d,f0af6476-27ea-459c-8bf4-fb2751570be6,1df07696-a9cb-4ff5-9798-8d4cef4adf0d,3,
1992c377-3cf4-437a-a4d6-59cdde2005dd,f0af6476-27ea-459c-8bf4-fb2751570be6,40aac1a0-346d-4765-bc1e-d48598b74c38,4,
c6c065c9-8ca0-44b2-ac1d-b043e92021b0,f0af6476-27ea-459c-8bf4-fb2751570be6,8cf33a6f-08a3-4934-bd02-7c76d71a1d30,5,
cfb510fa-2e71-4fff-8b6a-4c5d7b7eada0,f0af6476-27ea-459c-8bf4-fb2751570be6,52669438-feb5-4ac8-b311-a19f165a4d49,5,
32d33679-7187-455a-9ec0-7d0ef8182941,f0af6476-27ea-459c-8bf4-fb2751570be6,f0d12986-d97d-4e63-a8c2-48af00b66c10,5,
ae494ef3-b0c9-4e12-80be-a948882faec3,f0af6476-27ea-459c-8bf4-fb2751570be6,faec749b-22e6-4dc0-af56-085b056ff93f,4,
1d08a2e2-40fa-411d-aa9f-10a7232b75f1,f0af6476-27ea-459c-8bf4-fb2751570be6,cb38588f-3947-4516-a0a7-ef737f12bd34,2,
5ed96258-a449-4789-a50a-634e60a36614,f0af6476-27ea-459c-8bf4-fb2751570be6,014fee8f-04ad-498e-a50e-63e536e2a371,1,
77df7f43-5505-4770-b1c2-b2cb53e339fd,f0af6476-27ea-459c-8bf4-fb2751570be6,70ab607a-51d2-4637-8a93-5335cf10905b,4,
25856756-94e8-4b29-bb4e-7f51c927cdad,f0af6476-27ea-459c-8bf4-fb2751570be6,e0fe6694-6103-487d-ad99-04469434e2ce,5,
f5751f8c-052d-444f-9eff-c16db8bf40bf,f0af6476-27ea-459c-8bf4-fb2751570be6,5e669d1c-780e-4cbb-98d8-0609e849dfb4,5,
929f16b4-a855-4905-b59c-1a1036c2f9c8,f0af6476-27ea-459c-8bf4-fb2751570be6,d005c850-b9c2-46f8-8db9-f14636f5cc0b,4,
f87b1236-2f3e-4b20-9825-9ce2a586e6a2,f0af6476-27ea-459c-8bf4-fb2751570be6,97158c9f-4ef2-4369-86df-2a31292ebcd7,5,
3dadb4c4-a004-4152-989d-309127f21d58,f0af6476-27ea-459c-8bf4-fb2751570be6,6064eb0c-c396-4d73-bd7f-5d4dc88c5587,2,
4c94f8cc-808b-48b3-b2a0-9fb28ea17d7d,f0af6476-27ea-459c-8bf4-fb2751570be6,44afb007-b2e8-49f0-a8cd-1f560cc2d055,1,
68f7f9a8-2ac7-4df7-a761-659a9f467348,f0af6476-27ea-459c-8bf4-fb2751570be6,f3637aca-bf68-4e8e-9097-df0ed8cfee55,4,
86dd7e94-3b5b-43dd-95a8-92696efc6035,f0af6476-27ea-459c-8bf4-fb2751570be6,42b36493-0c50-4e79-9ee8-bdd4347d644d,4,
9b5fb828-b275-4c5d-9610-e76a91b1bdfb,f0af6476-27ea-459c-8bf4-fb2751570be6,f41a769e-3a27-4b3e-912d-9aeceac009d9,4,
2a90f7e7-8fa9-4553-aa5e-f72796c7bb47,f0af6476-27ea-459c-8bf4-fb2751570be6,1dc17be0-f882-4cd1-a1c3-2f8b6a79144e,5,
04bbfdf5-ffba-4182-8210-d408184d721f,f0af6476-27ea-459c-8bf4-fb2751570be6,8dd30c08-d751-4e51-bf54-be1e29700a51,2,
5f6a4862-ea9b-4fd5-9360-5bc8144b0491,9d07c629-fef0-4453-875f-a541322fd802,f47be8d5-efdf-45f2-ad06-3b9e1205ba4c,4,
d0aab9bc-fccc-45a5-ab83-c074436eda93,9d07c629-fef0-4453-875f-a541322fd802,7ffa1b33-0f69-48cf-999d-a37cc1732498,1,
8aee6bd2-531c-4c7a-a1c8-e81f4f65271d,9d07c629-fef0-4453-875f-a541322fd802,9effb21c-3d2c-4498-bc43-a0314f2b0103,4,
419882ca-ec22-4a03-a365-66180c59192c,9d07c629-fef0-4453-875f-a541322fd802,86767a41-fb1c-44e2-a99e-7ec31b226468,1,
95b8c541-7fce-4c9e-a720-c30994c4946d,9d07c629-fef0-4453-875f-a541322fd802,90e0224f-8ff5-4a21-861b-af5d9f3ab7f7,4,
bb9ce1c7-c69f-4a03-a417-3e00f48937ee,9d07c629-fef0-4453-875f-a541322fd802,21d4b15b-4bde-4e55-806b-a4080c1ca37f,2,
8d29c03f-f125-43a1-bb4d-9a63398ae1bf,9d07c629-fef0-4453-875f-a541322fd802,cf19003d-5f83-4984-93e7-d0ca9f12eccb,4,
e5a43977-bd1c-4142-a30c-82d05e42e4b9,9d07c629-fef0-4453-875f-a541322fd802,8abdb7d2-537b-4f71-8fca-cfe642c50494,4,
10f83ed5-687a-44fe-ac12-36b3aaa0dcf2,9d07c629-fef0-4453-875f-a541322fd802,956745a6-7528-4b4c-95b8-5f8d857ee840,3,
89ba7b66-ea89-48d1-851d-08f9e39840ec,9d07c629-fef0-4453-875f-a541322fd802,ca630efa-75cc-4c01-b5ac-d2f9e13f7c37,1,
e45f3830-8976-43aa-919f-b5dc3a9f5d68,9d07c629-fef0-4453-875f-a541322fd802,31689931-b935-49af-98db-1cb4dcb9d7ae,2,
168b26f9-f5f0-4e4a-b7f5-4014a4735f3c,9d07c629-fef0-4453-875f-a541322fd802,4acf2c1e-c1e3-4f81-b187-3c8f1e1dbab5,5,
95129719-52e8-4435-8b4e-c1028300d5c0,ea6cbee5-095b-426e-a3b1-a6fef71509f9,af04dfb5-c0c6-4c25-9436-773f864518be,5,
4e884ca4-d1ff-45d2-95a3-0b7a356fb2ca,ea6cbee5-095b-426e-a3b1-a6fef71509f9,03bcc929-4f9a-4db9-96a1-6b0f11960727,2,
de4e2a6c-d4f7-4fd6-b6cd-472b682d0586,ea6cbee5-095b-426e-a3b1-a6fef71509f9,86cd4dfd-4119-4993-b18f-76a151a8995b,5,
928c334d-b173-4c2b-afdf-314c4be3adc1,ea6cbee5-095b-426e-a3b1-a6fef71509f9,db18e892-2b9f-4724-867c-c624a9d95345,1,
227eefcf-e343-46cc-a00e-c1ec6386a7eb,ea6cbee5-095b-426e-a3b1-a6fef71509f9,0b69f3bc-d2e2-4aaf-8fe1-47b930752f21,3,
9b3f788c-5144-4840-a5b0-0a5f89a4ac74,ea6cbee5-095b-426e-a3b1-a6fef71509f9,e79270fd-211d-4c15-bb7c-e16d8641bb58,4,
ffddb039-8edd-45e7-b1dd-268b540e3ac2,ea6cbee5-095b-426e-a3b1-a6fef71509f9,349f9d38-4c7f-4e10-bf70-071f61549365,1,
3e74e2f7-7646-4201-8b99-a6bc65b4cbd1,ea6cbee5-095b-426e-a3b1-a6fef71509f9,d8670538-9e3d-46bb-abda-6ae3f688a09c,5,
6c236bf2-f695-4a21-ac86-6fd8df6faf35,ea6cbee5-095b-426e-a3b1-a6fef71509f9,6652982a-fd92-48be-8320-7dc635cee1f0,2,
e70f067d-1a53-428c-b769-55c29aed4481,ea6cbee5-095b-426e-a3b1-a6fef71509f9,05ba562f-bea5-4827-8f20-28c27477b20e,3,
67658a51-fd4c-4292-8b49-f584fe948735,4dcda006-b661-440a-869e-19646f2f3ba6,51aaa8e6-fefa-4a84-a9c4-8a50e1b9dea1,5,
230a2422-8af1-49aa-a8a4-0b32beb62d56,4dcda006-b661-440a-869e-19646f2f3ba6,25e0d260-67b4-40a5-84b5-c9daceae96e4,4,
5e35d077-af21-4bf7-a44f-6c8c61c1c905,4dcda006-b661-440a-869e-19646f2f3ba6,444e9614-50ff-4c9c-9d72-95ec4e679bdd,1,
954c59d1-ea56-41a2-98d8-edecf0e46bb5,4dcda006-b661-440a-869e-19646f2f3ba6,de37a0a3-9514-4ea8-bd89-40c581670d33,4,
fc83c3aa-d020-4153-8d17-c121dd74f51f,4dcda006-b661-440a-869e-19646f2f3ba6,cb8da638-6beb-4702-bdbd-9f723d7e9cb5,3,
95fc5d56-be34-4413-8170-8d7861a8c105,4dcda006-b661-440a-869e-19646f2f3ba6,9146e72b-67ab-4c69-ab8e-2fa4b7545f76,5,
164f69e7-0fcb-4ae0-a7af-e920327f2970,4dcda006-b661-440a-869e-19646f2f3ba6,c48d95ef-2ab4-4ce9-b096-2ee0a4e04b98,2,
dbf85f92-c396-4655-a5bd-b611afc9f7ac,4dcda006-b661-440a-869e-19646f2f3ba6,b82b7b13-a398-4f85-8afc-7dae54c1c074,5,
9c76991e-1fd7-4fca-a9a0-d03aeb212a51,4dcda006-b661-440a-869e-19646f2f3ba6,8d6149b8-e3d4-4311-a1bc-0fff2d519164,2,
f988eeac-280e-4973-b00a-d98cfc0d0668,4dcda006-b661-440a-869e-19646f2f3ba6,c9c021d0-58e4-4e4b-8a86-b6256fdff225,1,
0ba756c4-0a90-45ce-bbdc-160170c68f60,4dcda006-b661-440a-869e-19646f2f3ba6,831410e7-c1d0-47cf-8bd2-698c43ab71f9,3,
2669ea9d-b7a9-4dd8-b9b7-f4476cd22b00,4dcda006-b661-440a-869e-19646f2f3ba6,4a3e0b10-de7d-49f2-8003-8adfde1ac8e0,2,
389f1bb8-869c-473c-9cf2-21b2e05dec5a,4dcda006-b661-440a-869e-19646f2f3ba6,5c4c81dd-c265-4bb6-a5b2-3b01a9bd9018,3,
e3469d1c-1114-4e86-8ea0-fc1a2b98300e,4dcda006-b661-440a-869e-19646f2f3ba6,96f95fa1-1940-49e2-ad15-0303b727632a,1,
0dfab398-3277-4eda-8031-eaf84073a843,4dcda006-b661-440a-869e-19646f2f3ba6,79219e52-ff55-475e-a8a4-32e56bc10141,4,
35c42e80-9cf9-4a5b-9798-4a6fbef0a07c,4dcda006-b661-440a-869e-19646f2f3ba6,38bce025-3bb7-492b-b7c2-40c9b8dcae86,1,
74281825-55d7-4b6b-a6e2-95d3fb81dbfe,4dcda006-b661-440a-869e-19646f2f3ba6,0ea17cd3-b730-4d43-a7b7-0635fac0cc5e,2,
4b204ac3-82e3-4b56-a243-4aab66e70578,4dcda006-b661-440a-869e-19646f2f3ba6,5e932b25-e5cb-4675-ba51-cc7979447408,5,
384e244a-b78d-42c7-a11e-b6fa174b68af,4dcda006-b661-440a-869e-19646f2f3ba6,6ce7c432-d7b9-46ea-a3c0-a60cd9208e1b,5,
80d8fe6f-077c-4ebb-8f57-5dc4a2c5459e,4dcda006-b661-440a-869e-19646f2f3ba6,92e274e0-9edc-47a2-83be-4a47028dcc77,4,
e373ecab-d7ff-4188-b2a2-227cd687301e,4dcda006-b661-440a-869e-19646f2f3ba6,ebad9c22-7240-4b4e-a2e6-91770cea1e90,5,
1bd66f7b-2609-46b8-b976-881419900dee,4dcda006-b661-440a-869e-19646f2f3ba6,955579e1-213d-45ac-9d5d-84c947101de6,1,
e3566c14-ea06-4436-a482-33568cb110b5,4dcda006-b661-440a-869e-19646f2f3ba6,4646669d-f13d-4973-a7ba-696a8e48a366,1,
4934bd47-e4e1-4b8f-8e21-c3f5e7736bd5,4dcda006-b661-440a-869e-19646f2f3ba6,9e0be1e8-3c42-4bd2-b2f7-65f2443d7de8,4,
15d9ff10-04d6-47b5-b106-ef85d575e97c,4dcda006-b661-440a-869e-19646f2f3ba6,a1b5ed7a-e7be-402d-afc1-8c6ec31953b9,1,
527319d3-81f0-4658-b045-496a5b56d949,4dcda006-b661-440a-869e-19646f2f3ba6,a2b39df3-2ac5-48a6-9289-d3d387333d5c,3,
b1308729-3662-4e6b-8860-8e59c6bc11fc,4dcda006-b661-440a-869e-19646f2f3ba6,58454d59-c547-415c-9a14-0db4ee14d7d0,4,
c5641fce-6c11-44e1-a2ae-11b3f1713d26,4dcda006-b661-440a-869e-19646f2f3ba6,a4a0eaf9-b0b9-40d3-9855-0d582951c3dc,2,
1f0c7413-dbde-4ef6-9ce6-70a6643831c6,4dcda006-b661-440a-869e-19646f2f3ba6,bad0fb04-af56-41a1-a36f-95f5a77adcd0,2,
4a422546-146e-4b9e-9689-ae4ebb08af96,4dcda006-b661-440a-869e-19646f2f3ba6,801a3bb6-b011-41e3-9401-97e0d75ea228,4,
39fd0e4e-1291-4028-b613-bef592f2f2ec,4dcda006-b661-440a-869e-19646f2f3ba6,8450e747-1633-4b8b-a8f9-3a7eca2a2b5b,5,
ad377f9c-eb6c-49d4-9245-4c58d0b5b1ed,4dcda006-b661-440a-869e-19646f2f3ba6,06646287-ad54-4143-a502-4987f35c64f8,4,
14b8536b-57ea-43ad-a36c-42b8bc17016e,4dcda006-b661-440a-869e-19646f2f3ba6,74ad5ea2-ec23-437e-a4cf-988bf634136e,5,
5cccb441-90f3-4053-87ef-b79edf931963,4dcda006-b661-440a-869e-19646f2f3ba6,924550b3-21f2-4908-964c-8010489bda18,2,
0de48b0b-c080-43a0-9f3c-28300cfefd9d,4dcda006-b661-440a-869e-19646f2f3ba6,9124efd1-e660-4b84-9b2c-e4595b6a61bd,5,
f1790f90-beb5-4bb9-b2fb-c31309863a8e,4dcda006-b661-440a-869e-19646f2f3ba6,cdb2957f-dace-4dc9-bc4e-bd4aebfc53ad,5,
c13419d9-66e0-4760-a0e9-64b3eaac6e22,4dcda006-b661-440a-869e-19646f2f3ba6,aab53595-751f-41ed-bfe6-09c96e8ba403,5,
0ec74d20-39fd-4d52-83fc-5daecd41de38,4dcda006-b661-440a-869e-19646f2f3ba6,8f3c2aa3-1d4c-4b40-ab4e-3487f44f22b7,5,
c85319cd-f2f6-4c01-9022-26576a3e1f45,4dcda006-b661-440a-869e-19646f2f3ba6,138a5c3e-a855-4e52-9e4e-90ac7c676313,5,
334c9175-5a5a-484e-8d50-c3017ac91d46,4dcda006-b661-440a-869e-19646f2f3ba6,545d1939-5e4c-4f25-ab8a-03bab97680cd,3,
5c1fb288-bf51-4154-8767-c4ef3ad40078,4dcda006-b661-440a-869e-19646f2f3ba6,0c621cdc-66fb-4567-9def-1b974efa755a,4,
11c87ad7-c047-4a0a-bcd9-3ef15397579e,4dcda006-b661-440a-869e-19646f2f3ba6,504ecce9-2cd8-4c8f-9576-14a9590ba894,5,
cf6fd9fc-6823-4ec8-9c2f-4a2f8889d952,1adac5ca-6180-4187-87a7-23875942ef29,797d9988-f389-4ac0-adb8-108a358d8027,1,
7f77e096-4a50-41f8-a777-81252e06324c,1adac5ca-6180-4187-87a7-23875942ef29,a69ff457-c803-4240-b1c2-01d20883055c,3,
fb4e33a4-8f96-43ab-ae1c-b6dcdcb98504,1adac5ca-6180-4187-87a7-23875942ef29,b285aa02-411f-4844-b07e-4f54f5d386b7,5,
21dc0ff7-c323-47ad-95fe-d73861d68e3c,1adac5ca-6180-4187-87a7-23875942ef29,b1bd8032-1bb5-466e-a4a9-18f5c0b686fb,2,
209175f7-e10a-4330-8e3f-1be4c45a3c63,1adac5ca-6180-4187-87a7-23875942ef29,5f238468-9d1c-4e63-b845-698b6c265998,3,
65cd7ba6-fdf5-483b-a938-555d4b764d3e,1adac5ca-6180-4187-87a7-23875942ef29,fb4627c5-d588-43b0-8ff2-a47d7061a108,5,
466ad31e-8bde-4c88-8cec-b90d47639c80,1adac5ca-6180-4187-87a7-23875942ef29,20da44fa-e343-4eac-869f-e1ac3efe5b62,2,
3dc1d14c-375e-4b5e-ba39-6853016c5557,1adac5ca-6180-4187-87a7-23875942ef29,95a6ca0d-37ed-4286-a396-cfc8ea9c13a4,5,
29f05fc9-ff3c-4085-bf24-054a0cb613b0,1adac5ca-6180-4187-87a7-23875942ef29,69452015-a539-4ae4-a252-6383bdac554a,1,
514f1915-47c7-4698-b4e5-be19c0352293,1adac5ca-6180-4187-87a7-23875942ef29,31cd38b6-4c14-4158-801b-e10af6ff60ee,1,
9e8e76a6-54e1-410c-ae97-bd62e4d518d0,1adac5ca-6180-4187-87a7-23875942ef29,f3328f1d-3a77-4afd-b092-614f8be3a42b,3,
e9eb42b3-ac48-4f04-915e-eb9ea727c4d0,1adac5ca-6180-4187-87a7-23875942ef29,a0a4b15b-2c6c-4f31-a952-01589cbc65cd,2,
185173ae-33e1-4836-8fbb-5883733379ab,1adac5ca-6180-4187-87a7-23875942ef29,5a92630f-844f-4afb-a6ee-f1b3e6cfe533,4,
5ac57ffb-9612-4e9c-b7b2-acd595774fc5,1dd1ee6c-3be4-4319-bb37-7a0ce262ca57,001322a2-2af6-47d3-9a52-54557707518f,3,
3f080861-9bcb-4b20-bd30-140d72566732,1dd1ee6c-3be4-4319-bb37-7a0ce262ca57,774e2a68-1775-4e30-81ee-589f80bf096c,5,
522877e9-1873-4c12-9eaf-e0931fd06a80,1dd1ee6c-3be4-4319-bb37-7a0ce262ca57,e5c1e3f0-258a-40c1-b9d6-07d1c796039c,3,
f30c882d-2aef-495d-a232-4aa39bb841ff,1dd1ee6c-3be4-4319-bb37-7a0ce262ca57,c5924135-bdbc-42a3-92c3-a982e8f5b761,4,
91ff244c-04aa-46a4-ade9-de0f121cae3a,1dd1ee6c-3be4-4319-bb37-7a0ce262ca57,73cb4d3e-b88a-4f84-a622-8d8fa6ed2c12,4,
a2f3e375-401a-4778-ba34-dea36c590e82,1dd1ee6c-3be4-4319-bb37-7a0ce262ca57,d2211443-3a9d-430b-b19d-8cc9455106bc,1,
123dad53-89bc-4ef9-8969-a17054445622,1dd1ee6c-3be4-4319-bb37-7a0ce262ca57,59daaaeb-843a-4461-81ca-c7d4d6c5f47c,2,
f93874fd-fe5f-4e78-a3f4-fc6158e6a34e,1dd1ee6c-3be4-4319-bb37-7a0ce262ca57,e5a80111-eaa3-4470-93bb-61aed4fa4792,4,
54152225-e395-415e-82e6-0bfeed816b5e,cc89bf7d-7b00-49d2-8128-0b2707ca6c91,6b206995-79e8-4c3f-8e36-cc476b21874e,4,
361dfd2c-2bd3-43b5-9c80-4bb3ddd07a64,cc89bf7d-7b00-49d2-8128-0b2707ca6c91,ba19ccb2-58a8-4669-80f4-bd7822092300,4,
fbe28194-a143-4127-9c98-6be57feea4d9,cc89bf7d-7b00-49d2-8128-0b2707ca6c91,fb674ffb-34d1-4e06-b09c-24ebbc8fc4db,5,
20ff288e-67d1-4955-bead-6d9906845afc,cc89bf7d-7b00-49d2-8128-0b2707ca6c91,8e789e4d-f409-4f40-8bc1-958b6283272e,4,
59809a92-c44c-4489-94c5-826a68bb9ccb,cc89bf7d-7b00-49d2-8128-0b2707ca6c91,0b3be677-dd19-4d5c-a3bd-987eecde204c,5,
6c4f207d-bc16-47a6-b3dd-70c9a31c02f1,cc89bf7d-7b00-49d2-8128-0b2707ca6c91,05a9032b-13cc-4436-ab57-76393ffa25aa,1,
4a875098-0ab7-44b4-b803-8e46b40291ef,cc89bf7d-7b00-49d2-8128-0b2707ca6c91,395fbf46-1fa7-490d-b48f-b3779f92ef4b,3,
7d8cc1e2-eac8-4292-8d67-22a2e4849c8a,cc89bf7d-7b00-49d2-8128-0b2707ca6c91,cb04ac58-0360-4ad0-a5f9-e5eac091e095,1,
f736bde8-11c8-4ff9-8b5d-ddd199829b17,cc89bf7d-7b00-49d2-8128-0b2707ca6c91,670eccae-cf4e-45be-a0dd-49d230972195,3,
64e4b7fe-0d39-48b0-91b3-a97b972280b2,cc89bf7d-7b00-49d2-8128-0b2707ca6c91,57e363b5-5417-4376-984f-327138d773a3,5,
f13e90df-c863-4661-a654-72753b4d675b,cc89bf7d-7b00-49d2-8128-0b2707ca6c91,07e5458d-db84-49a3-bde5-d9944d455ee2,1,
ec31be47-0685-417f-802b-cf97d0962b19,cc89bf7d-7b00-49d2-8128-0b2707ca6c91,6ad68631-cf62-4cb0-ab84-40a2ae2b2c2d,2,
793d97dc-6518-411c-b7e0-172ca21e5b21,cc89bf7d-7b00-49d2-8128-0b2707ca6c91,3a414cab-defd-497f-a383-466f08c9166e,3,
1e5a38dc-00ab-421a-9028-62446238bcde,cc89bf7d-7b00-49d2-8128-0b2707ca6c91,dfcd644b-5466-4dde-b64c-ea357cf144a1,3,
c5a5a8c5-a53f-47c8-877d-f0c43a9bcb75,cc89bf7d-7b00-49d2-8128-0b2707ca6c91,32f52af5-3b5d-4a66-9ee6-f23f9125a5eb,3,
ba9745cc-7a47-4f51-966f-d247f2c3b339,cc89bf7d-7b00-49d2-8128-0b2707ca6c91,789772ad-aded-46c5-adb3-176cf8a4ca63,3,
6ad48356-7626-478b-8d48-28e3c6115908,cc89bf7d-7b00-49d2-8128-0b2707ca6c91,c7b05520-f21b-421c-90c1-317e3d9144fb,4,
aff9b529-2220-429c-ad97-60b444ca10ff,cc89bf7d-7b00-49d2-8128-0b2707ca6c91,526b87ba-7ecd-48f7-b094-b9184adcbab1,3,
a2a12c4e-1d51-4303-a132-1b6aeeb2fe7d,cc89bf7d-7b00-49d2-8128-0b2707ca6c91,92c88c32-70be-4f2b-a607-7799e337d59a,5,
65b110b5-f992-4bf0-8a22-a19d8d3d1569,cc89bf7d-7b00-49d2-8128-0b2707ca6c91,05ba562f-bea5-4827-8f20-28c27477b20e,1,
3e6c3686-c7a7-47d9-bcce-e8f2d6231168,cc89bf7d-7b00-49d2-8128-0b2707ca6c91,d93e19fc-3849-4814-86f3-1ef91fbd8722,5,
edcd58b4-62f9-4dc8-a283-2f54bf679142,cc89bf7d-7b00-49d2-8128-0b2707ca6c91,a5df9b2b-d053-474c-ba60-aef1aba8e553,2,
689c349d-98f0-434a-bc65-023b7ccaee56,cc89bf7d-7b00-49d2-8128-0b2707ca6c91,2748d086-6397-4c8a-a7ad-b20f2ea3eef9,5,
c5cbba60-56fd-4c37-a7d1-a1c91b7c1878,cc89bf7d-7b00-49d2-8128-0b2707ca6c91,63c17c97-52df-4f34-a048-943f5fe1d996,4,
70438b66-0c58-4e58-86c5-339963a6d5fb,cc89bf7d-7b00-49d2-8128-0b2707ca6c91,d7fa7061-05a3-4b6b-8477-907cc18888d6,5,
bb0d1e70-56c8-4b39-b119-c4024e8803e0,cc89bf7d-7b00-49d2-8128-0b2707ca6c91,75de1bf4-8cac-41a8-81af-bbfa5edbf337,3,
5b5d6899-c260-4283-9a65-dc83681dddfb,cc89bf7d-7b00-49d2-8128-0b2707ca6c91,7ad02178-b76c-46f5-bd4f-ec37ab27f3f8,3,
0734d1e8-6a36-467a-a9aa-2a9644e7dce9,cc89bf7d-7b00-49d2-8128-0b2707ca6c91,66bd06be-6a12-4a7b-95ee-49b420496893,2,
fb1239d2-994e-4949-a615-46407f9959d2,cc89bf7d-7b00-49d2-8128-0b2707ca6c91,165c54de-52a4-48db-b694-f19eff1b7593,4,
188e8e46-dedb-46bd-a78d-d3686a08b226,cc89bf7d-7b00-49d2-8128-0b2707ca6c91,1827cbcd-5e18-4c77-a8fd-3a004537d822,3,
d9774069-cdb6-42ef-a912-9a51868923a4,cc89bf7d-7b00-49d2-8128-0b2707ca6c91,8b22a2a3-484d-4ad5-b905-8687e189d162,4,
2645c2b8-fe12-429e-99c8-4c0b7ed74f4f,cc89bf7d-7b00-49d2-8128-0b2707ca6c91,1c2f76e0-5a6e-4b7b-a556-6fc71f321a12,4,
8f1a4481-92bf-47c8-9c6c-143ad8928f34,cc89bf7d-7b00-49d2-8128-0b2707ca6c91,4ccc0278-68c2-4f00-8744-933966550b3f,5,
7b72d7e5-c656-444d-a681-a40b745c8016,cc89bf7d-7b00-49d2-8128-0b2707ca6c91,814c9c71-8544-4a90-aca7-df338924d832,5,
efd127ce-cd6a-4a86-a8c9-de2f6d09a83f,cc89bf7d-7b00-49d2-8128-0b2707ca6c91,270feb5d-2358-40b2-8bc6-9e3618ede6d2,5,
bd5377f3-1648-48b1-980e-d822793d0883,cc89bf7d-7b00-49d2-8128-0b2707ca6c91,6626c11c-0331-46bc-ab12-ee82d6c89b56,4,
4ac29a81-ddba-4d89-9465-4a5d49096424,cc89bf7d-7b00-49d2-8128-0b2707ca6c91,c38ddedd-782e-4742-ba4a-320d0986a615,5,
bddb39ef-70f8-484a-925d-5872269c4f8b,cc89bf7d-7b00-49d2-8128-0b2707ca6c91,13624971-8c21-4817-bc44-480f2716e050,1,
a5601a38-990f-4435-9573-ecccf0d414bb,cc89bf7d-7b00-49d2-8128-0b2707ca6c91,ddfbb729-f532-43da-a5df-f9e77050bb64,4,
d6aa97c1-3783-44a6-b9c0-a7b070da2c4d,cc89bf7d-7b00-49d2-8128-0b2707ca6c91,945f052d-c806-4d36-b964-fd3b5d1b0898,2,
8bfc55ad-90d2-44f2-aec0-b15b000b60c9,cc89bf7d-7b00-49d2-8128-0b2707ca6c91,7f7255e6-bcf8-4661-a24b-d8ec6e9780bb,2,
23f2c3df-9a17-43ea-adae-2367b1fbd380,cc89bf7d-7b00-49d2-8128-0b2707ca6c91,50a6e33d-aa43-4ecd-ab58-ae18f2c20b6c,4,
a19bc8cb-65dc-4129-afcd-292dab4499b5,cc89bf7d-7b00-49d2-8128-0b2707ca6c91,a88ad707-c950-4097-9bb5-ccd902f2678b,1,
3c079100-70bc-42b4-a2a4-582060891d8f,cc89bf7d-7b00-49d2-8128-0b2707ca6c91,9bcc7099-6b05-46ce-a24d-4088e452c757,1,
dfa9c067-be08-4a15-874c-a444fe010db3,cc89bf7d-7b00-49d2-8128-0b2707ca6c91,dba5ebe5-a0a8-48f0-ba69-1e3c0bdfd224,4,
22f0300f-eba8-4d78-a116-03f4a4a4caa8,cc89bf7d-7b00-49d2-8128-0b2707ca6c91,1fd0fd40-42cf-4f67-9ecc-2a1b026c2f7b,1,
55241050-6c5e-4a01-be2b-9cca56104c99,cc89bf7d-7b00-49d2-8128-0b2707ca6c91,d79f13e2-3d61-4a51-9856-95cf70c9882a,1,
b6cc8afd-3c29-4e22-9e33-81ed927bfccc,cc89bf7d-7b00-49d2-8128-0b2707ca6c91,78ae96e0-29b4-4d2b-af01-f1a1eda8742e,1,
32d5819e-c5fb-4d87-be30-b13bee94034a,cc89bf7d-7b00-49d2-8128-0b2707ca6c91,540b990a-5548-4006-831b-e70f146f4f03,1,
daa6db2f-48fd-4bab-9a40-89763b830ee5,cc89bf7d-7b00-49d2-8128-0b2707ca6c91,954bac23-b093-45f2-9134-4c4497323b3a,2,
b58d275c-8e08-4ef3-a1b2-633a66873cf0,cc89bf7d-7b00-49d2-8128-0b2707ca6c91,e13c4b90-1de5-48c5-a979-876b971d26c1,1,
cf57f369-f06c-469d-8cd0-1fe5e832e936,cc89bf7d-7b00-49d2-8128-0b2707ca6c91,c6afc4d9-c654-4eab-9930-86c9141be58e,5,
0e4fce63-b835-4783-ae84-ed8dffa7be0c,cc89bf7d-7b00-49d2-8128-0b2707ca6c91,94b9f542-b8f4-4239-b523-a2f80bae8871,4,
90c96e30-b389-4904-9461-18d5b1dd71a5,cc89bf7d-7b00-49d2-8128-0b2707ca6c91,43edafcc-61d9-4fad-8519-58c9af7140f0,1,
be4b829c-e20e-4351-b5af-13814a953cb0,cc89bf7d-7b00-49d2-8128-0b2707ca6c91,ed1146f4-5018-4e55-b277-b77f04b173af,2,
9c6ea06c-73c8-4031-835a-117397253474,cc89bf7d-7b00-49d2-8128-0b2707ca6c91,f5a2d587-3df1-4d92-84ea-98285b209881,5,
84b9fea6-44cc-4301-8f60-77ecb73df407,cc89bf7d-7b00-49d2-8128-0b2707ca6c91,9545c27f-764a-4787-966b-ed15eb8d2bb7,1,
0c1e7808-97ae-49c2-a820-74911eb11553,cc89bf7d-7b00-49d2-8128-0b2707ca6c91,a3fd6c48-9db2-440b-b868-2b1567f0577c,2,
ef51b121-b24d-4926-8b9e-8699ea537c6e,cc89bf7d-7b00-49d2-8128-0b2707ca6c91,86895c20-05e6-43b4-a3e7-b77515d32684,2,
d099b3d6-be7c-40bc-b554-416291f958c0,cc89bf7d-7b00-49d2-8128-0b2707ca6c91,86879dd5-f5bd-478c-8462-d6e2b241d88d,3,
7fc51aea-8536-4afd-80f8-124a90fcf360,cc89bf7d-7b00-49d2-8128-0b2707ca6c91,1a24a982-b58d-4830-8061-85481a37bc07,5,
c34ca525-2d3f-4443-975d-7733b0a76562,cc89bf7d-7b00-49d2-8128-0b2707ca6c91,cc835ca9-b1b0-4cd9-9e29-c6ed7e15b39a,2,
beaca4e3-b266-4681-b882-8020dfd94317,cc89bf7d-7b00-49d2-8128-0b2707ca6c91,e486f0a8-c03c-4980-9a1c-5b02bded46c4,3,
549aa831-b232-4fec-9a01-81ee40de0518,cc89bf7d-7b00-49d2-8128-0b2707ca6c91,689926d2-28ac-4255-8b4f-5d37d129db65,5,
47877795-0559-4c44-a07a-ade65a2215f4,cc89bf7d-7b00-49d2-8128-0b2707ca6c91,0da051f7-83a2-423e-b19f-36d4654bd5af,1,
c92fb580-22cb-475e-9052-582adf07aec5,cc89bf7d-7b00-49d2-8128-0b2707ca6c91,952a998a-7527-43a5-bb73-4bcfe5d34f2d,2,
7741cf02-1bb7-4532-af65-02a4e3298a38,cc89bf7d-7b00-49d2-8128-0b2707ca6c91,e3a45fbb-2fac-4b9f-ada4-8c9d0396d365,1,
fe37bb06-f5b8-41b9-9368-735ac57376a2,cc89bf7d-7b00-49d2-8128-0b2707ca6c91,1eca727e-a86a-4f29-b910-ae5c1db57cd3,5,
b1449f49-26c4-4f7c-aafc-42f9ac07e186,cc89bf7d-7b00-49d2-8128-0b2707ca6c91,f91b6e5e-b4ec-46ad-860a-10238645e489,3,
40c84381-bbdc-496f-93f0-54e31024acd5,cc89bf7d-7b00-49d2-8128-0b2707ca6c91,3cd40bef-010d-4968-8ca1-5ff2242d9e5c,3,
b2dbd380-22b7-4738-b1f2-5beb1debb15d,dd4147cb-de47-40fd-a515-9c67af2edec5,66a0aa2b-a536-4591-b4d1-f0ae11b5738c,4,
cab9a9ea-6761-4453-b7da-9e8386ccef1a,dd4147cb-de47-40fd-a515-9c67af2edec5,1229302b-cae2-48f5-ac18-8356ce9089de,2,
a9ccf904-3ce3-4516-9d31-bff09e0c4355,dd4147cb-de47-40fd-a515-9c67af2edec5,3ad91ec8-7897-4c3c-b4f7-3f7c6f191ede,5,
5a9844c6-f9f8-48a1-956e-30649ed01a2e,dd4147cb-de47-40fd-a515-9c67af2edec5,d33f1c6d-99d7-4169-9a7c-88c8ad0f9f1d,1,
ebea6393-c25c-454b-91b9-d3c8531683d0,dd4147cb-de47-40fd-a515-9c67af2edec5,0c71a30f-fc27-4c4d-a7ab-77b5eb78d7af,3,
d60091cc-1346-4895-94f1-2e2e38732279,dd4147cb-de47-40fd-a515-9c67af2edec5,b5337551-711b-4f76-94c5-71eb4c69dffb,4,
a814650a-97ca-4633-a215-b6ff25de32a1,dd4147cb-de47-40fd-a515-9c67af2edec5,19a64cc5-50ea-4161-bf0b-919e6a76216c,2,
83b86108-bce5-4ef1-8cbe-fb8127db9fea,dd4147cb-de47-40fd-a515-9c67af2edec5,d0373e34-0cec-4da4-9fd9-712b03c380ff,2,
bebf92e7-b165-4ce3-a4bd-46e97ae1305a,dd4147cb-de47-40fd-a515-9c67af2edec5,cdb2957f-dace-4dc9-bc4e-bd4aebfc53ad,5,
69ad78df-f076-4015-86a5-21230271f0eb,dd4147cb-de47-40fd-a515-9c67af2edec5,a78c53f1-04ee-4670-bcb1-4cb0bea1010b,5,
06226518-8a23-4ea5-9aec-38a25f5e4c0e,dd4147cb-de47-40fd-a515-9c67af2edec5,be7f5367-2e2b-4d93-b5d6-c188b9b7a901,4,
3e98457f-b1bd-4159-af2a-e5650d62e2d5,dd4147cb-de47-40fd-a515-9c67af2edec5,95e1f8e8-5cfd-4abb-a34c-354f485eaaec,5,
e4a152f1-ba24-4b56-bdae-cfae65a27425,dd4147cb-de47-40fd-a515-9c67af2edec5,ce1b8135-28b7-43c1-84db-5d164ec47192,2,
1628cb21-34b0-4337-affa-602e7a2c2c24,dd4147cb-de47-40fd-a515-9c67af2edec5,8b1e6276-4351-42cd-9f79-c5b691f452af,5,
ce25a20f-a094-4ff2-a286-a38623f8874c,dd4147cb-de47-40fd-a515-9c67af2edec5,fe721d21-b99d-4753-a1a7-da52e22e909b,3,
d461be68-7306-4332-ad4f-9674ef8c4f7b,dd4147cb-de47-40fd-a515-9c67af2edec5,159d3b75-eeae-42b8-95e6-7ae18b30c0e0,5,
54be9c16-cca8-46d8-a380-069483600667,dd4147cb-de47-40fd-a515-9c67af2edec5,7a07624d-913a-4d6e-addc-e654bc810d9d,5,
49c94895-cb93-4dc8-a753-5c52a5934df2,dd4147cb-de47-40fd-a515-9c67af2edec5,944a7bb8-457b-47ed-b6a3-3da96e198777,5,
c5f07039-768b-4d18-a308-bf00505b2e69,dd4147cb-de47-40fd-a515-9c67af2edec5,6bfbc426-6018-4b85-92c3-d3a4234e8730,5,
7f9dfff6-58e9-4b6b-8986-f64e04b150cc,dd4147cb-de47-40fd-a515-9c67af2edec5,3c95b094-a982-439b-93e7-cae40565a88d,5,
2ae02999-77b2-4307-a618-8399c8767aa0,dd4147cb-de47-40fd-a515-9c67af2edec5,63bc3c37-6c8d-4f7d-8229-5fe39331daad,3,
66186d1f-65d7-4fae-a3a1-6c6b555f029b,dd4147cb-de47-40fd-a515-9c67af2edec5,ae18c85c-6a79-4066-9286-08ea609496ad,4,
aebf3043-656e-4437-b26f-5b47b0f9bbce,dd4147cb-de47-40fd-a515-9c67af2edec5,208fd80e-350c-42a7-8dbe-4f3f0fa85bed,1,
534105ff-1114-4fa8-93a7-ffd6a0226e2f,dd4147cb-de47-40fd-a515-9c67af2edec5,73f376dd-9274-496d-a901-2c1bc85df73b,3,
01f5d44f-c0ee-4283-ae59-dc89708c4c45,dd4147cb-de47-40fd-a515-9c67af2edec5,64baf4cf-1751-431d-9b74-e4353fa99699,1,
59d1ff13-eaa1-4227-b46c-906c4e99bc2f,dd4147cb-de47-40fd-a515-9c67af2edec5,3c052124-b944-43b1-802f-8aa449d0e37f,5,
67c39450-1f88-4e76-b14b-852211c68b79,dd4147cb-de47-40fd-a515-9c67af2edec5,9aaa1449-9137-4950-ba51-3cbfa72cc6d7,4,
8ec449f4-5af0-4274-abf5-c335515df9ea,dd4147cb-de47-40fd-a515-9c67af2edec5,97320290-424e-49b7-ac5f-ae5ca0c91b10,1,
129811d4-6cd3-4843-81d2-8e680347e5b1,dd4147cb-de47-40fd-a515-9c67af2edec5,5c6bf6dd-af1d-418b-80ee-385c4f4ef3a1,2,
f2b083be-7228-48c5-a0df-99eafc96aaf5,dd4147cb-de47-40fd-a515-9c67af2edec5,12e26882-d114-4c9b-834c-45f3a5ea89ca,2,
1c2f85fb-c729-4ced-9b12-17233138bc67,dd4147cb-de47-40fd-a515-9c67af2edec5,62eced06-6896-4457-bbe7-ff90518dd2a0,4,
e34369c3-29bc-49f5-b94c-78af52aae488,dd4147cb-de47-40fd-a515-9c67af2edec5,a2d7fb79-7a71-4c95-956e-6519ddfd6f56,1,
41a7b20f-e98d-4947-a6cf-867d1c183931,dd4147cb-de47-40fd-a515-9c67af2edec5,2290efe5-0c4b-43b5-9e5f-4fb864fa1c98,3,
cc858746-81de-4182-a0e0-666734d0b624,dd4147cb-de47-40fd-a515-9c67af2edec5,2ed78270-f0ff-455a-9d9a-47fb1af0024c,2,
d41932d8-6213-49ce-b44e-a7c61d74d5c0,dd4147cb-de47-40fd-a515-9c67af2edec5,1747dba3-7209-42c1-acf1-b85ca6f14c88,3,
a4b4cce9-a6c8-4879-896c-b8736f5630cf,dd4147cb-de47-40fd-a515-9c67af2edec5,422d2d2b-6220-457e-ac6e-69ea7e39ac32,5,
4a3f04ae-c7a0-45f8-984f-12d24164f89c,dd4147cb-de47-40fd-a515-9c67af2edec5,2a259ee9-961a-4289-978b-08f6487aa452,4,
30ecaf70-f0a2-4955-89fe-0c5a2a10fd27,dd4147cb-de47-40fd-a515-9c67af2edec5,95ec9a0c-9c49-449d-a6ef-7fa59339030c,5,
5852f355-21ec-4972-8651-fa78f7f6eb84,dd4147cb-de47-40fd-a515-9c67af2edec5,51aaa8e6-fefa-4a84-a9c4-8a50e1b9dea1,2,
d57c695c-1050-4b06-a51d-262ac58e3255,dd4147cb-de47-40fd-a515-9c67af2edec5,8e5c2711-ec7d-4dba-8714-e8a314e1c268,1,
241b3c3b-2348-4bbf-8bf2-40a2944923e7,dd4147cb-de47-40fd-a515-9c67af2edec5,228f2388-ff70-4287-a92a-6193e1c82f35,2,
40eedf78-e959-4238-a073-9ca4dbd6bc38,dd4147cb-de47-40fd-a515-9c67af2edec5,89f2b2cb-7d6d-4235-bdb5-bd5546c4e554,5,
638d07c0-9b7c-412f-9870-cee4be271272,dd4147cb-de47-40fd-a515-9c67af2edec5,85c66767-85a1-4960-ad37-da9b80d395d8,3,
19adca88-4aa9-4f05-b8fb-38cfce1ca43b,dd4147cb-de47-40fd-a515-9c67af2edec5,5836c703-8656-446a-b513-fc4225e7b0ff,4,
c504cb21-a719-41bb-bdcb-8243546605a3,dd4147cb-de47-40fd-a515-9c67af2edec5,ec7594fd-e20e-4993-b756-4b76f1d5657c,2,
02b04ea8-ef9b-4f67-8618-c250d6957a03,dd4147cb-de47-40fd-a515-9c67af2edec5,f0d12986-d97d-4e63-a8c2-48af00b66c10,3,
d754a739-9f44-47f3-808d-4e3815f8b1e1,dd4147cb-de47-40fd-a515-9c67af2edec5,b73d81ee-b106-4607-8121-e70658cea5d8,2,
c22f5018-7d4a-4497-8f67-50bf91717f42,dd4147cb-de47-40fd-a515-9c67af2edec5,92cdfbf8-2e82-4678-b45b-952a936fc601,5,
89f4ec8c-5189-473e-8127-ccd7fd86448b,dd4147cb-de47-40fd-a515-9c67af2edec5,dc2b372e-c3ef-4db7-9358-d0d3b89f0436,4,
4a387bfe-d696-48db-a4a7-a64a6393d7f7,dd4147cb-de47-40fd-a515-9c67af2edec5,abcf86a8-c19f-4772-97e5-b42461ad28c9,3,
2b458730-7c9b-45ab-8130-48a50be514cb,dd4147cb-de47-40fd-a515-9c67af2edec5,5cb4abff-581b-49d2-833e-6b4582c75ff2,1,
05cee99b-8a68-431b-8c39-4107aa61b55e,dd4147cb-de47-40fd-a515-9c67af2edec5,01bb4d11-a27e-4864-bc37-50a5637b69d0,2,
cfa58c04-0c71-4456-bb83-41c14689f979,dd4147cb-de47-40fd-a515-9c67af2edec5,12a02b45-eaf4-42d0-8041-de64d1133208,2,
96416558-cdb0-483f-8ec7-7e3203aee667,dd4147cb-de47-40fd-a515-9c67af2edec5,e37d57e9-bb28-47ae-ae1e-a8046f0e3334,1,
788a9fd3-b420-4322-987c-6ba11f69817e,dd4147cb-de47-40fd-a515-9c67af2edec5,83369f85-0d0f-4e31-b54c-1c4f4778f68b,2,
12c1a746-838e-42d9-9861-a6b550d80310,dd4147cb-de47-40fd-a515-9c67af2edec5,df6a0ecb-94d9-4314-ad71-72dfb12c89e7,1,
5878a443-1b88-4540-b16a-45c8225603c9,dd4147cb-de47-40fd-a515-9c67af2edec5,fe794bee-4705-4744-bc02-75c1b3ba8579,1,
c7ee5c40-a0c9-4c86-a2f3-f563e9cbc30f,dd4147cb-de47-40fd-a515-9c67af2edec5,21d05aed-3b48-44a8-ab60-087d9d2a73ab,5,
066eeec5-57cb-4666-9545-de90d6137881,dd4147cb-de47-40fd-a515-9c67af2edec5,54495b2f-f6ad-465f-a189-36adf56a1acf,4,
6984fd69-8e59-4a93-8b57-0ccfa461e2ef,dd4147cb-de47-40fd-a515-9c67af2edec5,cdc6e0a4-032a-4f10-94b5-29ab074f64c5,1,
58b92e79-bfbc-4436-8370-f834ec9ab316,dd4147cb-de47-40fd-a515-9c67af2edec5,3d396a49-73cd-4bb4-a9d1-b80c7cee20be,2,
b9b0569f-eef1-4eb6-bbc5-05a5ff26bb9d,dd4147cb-de47-40fd-a515-9c67af2edec5,0192fec5-aa8b-4bc8-8aac-b2b520363cab,4,
25e10a26-0aa7-4375-9339-cd8fcff42d57,dd4147cb-de47-40fd-a515-9c67af2edec5,7ac48d54-25bd-499d-ada1-d453a2af9109,4,
1ec23cf3-ee6b-4295-883f-6c3ba1b44f46,dd4147cb-de47-40fd-a515-9c67af2edec5,7ab9a6b4-1227-4ff5-a9c6-446d25bac72c,5,
39b2ee51-6e8e-4289-912d-06ac9d9c6e41,dd4147cb-de47-40fd-a515-9c67af2edec5,390db791-20fb-4c71-b3fc-51cdafdde484,5,
c5cc2dd0-9acb-43a4-b84f-0d39c28e6fc2,dd4147cb-de47-40fd-a515-9c67af2edec5,3da465ca-b833-4059-ab95-22c64fc033c4,5,
697459db-3cbb-4804-a1e8-4afc67ddb93a,dd4147cb-de47-40fd-a515-9c67af2edec5,0d6ac274-478b-41ad-b165-c71ff5e28f5f,3,
e7dbde9e-4fd6-4184-a68d-7e205deccb66,dd4147cb-de47-40fd-a515-9c67af2edec5,30d8d72e-ee93-4e26-8ce3-25a674f61915,3,
52b519b0-36bf-4e43-8f4c-709d31dca712,dd4147cb-de47-40fd-a515-9c67af2edec5,0e8af29d-db6e-488b-ad63-1c77a4bd5a10,2,
bca91b07-7d27-4963-80d7-8389716ecb0a,dd4147cb-de47-40fd-a515-9c67af2edec5,9db2be29-8dbd-47be-b8f1-20348d8b49db,3,
4a84a201-5510-45ef-8697-25ef1f8fd068,dd4147cb-de47-40fd-a515-9c67af2edec5,b2d2b186-cb2d-41b8-8edc-577f310c72bb,2,
48a06477-87f6-4880-bef5-cfc06ea76562,dd4147cb-de47-40fd-a515-9c67af2edec5,eca52498-bce3-4271-8ab3-dd589b65b4a0,1,
56871b44-cc5b-4fe5-bb10-bf9fba9816a9,dd4147cb-de47-40fd-a515-9c67af2edec5,983f5cc9-5400-4bb4-8362-f206e213f89b,5,
bd8f49c8-e686-45c5-8824-7fb04322e72f,dd4147cb-de47-40fd-a515-9c67af2edec5,79282b5f-f01c-47d7-836a-1c165c2abffe,3,
a5b3c5ed-fc05-4058-ad3c-098f3d593d2a,dd4147cb-de47-40fd-a515-9c67af2edec5,3ac4f7a2-7030-42d2-9a49-252f42dcc3f6,3,
f261db0b-e057-4206-b2fb-fba09be7b942,dd4147cb-de47-40fd-a515-9c67af2edec5,4fa3242c-831c-41ca-95f6-4a10074b65a1,2,
34689ffd-b05b-4067-b3bf-379b077d6a8a,dd4147cb-de47-40fd-a515-9c67af2edec5,b8557f48-0627-40ce-b8d6-131b7fac9d5e,3,
61251268-586d-4219-9785-ecedfe4ec04d,dd4147cb-de47-40fd-a515-9c67af2edec5,289c2403-ea0b-4614-b169-bcd68f15b3b9,3,
865285f2-f013-4c40-a402-8e68438cb7b9,dd4147cb-de47-40fd-a515-9c67af2edec5,94393723-d634-4600-9793-88845ce9f2c4,4,
e4958444-4af7-4cc9-afff-da5bc218959f,dd4147cb-de47-40fd-a515-9c67af2edec5,3c5a709c-f31e-4533-9ee2-a19167b740de,3,
f8a4ba9d-1916-438a-9d74-9738801896b7,dd4147cb-de47-40fd-a515-9c67af2edec5,58ecf512-3b03-466c-9d53-7b7e706e9b3e,4,
ec62a84d-9370-488a-a22d-0b379b7765bc,dd4147cb-de47-40fd-a515-9c67af2edec5,b2987394-31d5-4c42-b299-4248c69fc018,3,
224175e8-3122-4b3e-9abc-afd31dc03967,dd4147cb-de47-40fd-a515-9c67af2edec5,4177862a-b0ed-4a8e-992b-1b37ebc96f98,2,
8cfb28ba-865b-4c4e-92c6-b078169b1bf9,dd4147cb-de47-40fd-a515-9c67af2edec5,5bdcbf92-5a4f-4c60-b0b4-2ba1f14e4e08,2,
ae8915f8-03b5-4324-a798-921b61763743,dd4147cb-de47-40fd-a515-9c67af2edec5,86ee3a7c-44bc-409b-9e08-d58bb355c567,5,
ab61bc34-73e1-41f4-a92e-dafe1bc53645,dd4147cb-de47-40fd-a515-9c67af2edec5,f5ec2cbf-c6e5-43be-a72d-fe5e6a0f4cdc,3,
d312955c-5da1-4f73-ae75-c1c22b5d76b9,dd4147cb-de47-40fd-a515-9c67af2edec5,8d9c91af-24f0-41c2-8d88-9948988890f6,5,
1f82b8eb-e56c-4075-9076-ae43a98e81f9,dd4147cb-de47-40fd-a515-9c67af2edec5,efada913-92b6-4fba-a0be-1fe4360c7725,2,
0d3f462c-dfa6-4351-9228-92f589d2f1b5,dd4147cb-de47-40fd-a515-9c67af2edec5,a7133961-a75a-43aa-84d8-fb1fb274bc9b,3,
bfa1f2f8-a2fe-4bc3-a44c-b1b0eb965be0,dd4147cb-de47-40fd-a515-9c67af2edec5,abb87a97-938d-471d-9cc1-ed7a93d8457d,2,
6814b904-5da0-4987-84b2-8b0925bf50da,dd4147cb-de47-40fd-a515-9c67af2edec5,9545c27f-764a-4787-966b-ed15eb8d2bb7,2,
589efeb6-f6e8-49a0-af89-e8169e9bf0c1,dd4147cb-de47-40fd-a515-9c67af2edec5,9a811bcf-6566-4374-8542-dda573b498f6,2,
d415a9ba-ab87-43ea-ae4c-a8fb5467ea67,dd4147cb-de47-40fd-a515-9c67af2edec5,29bf1b5e-b8d9-4bba-a56f-dfa2b5791f37,3,
10735f56-ecfe-4fb1-91c6-5cb9186ee768,dd4147cb-de47-40fd-a515-9c67af2edec5,eb743ceb-2481-4aa0-8d33-3f1957ecbd16,3,
bf0f2a37-b374-4cbb-9d88-3bf28cf63c32,4d2e79b0-70c5-473e-9591-9cab06b14656,5d7ddc88-ad3c-4e3c-a166-952451cca38d,2,
63e17769-2209-4002-a4b1-25323279f655,4d2e79b0-70c5-473e-9591-9cab06b14656,59edadd1-5127-4ca5-975f-5845b2cd782c,2,
59e01e00-adf9-45e3-8db4-e3b8be345add,4d2e79b0-70c5-473e-9591-9cab06b14656,14989725-dfb9-447f-a637-db9d13791b22,3,
86016628-2770-48aa-bb6c-c9aa0e923fcf,4d2e79b0-70c5-473e-9591-9cab06b14656,e083819f-8afc-4bee-b72d-421325000ad5,5,
86eaf3d7-1f83-49c6-ac33-09235b20cba4,4d2e79b0-70c5-473e-9591-9cab06b14656,7ed167f8-643e-4b6a-a34e-e4615155e60c,4,
79c20d8f-de19-47d2-a6ca-d567d3845ebc,4d2e79b0-70c5-473e-9591-9cab06b14656,be43444e-7144-44ab-b37c-c9c58c5313f4,4,
763d89ba-7497-4d0e-8d87-60bbde65fdb8,4d2e79b0-70c5-473e-9591-9cab06b14656,191d3779-938a-4266-9bf2-07352ec684b6,3,
dad825f8-16ea-4719-91fb-5da3f9ea45c0,4d2e79b0-70c5-473e-9591-9cab06b14656,ec7594fd-e20e-4993-b756-4b76f1d5657c,5,
a233a719-03ca-4123-b8d1-5dce123f72c6,4d2e79b0-70c5-473e-9591-9cab06b14656,5a28bf87-0a4a-485b-a07b-9ef913021769,5,
8812437c-e768-46ed-b564-02060f7ad262,4d2e79b0-70c5-473e-9591-9cab06b14656,e6c0ffa3-e2a1-43ed-9d54-a95d8e245d26,1,
ad376c65-b26c-4bc2-afe1-11877ebd9569,4d2e79b0-70c5-473e-9591-9cab06b14656,742e5b7a-eea1-4e18-b823-2d02db9fde7c,3,
4d7af515-7735-44c7-ae8a-858e536324c6,4d2e79b0-70c5-473e-9591-9cab06b14656,9cc0eb9e-1edb-4a04-91a8-1c1e9c26373d,3,
9b7842de-60c9-49d9-b1a0-49e2da04c5ee,4d2e79b0-70c5-473e-9591-9cab06b14656,76ae1782-38f7-4d42-b32d-ec4c97217458,3,
058b013b-83ed-4e7c-8629-4b8403a0f2db,4d2e79b0-70c5-473e-9591-9cab06b14656,56d26c9c-7f4a-44d5-b793-c72039032779,1,
9aef9ae0-140d-45ca-bf5e-33c3e1a65c93,4d2e79b0-70c5-473e-9591-9cab06b14656,7814586f-e2ca-459c-8259-5562d44015ee,4,
860783d3-537d-477e-9651-56a7500624ca,4d2e79b0-70c5-473e-9591-9cab06b14656,54fba273-fc94-4714-a091-09bc62f99d0d,1,
a891b337-1a6d-4487-bfb3-5ed416e91731,4d2e79b0-70c5-473e-9591-9cab06b14656,abc05dc0-c4e8-43b9-870b-2acd604080ca,3,
bf66762c-5df4-468a-a9e4-d90da7662323,4d2e79b0-70c5-473e-9591-9cab06b14656,7e4da14d-607d-449c-96e6-4d0af2cd0ad6,4,
81241520-fbc2-4aaf-b967-2b909d7d9b12,4d2e79b0-70c5-473e-9591-9cab06b14656,2976f3d5-d51c-4acb-9c5a-d10f6ab8b91a,4,
1f6a99b4-5e08-4d71-aeef-82cb40b551a6,4d2e79b0-70c5-473e-9591-9cab06b14656,57ac76e8-037f-4e77-9e48-3d3692d150e9,5,
eb8aae7a-a475-49ce-85ad-d4b596f7d3c6,4d2e79b0-70c5-473e-9591-9cab06b14656,0af86312-7574-4c1d-b580-705261cf6134,3,
d95869ec-c4ec-4b0d-b20c-7fb260fa55ee,4d2e79b0-70c5-473e-9591-9cab06b14656,f6ae0940-60c2-41e9-9e56-7c9b2ad5f5a6,1,
93947b2d-2f71-429b-b160-5fb82a1d5406,4d2e79b0-70c5-473e-9591-9cab06b14656,a39f56d6-bdca-4a38-9897-26ffc06e6314,1,
c3a59edb-3fef-4c46-b346-5c5fe3385d28,4d2e79b0-70c5-473e-9591-9cab06b14656,fc7347a2-6253-43b7-b38b-1a65a6550f34,3,
8ca32357-f613-44b6-ad00-6f6256830e46,4d2e79b0-70c5-473e-9591-9cab06b14656,3ff5776f-a5c2-4887-b6d9-75633357c063,5,
4e49317d-5de8-4d53-a6d5-a8ff29e8078e,4d2e79b0-70c5-473e-9591-9cab06b14656,db82dc10-c4fb-4cc1-9122-a839386052cb,2,
6dc86fa0-23a3-4964-8724-e084e827c35f,4d2e79b0-70c5-473e-9591-9cab06b14656,c34213be-979b-419f-a11f-28a3589c300f,1,
830f3121-bca6-4ac7-8959-1f27dca06f49,4d2e79b0-70c5-473e-9591-9cab06b14656,0b358254-0ff8-47bb-a690-a7d69fddcb56,4,
e701e651-0697-4432-bc2b-6fc64d1c4512,4d2e79b0-70c5-473e-9591-9cab06b14656,c426b729-6986-4f00-943e-f1820f58d76a,3,
fc86b663-df7a-40f5-b6e0-9ddc8908e274,4d2e79b0-70c5-473e-9591-9cab06b14656,cce9d69a-12cc-4e26-868c-a5903c881d1a,2,
6c7ce9f6-664c-44a2-9081-f4a641784ea9,4d2e79b0-70c5-473e-9591-9cab06b14656,85ab0cb1-572c-4409-9d2f-47be02f32e82,5,
7581c880-5969-4bdb-b343-b9f94ba2c39f,4d2e79b0-70c5-473e-9591-9cab06b14656,da6f8c03-5c63-4bbd-a526-4e91f78d9543,4,
4d497c7b-ad34-4986-be5c-794adc759a22,4d2e79b0-70c5-473e-9591-9cab06b14656,463ec747-1597-4896-be9f-da39d2c92678,1,
e37bc14c-1af1-4647-afe7-563869b7022f,4d2e79b0-70c5-473e-9591-9cab06b14656,01464b5e-2e0b-4269-b744-ac2d62cf5a54,3,
8f1f0814-8b14-4894-b61e-5e733201e0a0,4d2e79b0-70c5-473e-9591-9cab06b14656,a10d2a8b-4019-4c25-8092-ebad089a0a9e,5,
439e425c-06ed-4270-a25c-ca4387155c8e,4d2e79b0-70c5-473e-9591-9cab06b14656,770578d1-f5ef-4631-86e5-12cec894cedd,1,
96b3a21c-6257-474e-8a44-0cb7e81d3376,4d2e79b0-70c5-473e-9591-9cab06b14656,fe68dac3-9eea-4187-9d97-9c3f4ef2bc75,2,
904d001d-1e7f-49e2-a957-3ca2ed3e79c6,4d2e79b0-70c5-473e-9591-9cab06b14656,86879dd5-f5bd-478c-8462-d6e2b241d88d,4,
a3f914e0-0880-46da-ac4c-981504431958,4d2e79b0-70c5-473e-9591-9cab06b14656,3e34c6a2-e06c-465d-b638-3f162e704fa2,4,
9b2432ba-9395-4a86-b91f-a794c9a5f4a3,4d2e79b0-70c5-473e-9591-9cab06b14656,cf014eca-d61c-4994-ad73-4c55233b323a,1,
0ffb9294-b669-4ded-ac62-ee8eb4db6b22,b39580c1-ead1-46c0-89fc-469286c5f21b,e083819f-8afc-4bee-b72d-421325000ad5,5,
cb86795b-8717-4d2c-afea-d84981320816,b39580c1-ead1-46c0-89fc-469286c5f21b,07cf2d6c-3c7c-4216-b0fd-e09bc8bf52a3,1,
b7682578-2106-4331-b2fd-186837bf185e,b39580c1-ead1-46c0-89fc-469286c5f21b,62eced06-6896-4457-bbe7-ff90518dd2a0,1,
af3ed2e0-aa60-42a2-abdb-1247063e15d0,b39580c1-ead1-46c0-89fc-469286c5f21b,bd53f3c6-ce5f-4e0b-9ca1-65d65839d3ff,2,
e111118c-0332-40dc-bd78-7623bce4bb17,b39580c1-ead1-46c0-89fc-469286c5f21b,60512ece-8219-4550-8424-0f6622856b1b,2,
00eff1d9-d244-41c4-a553-c0c2fb272d46,b39580c1-ead1-46c0-89fc-469286c5f21b,3fce498c-e701-4073-99a2-19a2c598a6bf,2,
ccde9e48-d50d-41ec-9937-c0e880a79345,b39580c1-ead1-46c0-89fc-469286c5f21b,814570f9-89a1-4e42-94d5-d57aa8a8edab,5,
67ccdc2f-efd4-4efc-84ce-d3b6dfc146f1,b39580c1-ead1-46c0-89fc-469286c5f21b,f8fe70cd-d058-4fdb-817a-c22c7652c8bb,4,
603c5705-8046-4722-b04f-ed29e2f9a507,b39580c1-ead1-46c0-89fc-469286c5f21b,df3a584f-9a3a-4b20-be7e-aca4141bf273,5,
7673e4e4-68dd-4087-8b07-d22421306065,b39580c1-ead1-46c0-89fc-469286c5f21b,79b25f4a-dea4-4ed2-81cd-f8a9b31821db,2,
62d1d8cf-d7ba-45ed-9a3c-d5f277cc2995,b39580c1-ead1-46c0-89fc-469286c5f21b,2976f3d5-d51c-4acb-9c5a-d10f6ab8b91a,5,
0fc76e10-bb21-454c-b6e8-115d92e217aa,b39580c1-ead1-46c0-89fc-469286c5f21b,47e2c058-f3e5-423d-8999-bee94b81de2b,3,
b45955ae-9fe5-47d8-a044-3af3f4b13525,b39580c1-ead1-46c0-89fc-469286c5f21b,2ff4c956-2f94-4290-bba9-f1ae22b3f18d,1,
761782b1-df7e-4e8c-9de4-2358f53aab1e,b39580c1-ead1-46c0-89fc-469286c5f21b,87a2589b-2c99-4953-85fa-ca556e7b1edd,2,
3e4f8eac-8245-4510-8c50-723ee1b20862,b39580c1-ead1-46c0-89fc-469286c5f21b,229979c7-35b6-4da8-97ee-74aaa88d764f,3,
96480c79-dada-4b10-bc7a-b71d9da1e51d,b39580c1-ead1-46c0-89fc-469286c5f21b,b2d9f477-8dc5-47ff-a0f6-1e9fce85286b,1,
dd440df0-6753-45e9-82e7-6b6f717c995a,b39580c1-ead1-46c0-89fc-469286c5f21b,4748a2c1-82d5-4733-9b93-95bc1a2ff21f,3,
cfbb4e36-b4cf-4c2f-8c40-ecbc3ea7c806,b39580c1-ead1-46c0-89fc-469286c5f21b,33b2254a-df36-4cea-a1b7-53c4043be64d,4,
ef46dc10-44c4-483b-88d1-096dc7f79b0b,b39580c1-ead1-46c0-89fc-469286c5f21b,b45b8a5b-3198-4ee6-aa0b-3e986439951c,3,
eb9e7d64-30ac-4f9d-856b-7b37a103a8a6,b39580c1-ead1-46c0-89fc-469286c5f21b,6ecdade4-36e3-4b11-9762-275470bbb17b,3,
4c748a0f-62dc-4f62-966f-46194773c9de,b39580c1-ead1-46c0-89fc-469286c5f21b,01670547-04ed-46c4-b48c-68ff3e21c61e,1,
78172e88-4cdf-4d52-bbcf-7005190f7db4,b39580c1-ead1-46c0-89fc-469286c5f21b,e13c4b90-1de5-48c5-a979-876b971d26c1,2,
b7a5673a-faf0-4a4e-8cd5-6056288fec61,b39580c1-ead1-46c0-89fc-469286c5f21b,912342c5-995b-4ac7-b34d-ca7afef8ca19,4,
ab7e2275-0681-4f49-abb4-0628f0e6a408,b39580c1-ead1-46c0-89fc-469286c5f21b,d43862a6-5e6b-423b-a697-14c0de69abea,4,
267d1481-b23b-4c0a-af24-424f112a3acb,b39580c1-ead1-46c0-89fc-469286c5f21b,79e71238-6eda-4d56-af7a-82e6c537cf47,5,
6caea1cc-0acf-483f-a096-38de572cfa8b,b39580c1-ead1-46c0-89fc-469286c5f21b,2a8c27dc-0512-46b5-8e44-815b023bdb66,4,
2267f207-3684-4623-b482-8807b1ff6cde,b39580c1-ead1-46c0-89fc-469286c5f21b,0ed74f50-f273-44e6-b39f-ce2c4c465cd8,2,
979264e5-ca57-4276-934f-fbcbc48f9f83,b39580c1-ead1-46c0-89fc-469286c5f21b,bb511749-f09b-40d7-b331-fd1086f9dc39,2,
38d8d310-9fcf-40e1-a5c9-b8a9dea93a54,b39580c1-ead1-46c0-89fc-469286c5f21b,1141d1f9-1e5a-403c-8aa2-0f5b4591473c,4,
e98f7120-fd88-4d8f-9aa6-40e651817472,b39580c1-ead1-46c0-89fc-469286c5f21b,faf6e25b-0ac1-4501-9ef9-6aeb8cb1a2f4,2,
241e57d7-bf7e-4b25-a0d2-c8baf6bfe084,b39580c1-ead1-46c0-89fc-469286c5f21b,8d55f9d5-59a1-4668-9c4f-59373d5dcabe,1,
3b2920fc-30cb-4881-a3f0-b1d0e8338bf7,b39580c1-ead1-46c0-89fc-469286c5f21b,0563ebc0-d7f9-473f-b72a-84dcfabdd83c,3,
40185c1a-d334-4b37-9a6f-bcdcb819e59f,b39580c1-ead1-46c0-89fc-469286c5f21b,a6910de9-f7b1-4bc9-9657-4932363ff406,3,
d4e30f72-5a9f-4381-b691-d362eab9d13a,b39580c1-ead1-46c0-89fc-469286c5f21b,0c7febe4-d60a-419a-956b-8d7271e6f7fd,4,
79088458-21bf-4910-9a58-6cc5f9688ac0,b39580c1-ead1-46c0-89fc-469286c5f21b,c5fb3f89-a9ff-49cc-bd44-01489cc544fd,5,
19119b4f-8dae-4ef1-9924-f3fabc77fcc4,b39580c1-ead1-46c0-89fc-469286c5f21b,c934f6e3-db18-4417-a84b-0df539953cbe,5,
0aed74a6-1409-4c9b-a4ef-28d30747a2e9,b39580c1-ead1-46c0-89fc-469286c5f21b,f51db5fe-dcd5-4262-bfd0-b888514f9a3e,5,
152c24e9-21bd-400b-bae6-154c4443b61c,b39580c1-ead1-46c0-89fc-469286c5f21b,d9c1f684-ef7a-4022-a6f2-42500420f737,1,
d074eff3-90cd-4b72-8f8d-a5fe6ea611f3,b39580c1-ead1-46c0-89fc-469286c5f21b,051dc4b0-da7f-442b-ac6c-d68c074506d1,1,
beadd7f3-c178-4296-9b58-9d580608dfe4,b39580c1-ead1-46c0-89fc-469286c5f21b,f61d714a-5fd0-4f19-84c7-b4deae7f1da0,5,
3eb08043-428e-42c0-b91a-3852581758b9,b39580c1-ead1-46c0-89fc-469286c5f21b,efacd9bb-18b8-42d8-9675-8cd000a224c1,3,
495b083f-d5e9-4789-aa03-dd61251e7ada,b39580c1-ead1-46c0-89fc-469286c5f21b,5c660a57-4eaf-4deb-9afa-84d1a7e2fa32,5,
fc03d69a-ddd5-461c-8cd5-b9a3bf142ba3,b39580c1-ead1-46c0-89fc-469286c5f21b,d8b62be8-693d-4006-b62d-30fc9aced534,1,
fc5b6f27-933d-4701-9a4e-1728e995d1ec,b39580c1-ead1-46c0-89fc-469286c5f21b,df2f4dd3-dfd8-4c7e-b84f-1f492554fbd1,1,
2b96e281-c379-4f72-8151-ce57b786d9c7,b39580c1-ead1-46c0-89fc-469286c5f21b,6d41b710-409d-482d-a693-bb0c1db0cba8,4,
28a8f537-6fc9-4904-bf5e-b6a469f2f9fc,b39580c1-ead1-46c0-89fc-469286c5f21b,bd334361-f3ee-4b39-8fe4-713046904075,3,
6c088f5b-022c-492a-8ae7-f7993bdb4da1,b39580c1-ead1-46c0-89fc-469286c5f21b,eff15cbc-73f5-429a-acd7-dfc3dd35b866,4,
201b0f94-bb86-4d00-8811-100f19b7255b,b39580c1-ead1-46c0-89fc-469286c5f21b,d38ef758-b7f6-4a5f-8803-2e0eab7e71ba,2,
91ee5c8f-93a2-47c5-94e4-2ee65f30ca93,b39580c1-ead1-46c0-89fc-469286c5f21b,dba5ebe5-a0a8-48f0-ba69-1e3c0bdfd224,1,
b6a1b311-a4ca-412c-8e7c-0725d3087153,b39580c1-ead1-46c0-89fc-469286c5f21b,349f9d38-4c7f-4e10-bf70-071f61549365,5,
791bf785-bea2-44ce-9b14-e0b211994dcd,b39580c1-ead1-46c0-89fc-469286c5f21b,f3f8d927-d699-442f-a6c6-b4c6db7d8005,4,
5c35392a-7623-46d6-8eb9-afb9ec6c169b,b39580c1-ead1-46c0-89fc-469286c5f21b,69586d65-96bd-4b29-aafd-9a1acb54b793,3,
18e7e051-7d25-4721-bbe5-b161fd8a5bb4,b39580c1-ead1-46c0-89fc-469286c5f21b,6e28f50c-0fa1-464b-b248-ab127b2fa140,1,
4d3be915-4e2b-45eb-80d4-d495113d1d57,b39580c1-ead1-46c0-89fc-469286c5f21b,1cd1c393-052d-434d-a8ce-8e3761f9f05f,4,
3b1216d7-c0bd-4ab3-85c8-9d1306972e9d,b39580c1-ead1-46c0-89fc-469286c5f21b,955579e1-213d-45ac-9d5d-84c947101de6,3,
37df7ba0-1c7e-40fc-9156-67e88d2350d1,b39580c1-ead1-46c0-89fc-469286c5f21b,aeaa0fc7-ef54-4bb9-8dc1-1d8360f38608,5,
2a991606-941b-4d01-a921-c1ddc3f1180a,b39580c1-ead1-46c0-89fc-469286c5f21b,982e5366-9006-4095-9180-6dc5f2a385b4,1,
27c013c0-4ece-4250-9103-d17ee01c6da2,b39580c1-ead1-46c0-89fc-469286c5f21b,e8fa2f16-8748-48de-a019-4e61f5f7a885,3,
f6310c5b-4dd3-4053-bac9-c1aadd344aa4,b39580c1-ead1-46c0-89fc-469286c5f21b,7e8fcdd1-2f12-4762-82fd-ef6af8111cdb,3,
2ed3b93a-2d2f-46e7-ac57-2401f172313e,b39580c1-ead1-46c0-89fc-469286c5f21b,3e3ca7b9-d6f0-4030-9ef4-0c8cf867b290,4,
afc7051c-016c-4342-922a-1a7baa61b7c7,b39580c1-ead1-46c0-89fc-469286c5f21b,f8e85b3d-b2ff-4cbf-b5b2-0eda71b2f784,1,
95e2f073-4460-4f1f-9d14-fa54bcfe8417,b39580c1-ead1-46c0-89fc-469286c5f21b,b7fd02d2-d0b8-43bc-88f0-db4ef9762ca3,1,
7067d60f-eb59-4b0e-939a-a1a57af27d79,b39580c1-ead1-46c0-89fc-469286c5f21b,156f86bb-216d-4106-93c3-55868752c66c,5,
164833f3-4126-4b48-ba7f-cd08b41c3c06,b39580c1-ead1-46c0-89fc-469286c5f21b,22f310f9-d117-4506-aa23-792b79b66321,1,
5654aab2-1ed4-4f09-b5c5-d779a8fcf116,b39580c1-ead1-46c0-89fc-469286c5f21b,c38bbd31-f889-4d02-ae8b-06f8a2613705,3,
c0b7c7af-7662-48b4-8cda-b0df3e974faf,b39580c1-ead1-46c0-89fc-469286c5f21b,5a28bf87-0a4a-485b-a07b-9ef913021769,2,
53c74fab-50bf-4dce-81a0-d35ce4e6f893,b39580c1-ead1-46c0-89fc-469286c5f21b,844bcc0c-3cb2-42da-8393-cf73d257b96f,2,
080330a2-e909-4eb2-bd79-6b5534f79683,b39580c1-ead1-46c0-89fc-469286c5f21b,c935e60a-9798-4f53-bc69-673d0b6db43b,1,
3e478db0-efc5-4bb7-aabc-b0b8e8d5ea74,b39580c1-ead1-46c0-89fc-469286c5f21b,b7ee222a-de62-41e1-8fde-7657d3f1353f,1,
45074554-66a6-4ffe-ade2-7b7376a4555d,b39580c1-ead1-46c0-89fc-469286c5f21b,5a865b2f-587e-47f5-90aa-f747ec059d9c,4,
38716edc-980a-49e4-b014-8890bdd8beb2,b39580c1-ead1-46c0-89fc-469286c5f21b,7bc8c5d9-543c-47da-ad2d-b0a54fd6322a,1,
e81e1277-e25b-40de-9471-62cbffb597b4,b39580c1-ead1-46c0-89fc-469286c5f21b,570b930b-0b94-40a2-82c9-714ea49f94de,2,
c2173954-c0cd-4164-9082-c97999063ce7,b39580c1-ead1-46c0-89fc-469286c5f21b,9812e720-24db-4f82-a0a9-cdd7079fe7dd,3,
7f65f0e1-8f07-439c-967f-482423baf7dd,b39580c1-ead1-46c0-89fc-469286c5f21b,a5ce51ef-1fb7-45e7-95c7-0cc7ea94f9b6,2,
b1ecc649-af93-4c23-92db-21c1ed073f3e,b39580c1-ead1-46c0-89fc-469286c5f21b,a2ebcfa0-c0d5-42b1-86b4-aacf0433a5a9,4,
8cf06c08-0b28-4031-9315-da705dce83d7,b39580c1-ead1-46c0-89fc-469286c5f21b,7ac48d54-25bd-499d-ada1-d453a2af9109,4,
041cde9a-6321-4dbc-a5ba-c087c5e70d96,b39580c1-ead1-46c0-89fc-469286c5f21b,beaa9add-33a2-4423-91cd-34fff7051ff0,4,
414cbb35-c620-4868-aac5-fd6cc3108de3,b39580c1-ead1-46c0-89fc-469286c5f21b,443555b9-6122-4777-91ad-b4a521260ae9,2,
f3f02e2e-be28-40be-b921-1028ab42073a,b39580c1-ead1-46c0-89fc-469286c5f21b,e4f4a9f4-e91a-4f19-900f-7c1bdaeee18e,4,
c65edc99-f2e4-4abb-9e8d-5b5e25c40626,b39580c1-ead1-46c0-89fc-469286c5f21b,abcf86a8-c19f-4772-97e5-b42461ad28c9,4,
683dcf2e-fc30-4d4b-a1cd-7e5a0c0f9499,b39580c1-ead1-46c0-89fc-469286c5f21b,b7015c64-9a36-47f1-8ff3-931bf84344b8,4,
bdd05b46-b3f4-467a-a1fd-39e15ea60357,b39580c1-ead1-46c0-89fc-469286c5f21b,a6924c43-79e0-4d5b-9a24-12361ee92f41,4,
3b7fbea8-1697-4a27-ae2a-4ca29cbf1c7a,b39580c1-ead1-46c0-89fc-469286c5f21b,8979b226-6c92-40b5-8538-3e1ea5ae1422,2,
9bfc9eec-989e-4c08-82aa-9006bdd3394e,b39580c1-ead1-46c0-89fc-469286c5f21b,181c612c-c4ea-4672-ad8b-a076de7a23f0,3,
ab2c8b8b-2e08-4f74-8cd4-be45a0706c88,b39580c1-ead1-46c0-89fc-469286c5f21b,1c096ca4-9b66-41d8-9193-5ccd0efebc7d,5,
601c0522-2d89-4b5b-b680-c30f90f4ab05,b39580c1-ead1-46c0-89fc-469286c5f21b,6638f069-7b05-47c0-91a2-447b50fa060c,4,
b58df059-d306-4a7a-a63f-b4821721cf8d,b39580c1-ead1-46c0-89fc-469286c5f21b,c5938aef-7b9b-4dc6-a27c-8efef793fd3e,5,
8cccfa3e-a2da-4ca5-a70b-087f288d86b4,b39580c1-ead1-46c0-89fc-469286c5f21b,6384f756-ddf9-4d24-99b1-651a6a85890d,4,
e3b9ad8b-15b9-4f2c-b1d2-318867cf65ec,b39580c1-ead1-46c0-89fc-469286c5f21b,ab7692a6-8022-4373-a94d-d46130cfe387,2,
4b5a53f3-46f1-486e-9305-0f122e7b10f9,b39580c1-ead1-46c0-89fc-469286c5f21b,b63da43c-6eab-4d7d-9d82-797ad996b822,3,
230f589b-9825-4ec8-9919-8c2023c2c43e,b39580c1-ead1-46c0-89fc-469286c5f21b,02ee56e8-0477-4279-b1db-8113dbc91362,5,
1bcabd75-81a3-4bc4-91ca-23ad1b37ee04,b39580c1-ead1-46c0-89fc-469286c5f21b,2e61ffb0-3d7f-4690-9d9f-ad12dd39717c,1,
a70ee521-166f-4942-9c84-1327c97153b8,b39580c1-ead1-46c0-89fc-469286c5f21b,9bcc7099-6b05-46ce-a24d-4088e452c757,4,
09e7ccdb-6967-4d11-8075-fe18613725e2,b39580c1-ead1-46c0-89fc-469286c5f21b,42f65f36-24a4-4584-92d1-c1ba872b36f3,4,
c8b04655-ad81-4239-8787-117762fa5066,d9e12a05-310e-480e-a689-50889d4ec272,049d3cf2-39be-48d6-aea9-e57ec5c402e6,4,
41ddf159-01f7-4d4c-9099-c6a5e40b8eb6,d9e12a05-310e-480e-a689-50889d4ec272,bafccd42-51ef-45b5-a444-a7f558057d05,3,
1a635108-e092-47c1-bd33-73ac163c763f,d9e12a05-310e-480e-a689-50889d4ec272,79a07393-473a-48fc-b698-1b4ddc3675bb,4,
c5d425aa-e086-46ba-89d6-6094a92e128c,d9e12a05-310e-480e-a689-50889d4ec272,6fdce5fb-2d0f-4be5-a577-1992d5e80bfb,5,
3fc570b4-78b8-442f-8b7d-15955deabeef,d9e12a05-310e-480e-a689-50889d4ec272,162ea09e-9ba0-4b70-b60f-d3901801d78e,4,
dd991050-ce32-463b-8c8c-bfbc140ab64a,d9e12a05-310e-480e-a689-50889d4ec272,af05d181-3510-4661-81db-dd99aa6d46ab,1,
33400ff4-1a74-4195-9138-4d2686e220e4,d9e12a05-310e-480e-a689-50889d4ec272,bd4a536e-d166-43f3-a4a5-9d4e47e49e91,5,
522d1ed6-85f9-47af-bc7c-acbf736ae051,d9e12a05-310e-480e-a689-50889d4ec272,39b46c6c-7104-4583-89d2-25a792460204,5,
c0907e88-aad6-41ae-957e-547d43056b94,d9e12a05-310e-480e-a689-50889d4ec272,1871df7d-c1a9-423d-8c7b-5fcbc9dfc9a7,1,
a2d5d5a9-d4bf-41e4-8303-7447ffc97414,d9e12a05-310e-480e-a689-50889d4ec272,94c5c1b8-af8c-450b-9e44-41023dd99d5f,4,
3f629778-69d7-427b-8bc9-5cc0d664bd58,d9e12a05-310e-480e-a689-50889d4ec272,66d4bd8b-1c89-4a7e-a78f-d83a2b1dbeb6,2,
3fe1cee7-96f0-45d9-9373-304701a60f7c,d9e12a05-310e-480e-a689-50889d4ec272,4a0da204-5d20-41b8-b706-0237a0d1daf8,3,
fff917e1-88af-4782-932f-4a64f789e5e2,d9e12a05-310e-480e-a689-50889d4ec272,72cd7dc4-0b5a-4c08-9ee9-a110d214bfcd,4,
5836bedd-7a23-476e-bd9f-19eda7eeb4aa,bd4e0f07-4df8-44db-804e-2d3299cb311b,e8fa2f16-8748-48de-a019-4e61f5f7a885,5,
47d70182-7f1c-40b4-9508-0ecb486a1e55,bd4e0f07-4df8-44db-804e-2d3299cb311b,88ad5cbf-2641-40b6-aeb7-d65a26cd56ca,2,
fd5dd9d0-b85b-468b-8e37-206b8b35679b,bd4e0f07-4df8-44db-804e-2d3299cb311b,0db7f1ab-2861-489d-b031-ded94918f748,1,
764cc2d7-3129-43de-aee9-1aa8d413f172,bd4e0f07-4df8-44db-804e-2d3299cb311b,8749327e-0de3-4073-8eb8-b2218808ebdf,3,
7c2d4281-487b-470d-af36-fc841bd73375,bd4e0f07-4df8-44db-804e-2d3299cb311b,188448e0-92c4-4a2c-b06a-3b9aa73a58d6,3,
770e469e-e847-4f6d-a182-e3adc187cb7a,bd4e0f07-4df8-44db-804e-2d3299cb311b,52e532a2-d23e-4c3a-93c8-1480a9068bc9,2,
c342a048-7dea-48ba-81a0-68e254a5adda,bd4e0f07-4df8-44db-804e-2d3299cb311b,e5ef1827-913a-4916-bff2-4dd830f6ada6,2,
6798e33d-68b7-4fe0-b1d7-1e2bb5a04d0b,bd4e0f07-4df8-44db-804e-2d3299cb311b,eca52498-bce3-4271-8ab3-dd589b65b4a0,5,
5edc1ebc-8fa2-47ce-b813-776774818209,bd4e0f07-4df8-44db-804e-2d3299cb311b,e827440f-b230-4bcf-ac84-0a3303a48682,2,
28b79f2e-8a9f-463b-985a-5c9c60413762,bd4e0f07-4df8-44db-804e-2d3299cb311b,d8ff54ad-b69e-494c-910f-6183aec3875c,2,
a9318611-1099-4bb5-b8da-361a96c98f9d,bd4e0f07-4df8-44db-804e-2d3299cb311b,526b87ba-7ecd-48f7-b094-b9184adcbab1,2,
571ba405-88e3-470a-bb4d-c8cd2e1d43f9,bd4e0f07-4df8-44db-804e-2d3299cb311b,c1b8b8b9-2fcb-4eab-a61b-a0fb8190911e,3,
2d2abcb9-be71-4f35-ab24-57e2125ae31d,bd4e0f07-4df8-44db-804e-2d3299cb311b,6e751d8c-2941-4ff5-955e-f1150bc7052f,1,
8f7034dd-1b90-440f-a619-fbbe7dbe4eb4,bd4e0f07-4df8-44db-804e-2d3299cb311b,b4635c5b-5e4b-4831-8a2a-c3ba458832e1,5,
356de0c6-216e-4cfa-9cbb-937314dcc5f2,bd4e0f07-4df8-44db-804e-2d3299cb311b,e00fac3b-92cd-4370-9e61-474979db89fa,1,
591050c3-fb1b-467a-8265-58dc4541a4f2,bd4e0f07-4df8-44db-804e-2d3299cb311b,8f575771-9bac-4d1d-a9d0-29be1511b723,2,
a87e3393-cc2b-46fb-ad96-499d872cd953,bd4e0f07-4df8-44db-804e-2d3299cb311b,b284f220-a6a4-4e6b-9531-3cd7f83083cf,5,
c9a679dc-4b55-40c7-b195-3bc56f3f8d72,bd4e0f07-4df8-44db-804e-2d3299cb311b,39f0e523-74ef-4707-b21f-722eb89752b4,4,
f3f8f888-cacf-4ac5-9b5d-e866da35b99d,bd4e0f07-4df8-44db-804e-2d3299cb311b,919af107-dac1-4626-8e84-06dc5dc57703,2,
8e9d955a-42b8-460c-8bdd-c3196cc3f594,bd4e0f07-4df8-44db-804e-2d3299cb311b,e2a5bc52-2616-494e-8c48-98f22e4f068c,2,
fd696246-28d4-470a-b860-8d46a0137173,bd4e0f07-4df8-44db-804e-2d3299cb311b,3c79eb9a-8c4a-4fb3-99b4-550cefc1bed2,2,
40498c5e-308b-4ca4-b9e2-8eae3ab332fb,bd4e0f07-4df8-44db-804e-2d3299cb311b,6b41fc67-b1d9-448d-ba35-9c4bf30e21ec,5,
939d5529-c362-4a28-a7a3-fbb87a546591,bd4e0f07-4df8-44db-804e-2d3299cb311b,a6765550-37ed-4cbc-b746-ab3433c3c3c1,2,
a1ac4b6f-ea4c-4435-9b78-ca6d22d5904a,bd4e0f07-4df8-44db-804e-2d3299cb311b,2e21230c-ade1-4965-8279-76e4a4f9f1cb,1,
983224cc-cad8-404d-af31-d2fa1283ff27,bd4e0f07-4df8-44db-804e-2d3299cb311b,01d5ed14-573c-43ff-96bb-25c575ea8937,2,
bf8dc544-a631-4069-905f-8a289c2f90b5,bd4e0f07-4df8-44db-804e-2d3299cb311b,95237c9c-27b7-40c0-830a-c2ed0372d563,2,
561644a0-f0fc-465b-a703-a1c47a68be4b,bd4e0f07-4df8-44db-804e-2d3299cb311b,68e089e1-d633-464e-99be-0bba4a3410b7,1,
34bd92ed-e690-4c1f-9ea5-45bccb024422,bd4e0f07-4df8-44db-804e-2d3299cb311b,c523dc5a-d8f3-4755-b754-9140f3291e24,2,
8cd85331-cf40-4fa9-9ede-e43dc5eb592d,bd4e0f07-4df8-44db-804e-2d3299cb311b,961baa0b-6935-4169-bfc1-73c4813f0038,5,
3cfdf3b2-fe28-4b6f-a6a2-71cca3c1d665,bd4e0f07-4df8-44db-804e-2d3299cb311b,1c30707f-8761-4c0f-b526-49c58a126ba0,3,
38bf2956-1fb2-4060-8f12-a781b51d57c0,bd4e0f07-4df8-44db-804e-2d3299cb311b,033d17ce-1c63-41bc-bdf4-6a2d5547e96c,4,
f3edce3d-fbe6-4aae-85f5-26a826dc2b68,bd4e0f07-4df8-44db-804e-2d3299cb311b,982e5366-9006-4095-9180-6dc5f2a385b4,5,
38527dba-25e9-478d-a782-ccd429526442,bd4e0f07-4df8-44db-804e-2d3299cb311b,0ff94121-c7f2-4a0e-9245-8cad28643aef,1,
9476f35b-ffe9-489f-abbd-e21097a2e771,bd4e0f07-4df8-44db-804e-2d3299cb311b,03989e3a-1d26-4a7b-b293-299cd9d96b0c,4,
6f3da71b-3566-4b6a-8078-bcca49284dc5,bd4e0f07-4df8-44db-804e-2d3299cb311b,fdd9f2c7-c2e9-48a3-89c9-05415bb8cdf4,3,
3638ab4b-ba87-4fcc-a953-4856e2e90ef5,21284874-a888-4586-a0cb-afadafbf736f,37c91d1f-d98f-48a6-99b6-f078f1cc1a08,3,
1e4a443f-fb1c-4010-b761-ba84cfe421a8,21284874-a888-4586-a0cb-afadafbf736f,1a27366c-28d0-4984-b8b0-448c62d653b0,4,
693e9797-80e4-43be-9b42-a09321ffcf35,21284874-a888-4586-a0cb-afadafbf736f,fc473a02-b8fd-4bdb-b9ad-d0893b880a5b,3,
8a12e6e0-6581-46f1-88b0-0ed0414aec2f,21284874-a888-4586-a0cb-afadafbf736f,f6ca383a-3277-416b-a105-0d47139510c2,1,
a2164893-6a21-486c-ad23-79432f8532d7,21284874-a888-4586-a0cb-afadafbf736f,7d3a1c75-55dc-4c09-b055-c42ff56036ea,2,
f499249a-a029-457c-b123-4d01529c4cb4,21284874-a888-4586-a0cb-afadafbf736f,4c37602c-530c-4ef6-9046-3330e2395b7c,3,
b6dc554b-e44f-4a87-8ef2-e0ac6370ea7b,21284874-a888-4586-a0cb-afadafbf736f,8957766c-506c-473d-adbe-cb3b41c06740,2,
0b7976a4-6034-4bea-8d11-7b3399e66a4f,21284874-a888-4586-a0cb-afadafbf736f,062884fc-515d-4bcd-98a6-8e5b9ec0f13e,1,
b84f7ede-be15-4e52-b6ff-9696685983a0,5c0be863-acad-4bbc-a9b6-080deb37bd8b,d4a649e7-d334-4cd4-8758-b527e1a2daad,5,
4cf31112-c8bf-4009-b973-870b4c2f9dd7,5c0be863-acad-4bbc-a9b6-080deb37bd8b,472c12dc-79b4-4f16-a78d-a03744269d5b,3,
a02fcd0d-74f7-44cf-b4b2-1e09d1788914,5c0be863-acad-4bbc-a9b6-080deb37bd8b,f1736282-88ae-4d5b-a60c-71d455416599,2,
f52cc529-bbad-40da-ba82-4697aa733cfb,5c0be863-acad-4bbc-a9b6-080deb37bd8b,f47048f8-8a6e-48a8-8556-0decf458d698,5,
0107f17f-dae3-4b7b-a4c7-9c62fe670983,5c0be863-acad-4bbc-a9b6-080deb37bd8b,21c9d5dd-27b4-4b80-8094-68b53535bfb7,2,
07a0ded3-b1ad-41e9-ad39-e2b73b3ef954,5c0be863-acad-4bbc-a9b6-080deb37bd8b,3be51674-7fef-4b70-b83e-f717f56d17eb,1,
db13cda2-7286-4171-9f0a-5c43f4cb9b8a,5c0be863-acad-4bbc-a9b6-080deb37bd8b,1bbc19fa-d0c2-4221-bc8e-ca5dc083d128,4,
adf72ccf-a324-4af8-88fa-561590c3d9ec,5c0be863-acad-4bbc-a9b6-080deb37bd8b,6bdcefbf-8bab-4310-92bb-b56c15163e33,3,
24f37db2-5325-493d-866e-86dd37d6372c,5c0be863-acad-4bbc-a9b6-080deb37bd8b,ded0e8a2-86e9-4e43-bf00-b807004369cd,1,
c9fb6438-0b81-4425-9a5b-9ba123a6d869,5c0be863-acad-4bbc-a9b6-080deb37bd8b,19114407-c4b3-4a3c-a169-ef1d7b6adf1e,5,
dbb71ee6-5486-47d9-af91-5c0187916ca1,5c0be863-acad-4bbc-a9b6-080deb37bd8b,2f351bcf-658c-401d-bef5-0ede649452f0,2,
cd632a23-9c3b-445f-a2c0-ba87785f80e5,5c0be863-acad-4bbc-a9b6-080deb37bd8b,c7db2053-ae14-46c1-a8ff-410c0c707fa6,5,
7b54d09b-c890-4078-8c97-e81876a23b9b,5c0be863-acad-4bbc-a9b6-080deb37bd8b,39bf45bb-8dab-42e6-9c7d-a77bac35994f,4,
3d97412f-cde9-4fd6-9553-cc2a8df6c0b9,5c0be863-acad-4bbc-a9b6-080deb37bd8b,3c63676d-882b-4658-8d76-23175b57004d,5,
b7a53ab2-eba9-4b67-af8f-a29d01ae9434,5c0be863-acad-4bbc-a9b6-080deb37bd8b,7cabce52-aa29-4a3b-94f0-70be39fabde3,4,
628a26dd-3ff1-4e1b-9e1b-0cf503ac7c27,5c0be863-acad-4bbc-a9b6-080deb37bd8b,dbbb7d99-af9f-41ea-ad34-8776add4448f,1,
6dd424b3-6520-4cee-8e7c-6f738590c74a,5c0be863-acad-4bbc-a9b6-080deb37bd8b,0a8b22c6-133b-4a90-9e23-f64084120a36,4,
38841da6-2017-4a81-bc6f-6a17401d47d7,5c0be863-acad-4bbc-a9b6-080deb37bd8b,7e6bb130-aa0d-4c60-9498-b93a084a60a9,3,
de56d32e-5187-4a4a-ab1d-bc4018cd37aa,5c0be863-acad-4bbc-a9b6-080deb37bd8b,a77f3efc-4d29-4415-a97f-dddaf3159cc2,2,
8e891db8-9fae-4ff4-8e56-d011eb9ee8bd,5c0be863-acad-4bbc-a9b6-080deb37bd8b,863ef472-f4e6-442d-8805-e46a3d05dfde,3,
9fead510-7e08-405a-b0ca-8819433bddd0,5c0be863-acad-4bbc-a9b6-080deb37bd8b,fab3434a-04d9-48ac-827b-eda4e911b401,2,
3c2d49de-e8b8-4019-bb37-daefe323d67f,5c0be863-acad-4bbc-a9b6-080deb37bd8b,540b990a-5548-4006-831b-e70f146f4f03,2,
3ca4fd5e-2f5f-49e4-93a6-a170dc3ae534,5c0be863-acad-4bbc-a9b6-080deb37bd8b,0362a4e4-d372-4b35-9015-c2439b592e52,1,
682aeaf2-815a-44a8-b84a-4937ba0d491a,5c0be863-acad-4bbc-a9b6-080deb37bd8b,33af19c4-59bb-4e97-89b4-fe741bcbead3,4,
c3945d64-d061-4804-b026-269c57ba94a4,5c0be863-acad-4bbc-a9b6-080deb37bd8b,1090b116-c84d-437d-a783-093fbeb1b537,5,
86ece1d9-512b-4be0-b1e4-52905520f0f8,5c0be863-acad-4bbc-a9b6-080deb37bd8b,0b133858-6e72-4925-9512-ec7a72c11e1c,1,
eb04decb-3ee9-418c-bb64-dd31917566d4,5c0be863-acad-4bbc-a9b6-080deb37bd8b,0dbb40d7-bca9-4ba4-a8d3-5946bd4bf61f,1,
957be9b3-e92f-48ca-9e62-0da98bb34cc4,5c0be863-acad-4bbc-a9b6-080deb37bd8b,a617f3b2-00a8-4300-a6a9-302ac0bd0fef,4,
78fa8b01-4a55-46a0-8455-6b87b6b4003e,5c0be863-acad-4bbc-a9b6-080deb37bd8b,8efcc1f9-d0a6-44c5-8b96-9a15bc7de77c,1,
1ea11584-084c-4849-8e8e-cfdec78feff7,5c0be863-acad-4bbc-a9b6-080deb37bd8b,ee468293-6e2a-40e2-869d-70c6ca4635f3,3,
1aa343ae-134a-4ed0-b1d3-e9ec22864d5b,5c0be863-acad-4bbc-a9b6-080deb37bd8b,4630d2e7-4847-47a1-8ff7-d18db590e746,4,
a6b416e0-fe77-4fa3-8f5b-19e343855412,5c0be863-acad-4bbc-a9b6-080deb37bd8b,1718f258-e317-40eb-831a-dca3465aa796,4,
be7c9a91-9b99-4ac6-a336-ca6d25bf5f3d,5c0be863-acad-4bbc-a9b6-080deb37bd8b,a7133961-a75a-43aa-84d8-fb1fb274bc9b,2,
0fe9b54a-a2fd-4f25-894b-e912ec5675ad,5c0be863-acad-4bbc-a9b6-080deb37bd8b,c1c4bd62-888f-4e53-a685-ea6298d91b5b,5,
c3d63f99-c859-49a8-bbda-50c2b70f3173,5c0be863-acad-4bbc-a9b6-080deb37bd8b,e296a289-67e6-4b97-b398-9d17aaf725a8,4,
755d117e-2eae-46e6-967c-04e7b3f4e791,8c83d7fd-6a60-4136-bc94-2d31ae3eabdc,dd01770c-e984-4575-bfd6-84cddbaf72e8,5,
8761b02a-ba84-4583-a315-4d4bf195ae6b,8c83d7fd-6a60-4136-bc94-2d31ae3eabdc,35c1d87d-2645-49eb-9356-617c2864fcfc,1,
f66aa1eb-ea1f-4338-a6de-cb2d3cb892dd,8c83d7fd-6a60-4136-bc94-2d31ae3eabdc,6710e516-ccbf-4a94-b32d-ff267d2e0dca,1,
2e043b6c-3ddc-4d45-b64d-d6bccc632832,8c83d7fd-6a60-4136-bc94-2d31ae3eabdc,aeaa0fc7-ef54-4bb9-8dc1-1d8360f38608,1,
eee61149-ee17-4596-88a8-517e58459daf,8c83d7fd-6a60-4136-bc94-2d31ae3eabdc,f3372d0d-8941-4571-ba15-be64f8d4d5db,4,
05d83775-5c2f-4dc9-859b-28e4ef2505fb,8c83d7fd-6a60-4136-bc94-2d31ae3eabdc,abc05dc0-c4e8-43b9-870b-2acd604080ca,2,
ae8792b2-a941-41ab-847c-7e90944f5059,8c83d7fd-6a60-4136-bc94-2d31ae3eabdc,e296a289-67e6-4b97-b398-9d17aaf725a8,3,
1226f1a9-1d09-4019-9eda-985967d3c7ba,8c83d7fd-6a60-4136-bc94-2d31ae3eabdc,2c55e992-ce8a-46c7-8614-209992c82611,2,
0ff53b99-d740-45c1-a8b8-d38903fb23aa,8c83d7fd-6a60-4136-bc94-2d31ae3eabdc,d2585544-69aa-44e0-94c5-c78e6eda7abb,3,
7567f379-8eb6-4aa7-bfd4-11d144d788e1,8c83d7fd-6a60-4136-bc94-2d31ae3eabdc,f24be25b-2f72-4407-96ca-ff08c1c33c77,4,
c74031c8-8c0c-4dbc-916e-7c47c5913071,8c83d7fd-6a60-4136-bc94-2d31ae3eabdc,2a7f6f51-752d-46d3-bc49-48965648bca1,4,
7e311a43-7556-4aea-971b-cf2152d133a0,8c83d7fd-6a60-4136-bc94-2d31ae3eabdc,c79115e2-e905-41c2-af62-a923b2a185d2,4,
9fa8d4a1-b1cb-4342-b949-b603b1f52115,8c83d7fd-6a60-4136-bc94-2d31ae3eabdc,7af5b450-719c-44ec-a1fb-6459ce4b756b,1,
1bb1a548-54af-41cb-b265-8e3686240e8a,8c83d7fd-6a60-4136-bc94-2d31ae3eabdc,8c544d6b-368b-4984-8dd5-8256c0de68e2,3,
85a3d134-9cf0-4620-a4db-d0e0a343e163,8c83d7fd-6a60-4136-bc94-2d31ae3eabdc,6f71caec-631f-46da-b79b-70955aac40bb,5,
cfd900a7-4efb-45e8-8525-72c36447769e,8c83d7fd-6a60-4136-bc94-2d31ae3eabdc,802c8b7c-0b3e-4dad-a046-9e178952f774,3,
b30715d7-42cf-482e-88f0-e93a545cd502,8c83d7fd-6a60-4136-bc94-2d31ae3eabdc,01d5ed14-573c-43ff-96bb-25c575ea8937,3,
184fb30c-1810-4b77-8e9b-4df5d01adea6,8c83d7fd-6a60-4136-bc94-2d31ae3eabdc,545d1939-5e4c-4f25-ab8a-03bab97680cd,2,
57858276-b8b5-4fbc-b1f6-08bb300c5cd4,8c83d7fd-6a60-4136-bc94-2d31ae3eabdc,534ebe40-cd75-4902-b82e-b882ce0ca72e,2,
e2363eae-de0b-4b1a-9498-39dfce1968ab,8c83d7fd-6a60-4136-bc94-2d31ae3eabdc,3846b499-e2e4-4144-94bb-3c1e0abd9286,1,
475a980d-f9fe-401a-b5ab-c9cdf0c709de,8c83d7fd-6a60-4136-bc94-2d31ae3eabdc,1f4801ae-8d85-4e2e-a003-a9492cd1d4a0,4,
31d0530a-9602-40f9-921b-2ccd6bb90c88,089b33e8-c77e-4101-8e80-32f578334a4b,24e7df2e-1652-4b49-bf1c-ada4da716557,5,
a71a9176-d93e-4b05-b3aa-5e47e18ddd89,089b33e8-c77e-4101-8e80-32f578334a4b,ebe3a8ab-f61d-4f48-b0bb-391450a2f785,3,
42a6d6d1-1d94-4c7a-9f56-2d85be9ac6f7,089b33e8-c77e-4101-8e80-32f578334a4b,605e4f94-3812-4a8c-ab3d-6c78f38a92f1,4,
b74ec668-fc28-4832-8aca-e806261bfa02,089b33e8-c77e-4101-8e80-32f578334a4b,010715cf-3423-44da-b549-082e882c3e7e,2,
38fb64b7-1035-49a3-9355-c72ac0bc16fb,089b33e8-c77e-4101-8e80-32f578334a4b,dc370058-e109-4402-8c81-84a59374a613,3,
b8fb875e-7e38-49bd-98a5-7506189794e5,089b33e8-c77e-4101-8e80-32f578334a4b,047e72a2-acb7-421e-9766-6f10f3aa9e30,5,
c0c9d231-3eca-4ef9-9826-c0f9f4f81171,089b33e8-c77e-4101-8e80-32f578334a4b,fab36d5b-06a0-4ac2-91f5-d3b86a0d27e3,2,
075bb4a2-0dd7-456e-8f3a-860a352b1128,089b33e8-c77e-4101-8e80-32f578334a4b,7d15c5bf-9e17-4e9b-86c4-148601b896ef,5,
06ca213d-120b-458b-a2d9-451c8f2453f7,089b33e8-c77e-4101-8e80-32f578334a4b,2b7ed824-589c-45ec-909b-28f6bab2547d,4,
6ca000d0-68d5-46b2-af3e-a8a91f799613,089b33e8-c77e-4101-8e80-32f578334a4b,99a1e305-d06a-498d-93bb-aa0d991ada18,5,
b939c3fe-79a8-4744-b34a-c957e075c77c,089b33e8-c77e-4101-8e80-32f578334a4b,faf6e25b-0ac1-4501-9ef9-6aeb8cb1a2f4,1,
eb6cb66c-51b8-4ef1-ad9f-8eb4cdb9af21,089b33e8-c77e-4101-8e80-32f578334a4b,c9c021d0-58e4-4e4b-8a86-b6256fdff225,5,
4429aea0-716a-4686-969c-a39cd6d03b4f,089b33e8-c77e-4101-8e80-32f578334a4b,f82e4423-ea97-45da-af2c-d8cfe8a6266c,5,
4c4efc78-db1c-469a-8301-b16a8f43e715,089b33e8-c77e-4101-8e80-32f578334a4b,154c65e4-e561-40b5-bda3-9e1ab0c15c0d,3,
478ee179-9943-4be2-acff-024f8a6db813,089b33e8-c77e-4101-8e80-32f578334a4b,c5afd297-2560-4255-a6e6-86bc0853ff81,3,
c47e804f-3f0a-461f-8c90-536d70190e27,089b33e8-c77e-4101-8e80-32f578334a4b,79a07393-473a-48fc-b698-1b4ddc3675bb,2,
09d27bb0-b679-4b6e-85be-8a5feecf19d1,089b33e8-c77e-4101-8e80-32f578334a4b,087b9fda-82c3-42b3-8fa9-2ea2f3024369,5,
b6f6542c-97cb-471b-b2b3-68b01b4cf0ef,089b33e8-c77e-4101-8e80-32f578334a4b,a48bd0b7-305d-4a86-83cf-f0d2fadb9918,3,
afad2efd-8f22-4c43-bd68-e269b58d98f6,089b33e8-c77e-4101-8e80-32f578334a4b,b42aabde-81b8-4afb-b644-38fc974e5739,4,
c96b0ffa-34dc-4e99-87ec-c49a6b0d078d,089b33e8-c77e-4101-8e80-32f578334a4b,b83f6697-11d6-4082-911a-c9b0fefc37bd,2,
d8c4ec4d-a47b-4873-88f8-f0976ec00995,089b33e8-c77e-4101-8e80-32f578334a4b,87029daa-60f5-4bc7-b957-5154fa7952eb,1,
67a466f1-7ada-48c4-b47d-6a43bb4140f9,089b33e8-c77e-4101-8e80-32f578334a4b,642979ea-c768-466d-94ff-ee980426ccad,4,
fd6b0182-8733-437f-8d70-709f59fbc4ac,089b33e8-c77e-4101-8e80-32f578334a4b,9c0b66d4-c70f-4b56-bd6b-5cf4164c87c5,4,
692f5251-4fd1-4592-ad58-6158317c45ea,089b33e8-c77e-4101-8e80-32f578334a4b,832f0458-d609-48a9-a6f0-a0625136086c,3,
70e1dd23-776b-4826-ad58-edbed44a0462,089b33e8-c77e-4101-8e80-32f578334a4b,213bc23c-1622-4414-9753-895c677efaeb,1,
0e6f977a-318d-4802-a311-643a3545c533,089b33e8-c77e-4101-8e80-32f578334a4b,55fb4471-de84-4e9e-8a23-72972e42ba37,4,
ee97ed62-ae0a-4fdb-b827-b3a29c296130,089b33e8-c77e-4101-8e80-32f578334a4b,29bf1b5e-b8d9-4bba-a56f-dfa2b5791f37,1,
2f293b88-883d-413f-bf83-ad9a678cdcb9,089b33e8-c77e-4101-8e80-32f578334a4b,aebf49cc-1eb0-45ce-b2d8-e57c9cb1995c,1,
d3b14d9d-82d0-42d6-b649-e5d8eab12d4b,089b33e8-c77e-4101-8e80-32f578334a4b,b17a46c7-6f75-403a-91b5-35e89e42439b,3,
4f8b2d8a-932c-49af-9fd3-97968bd1434e,089b33e8-c77e-4101-8e80-32f578334a4b,e60720af-8639-441c-a549-7468f5685aba,5,
f8d71fe3-0570-41fe-98d7-d964382036f1,089b33e8-c77e-4101-8e80-32f578334a4b,24191050-0b8b-48d4-b774-32d2ad86d22f,3,
4a713947-25dc-433a-a984-a9754b4b020c,089b33e8-c77e-4101-8e80-32f578334a4b,757205af-5938-4684-9452-3b3f097b086e,1,
a3e8e99b-7b3d-446f-9e2a-904e4c5e04b1,089b33e8-c77e-4101-8e80-32f578334a4b,b9f03c3d-67f3-4af5-ac5b-6aa39dff4217,3,
279619d4-113c-48ad-b51a-2e4630d5be93,089b33e8-c77e-4101-8e80-32f578334a4b,6b52b13b-99a4-4a24-81e6-4f5293e51d9c,2,
ba4acebf-fd0d-439f-b8d2-db85b3eb9fea,089b33e8-c77e-4101-8e80-32f578334a4b,e1801481-a6e0-4d2f-8cf1-65e34a1aab4e,5,
39597c38-d33b-4df3-aa7a-a0ee2bf6f30c,089b33e8-c77e-4101-8e80-32f578334a4b,e3701312-c58f-4531-ad26-84060ccd06cb,4,
d9114e1a-ac69-416e-ad5f-d7490558a4c2,04dc9af1-5f40-4e4e-aa0e-dc4682c18adc,5be500df-029e-4ea4-ac9e-e94c155c6a8a,4,
cf58fff9-8001-42b9-bd0f-f95cd316e549,04dc9af1-5f40-4e4e-aa0e-dc4682c18adc,1108ed58-9414-46f0-a3d4-249214e95554,3,
78be2f91-77e8-453e-88eb-9d1273ee5dd6,04dc9af1-5f40-4e4e-aa0e-dc4682c18adc,dce64408-a347-4f9a-bbb3-6e99e4252a83,4,
12ef5a29-cc60-4689-b9e9-bc7efa0681ec,04dc9af1-5f40-4e4e-aa0e-dc4682c18adc,aef6fa15-26bf-47f2-9f63-b06022204dd3,2,
80225c44-45de-43b2-b84e-cec43dff26fd,04dc9af1-5f40-4e4e-aa0e-dc4682c18adc,07afdb2f-11ff-4837-a002-9ca8bdcecc48,2,
326b35f3-d899-476f-9c64-b2c40c45c4cf,04dc9af1-5f40-4e4e-aa0e-dc4682c18adc,624fb2e4-272a-420e-94da-cd91d00af85c,2,
f6e552fa-1dd0-41e6-990d-32a3984ba39c,04dc9af1-5f40-4e4e-aa0e-dc4682c18adc,106b1570-8a1d-4c56-a4a7-41f1d99fe737,3,
d92c25dc-bbdf-45d7-ab15-86ef9126f232,04dc9af1-5f40-4e4e-aa0e-dc4682c18adc,1f1efbbf-53c0-4d44-8f86-7646510f5094,2,
fdd116a4-7feb-4bc7-8815-1024f51a8b56,04dc9af1-5f40-4e4e-aa0e-dc4682c18adc,3e0a6190-f77a-4c77-bd27-651d312af07e,5,
4d294c1e-6a0d-4a5b-afbb-66eb2e3309ab,04dc9af1-5f40-4e4e-aa0e-dc4682c18adc,37425ae1-7c75-4a08-bcbd-89c49331594c,4,
76aa8733-3523-469c-9ed4-646771efacc3,04dc9af1-5f40-4e4e-aa0e-dc4682c18adc,09670b76-f88d-472e-9b33-400723a55052,2,
fdcfb8f1-68a6-4f0d-945c-b53d185317ff,04dc9af1-5f40-4e4e-aa0e-dc4682c18adc,41f3b891-db5b-4017-bad7-ab9fac05a3d6,4,
5052e81d-ba81-4098-b5db-09aaa5ee292c,04dc9af1-5f40-4e4e-aa0e-dc4682c18adc,befa4ee3-26a0-4b3e-88c6-ce552d73f68f,2,
58f71358-ef71-4cca-9e08-4c8b185e1b9a,04dc9af1-5f40-4e4e-aa0e-dc4682c18adc,a802db2b-2f12-4e72-a5f8-aa3d54640c27,4,
9a64cbc1-496a-49df-8f29-8ba75ab2498c,04dc9af1-5f40-4e4e-aa0e-dc4682c18adc,9729a469-3f41-4d15-a144-af68eb031f23,3,
50b43569-1fc6-49cb-9432-077636705e8a,04dc9af1-5f40-4e4e-aa0e-dc4682c18adc,1ebf509e-5ffb-41d0-8952-bc093accd109,2,
fe458b5e-2435-4fe7-8cc6-3fdd34796e60,04dc9af1-5f40-4e4e-aa0e-dc4682c18adc,abe255be-d989-497f-808c-91fde81f6193,2,
f3ed219c-0d73-457e-aa21-0e5f8c9d668d,04dc9af1-5f40-4e4e-aa0e-dc4682c18adc,89c11627-7fd0-4db7-ac28-f866ae3c4fff,3,
61228c77-15c4-498d-84a2-58b07f5a2be7,04dc9af1-5f40-4e4e-aa0e-dc4682c18adc,ea68aaac-fc77-4415-9cbe-f4ae69ac6118,4,
5ff3c0f2-cd16-4ed1-bcd6-9c0246892e52,04dc9af1-5f40-4e4e-aa0e-dc4682c18adc,e68fd7df-ad72-4e9b-be80-0140f6adaeed,1,
cc1ee064-79ad-4360-87ec-9390b4e01ac5,04dc9af1-5f40-4e4e-aa0e-dc4682c18adc,71778d47-9387-4387-ae9b-7ed08c0b7bba,2,
1f037766-bccf-494c-9a2a-e0043254a9b4,04dc9af1-5f40-4e4e-aa0e-dc4682c18adc,fc44a617-132d-4d93-9b75-b4e67431231e,1,
8c486989-2905-4aae-beff-f0e407d535b3,04dc9af1-5f40-4e4e-aa0e-dc4682c18adc,f3637aca-bf68-4e8e-9097-df0ed8cfee55,1,
6eedc8a8-3262-46cf-add4-f1d54bf64f1f,04dc9af1-5f40-4e4e-aa0e-dc4682c18adc,f24be25b-2f72-4407-96ca-ff08c1c33c77,5,
65292986-ccfb-45ef-8ddf-f0e2a3e1ec1c,04dc9af1-5f40-4e4e-aa0e-dc4682c18adc,a87adc5b-3220-4347-b60e-2f09f2d65242,5,
c27a4e15-8f55-4f8d-a415-5e31b93dae09,04dc9af1-5f40-4e4e-aa0e-dc4682c18adc,56852ec3-ee67-4961-a2d7-5858ea42e4e1,3,
d076dc14-0375-44a0-ace8-e8caf21694fe,04dc9af1-5f40-4e4e-aa0e-dc4682c18adc,1df07696-a9cb-4ff5-9798-8d4cef4adf0d,5,
acd9d1a4-0ccc-417f-8e59-422768321183,04dc9af1-5f40-4e4e-aa0e-dc4682c18adc,5765367b-7c8a-4102-b86b-a5a9ff912f48,4,
ab3fb97f-c798-4a9e-9e34-cd85c172cb90,04dc9af1-5f40-4e4e-aa0e-dc4682c18adc,e5a19f81-686f-45c8-a676-0bcd44931c82,3,
3a5b1bd7-a57b-477b-a919-4852f2cb8a69,04dc9af1-5f40-4e4e-aa0e-dc4682c18adc,1956636c-8acc-4b9d-aa05-edbbabc63fb2,3,
84072f07-6f96-490f-a3d5-25b13931b7af,04dc9af1-5f40-4e4e-aa0e-dc4682c18adc,4a0da204-5d20-41b8-b706-0237a0d1daf8,1,
8e445be3-ba36-4510-a71f-3608b6c6aa9d,04dc9af1-5f40-4e4e-aa0e-dc4682c18adc,d2656900-9dae-4260-ac82-e8ec97532182,1,
a5382c9a-8545-4a21-bafe-efc736af9124,04dc9af1-5f40-4e4e-aa0e-dc4682c18adc,0c58d57c-d602-44d4-81a9-71a019e58533,4,
52307920-edc1-46a5-940a-bdc3b5ac59be,04dc9af1-5f40-4e4e-aa0e-dc4682c18adc,410987d6-83ea-433a-9bb8-55133b40caef,5,
61d334bf-6e02-491a-929c-f080430c07ee,04dc9af1-5f40-4e4e-aa0e-dc4682c18adc,9da43ba3-e20b-4f8c-bc48-60447bbf1209,2,
5b5a7de9-78e6-4ccf-8e35-7409977f90a0,04dc9af1-5f40-4e4e-aa0e-dc4682c18adc,1d801b25-e63f-411c-9525-837a3ae69df1,3,
975f7f95-8b2b-439e-ba3b-71aaa7d2debe,04dc9af1-5f40-4e4e-aa0e-dc4682c18adc,e2d611fe-3e44-427a-b903-7642ac002ff9,4,
131958ec-f6af-4820-b2cc-88b7cc813e99,04dc9af1-5f40-4e4e-aa0e-dc4682c18adc,952a998a-7527-43a5-bb73-4bcfe5d34f2d,2,
56b709dc-c422-4446-8bf4-dbc889430669,04dc9af1-5f40-4e4e-aa0e-dc4682c18adc,6d9d7d4b-e4c7-4034-af7f-2e7c8551bb69,5,
46a6459b-80e5-451c-8893-44c369944d00,04dc9af1-5f40-4e4e-aa0e-dc4682c18adc,5150ebce-c6ca-4c84-82f4-e2a9bbe96dca,2,
c9835bd8-3979-45ad-9c69-f3abf515303a,04dc9af1-5f40-4e4e-aa0e-dc4682c18adc,28d76434-dd71-4bdf-bd82-c00f25644ab1,4,
f6de1d40-0690-4ba5-a03d-e94a76faa51f,04dc9af1-5f40-4e4e-aa0e-dc4682c18adc,fb952db6-1ca6-4a84-b857-ddd7a1134d02,3,
c01360da-0148-428b-81e2-6dc8259a4090,04dc9af1-5f40-4e4e-aa0e-dc4682c18adc,4b7e0ae7-8473-4aac-87f2-458e1b1fac23,5,
4c3fb572-f1fc-4407-b135-92d9254568ae,04dc9af1-5f40-4e4e-aa0e-dc4682c18adc,5c2cd070-4456-498c-9cd2-2ee80a85e2ec,4,
99a4dc5e-9262-4095-a745-6b9f9bdb1ea4,9caecc8f-9e6a-457b-9ef1-6709fd52b41e,4653dced-14ae-4ef1-893d-33153b045bf2,1,
32de4db7-cd23-4011-851d-8531f3b66471,9caecc8f-9e6a-457b-9ef1-6709fd52b41e,04603430-2aa9-493c-969c-0e59f33dfb2c,3,
ab178e8c-3bc9-406e-9e15-ed5dd3319ad2,1e3f48cd-195d-4def-a392-edbc938eb3b0,96c9cdd2-83d7-474a-9a2a-785a608d55e8,2,
485dc7f8-3362-4844-ab54-5569454d1a37,1e3f48cd-195d-4def-a392-edbc938eb3b0,13ef7295-d3ee-4662-ab81-effa3cddb58f,4,
94375042-daa0-4f73-8a53-a008a630171a,1e3f48cd-195d-4def-a392-edbc938eb3b0,d74864d5-7562-489c-9c19-b2d38983ff96,3,
039ab406-23e6-4140-bec0-e873973c7165,1e3f48cd-195d-4def-a392-edbc938eb3b0,b06bc42d-5054-4342-a949-72792d1b78f8,3,
0d365054-19b2-40c4-bf75-a8659c6f983a,1e3f48cd-195d-4def-a392-edbc938eb3b0,3360e961-a980-46e6-816f-9bcffec0ec06,4,
30eaf4d6-b591-4b1a-836d-01fa60ff83d6,1e3f48cd-195d-4def-a392-edbc938eb3b0,eca52498-bce3-4271-8ab3-dd589b65b4a0,4,
3f8bd42d-e939-4bd7-9b1a-80668c6b49cc,1e3f48cd-195d-4def-a392-edbc938eb3b0,bb874d63-cb63-4bd8-abec-568b197daec6,1,
22b8c1ca-aaaa-4d37-805d-e789a6685d56,1e3f48cd-195d-4def-a392-edbc938eb3b0,3f1f8c40-04d2-424b-b252-22b2030e2afd,3,
92edb8ce-9ed1-4c1e-9a33-37e3d8f5ff17,1e3f48cd-195d-4def-a392-edbc938eb3b0,74ddcdde-79db-4d84-85ad-c34a86ef6769,3,
84a24edf-23a6-4bfb-88a2-e206b24e903c,1e3f48cd-195d-4def-a392-edbc938eb3b0,678e6a71-a6cb-43be-b731-cbdda5cd7ff3,4,
ea4f0aba-2898-4ef6-80af-aac084365dec,1e3f48cd-195d-4def-a392-edbc938eb3b0,27e480d1-23b5-4bee-8cd6-d033c263bc77,2,
311a4a6f-eedf-4679-b7ee-bc05631ed129,1e3f48cd-195d-4def-a392-edbc938eb3b0,6ce7c432-d7b9-46ea-a3c0-a60cd9208e1b,4,
370c6b94-fd13-4ff6-828b-9074adc8d68e,1e3f48cd-195d-4def-a392-edbc938eb3b0,95470f88-5296-43a1-b295-5845dca49bbc,4,
ca7971d1-5074-401e-a747-cb0c7d0bc370,1e3f48cd-195d-4def-a392-edbc938eb3b0,5a460766-f5e9-4fe0-92ea-569900590b77,1,
f4c91d06-c64c-4611-bffa-34459e4a053b,1e3f48cd-195d-4def-a392-edbc938eb3b0,74b10390-5642-4ceb-b04b-be9dca4e69ba,5,
44556eaa-a6ac-49b3-8ad4-9eb7851805e8,1e3f48cd-195d-4def-a392-edbc938eb3b0,1b3e08b8-c831-4210-95cd-3185d5505801,4,
7f916525-ebd9-4c01-a93c-dedfb3bb08fd,1e3f48cd-195d-4def-a392-edbc938eb3b0,77dff3ad-bb5d-43a7-b9df-ed041bd59e71,1,
224036b3-e6e2-4cdb-acb8-477cf63295ee,1e3f48cd-195d-4def-a392-edbc938eb3b0,3706bfbe-0679-49ba-aee8-8a797ac280a1,3,
02075cc8-46b0-4bf6-8773-1f56b007caa4,1e3f48cd-195d-4def-a392-edbc938eb3b0,5f335fb3-1ff7-4312-9df7-9526a35ab993,2,
4fbf8e6c-93e9-40aa-bee9-b5007e5cf045,1e3f48cd-195d-4def-a392-edbc938eb3b0,6be54544-1365-402d-adcc-47ac44d4291b,2,
629af43e-9703-4d74-b207-67f750c8f52e,1e3f48cd-195d-4def-a392-edbc938eb3b0,17dc3126-0e27-4963-8462-13775e9a4d5e,3,
fd04bf7e-2bab-405c-a08d-44035f37d654,1e3f48cd-195d-4def-a392-edbc938eb3b0,aaee7062-40ec-4a72-b2b5-332a0eeff491,3,
3f45fa32-73f8-4440-9ff3-e692701c6c1c,1e3f48cd-195d-4def-a392-edbc938eb3b0,253b2524-ca25-4642-b13b-58bd62ab45dc,4,
9f06e71f-5783-4e46-a6af-236f29294f7f,1e3f48cd-195d-4def-a392-edbc938eb3b0,bca25b97-18e3-4900-af64-fc47ab6938d0,1,
b526f85e-7584-4978-9d41-fe42cf946013,1e3f48cd-195d-4def-a392-edbc938eb3b0,cdfa237a-ce75-4986-bbfe-0acf599cfad1,4,
39430fa2-84cb-49f8-865c-416d806204c4,1e3f48cd-195d-4def-a392-edbc938eb3b0,8e2911e1-3c6e-458a-add7-16210c4ae5aa,3,
24bbae64-c9f0-4a69-9511-7ec0b5d0bb47,1e3f48cd-195d-4def-a392-edbc938eb3b0,d1bbf6d7-d82d-44ce-a2ac-215360707313,1,
62ff1793-8305-4e34-8fe6-7d7be91297b3,1e3f48cd-195d-4def-a392-edbc938eb3b0,0ea17cd3-b730-4d43-a7b7-0635fac0cc5e,3,
131398e8-b0e1-4205-8966-5d848f1e337e,1e3f48cd-195d-4def-a392-edbc938eb3b0,c601a1c7-374f-4a38-ac21-3a766757c6ad,2,
b0572e6f-4b06-4245-b867-cc8c4f8e1d47,1e3f48cd-195d-4def-a392-edbc938eb3b0,65bfdbb9-ba99-4158-8283-d609711712a3,4,
04657967-adfc-4bf8-9eb7-1156bd0d1107,1e3f48cd-195d-4def-a392-edbc938eb3b0,04e63d44-cf45-4590-8cb0-620d108a5907,3,
d5d7cc88-e56a-4e49-9800-a218ae78d81d,1e3f48cd-195d-4def-a392-edbc938eb3b0,d93e19fc-3849-4814-86f3-1ef91fbd8722,2,
057a142f-38fb-4329-925e-4e179cf6e59f,1e3f48cd-195d-4def-a392-edbc938eb3b0,f399e104-6763-4ec6-bc13-8e77ccefe408,5,
4480b457-3749-40a3-a42a-0492f84e0a81,1e3f48cd-195d-4def-a392-edbc938eb3b0,ae5ddab2-4edd-4e5b-8092-db64a41e8cbc,1,
10d3700d-9929-4c6b-8d20-489bc5dbda73,1e3f48cd-195d-4def-a392-edbc938eb3b0,1702c901-69ae-4168-813b-1fe6132c8052,3,
cf86b7ac-2893-4ce2-a7b4-71e918866896,1e3f48cd-195d-4def-a392-edbc938eb3b0,31db2200-074c-40f2-b9f6-8e6f387d6f3f,1,
fb80af13-9d82-44a1-b0d8-06a3f40ccb0b,1e3f48cd-195d-4def-a392-edbc938eb3b0,fc5b90e0-1eb0-433a-8e20-447d82e9635a,2,
a048accb-5503-4d85-8c38-1fb061d947e5,1e3f48cd-195d-4def-a392-edbc938eb3b0,7701ccc7-4e78-4de4-8fef-04c2b9a1e70b,4,
f3ab7911-9f5c-47f8-af89-85cad653796c,1e3f48cd-195d-4def-a392-edbc938eb3b0,c8357d30-5a30-472b-8699-61532126f261,3,
be735f3a-44fd-4814-b8b6-fb3865195100,1e3f48cd-195d-4def-a392-edbc938eb3b0,9cec10f4-8c93-4f94-86c6-4b912297c0ad,1,
791cd300-fee5-4a85-a5f3-805b94a434a9,1e3f48cd-195d-4def-a392-edbc938eb3b0,bae09afe-eaa1-447e-b891-b4df867eed63,5,
c7d25690-eef9-4baa-82df-32b1506213bd,1e3f48cd-195d-4def-a392-edbc938eb3b0,cb04ac58-0360-4ad0-a5f9-e5eac091e095,5,
64f7735c-0063-46e1-8fdf-919e9bc26cec,1e3f48cd-195d-4def-a392-edbc938eb3b0,16e6c87f-79e0-46c5-a99e-b784885bccd6,2,
96ecbe81-0962-4f5f-b0e0-133d981420a0,1e3f48cd-195d-4def-a392-edbc938eb3b0,e258a1c9-caf7-4a7f-a42f-3f4155b19662,2,
13c930a9-140a-40b1-b82d-ca26fc3d1bb6,1e3f48cd-195d-4def-a392-edbc938eb3b0,a2a61629-9f46-4fc3-8750-35928593c3d7,4,
8217bddf-e827-4b60-84d7-161b5b86a087,1e3f48cd-195d-4def-a392-edbc938eb3b0,e582b7d6-db1e-4b72-938a-df528d85e1ca,4,
941decbd-b9a5-4784-a966-319c183e5aec,1e3f48cd-195d-4def-a392-edbc938eb3b0,668768da-2c29-4411-8dcc-3d696e8d1c0f,1,
619f299f-5f07-45fd-bf32-5b51afe3c6f5,1e3f48cd-195d-4def-a392-edbc938eb3b0,fac30f49-2bc1-47e2-95ce-4f36ca87b75b,4,
137e8e1d-2ce9-4ed2-a2e8-7f5fa43c8ab3,1e3f48cd-195d-4def-a392-edbc938eb3b0,e083819f-8afc-4bee-b72d-421325000ad5,2,
f12ab007-e427-46e6-b32c-6ecda3c6925f,1e3f48cd-195d-4def-a392-edbc938eb3b0,98337323-8b5a-4166-9c4b-b79fc35d0e0a,4,
445f3027-da1c-4574-9709-1951a06a048e,1e3f48cd-195d-4def-a392-edbc938eb3b0,cda67dcf-9ff2-444c-b55f-ddae7f3feec0,5,
67de0d45-4ee7-4377-8526-2678c72674d0,1e3f48cd-195d-4def-a392-edbc938eb3b0,0580bc62-f840-481c-ae37-baeb2d5e902e,2,
d2a77760-ff19-4f5a-84ca-a2a6825a2c2c,1e3f48cd-195d-4def-a392-edbc938eb3b0,b1da4f99-137a-49a2-9d02-c2f719804925,3,
41b60f5e-c9c4-4dfd-9030-61d6a7321c54,1e3f48cd-195d-4def-a392-edbc938eb3b0,711fbdad-00df-4fb3-a950-578fde79054e,2,
43681ca6-db44-4d31-8336-9bf3ad71eaee,1e3f48cd-195d-4def-a392-edbc938eb3b0,6a196f1c-5009-48c5-8f24-91e1a94bf2c5,2,
94a92345-b6b8-40bc-a33f-df8f0ee3336d,1e3f48cd-195d-4def-a392-edbc938eb3b0,e654d932-3fd1-4805-a601-ac1c9f9cd728,2,
39141b59-01e1-4ea2-a70d-e27b4f947c7e,1e3f48cd-195d-4def-a392-edbc938eb3b0,68f289c1-0e27-4598-be2e-fa03337bb878,3,
356b85a4-c662-40ca-ab8e-6d4d92087e21,1e3f48cd-195d-4def-a392-edbc938eb3b0,983f5cc9-5400-4bb4-8362-f206e213f89b,1,
95ffa9e3-d5fe-482d-82ce-35bec77c9e7e,1e3f48cd-195d-4def-a392-edbc938eb3b0,a40587d5-a80a-4a15-9d35-1e4c6293e558,4,
ca045ed3-dd09-4607-a2f1-24a1a959f67f,1e3f48cd-195d-4def-a392-edbc938eb3b0,da835368-c389-4c04-b192-58598fcddde7,1,
f11f66e5-7b97-43cf-bcc7-832d14d02ec2,1e3f48cd-195d-4def-a392-edbc938eb3b0,25002801-aa7f-42bb-b484-c9fba5054069,4,
656675c3-a7fc-4a2c-91de-fe5d650176c8,1e3f48cd-195d-4def-a392-edbc938eb3b0,ae9ad9f2-ab8e-46cc-af86-719a18c497e4,3,
1097f768-f3a2-42a1-9e2c-63ba8acd0216,1e3f48cd-195d-4def-a392-edbc938eb3b0,e534b163-5548-428e-8017-5a2b7649f8ab,3,
de8e8f04-5cd9-4ee1-81e4-8de9d5a771ba,1e3f48cd-195d-4def-a392-edbc938eb3b0,4eea2df4-4775-43dc-8157-78c4cf0daada,4,
1a16889c-7f89-4597-8239-306a9cbb84d1,1e3f48cd-195d-4def-a392-edbc938eb3b0,8efcc1f9-d0a6-44c5-8b96-9a15bc7de77c,4,
2993b76b-6850-4dab-bc40-c9fd12c358bb,1e3f48cd-195d-4def-a392-edbc938eb3b0,a12964e5-87ee-4f96-8dc1-f87b9b6ef866,1,
ad6d246b-8827-4e75-a78c-7645f5efcf88,1e3f48cd-195d-4def-a392-edbc938eb3b0,9ed4a767-7767-4859-adef-c0a6333954dd,2,
2df2bc1c-48a8-47ff-96c1-782999834d33,1e3f48cd-195d-4def-a392-edbc938eb3b0,d002c591-b7f1-4514-8132-759b3376b758,2,
46ef79ca-8b1e-411f-a19a-f9f16d9df785,1e3f48cd-195d-4def-a392-edbc938eb3b0,b1f3f02e-36ae-4074-9c3a-3fed6baa39bc,5,
b64b1157-a8ae-4118-b0d8-ceadf3204bd8,1e3f48cd-195d-4def-a392-edbc938eb3b0,50d0b9bc-2b9a-40c0-a6d2-68bca33c9727,2,
050a56f0-fc61-4e1f-be48-50f7ec8a9577,1e3f48cd-195d-4def-a392-edbc938eb3b0,88a6db0f-a907-4182-b594-1a0b94200b6d,5,
5f7433c2-bc23-4002-9818-7eba22bb787d,1e3f48cd-195d-4def-a392-edbc938eb3b0,e12ad836-9c67-40e9-8400-6438d01eb174,1,
efaf4ff7-8fda-41cf-88a4-6893e1616954,634f6c79-f173-43ef-a639-6df2b01aba13,2740bab0-2e6e-45c3-92d4-abf91988e73a,2,
0280eb76-9875-4863-9fe2-5614a14878c8,634f6c79-f173-43ef-a639-6df2b01aba13,e1e4d4ec-7ccc-4a5f-bae6-c2a9e1ce667e,4,
1ab8545c-6d8d-4bd3-8ec0-ae73088d6b57,634f6c79-f173-43ef-a639-6df2b01aba13,f3d34d86-e3de-4473-a7b8-df87cef659b1,5,
c3d2dbff-ddae-4975-8765-92b032d8ae3e,634f6c79-f173-43ef-a639-6df2b01aba13,ae32f1a2-3d37-4460-a959-64cbf10825b9,3,
75b4183b-e0c5-4c36-a354-05e42e3d192c,634f6c79-f173-43ef-a639-6df2b01aba13,6063ebf0-15cd-4776-9362-44eac728d003,1,
a104cf49-9004-433b-8c91-6ce864374d6a,634f6c79-f173-43ef-a639-6df2b01aba13,9bcc7099-6b05-46ce-a24d-4088e452c757,3,
739a91ff-b816-4091-a2cc-96da7f436d7b,634f6c79-f173-43ef-a639-6df2b01aba13,41f57b53-18b2-4655-bec3-4f625230f4d9,5,
073eeeed-d6dc-4a7a-ac74-b123396f110b,634f6c79-f173-43ef-a639-6df2b01aba13,2290efe5-0c4b-43b5-9e5f-4fb864fa1c98,5,
cfd2238d-2b31-4518-88c3-27e5d5cfcd35,634f6c79-f173-43ef-a639-6df2b01aba13,dffc4115-f39e-4764-9aa2-6d731207c3cb,2,
7c25b2f6-f1f4-45ac-964a-010a45be2ec1,634f6c79-f173-43ef-a639-6df2b01aba13,85c66767-85a1-4960-ad37-da9b80d395d8,5,
66ae34be-a5b5-406c-9b18-346a8aacd8ab,634f6c79-f173-43ef-a639-6df2b01aba13,5527f56c-d484-433e-aea0-a65a29837599,5,
f5c356ba-9076-4276-ab4f-207999f94d7e,634f6c79-f173-43ef-a639-6df2b01aba13,de31e923-7d7b-4977-b5e1-72a707ab5933,4,
71eb31da-5de9-4ca0-94c2-c3a9f1a40ec9,634f6c79-f173-43ef-a639-6df2b01aba13,3c5cde8f-d319-4123-aace-6bf6a5fdd6eb,5,
f4e3a8e2-3088-4d81-b4a0-d0730ed97fc8,634f6c79-f173-43ef-a639-6df2b01aba13,e01d5fd7-7558-4e8c-aded-670c71d5e74e,5,
0c22128e-cd27-475f-85f0-e04f1b8c621d,634f6c79-f173-43ef-a639-6df2b01aba13,099eb5fe-7b6d-4278-8859-bea9a83982a0,4,
a43b31c2-0550-4487-9328-c80d43c3f2fa,634f6c79-f173-43ef-a639-6df2b01aba13,ecee504c-10e3-44cf-8eca-9dda01784c69,5,
d39f2db0-6355-41b0-8aa9-64d49fc39fb5,634f6c79-f173-43ef-a639-6df2b01aba13,02233b03-75e4-43e0-be18-145ba35dc6e3,3,
871e18c7-e493-4c64-a0a6-bf4b3983037f,634f6c79-f173-43ef-a639-6df2b01aba13,93a7b8fd-bfae-423c-8a12-64eda7fed0dd,5,
07f02da6-cc73-4b21-a918-03961a118c23,634f6c79-f173-43ef-a639-6df2b01aba13,b0405457-0e4d-49f1-8282-ec3a07032bd8,2,
3cb5dd33-2bf8-4442-acb7-bcf06bc458bd,634f6c79-f173-43ef-a639-6df2b01aba13,ce488a48-8808-440b-b1f7-5ecbef1614ad,3,
8ebda2ea-e0aa-4f4b-9830-5fe3ee9419ec,634f6c79-f173-43ef-a639-6df2b01aba13,390db791-20fb-4c71-b3fc-51cdafdde484,1,
4cb9f5a4-ca1f-46c9-843b-8cb34a464739,634f6c79-f173-43ef-a639-6df2b01aba13,6be54544-1365-402d-adcc-47ac44d4291b,1,
939f67bc-a3f3-4798-a009-88f9271a3476,634f6c79-f173-43ef-a639-6df2b01aba13,8f944734-104f-476c-a80f-0d5d01752856,4,
71947c11-ef50-4eb6-9b71-c6a89945010e,634f6c79-f173-43ef-a639-6df2b01aba13,2deaef9b-d8af-4d9f-84d8-65dc633b247f,1,
86c966c5-5c7a-4123-a9ed-cfc2f939acd5,634f6c79-f173-43ef-a639-6df2b01aba13,5d639099-d89d-4f48-b91a-e20252f69a9c,1,
9103d40e-6fec-4baa-abaa-b4d7f9583d59,634f6c79-f173-43ef-a639-6df2b01aba13,1c229717-9256-4330-a741-05a8dafaffd0,4,
b37886e9-561b-43a7-8713-e2600d1b000a,634f6c79-f173-43ef-a639-6df2b01aba13,f51db5fe-dcd5-4262-bfd0-b888514f9a3e,5,
adb9a00c-d900-44b1-a45d-cb7c295c01e0,634f6c79-f173-43ef-a639-6df2b01aba13,0d7a6e7b-c3ce-4901-95a4-29a0720e3f53,3,
d2b97c0d-c2da-4a5a-a008-b6ea13c68b51,634f6c79-f173-43ef-a639-6df2b01aba13,1fede6aa-c190-4e12-b1d4-7348a369a978,1,
0756e60b-fabc-49e5-946a-62672d99d473,634f6c79-f173-43ef-a639-6df2b01aba13,efacd9bb-18b8-42d8-9675-8cd000a224c1,1,
213901f1-b49e-4b79-a63f-855a44a49150,634f6c79-f173-43ef-a639-6df2b01aba13,ae1bb83e-d2f7-495d-938b-5681b6cddccc,5,
d6bd3267-222a-4d0c-b16a-01ca940bce7d,634f6c79-f173-43ef-a639-6df2b01aba13,c813f0c8-c6db-412b-a3b2-7664f10b84d4,1,
4cf73523-4cef-457f-b03e-e7044b05df21,634f6c79-f173-43ef-a639-6df2b01aba13,f5ff8e65-1b9f-4460-bf82-b22f109b78cb,2,
a1c48712-9f68-4d66-b8a9-ad09bed793c5,634f6c79-f173-43ef-a639-6df2b01aba13,ec15f0ca-eb33-49f8-978a-6900b3ecec8c,1,
503ae2b9-36a1-49e3-92ca-9ce2403fc28a,634f6c79-f173-43ef-a639-6df2b01aba13,d38ef758-b7f6-4a5f-8803-2e0eab7e71ba,1,
206c50e3-6f00-466c-8fdf-be8f7c94ec2c,634f6c79-f173-43ef-a639-6df2b01aba13,341319e8-5803-4663-8885-547958779783,2,
a92e5b01-f5d9-4314-a536-52608aaad407,634f6c79-f173-43ef-a639-6df2b01aba13,04907496-c173-43fa-84fd-140f68e4dba4,1,
071ade4f-fc7a-42d0-8aa8-d8b8bf033ff1,634f6c79-f173-43ef-a639-6df2b01aba13,631b02f0-5a3c-4214-9f14-994cc92c7a59,4,
76017ddd-aff5-4da8-a3cb-c1917271aaa8,634f6c79-f173-43ef-a639-6df2b01aba13,b1112d23-a706-41d2-8606-eb6c09020c71,1,
53239bf6-2312-4327-bc25-585a276f43df,634f6c79-f173-43ef-a639-6df2b01aba13,f1b7a7de-3f06-4af4-8fc8-232de5cf959c,3,
f4e5102b-5126-4b06-82c4-09b34ca7f5a4,634f6c79-f173-43ef-a639-6df2b01aba13,c0716b75-58c3-4d2f-a6bf-6f1e4cad5e07,5,
c30af867-26c6-4910-9d82-f8c094244bff,634f6c79-f173-43ef-a639-6df2b01aba13,7434e4b9-a6de-45e6-ae3f-8e7e045f0f0c,1,
a477e24a-4c11-4d33-9e1c-ba89459c3eaa,634f6c79-f173-43ef-a639-6df2b01aba13,6be22726-b666-420b-89e8-d022a2967a1c,5,
5a02d51e-0602-4810-8282-3642e100febc,634f6c79-f173-43ef-a639-6df2b01aba13,152f3b09-d1d8-4813-964f-55365b84725d,5,
bc7514af-2f70-4830-967d-a5dd3dc87222,634f6c79-f173-43ef-a639-6df2b01aba13,a47486e0-dc8a-467c-a951-9bb8a0503063,4,
213e3bb9-475b-474c-ab86-2f19a48899ec,634f6c79-f173-43ef-a639-6df2b01aba13,7805b574-bccc-4775-8e42-a7934cfa0a0b,1,
82f80a2f-4819-4981-bea4-0bada61221fe,634f6c79-f173-43ef-a639-6df2b01aba13,f588e0d0-2c25-4d72-af6d-409f627ce1d7,3,
a3db28f8-0e0f-4475-9194-2c9a6ae76795,634f6c79-f173-43ef-a639-6df2b01aba13,5c6bf6dd-af1d-418b-80ee-385c4f4ef3a1,2,
82ef1460-18dc-4c00-8507-ebd1c5fe3364,634f6c79-f173-43ef-a639-6df2b01aba13,191d3779-938a-4266-9bf2-07352ec684b6,5,
511a3f85-a385-4de8-b94f-62bcc1a2426b,634f6c79-f173-43ef-a639-6df2b01aba13,f8af487a-662b-4a92-84b2-43ae52fcb63f,3,
5bc0b75f-251f-492f-b5ab-0be548ffbb68,634f6c79-f173-43ef-a639-6df2b01aba13,9fc4a415-3b24-4ac5-bc20-974b8d49d52b,1,
bc03ed08-c509-435b-83d6-37d8c4cf0a42,634f6c79-f173-43ef-a639-6df2b01aba13,3eb7a16a-7ac7-4722-a0ab-892f96c2ea24,1,
47ba5106-a5b7-4d25-8a67-11d151346132,634f6c79-f173-43ef-a639-6df2b01aba13,5f610c69-010f-4362-92ce-88f0e020fe19,1,
02933e3d-f539-4992-8e87-c73893a7ae4f,634f6c79-f173-43ef-a639-6df2b01aba13,e4aea06a-88d3-41c9-b88a-95cc5b0c9b85,4,
c3287ecf-2913-4e5e-a327-b9abdbe120cb,634f6c79-f173-43ef-a639-6df2b01aba13,0cfe2cfb-376f-4e73-8260-db40cd9bbc37,5,
9325dac3-7f0c-4ede-a15b-2c5fbc06d36f,634f6c79-f173-43ef-a639-6df2b01aba13,402c6647-af32-42c2-94f5-e999181e0a00,3,
801a0667-26f2-4261-a55d-c3fa3f472c42,634f6c79-f173-43ef-a639-6df2b01aba13,0362a4e4-d372-4b35-9015-c2439b592e52,5,
9e2c0325-59b9-49e6-b4d3-36184a788e27,634f6c79-f173-43ef-a639-6df2b01aba13,84b57229-49ae-408e-a3b6-bc627cefb4bb,5,
93df4c54-8f34-4eb8-b423-39fe66989486,634f6c79-f173-43ef-a639-6df2b01aba13,ee27de85-3318-4f92-a505-6cd38432a903,4,
b06b4943-1763-46c8-a9d4-b21c5da4b853,634f6c79-f173-43ef-a639-6df2b01aba13,b8336a15-4d94-4f6f-96b4-17cb538e84a8,2,
92acc629-b597-42f8-83e7-f652ef6405ad,634f6c79-f173-43ef-a639-6df2b01aba13,2e4ee2d0-a1c1-4c7c-8151-5cf1b92bc5cc,2,
8e3a69ce-3ac3-4f4a-9e48-5ad3a6dddc58,69046a96-5b39-4e20-8756-449a8402bd20,f429caa1-4811-4a0d-bb4a-374aaeebc6bc,5,
feb88238-5a08-4c9c-927a-2842473ded5d,69046a96-5b39-4e20-8756-449a8402bd20,406d96f0-7db7-4a0e-a211-98bb23b429b0,3,
24a18049-b52a-42f0-acf2-9531991bc302,69046a96-5b39-4e20-8756-449a8402bd20,8f6d5dc1-9709-405c-80a9-2d675bee7eb0,2,
336515c1-4d72-4485-8d90-088cb48989f8,69046a96-5b39-4e20-8756-449a8402bd20,275b296e-a286-4fcd-b505-85f612f3903e,4,
72ac86af-0497-4092-9f18-54d5cf24335e,69046a96-5b39-4e20-8756-449a8402bd20,be01b448-9690-4e56-bc4e-5b45286acaa4,5,
7b3c29e9-683e-4571-ae63-8732b34fdb0f,69046a96-5b39-4e20-8756-449a8402bd20,a1b5ed7a-e7be-402d-afc1-8c6ec31953b9,3,
fe20ee39-7087-4984-ab5a-7ca44f79e268,69046a96-5b39-4e20-8756-449a8402bd20,601d9e3d-30ab-4d75-8965-e46d06e885c1,2,
f814381e-ee11-47a3-9c00-053b66fd3e79,69046a96-5b39-4e20-8756-449a8402bd20,a78c53f1-04ee-4670-bcb1-4cb0bea1010b,2,
cf3bb004-d688-4cda-9a7b-9a701ebb34ba,69046a96-5b39-4e20-8756-449a8402bd20,000c3a8d-6846-43cb-b524-d209121db1b3,2,
803909b1-d776-4a70-806f-98b36df3b2b8,69046a96-5b39-4e20-8756-449a8402bd20,b373f5c6-a328-44a7-b991-d0abde41d97f,5,
bc441edd-c1cf-459f-a6b8-2e76a6e95757,69046a96-5b39-4e20-8756-449a8402bd20,37ad12ca-23bc-48ce-9066-97cae9081a14,1,
c0821e1e-2125-4f09-95fa-f738e41bc8e0,69046a96-5b39-4e20-8756-449a8402bd20,b4f572a8-558a-4f8c-8814-2d4e533c2c4d,3,
e4b74726-6322-48f3-b4f5-14fdbcd23b13,69046a96-5b39-4e20-8756-449a8402bd20,71fe8efe-ad57-4982-a710-eef68402b49d,2,
08d57acf-9f45-4ca9-ad5c-f539931764e3,69046a96-5b39-4e20-8756-449a8402bd20,5a328e1c-0a52-491a-a9d7-0793cb9e7392,5,
b9932a11-bc93-4c43-a444-81d62a64d4de,69046a96-5b39-4e20-8756-449a8402bd20,382181ce-a949-4d44-9906-7b147e4ee3d3,4,
d455c03f-2e33-4004-a750-683c8a19be08,69046a96-5b39-4e20-8756-449a8402bd20,b742b45f-c961-42e4-a480-eb7a2092df45,4,
21cbc461-2ba1-4aab-9b98-25a7ae56a32f,69046a96-5b39-4e20-8756-449a8402bd20,8a7d1e66-812c-4a1b-bdbf-379e9db1e777,3,
5a056378-1794-4c59-b048-c807ba3e2df4,69046a96-5b39-4e20-8756-449a8402bd20,a7133961-a75a-43aa-84d8-fb1fb274bc9b,4,
3c11d1c5-72a3-48ad-a63c-892c5eced963,69046a96-5b39-4e20-8756-449a8402bd20,7b24eb7f-1256-41bd-b404-598fc370cb27,2,
1072b48f-dd46-4dc2-905b-d4e120e48bd4,69046a96-5b39-4e20-8756-449a8402bd20,bda839fe-8f04-4ce0-b9f3-a84a63d9d913,3,
35f4b0ca-1355-4542-90fe-f7d0cf7263b0,69046a96-5b39-4e20-8756-449a8402bd20,bc4d1856-450c-488d-8cec-806823513014,3,
886b4f5b-321b-444e-ac97-b4f8e79e6b9c,69046a96-5b39-4e20-8756-449a8402bd20,577c1a1c-6b5a-4fd8-b84a-5f38a408ef6a,5,
dc59a85d-6846-4d02-a012-203d930a4965,69046a96-5b39-4e20-8756-449a8402bd20,0f3a96cc-b44d-4939-ac49-b63e51676fd4,3,
632e4777-6457-45af-a942-0fe74001b41d,69046a96-5b39-4e20-8756-449a8402bd20,7e14c5a2-d52b-4c32-89ef-39aedfae4b35,2,
6bc5f9fb-2adf-4eaf-97ad-875a7f310f2f,b96ce1b6-6ca3-4273-b1b6-824c5bfef872,eac8312c-6635-4d34-8343-6fb0044697e4,1,
e359f915-cb04-4b1d-ac5f-ee17d37501d1,b96ce1b6-6ca3-4273-b1b6-824c5bfef872,3846b499-e2e4-4144-94bb-3c1e0abd9286,2,
76a9a737-dd87-4ae4-9ae3-4aea5b7ad298,b96ce1b6-6ca3-4273-b1b6-824c5bfef872,c3caa9ea-bc47-44d8-adb3-aa7a595a04ca,5,
a7ae00c5-6962-48d7-8776-c5ead2647fd9,b96ce1b6-6ca3-4273-b1b6-824c5bfef872,ca02e170-0b1d-4490-9570-86c67dde1d80,4,
5ce6b46b-29b9-4e2b-a5a1-1dcffe1e1280,b96ce1b6-6ca3-4273-b1b6-824c5bfef872,f41a769e-3a27-4b3e-912d-9aeceac009d9,2,
cc6736e2-56e9-4a48-8e96-c53936afeb49,b96ce1b6-6ca3-4273-b1b6-824c5bfef872,a4304854-f5db-45c4-bcd8-13152610be92,3,
42903ccd-9553-4e65-b5b4-80eb65ca6305,b96ce1b6-6ca3-4273-b1b6-824c5bfef872,9729a469-3f41-4d15-a144-af68eb031f23,1,
7d1e8b67-3fd6-4d00-a26c-2f378ef4c3fa,b96ce1b6-6ca3-4273-b1b6-824c5bfef872,05658156-1e84-461b-a2b6-18adf7aebf16,1,
57c60fd9-a8bb-478d-abc6-7950c4914d5c,b96ce1b6-6ca3-4273-b1b6-824c5bfef872,037f35b6-b2bc-452b-83a8-17a9afc65d75,5,
ec30df4e-1902-4802-9301-b5ee83348e61,b96ce1b6-6ca3-4273-b1b6-824c5bfef872,4e1076cb-0fdf-4afb-a40b-c0f7075b5d50,5,
6e757397-04ce-4080-bbfd-7279de3c85fd,b96ce1b6-6ca3-4273-b1b6-824c5bfef872,59774b86-4b17-4b3d-bf17-de71386605b2,5,
5aefeb5b-df2b-40bc-befb-593087731475,b96ce1b6-6ca3-4273-b1b6-824c5bfef872,24d1246a-551d-40ff-83cd-194565ec1aa3,3,
fc1c7e90-d12a-4466-bfe6-b04e3ea6d64e,b96ce1b6-6ca3-4273-b1b6-824c5bfef872,8450e747-1633-4b8b-a8f9-3a7eca2a2b5b,5,
7a172271-8fe4-468d-b29e-f5a8185849f0,b96ce1b6-6ca3-4273-b1b6-824c5bfef872,a7133961-a75a-43aa-84d8-fb1fb274bc9b,5,
ba45b28e-197e-4f10-b560-314e0a7161a2,b96ce1b6-6ca3-4273-b1b6-824c5bfef872,33c280e6-8e1c-44da-810d-fa3ae9d125d9,3,
73162812-749c-4bce-9270-049bc505f151,b96ce1b6-6ca3-4273-b1b6-824c5bfef872,c5f01ad4-6dd4-4916-8b59-21eea132b18a,1,
677d1dea-491a-4482-9cf4-641862240854,b96ce1b6-6ca3-4273-b1b6-824c5bfef872,eca5e064-e5f1-4918-9250-d7f9cf2944ae,2,
7c03349d-6daf-46e4-8d5c-ad7d1de76307,b96ce1b6-6ca3-4273-b1b6-824c5bfef872,5215f283-c5ba-4ef9-a59f-92c1de3597ab,3,
d7577b2d-def3-4e8b-9fc9-962028957dbc,b96ce1b6-6ca3-4273-b1b6-824c5bfef872,793aafc2-2436-4a25-8da9-7cc07d866ac8,1,
b2d62a2f-acbf-44a8-b75e-c3b67d543ef1,b96ce1b6-6ca3-4273-b1b6-824c5bfef872,569a837f-9730-4db0-8579-163e7e753d0d,3,
bd617b01-0099-4ade-991d-4c0b32359b75,b96ce1b6-6ca3-4273-b1b6-824c5bfef872,4cf8de65-d1be-4116-b279-60a948448e2b,2,
bbee00ee-c953-4742-aa1b-44b639936712,b96ce1b6-6ca3-4273-b1b6-824c5bfef872,22890cd6-7de0-4748-a8f2-cb8c77f706d2,4,
9d7d852a-523c-4392-81b4-251336b1c94a,b96ce1b6-6ca3-4273-b1b6-824c5bfef872,327ad174-982b-403b-b3b3-4ece46271fb7,3,
5fdbe863-e4f1-485a-82a8-101e0d67b12a,b96ce1b6-6ca3-4273-b1b6-824c5bfef872,a2e4196a-6f84-4d27-8635-8f6b78a2b257,5,
c7c6d0d6-bced-4785-b1d7-8e92be2369b8,b96ce1b6-6ca3-4273-b1b6-824c5bfef872,379fb810-8dd6-47c0-bbfd-2d31be90ae85,2,
8cd55308-bbc9-4b82-8c56-d7baeb131fd3,b96ce1b6-6ca3-4273-b1b6-824c5bfef872,f970d2b5-d885-48e2-8abd-4e6f4cfd268f,3,
7fe90599-5325-4ac9-8b10-83aba3cb100c,b96ce1b6-6ca3-4273-b1b6-824c5bfef872,34cb0242-1f59-4fb4-b2a7-2a77dff9993f,2,
7c57359a-2c26-4125-a15e-d4e536ed1861,b96ce1b6-6ca3-4273-b1b6-824c5bfef872,2c9f876b-13f4-4639-8a45-39621b9b4159,2,
967599c3-745e-4d71-88b3-67b8c1a60401,b96ce1b6-6ca3-4273-b1b6-824c5bfef872,4f32733d-b056-48d7-84f9-e07cfcee97c2,2,
0d7217e2-2583-4110-a1d4-8500f4ff31cb,b96ce1b6-6ca3-4273-b1b6-824c5bfef872,5e932b25-e5cb-4675-ba51-cc7979447408,3,
8b86c56f-b9ab-444e-8413-a81d5eb438ee,b96ce1b6-6ca3-4273-b1b6-824c5bfef872,fb3149bf-c0d6-4d57-b5b2-2b5257d53d46,5,
9d8968e8-2acc-41b1-9053-39fa9490cf50,b96ce1b6-6ca3-4273-b1b6-824c5bfef872,00f549b2-95ca-491f-ba00-1a5fa1034452,2,
7acf9ef0-56fa-470e-8b9f-30fba07298e4,7f23fe88-1c67-4a6d-b688-2b9c7c91b284,6638f069-7b05-47c0-91a2-447b50fa060c,5,
13f9ad5e-6452-4182-8be0-f12731b7884e,7f23fe88-1c67-4a6d-b688-2b9c7c91b284,ea21f8c3-eb4d-431d-ad80-65ed253f8e2d,5,
14d66f9e-7022-42c7-a30e-e16c5abf2aa4,7f23fe88-1c67-4a6d-b688-2b9c7c91b284,11cda74c-b009-4d75-a67f-0de7b9ae5432,3,
af969a91-f6c1-418e-9e59-aed5ca50c2b6,7f23fe88-1c67-4a6d-b688-2b9c7c91b284,e654d932-3fd1-4805-a601-ac1c9f9cd728,2,
5247523c-68af-4ccd-bbbd-67bbed4bfd01,7f23fe88-1c67-4a6d-b688-2b9c7c91b284,01162f67-fb26-4c1c-9194-3c90e6ad3d55,5,
33395f8c-8035-454a-b293-eb4b73a7be65,7f23fe88-1c67-4a6d-b688-2b9c7c91b284,e2bec959-42e2-4203-beb0-8236b1802f6a,1,
0f65ebce-eb3d-403a-b701-981c2cd51b92,7f23fe88-1c67-4a6d-b688-2b9c7c91b284,d054c9c7-2bb1-4d2e-ba11-7e1f3c90c7e6,3,
3ae6cdd6-0c7e-4e75-bd2b-6ab661607428,7f23fe88-1c67-4a6d-b688-2b9c7c91b284,f5c6ab9e-3264-4eef-9537-7741870e1d6c,3,
8ddef8c1-db98-4235-87c7-5ae8a76414d7,7f23fe88-1c67-4a6d-b688-2b9c7c91b284,745653ed-39e6-496d-b7d8-c84ef445b224,3,
3f5798ce-fef0-4ed6-be7e-57357bc0a475,7f23fe88-1c67-4a6d-b688-2b9c7c91b284,dc663186-3dd8-4bf4-9709-b0066fda6da5,2,
63ec93fa-6fd6-4fe9-92ee-6143031c36f8,7f23fe88-1c67-4a6d-b688-2b9c7c91b284,849c5eed-8f68-4d3b-95b2-d4a8924af0a7,4,
f4a76dcb-58cd-4db8-8c84-a1d86da254cb,7f23fe88-1c67-4a6d-b688-2b9c7c91b284,12c59f04-d952-41c8-9ed0-e07704f1b189,5,
d70ff96d-391c-48ba-8ace-f95d497a9c8f,7f23fe88-1c67-4a6d-b688-2b9c7c91b284,22e25191-0081-427a-9dd3-a81ccc24ec48,5,
a3f85d82-df52-4ebd-92c7-a8cff35b3d39,7f23fe88-1c67-4a6d-b688-2b9c7c91b284,4a1a4102-71d5-4e3f-a69c-3dd070370b4a,2,
26c0e605-10ac-4ce8-9502-4b2e42729c6d,7f23fe88-1c67-4a6d-b688-2b9c7c91b284,169e683c-aabe-48d0-a45e-5372ac969840,3,
c1119933-0320-4f40-bbc7-ec5bab2329ea,7f23fe88-1c67-4a6d-b688-2b9c7c91b284,08b15696-2b45-43dd-a1e9-229e15913df2,1,
fd15ea9e-ae11-4b14-984b-1a7be2e66e9e,7f23fe88-1c67-4a6d-b688-2b9c7c91b284,6fe17046-2cfb-429c-9df2-cfde4a1bd9aa,2,
8ebb168e-3c9e-49dd-bc83-0636c01b1d2f,7f23fe88-1c67-4a6d-b688-2b9c7c91b284,d5ed0802-c41a-431a-bf4e-016d1a7132b5,1,
e2a43b7f-a857-431a-9f76-1b3f4fcdc17a,7f23fe88-1c67-4a6d-b688-2b9c7c91b284,982e5366-9006-4095-9180-6dc5f2a385b4,5,
5f417cee-f4e8-4846-b62a-6354ccf2b3a1,7f23fe88-1c67-4a6d-b688-2b9c7c91b284,7ea0a0d4-aa54-4616-b0ed-7d849bb45667,4,
239dfa36-1c3a-498c-8267-6e28ad8a9432,7f23fe88-1c67-4a6d-b688-2b9c7c91b284,a0a4b15b-2c6c-4f31-a952-01589cbc65cd,2,
dc292510-4cf2-4b88-b4f5-456c4b52b1a4,7f23fe88-1c67-4a6d-b688-2b9c7c91b284,78de7f85-a888-4054-bfa5-89a86cb753a7,2,
cbdf53bc-4ae0-42f0-bfac-d3a1cabbd9e3,7f23fe88-1c67-4a6d-b688-2b9c7c91b284,ef53398c-6562-4937-a485-21f47967a169,4,
c1ec2a90-9798-41dd-8c36-1516f354a3a9,7f23fe88-1c67-4a6d-b688-2b9c7c91b284,8d5ed1b2-e87f-4086-b1b6-fd16cbbea825,1,
60dde398-09c9-4542-8cba-8faa26f340c2,7f23fe88-1c67-4a6d-b688-2b9c7c91b284,5a74afd8-43dc-427d-896e-4a39c46fb280,1,
dbf81d40-d2da-4a63-9797-a37f6291d439,7f23fe88-1c67-4a6d-b688-2b9c7c91b284,e9635517-62a7-4ab1-ae78-dc63d1073bef,5,
8c558c4c-a973-4409-8def-d6d63b9f2470,7f23fe88-1c67-4a6d-b688-2b9c7c91b284,eef38a7c-00ec-481c-8f27-3e19813fc534,3,
843dece6-75db-49e6-a6eb-9561bd3440fa,7f23fe88-1c67-4a6d-b688-2b9c7c91b284,e258a1c9-caf7-4a7f-a42f-3f4155b19662,5,
ec14cc34-b4ad-45b3-be2c-1168d81fee14,7f23fe88-1c67-4a6d-b688-2b9c7c91b284,7fd21491-27f9-4a09-bba1-9a58ec6c8c0b,2,
dbab684d-47e5-46e7-8045-d2f79d2b3fc8,7f23fe88-1c67-4a6d-b688-2b9c7c91b284,2deaef9b-d8af-4d9f-84d8-65dc633b247f,5,
0badb237-e49b-4057-a234-0ee32b272050,7f23fe88-1c67-4a6d-b688-2b9c7c91b284,5626922b-c1c4-43d8-85d5-ff7e353a3d3e,1,
1492bceb-0a90-4e62-9e2d-7a128d3c7fa1,69aab52d-c661-43f1-8d01-82f649f93cb8,efacd9bb-18b8-42d8-9675-8cd000a224c1,5,
21c5c769-18fb-45e1-97bb-2b4dad1000e5,69aab52d-c661-43f1-8d01-82f649f93cb8,6d230d02-d438-4f72-9aee-66b0db1b314b,4,
21900711-bd92-4cdd-8727-ced99552d355,69aab52d-c661-43f1-8d01-82f649f93cb8,f55e5aa4-0813-42f2-b1b2-186999557e7a,3,
328ff6b9-f3b0-4f6e-8632-1e7661184e31,69aab52d-c661-43f1-8d01-82f649f93cb8,4133136c-ce6c-4403-9668-68b1d3adfeed,5,
5e3bbb6c-5d40-4dce-af1b-6fc834cb7cd7,69aab52d-c661-43f1-8d01-82f649f93cb8,536bc561-5ba8-41b2-a4a8-44f200e08cad,3,
42095e10-e559-46a7-8b5c-6be06c4f364b,69aab52d-c661-43f1-8d01-82f649f93cb8,589cb0f0-df06-4147-9072-ea03a1be8f4d,2,
0bbcbe4d-4366-4c31-be64-03395cb78446,69aab52d-c661-43f1-8d01-82f649f93cb8,76216ae2-ca75-4373-9536-efe4cc3c4411,2,
1e67700c-4724-41bc-8667-0b39b848a84d,69aab52d-c661-43f1-8d01-82f649f93cb8,c13e2c94-2232-4034-ba85-d96207fbd1b0,3,
69d93ce7-01f5-4f27-b810-84786af7651f,69aab52d-c661-43f1-8d01-82f649f93cb8,27e84d0e-d3fe-44c8-b98d-f40d3c64cb43,4,
628f9a44-b644-4c94-b93d-98236b510003,69aab52d-c661-43f1-8d01-82f649f93cb8,9ad84df0-3b01-4d44-b831-3a251b5dc4eb,2,
4040ff05-38eb-4862-9c3e-6e22dc3b2f51,69aab52d-c661-43f1-8d01-82f649f93cb8,737ad391-7e5c-4019-80f7-b1aa49d7f0ba,3,
441f5881-14da-491b-bad7-7cefdb9994f5,69aab52d-c661-43f1-8d01-82f649f93cb8,2ee5d7b0-7c63-4275-9d65-061770ab1cf8,1,
c44bc649-5424-4276-b354-327dc25ca96d,69aab52d-c661-43f1-8d01-82f649f93cb8,1d733d0d-9185-4a9b-a0e3-59099983f215,4,
a3bb44e4-7f9b-45db-b318-b68c7ace901f,69aab52d-c661-43f1-8d01-82f649f93cb8,9346317c-9b1f-48be-8537-99db8fd877eb,3,
1cf84a9d-a4ee-4b8d-8cb7-5182a24655a1,69aab52d-c661-43f1-8d01-82f649f93cb8,e5fd847d-dc31-47e7-88e5-cc45906edfdf,5,
f75c571d-0d8b-482d-8d87-e2b4d3cf9822,69aab52d-c661-43f1-8d01-82f649f93cb8,72cd7dc4-0b5a-4c08-9ee9-a110d214bfcd,3,
04db7a9f-9a4f-4a07-a0ff-e234af6c32a8,69aab52d-c661-43f1-8d01-82f649f93cb8,fcead552-4ec4-4881-9108-f85b670bcc55,2,
4ec78690-d30d-4d8a-85fd-07f33570370a,69aab52d-c661-43f1-8d01-82f649f93cb8,1e35feeb-a0cf-4871-85b0-8d205320dc98,3,
3e6ca9ed-74e8-4169-8cfa-7c2d9be950de,69aab52d-c661-43f1-8d01-82f649f93cb8,654136d7-e60b-497e-a986-419118423a3d,3,
f8d81948-7d59-4277-b42f-7c2d7db209f5,69aab52d-c661-43f1-8d01-82f649f93cb8,d59a88db-5d45-46f6-a2a1-06c3e7036e7e,4,
a98b4dea-3665-4db5-9819-9a586d92d076,69aab52d-c661-43f1-8d01-82f649f93cb8,8dd298dd-456e-4d0f-8a2f-c03ee635026c,5,
6c664e04-c43b-4310-8903-6fe60cb29e3b,69aab52d-c661-43f1-8d01-82f649f93cb8,43b15634-90d6-4a52-9f12-6e427d1b90ff,3,
7a8809bc-0cb2-43ee-93f2-5c87c938fbea,69aab52d-c661-43f1-8d01-82f649f93cb8,f4570491-6c88-421d-a7c9-4232a47f3f07,5,
d71307ab-d9ee-42f1-898f-a1a3e9a6ef82,69aab52d-c661-43f1-8d01-82f649f93cb8,2d2996ea-5147-4b47-a4ed-93eb1b7ad74f,5,
00c6e722-8f95-453e-a73d-2756b8cb4597,69aab52d-c661-43f1-8d01-82f649f93cb8,ff87349a-0868-4085-8740-17ee0a30e6b9,3,
0c1e0c98-0635-479f-babe-64fec351f6d2,69aab52d-c661-43f1-8d01-82f649f93cb8,ace5e3ae-f1fe-4c7f-8b77-ee3e9619668e,5,
8b9e1ef9-2d85-4d80-b625-999d097f1be2,69aab52d-c661-43f1-8d01-82f649f93cb8,19853cc6-f1f3-4807-9bdc-0d2f5be22b44,4,
13131ad0-026c-4083-8e5f-fa4c15286d10,69aab52d-c661-43f1-8d01-82f649f93cb8,792ab3a7-a235-4235-a88f-0d0236715c01,4,
631c6094-1f52-4cd7-9a19-676d0cac027d,69aab52d-c661-43f1-8d01-82f649f93cb8,5a44becf-b53f-4468-8ba8-993fb1aa8c67,4,
79809616-88d2-4e0c-abd6-11600542bf00,69aab52d-c661-43f1-8d01-82f649f93cb8,1467fb96-6343-451a-9d45-f9c4183edfbc,2,
1790a977-ac4b-4bd8-afc4-1ecc3c312a72,69aab52d-c661-43f1-8d01-82f649f93cb8,a24c6518-15e4-484a-9fe3-1437f686a818,2,
191ef171-28ef-4956-8603-0c245fcbcbc2,69aab52d-c661-43f1-8d01-82f649f93cb8,5b4ebd2d-8b42-44a4-9c9d-df4da1443430,2,
6372d2ab-c7ac-46d1-831e-bc7accf1920c,69aab52d-c661-43f1-8d01-82f649f93cb8,96d4d50f-f0db-427b-9a0f-6e7c70d5be06,1,
b0578b05-0daa-41ce-ba43-a4666cf142d9,69aab52d-c661-43f1-8d01-82f649f93cb8,f5b15c20-d611-44b7-83e4-c6e48a099e2d,1,
088dac77-50e6-4f4b-ac1b-b90cd220072e,69aab52d-c661-43f1-8d01-82f649f93cb8,e72e2c8c-d7e9-4799-b1da-ba314539c829,3,
7fe172c4-568e-4bff-a767-2d004de1dbc9,69aab52d-c661-43f1-8d01-82f649f93cb8,5bafd453-96b1-417d-922a-4edab216baf9,5,
c5b3f959-ecdb-42ab-ad1c-6ac51d3359f6,69aab52d-c661-43f1-8d01-82f649f93cb8,96c9cdd2-83d7-474a-9a2a-785a608d55e8,1,
6471c7d6-c361-47b4-b7b1-8e216469af0b,69aab52d-c661-43f1-8d01-82f649f93cb8,24b97ffe-71df-4a21-ad90-9a7c2d808124,5,
1ccf58b3-cb17-431a-95eb-61a26c7b21f3,69aab52d-c661-43f1-8d01-82f649f93cb8,a4090137-eec7-45f9-9af7-2a07685072d5,5,
89dab814-94f8-4110-b1e8-b4c13322055b,69aab52d-c661-43f1-8d01-82f649f93cb8,c984b6e3-42bf-427f-8159-cefc268c6835,5,
74ca8fe5-8d2f-4e40-b248-7b06578fb04d,69aab52d-c661-43f1-8d01-82f649f93cb8,bf73732a-7192-43f6-9074-f4e71facbf93,3,
23fe6569-bd23-4fed-8cd4-4a868553152a,69aab52d-c661-43f1-8d01-82f649f93cb8,8971b57f-dc6e-43fb-97d4-495556ac4f78,3,
737266e6-1e66-4b4c-bacf-289db2eba4de,69aab52d-c661-43f1-8d01-82f649f93cb8,4745e0b4-c5df-4dc7-af6b-2f1adc3fdb2c,4,
cbd342ff-2da1-4c83-859a-c3ffca6ae184,69aab52d-c661-43f1-8d01-82f649f93cb8,70265ce0-d189-4722-9ecf-82cb6670e44f,4,
b1c611a1-2776-49f6-8c8f-99feeb7dd215,69aab52d-c661-43f1-8d01-82f649f93cb8,ec4b3e51-6a68-487d-8ef9-a2fbffa50c09,1,
859e64e6-16bb-43f7-8418-f6a7248dc417,69aab52d-c661-43f1-8d01-82f649f93cb8,aed05b16-cc10-45ce-af56-1339acd7f543,4,
fa5b7176-e832-49e6-9c05-da2e2064f253,69aab52d-c661-43f1-8d01-82f649f93cb8,8337ed56-582a-4b49-85fb-59819e67dc96,1,
c46cb849-9418-4cf6-b809-a9324a6d43cf,69aab52d-c661-43f1-8d01-82f649f93cb8,86879dd5-f5bd-478c-8462-d6e2b241d88d,5,
ea911b4a-b96e-49b1-aceb-dbe14673a588,69aab52d-c661-43f1-8d01-82f649f93cb8,934fa932-7215-4484-8d23-58c9d5df6fee,5,
e8e4fb95-8a61-4755-883d-8180ee81d1d9,69aab52d-c661-43f1-8d01-82f649f93cb8,47cbc1d6-8f5e-4268-9d9a-51bce3c8f227,5,
1d76573f-6e76-4286-a82c-df48f97802d5,69aab52d-c661-43f1-8d01-82f649f93cb8,624fb2e4-272a-420e-94da-cd91d00af85c,4,
b094edfd-c98a-4af1-a2f2-b2c6c89437d4,69aab52d-c661-43f1-8d01-82f649f93cb8,c610bbba-0987-4200-b571-122157e15988,3,
e8fc43b9-4e38-4883-ac46-694113b9dba1,69aab52d-c661-43f1-8d01-82f649f93cb8,1912fd92-eb5e-486a-9f15-ad15688dbc95,2,
59954475-1048-4f9d-8e75-83345698d84a,69aab52d-c661-43f1-8d01-82f649f93cb8,8d2b14df-13d6-4823-ac06-f90ddaaa2b93,1,
d27401c1-b5e3-4278-a4ce-d3da88447743,69aab52d-c661-43f1-8d01-82f649f93cb8,1702c901-69ae-4168-813b-1fe6132c8052,3,
e084912e-9cd7-4f25-a311-0495b0a7d0df,69aab52d-c661-43f1-8d01-82f649f93cb8,12da1de8-43d3-4731-b6c3-aabf83bf41cd,4,
db10af4a-6900-4d1b-ae0d-575da291bb0a,69aab52d-c661-43f1-8d01-82f649f93cb8,05d2cacf-17e1-4a6b-9736-d2e5ee3bf041,1,
0e746725-116d-4860-afb5-e2e186aecb84,69aab52d-c661-43f1-8d01-82f649f93cb8,6e38404c-9c5d-4ce1-8feb-c98677d37f48,2,
c074d051-3b6f-42b8-a45b-9a959ebf05ba,69aab52d-c661-43f1-8d01-82f649f93cb8,38309afd-0e32-4b21-a088-d8a49752f79d,1,
0222a781-50f1-4b54-bc4d-4b8c25b6e869,69aab52d-c661-43f1-8d01-82f649f93cb8,ffdf274c-83c6-4823-bb71-a455589d9347,5,
02be01d3-717f-4ac6-bcbf-37d235395d67,69aab52d-c661-43f1-8d01-82f649f93cb8,533a8a4c-7bbe-4a78-a73c-2a43285a93c7,2,
3d6b7ea9-34c4-4929-b1d1-902c88ee8670,69aab52d-c661-43f1-8d01-82f649f93cb8,dadcff69-97c9-4926-8d6a-adff7ad98a17,5,
a070a2cb-5f7c-4a43-a5f3-64c7e0c69ad4,69aab52d-c661-43f1-8d01-82f649f93cb8,dd01770c-e984-4575-bfd6-84cddbaf72e8,3,
bf827f2f-fd1d-43d4-ba18-7aee3efbfff4,69aab52d-c661-43f1-8d01-82f649f93cb8,94f18ff3-e4e8-45b4-9eb0-303f5cb634f0,5,
20e99355-ff39-447a-a6ca-b1bfbcff4a78,69aab52d-c661-43f1-8d01-82f649f93cb8,a1ac866f-23cc-4ab7-9925-9c5d6ccd42b7,2,
b87c0e20-9f7b-4f59-9695-b6fd40c19746,69aab52d-c661-43f1-8d01-82f649f93cb8,3ee887bc-b759-47ec-819b-c9bed7907dac,1,
becd4e1e-2790-46f9-aee5-e8fc2fca5e0f,69aab52d-c661-43f1-8d01-82f649f93cb8,197a39e3-325d-4182-bf69-b46142dfd661,3,
55deafdf-a085-40b5-9f40-fcdb6da7dfb9,69aab52d-c661-43f1-8d01-82f649f93cb8,0dce7f8a-ce69-4310-ad26-80638690417c,3,
a6a935e0-c88c-4cd5-8459-84dea42179fa,69aab52d-c661-43f1-8d01-82f649f93cb8,c4adf275-245f-4375-a01a-486a7ca56b81,4,
f1e940d8-2b68-4df2-b472-2113c8f6deed,69aab52d-c661-43f1-8d01-82f649f93cb8,8d5b2dce-e426-4807-8917-cde49ef3931e,3,
b323edb3-7cf0-444b-8f4f-2a217e9f52a0,69aab52d-c661-43f1-8d01-82f649f93cb8,9b07a89e-1403-4ceb-b23d-efe790e67fb1,1,
4e5d7670-dac0-4577-86bb-2eafbcf6c498,69aab52d-c661-43f1-8d01-82f649f93cb8,507122d1-a9a9-4b15-94bf-aae0967779cf,4,
c9d3c2f2-a215-400e-b59b-5cdb2e5ee47d,69aab52d-c661-43f1-8d01-82f649f93cb8,5676c45b-e084-49a4-b165-c003a4841cc3,1,
2fe6958a-aec9-4489-ac4b-b0fd47a2ced9,69aab52d-c661-43f1-8d01-82f649f93cb8,d002c591-b7f1-4514-8132-759b3376b758,1,
93e9c195-de6f-4b67-8de3-41f6f990e177,69aab52d-c661-43f1-8d01-82f649f93cb8,41109ade-3f42-45e4-a483-d86f383fb04e,4,
12285d0b-b19b-4120-9093-8885075f50e0,69aab52d-c661-43f1-8d01-82f649f93cb8,675965b9-58d2-4a08-95f1-d2aa6bbb44f0,1,
730620ef-a71f-4d6a-8844-4f7d5e4fd34b,69aab52d-c661-43f1-8d01-82f649f93cb8,77f174d3-671b-4f4f-8392-5f7abac6fb40,1,
fbabf57e-9c2f-4bb6-b46d-d2ca92d4e056,69aab52d-c661-43f1-8d01-82f649f93cb8,c34213be-979b-419f-a11f-28a3589c300f,2,
f355deec-d9da-4c4a-96a5-d7290391dca1,69aab52d-c661-43f1-8d01-82f649f93cb8,ce873a00-7a10-4128-a965-6c2c28a9082d,5,
ceb305c9-55de-4d7e-810d-21148d70205c,69aab52d-c661-43f1-8d01-82f649f93cb8,d70b1d24-f576-494e-9e39-2d0a8f2ff00b,5,
53c99a95-08b4-4903-ba83-65ff565d1a7d,69aab52d-c661-43f1-8d01-82f649f93cb8,bc16ed59-c45f-4ccc-9612-e8ada6dd9601,4,
d18b3463-3bda-4e11-8743-28b8004ce6c1,69aab52d-c661-43f1-8d01-82f649f93cb8,159d3b75-eeae-42b8-95e6-7ae18b30c0e0,2,
f784fac3-3621-4a6b-b597-f6f84dad2c26,69aab52d-c661-43f1-8d01-82f649f93cb8,682299ea-aee1-4049-83c5-2ce6419c771a,4,
42e554bb-1fe1-46cd-9d93-ccb948eb4412,69aab52d-c661-43f1-8d01-82f649f93cb8,509edc14-e0b9-4a00-8256-d2d896b1c701,3,
376275d2-a3d0-4e65-bbf6-a8954d2fe3dd,69aab52d-c661-43f1-8d01-82f649f93cb8,7d586105-73f8-4550-9c1e-f9d40e34506a,2,
d3102657-522b-4aec-aa97-b6cfae9fd233,38e9f66d-b7af-4b5f-8861-97c4986cded1,c9880498-c86b-4e6c-87c0-501f71a8c8dc,4,
5cd0dd91-c286-4195-b134-82c488b388c8,38e9f66d-b7af-4b5f-8861-97c4986cded1,f0668838-15e6-4cca-a5d3-7d87445eea45,5,
e7e5fb6b-068a-4d68-996b-bc0f6de45ca1,38e9f66d-b7af-4b5f-8861-97c4986cded1,6710e516-ccbf-4a94-b32d-ff267d2e0dca,2,
87264de2-e925-439f-b86e-43db025adb90,38e9f66d-b7af-4b5f-8861-97c4986cded1,ac2880ae-046f-4429-a2d8-3beb83530deb,3,
31e29385-ed6c-41dc-8858-686bb22c180c,dd304be9-d8cc-4278-8e91-fdb652390da8,aa373596-9cf3-4d1c-8793-5f9587df6a26,5,
6841963c-adb7-40c1-90ce-df3b441c9e6f,dd304be9-d8cc-4278-8e91-fdb652390da8,bddf72d2-92fc-4870-953c-f4d21bb34f13,3,
982978d7-f45e-4ab5-ae89-75f664e23ef6,dd304be9-d8cc-4278-8e91-fdb652390da8,33b31291-9460-4b42-8619-4dcfad75249e,4,
685638b7-5e7c-496e-8ba7-acc0468ac720,dd304be9-d8cc-4278-8e91-fdb652390da8,3b9a5889-84e5-4b4b-b1f2-27e76b5d81dd,1,
c8845677-4bff-4903-8937-d6afdf0670a3,dd304be9-d8cc-4278-8e91-fdb652390da8,d0a6321f-b99c-4795-b243-9fa7d1ebf07a,3,
7ee34143-8a6a-4fd2-a4fb-9c2c03727037,dd304be9-d8cc-4278-8e91-fdb652390da8,71adba73-f56e-4c23-918b-726a74a4e945,5,
59a2e271-4552-44fb-bdc5-58120cf15713,dd304be9-d8cc-4278-8e91-fdb652390da8,a87dc5bf-f1dc-4253-868b-653d25141868,1,
8b52b50a-315f-4830-8bff-de86f1e98eff,dd304be9-d8cc-4278-8e91-fdb652390da8,24d97129-495a-4efb-8c15-0bd7a2340325,1,
123dc889-c129-4ddf-976a-c5536da1fad9,dd304be9-d8cc-4278-8e91-fdb652390da8,83e2af5f-de1c-48c6-9864-4c88846f2969,3,
c20cc399-aa76-494b-8f91-626c8e86a27e,dd304be9-d8cc-4278-8e91-fdb652390da8,c5c3fdf7-ec3f-431a-9b47-b7046120d45a,2,
59202123-7fc0-46cb-b7ec-69e0d3c90558,dd304be9-d8cc-4278-8e91-fdb652390da8,989da650-2dea-4c4b-b6c9-70f7623b3337,4,
f04a35c7-f4ac-462d-95f4-bb586210debb,dd304be9-d8cc-4278-8e91-fdb652390da8,467747e4-e81e-4a2b-b742-48e856e739c3,2,
f9ce7399-cfb3-40e8-8b06-76409bd7fcab,dd304be9-d8cc-4278-8e91-fdb652390da8,00385b49-86ee-4fe2-8283-4ad530eea32e,2,
46fc7c3d-9f77-446e-acc1-950198c4e16a,73973dae-b2fb-446d-ae05-0aa76fad088a,66cd1807-044d-4916-a4c9-04200802e4d1,1,
7122146f-4832-42ef-94f7-32a237c21a9f,73973dae-b2fb-446d-ae05-0aa76fad088a,f488dd03-c37d-4fa7-a38e-38271038cdd2,5,
1ed549c2-a79a-4246-a282-be36ceb49701,73973dae-b2fb-446d-ae05-0aa76fad088a,68e8e8f5-9b9e-4f26-b8ff-dd18d343b665,3,
d11b983c-1bb8-4e4b-82ee-add894a7b55b,73973dae-b2fb-446d-ae05-0aa76fad088a,8657e16b-3548-447b-8c9a-79ed6a164361,5,
e6bd322d-4a5c-473b-a9ad-d928c30ec0f6,73973dae-b2fb-446d-ae05-0aa76fad088a,88ceeea0-3394-4e0f-817a-8b95bc14ee18,5,
3ae6d871-8fb4-4ce1-8ac8-95c0252fe341,73973dae-b2fb-446d-ae05-0aa76fad088a,cff7d69d-10e3-49fd-bf71-564b7edc0ec5,1,
efc916e5-dede-4480-aee0-5ffc8634809e,73973dae-b2fb-446d-ae05-0aa76fad088a,7a7f9549-f384-4815-9705-19102c078ba1,2,
c458597d-74ed-4e6d-a542-3f2f83924435,73973dae-b2fb-446d-ae05-0aa76fad088a,72554706-2b9b-4c54-a558-e0c17863dcf1,5,
ffe5b6dd-61e8-47f2-98be-c3ce799f14aa,73973dae-b2fb-446d-ae05-0aa76fad088a,59daaaeb-843a-4461-81ca-c7d4d6c5f47c,1,
50d56368-64cb-4548-b85d-9ff2f8f9169b,73973dae-b2fb-446d-ae05-0aa76fad088a,02f2d15b-f30d-4163-bc80-65c9414f30b6,5,
42a26343-751e-49e3-8984-0360fbd4e238,73973dae-b2fb-446d-ae05-0aa76fad088a,7309fc19-fc88-46a2-a9aa-4fd440bc9ae0,2,
f8089cd2-2580-4bbb-9cb6-5e3239f12293,73973dae-b2fb-446d-ae05-0aa76fad088a,521a4ddf-e2ae-4337-99ea-83fbd188625b,3,
6901f161-e1a2-4059-bf22-40f57fd4c654,73973dae-b2fb-446d-ae05-0aa76fad088a,8b59be57-2eae-4dde-ba70-d4812e2df4d9,4,
99ed3585-0354-4201-893c-f9b9b9680bc3,73973dae-b2fb-446d-ae05-0aa76fad088a,28da6a84-f0ed-4eae-ba4e-3ef359f60ce5,5,
e6f17c1d-4acf-40eb-8cde-27607a0298b3,73973dae-b2fb-446d-ae05-0aa76fad088a,30bd1c25-2ccf-4b74-91f6-b45c48d178b3,5,
f45d17ae-a5fb-45e4-9ad4-07141d07dc41,73973dae-b2fb-446d-ae05-0aa76fad088a,6ac90907-7b5d-45cf-baa8-a5c3530947fc,1,
396b0481-b212-4560-8392-64f95dfbfe05,73973dae-b2fb-446d-ae05-0aa76fad088a,73fdbf1c-449c-4f36-84a6-e401fcd50898,1,
5e6bff04-93fc-4e70-a543-f88ff4634d2d,73973dae-b2fb-446d-ae05-0aa76fad088a,53da9b64-7b61-4e84-8abd-fd229df3450b,3,
601c013b-42d7-432b-859d-17b438eb6bba,73973dae-b2fb-446d-ae05-0aa76fad088a,16db9d7a-117c-4259-90f6-52379a1c410e,4,
60236ae7-662b-42f5-9337-419da9eb1720,73973dae-b2fb-446d-ae05-0aa76fad088a,50a6e33d-aa43-4ecd-ab58-ae18f2c20b6c,2,
9167001c-7d98-47fc-868a-dbf16a02e8fb,73973dae-b2fb-446d-ae05-0aa76fad088a,9b273710-1e86-49f9-8299-a5fe8763fba5,4,
00c83121-c84f-4752-889e-51c16431605f,73973dae-b2fb-446d-ae05-0aa76fad088a,fcb33a60-9c58-4efd-81aa-2ad8bb50f5d7,4,
327a2ac4-1535-44bd-8c33-a81dd0746f54,73973dae-b2fb-446d-ae05-0aa76fad088a,b357bee8-b6e8-443d-9714-4415f291d059,2,
d6140b44-885b-4323-a33f-66d6ec2a6eed,73973dae-b2fb-446d-ae05-0aa76fad088a,c87c92de-ee2d-4ae7-b449-ce5cb78238bd,2,
b7401e3c-fb7b-45c0-8f92-a9405f0a0653,73973dae-b2fb-446d-ae05-0aa76fad088a,c17a29de-a6b8-449e-ae7a-e5fac73d41c6,5,
b6da009b-de51-4b85-aa7c-f787dc32f0c8,73973dae-b2fb-446d-ae05-0aa76fad088a,67737bc1-e619-4fc5-be0a-6ede8ca18c8f,1,
2c0c17dc-71c1-441d-8f66-fe2dffc68d23,73973dae-b2fb-446d-ae05-0aa76fad088a,548ca9a5-42de-4878-aa97-f7ed4f54bb21,3,
ef1876b7-e5fc-49d8-a965-4d4d96dca3f7,73973dae-b2fb-446d-ae05-0aa76fad088a,1987f2c3-b8b5-4fa2-a35a-311fc632176b,2,
3bc21104-8a9c-421d-969c-092d02e36a4d,73973dae-b2fb-446d-ae05-0aa76fad088a,8ed0be13-8247-4f94-8108-8854af4d918b,1,
61dcec40-a34a-4d12-830f-db1f50585cd7,73973dae-b2fb-446d-ae05-0aa76fad088a,f7e0018a-6f42-4b20-9b8b-773dd111e5aa,2,
37ff5ade-17b3-4064-92f5-447cdb06f567,73973dae-b2fb-446d-ae05-0aa76fad088a,cce9d69a-12cc-4e26-868c-a5903c881d1a,3,
27f6a003-5c7e-49e6-9ffc-8373d8ae144f,73973dae-b2fb-446d-ae05-0aa76fad088a,b87e685c-42c5-4360-a330-668be97eb6d4,3,
a248466a-bbe4-41af-b00c-bca92826d5ef,73973dae-b2fb-446d-ae05-0aa76fad088a,1c746b68-3a0a-406c-876e-0b1946a8c275,3,
1b443063-3ad4-45ab-a98f-ff2e0cd2d0bb,73973dae-b2fb-446d-ae05-0aa76fad088a,d74864d5-7562-489c-9c19-b2d38983ff96,3,
93a71abd-d82b-406e-95ee-c48487440b19,73973dae-b2fb-446d-ae05-0aa76fad088a,79b62aed-4107-4a60-b8a8-d550b795d1e9,4,
fa21a9f7-1feb-4701-b64f-154afddaa461,73973dae-b2fb-446d-ae05-0aa76fad088a,6d993b03-f491-418f-8dac-e3b52e1ec3bd,4,
e4492ef6-54e4-4fa8-a720-194060ae824f,73973dae-b2fb-446d-ae05-0aa76fad088a,43f179e6-28dd-4eb0-b651-0bdc273e82b3,2,
c2885c79-3ce6-4117-9dd5-0b321c423cf5,73973dae-b2fb-446d-ae05-0aa76fad088a,ab9ae0a2-414e-4ed2-9144-069a73ddbc96,3,
082bf7b3-f848-4df5-9ed3-54be58eeb25b,73973dae-b2fb-446d-ae05-0aa76fad088a,a3a72450-cc60-4f4e-8102-2bda90d6f782,1,
71ab2ab3-0798-4148-87f1-21682ea1a021,73973dae-b2fb-446d-ae05-0aa76fad088a,41357e90-0535-43ed-8342-7a16846ea739,1,
48f64c90-8791-4bb2-be9c-9173d202ac54,73973dae-b2fb-446d-ae05-0aa76fad088a,e64427ab-a502-4d99-ac27-1663d4c84b65,3,
7883d3d2-2b14-4fcb-a4e9-b8575d51a435,3042a6bd-f55b-4783-9c95-433ed72a3741,1ea11569-d34b-41b0-8807-eda23946f651,5,
687665b8-1ffd-4598-8d7a-611815ebf6b3,3042a6bd-f55b-4783-9c95-433ed72a3741,e4495af1-5a02-4bf5-96f0-67b78bc0523b,1,
08e87b53-3f08-48b8-8dc8-4683d14c4f0f,3042a6bd-f55b-4783-9c95-433ed72a3741,851ccf9f-7f35-4d69-b2c3-aff49450989a,1,
036bf172-0712-4cf7-a718-1c1a2593db69,3042a6bd-f55b-4783-9c95-433ed72a3741,23094122-b1ef-4995-98f5-28eadc514402,1,
b5a0897e-49da-4502-83c4-a159941b0020,3042a6bd-f55b-4783-9c95-433ed72a3741,197a39e3-325d-4182-bf69-b46142dfd661,5,
c211367f-a1f2-4a2c-915b-140d4f9eff2e,3042a6bd-f55b-4783-9c95-433ed72a3741,d74c7528-d7b3-4a2f-94ca-f30e1a898de6,1,
d1ab5d2a-ceb7-480f-b595-e4b7348fa43c,3042a6bd-f55b-4783-9c95-433ed72a3741,ad14d062-a8c3-4d49-90da-dc5e47d726dc,5,
4baf3c40-8dc6-4165-a686-bd1595dd2d2d,3042a6bd-f55b-4783-9c95-433ed72a3741,67c3c780-62d2-4395-bc3c-4afafac4cc94,1,
5d8e7649-6ce8-4a67-b4db-61d4f881b85b,3042a6bd-f55b-4783-9c95-433ed72a3741,2a43ea61-2016-4e30-ab9b-d8d0fdf5b684,5,
32e2ce5c-622f-4a7c-8c3c-190d737621c0,3042a6bd-f55b-4783-9c95-433ed72a3741,3919baa7-6c78-4e3c-8a87-cbfa8e07296c,1,
91d22b42-b3d1-40a6-928a-aeffa6843ada,3042a6bd-f55b-4783-9c95-433ed72a3741,3c5a709c-f31e-4533-9ee2-a19167b740de,3,
0308bbb3-0473-4080-a4d9-d54f6106693f,3042a6bd-f55b-4783-9c95-433ed72a3741,8a0cfe99-0e7d-4cac-bd11-322ab472d78e,1,
50e5028d-0359-40b7-8641-3124b6315848,3042a6bd-f55b-4783-9c95-433ed72a3741,2b1d3d4f-7b9f-4e1c-ac12-4058e8c37f88,1,
1a2ff52d-d629-4377-98e2-931f620a5d21,cbc550e8-992f-4bb7-9025-887566cd5e2e,c63e0e9a-86b1-4f7b-9543-d56012cdbcef,1,
49d63274-41fc-4d55-b84b-dd25ace7fd35,cbc550e8-992f-4bb7-9025-887566cd5e2e,1dcd275f-42af-4744-b279-036279a46812,2,
2aa56f9f-d701-4c49-87e6-d0febbf91f7c,cbc550e8-992f-4bb7-9025-887566cd5e2e,bfae5731-4b4f-4198-9744-ea5bc7c64951,3,
bb8ff5c1-a550-439e-8fdd-289a051a5590,cbc550e8-992f-4bb7-9025-887566cd5e2e,2d1a32cc-d5dc-4972-bc69-ad04408044e7,2,
5d5bbc64-5b07-421c-b6ee-bce1daaf154e,cbc550e8-992f-4bb7-9025-887566cd5e2e,c32061b1-3600-4866-920c-9209c3ce6728,1,
8801f204-a32c-4e83-98ee-301e740c2e55,2f60d884-83f3-4d41-8d75-c5e28ac928d8,0c9d66b6-e3c6-4c7a-848f-46871854842b,4,
5b6fb613-aee4-4a4d-a111-51f52a4295d7,2f60d884-83f3-4d41-8d75-c5e28ac928d8,d1140dee-404b-41cc-9964-fef9a4b92f68,4,
8da76ac9-4161-42b8-adf0-7f92769f8f20,2f60d884-83f3-4d41-8d75-c5e28ac928d8,228f2388-ff70-4287-a92a-6193e1c82f35,2,
8e31cef3-58cd-499b-af85-25ff1399a15a,2f60d884-83f3-4d41-8d75-c5e28ac928d8,de697f04-3e6d-4a85-8ec6-6d67751ed8f5,5,
e7f4c770-e699-437d-94b0-114ba10dc0e7,2f60d884-83f3-4d41-8d75-c5e28ac928d8,b40903ea-5c85-486d-80e8-b18cf6f947c6,1,
1eb4d440-55fa-4bbf-9d62-00bf3a981412,2f60d884-83f3-4d41-8d75-c5e28ac928d8,c24df9a9-3878-414d-aaae-f5a89a1cf52e,5,
24aa1fea-38f0-4512-bb0c-45ba79c12980,2f60d884-83f3-4d41-8d75-c5e28ac928d8,95917022-7f07-4662-ad2e-0e9318eb1e6f,2,
4523248c-9285-464a-be48-5cfaf4877e43,2f60d884-83f3-4d41-8d75-c5e28ac928d8,0cb44662-d44b-4e65-b764-26b173307f10,2,
238b52fe-f721-4c35-8eb1-59e56e7b5c78,2f60d884-83f3-4d41-8d75-c5e28ac928d8,53be7185-f32b-41ca-8535-730fbe93d7b2,4,
6bf43cb0-7373-4d91-885d-851ced41181d,2f60d884-83f3-4d41-8d75-c5e28ac928d8,6da08523-a22a-4ae4-89bb-9c82ff43e88d,3,
09f7cbd5-a472-4d00-a160-fec2aa2e5f07,2f60d884-83f3-4d41-8d75-c5e28ac928d8,812b98e7-a3e0-4dbc-ac73-6c7d913b2bd8,2,
d6680f75-9f92-4a22-85b6-332659aad51f,2f60d884-83f3-4d41-8d75-c5e28ac928d8,639a8072-9d37-4647-8d32-aecc55dce023,4,
36d086b0-7f4e-4e9b-9711-e47ce4a46a21,2f60d884-83f3-4d41-8d75-c5e28ac928d8,f89b7c8e-1f62-4e81-812d-07aeadb500e0,3,
0c708375-1c96-44f4-bda9-c97923dbe515,2f60d884-83f3-4d41-8d75-c5e28ac928d8,fade94ab-b2c9-46a2-89ff-140344f4e529,5,
01f666db-7c8e-4f0c-83eb-83dbfd0a91b2,2f60d884-83f3-4d41-8d75-c5e28ac928d8,a7694b32-515b-4bec-9573-bf609c785b24,2,
535d335f-c7a4-40eb-91eb-cc88f79a5e09,2f60d884-83f3-4d41-8d75-c5e28ac928d8,0b3be677-dd19-4d5c-a3bd-987eecde204c,1,
1e41473f-27e1-4fb5-8fb2-3d1ad9d89ed2,2f60d884-83f3-4d41-8d75-c5e28ac928d8,530094ce-e8be-4d3d-b50d-11849e63b042,3,
d6cbcd56-bfbd-48da-95b1-5fcd854bd9e5,2f60d884-83f3-4d41-8d75-c5e28ac928d8,e4b0ca1f-f309-4002-8e3b-98bedf5dc7a5,3,
e9523504-f1d9-4024-9f2d-fa86368b69f0,2f60d884-83f3-4d41-8d75-c5e28ac928d8,95470f88-5296-43a1-b295-5845dca49bbc,5,
c5ba9cbd-de3f-4ea0-bed8-30ce4324446a,2f60d884-83f3-4d41-8d75-c5e28ac928d8,7d15c5bf-9e17-4e9b-86c4-148601b896ef,5,
7a46a8ad-bfc6-4365-b907-96d07e41ed16,2f60d884-83f3-4d41-8d75-c5e28ac928d8,aa894637-bbd5-43e5-876c-e7523585b55c,4,
9f2b6108-0340-4a4a-b89c-0ccb403241d6,2f60d884-83f3-4d41-8d75-c5e28ac928d8,b742b45f-c961-42e4-a480-eb7a2092df45,3,
66b11244-0cf0-4587-980e-9031e10dc6af,2f60d884-83f3-4d41-8d75-c5e28ac928d8,745f0c85-9be8-47c4-9419-3889ac263ce1,3,
225826a8-f00e-4c48-995c-996cd399df85,2f60d884-83f3-4d41-8d75-c5e28ac928d8,d8527575-cb7d-4fd1-af1d-c74dd9ee4c3e,2,
956f2e26-da34-4668-bec4-1789fc480a4c,2f60d884-83f3-4d41-8d75-c5e28ac928d8,aa26c524-4925-44ed-bbf8-d4fd3556112c,3,
95dc45c9-6c86-4e20-b620-652f4389e7ed,2f60d884-83f3-4d41-8d75-c5e28ac928d8,691f4291-4f0e-47dd-bba7-b8fa7cf36f19,4,
39fa65b9-8961-44eb-9e36-7717490949a0,2f60d884-83f3-4d41-8d75-c5e28ac928d8,95237c9c-27b7-40c0-830a-c2ed0372d563,4,
a2b516f0-5746-458f-8b93-92b8bd46d046,2f60d884-83f3-4d41-8d75-c5e28ac928d8,07afdb2f-11ff-4837-a002-9ca8bdcecc48,2,
d99638f9-b916-49f6-be7b-80ad5ec80813,2f60d884-83f3-4d41-8d75-c5e28ac928d8,866d1753-ec21-4dab-a2bf-56ad1086b989,5,
d15a61af-138b-43f0-9ca9-7647e9dd5d3e,2f60d884-83f3-4d41-8d75-c5e28ac928d8,d30bc76b-08a6-44ef-b4e9-0d1f1778033d,4,
b337cf63-c3a8-40b4-a353-f51e10a9a007,2f60d884-83f3-4d41-8d75-c5e28ac928d8,4349c417-6520-4ea1-9b18-b9919a81f304,5,
dc12fe47-89e6-4b2b-b0ad-d260d5c00262,2f60d884-83f3-4d41-8d75-c5e28ac928d8,811e68bc-f161-4b72-aa62-c6941af73350,5,
7de8153f-53ba-40fc-b287-fdb381e1917e,9a7d82b5-4c55-4896-a1df-934c99eadeb7,afdf42e1-a464-4594-83fb-bb0149bd0923,3,
66dab5d2-4e52-4546-b61b-c0f59101b4ad,9a7d82b5-4c55-4896-a1df-934c99eadeb7,a00b54ba-1691-4b4a-8cfa-e94a1157c8df,4,
d7b45767-5ff6-4a8a-a785-0f501a8680f6,9a7d82b5-4c55-4896-a1df-934c99eadeb7,a40587d5-a80a-4a15-9d35-1e4c6293e558,1,
3a914935-faec-4c0c-8d65-c97001dba5a0,9a7d82b5-4c55-4896-a1df-934c99eadeb7,7239413e-4f07-45e7-aaee-c8b226d08edc,1,
6887e5f5-c955-455a-9195-66e0b30fc602,9a7d82b5-4c55-4896-a1df-934c99eadeb7,56f48626-cce4-46a1-96a0-609e1e34ff51,1,
0e739f6c-ebba-4354-90c2-1a27e62bafbf,9a7d82b5-4c55-4896-a1df-934c99eadeb7,0192fec5-aa8b-4bc8-8aac-b2b520363cab,3,
4f1af5c3-1756-47e0-b88b-4161b4ad7dee,9a7d82b5-4c55-4896-a1df-934c99eadeb7,94f023b3-f285-47a8-85ef-5fd68a60eb13,1,
eb1b1cff-ed49-4e2f-8998-dae9c85a9926,9a7d82b5-4c55-4896-a1df-934c99eadeb7,23fe2645-d26e-4cb6-b313-3718c327b718,2,
31cf8a45-3d9a-456b-8dad-7c150173aaaa,9a7d82b5-4c55-4896-a1df-934c99eadeb7,6a7b2710-fe7b-48fa-acd9-4dbffb26325f,5,
53a746d5-0335-471b-9b05-367ebfcbb206,9a7d82b5-4c55-4896-a1df-934c99eadeb7,fc4b9e8f-3078-45af-9be1-172e7608b68c,5,
e32ca877-3b9f-4785-ab8f-0205b874244e,9a7d82b5-4c55-4896-a1df-934c99eadeb7,dc610540-d93d-4bd0-8c0c-e277e0b96bea,1,
c48016a8-62d3-4c25-b906-58356c1364ef,9a7d82b5-4c55-4896-a1df-934c99eadeb7,e383c5a6-26c1-4a9a-829d-ddc50d8e6b1e,5,
70837583-73a5-474a-945d-a95990c9bebc,9a7d82b5-4c55-4896-a1df-934c99eadeb7,7e8fcdd1-2f12-4762-82fd-ef6af8111cdb,3,
e33541f5-fdc4-4126-b6bf-4105a6f32d42,9a7d82b5-4c55-4896-a1df-934c99eadeb7,34d69f7b-626a-4d45-9ed3-90ceaef8663e,1,
442f2924-e0e7-4452-94ff-2cdedb62e503,9a7d82b5-4c55-4896-a1df-934c99eadeb7,9c2c74c1-8d36-47dc-933c-fc746c80d7ec,1,
e0356ace-001e-4ed2-a470-956944c11d75,9a7d82b5-4c55-4896-a1df-934c99eadeb7,f1b7a7de-3f06-4af4-8fc8-232de5cf959c,4,
8793a8ca-f85a-4b87-8964-864aa3616f89,9a7d82b5-4c55-4896-a1df-934c99eadeb7,dfd6164d-293e-4c96-8a24-cd57dcb370ba,4,
b3e3d9dc-41b2-45ba-923a-6940a8f6c2b9,9a7d82b5-4c55-4896-a1df-934c99eadeb7,7ea999d9-58ca-4278-a0e1-ded1a962e82e,3,
bc647a42-9f50-42b4-a9a5-8c9d463db5d1,9a7d82b5-4c55-4896-a1df-934c99eadeb7,6418968f-d869-4292-ac58-ef538580305f,3,
47e9cba3-0043-4568-8777-2755cd7b09b8,9a7d82b5-4c55-4896-a1df-934c99eadeb7,b2991140-a06d-488c-b397-ba2354ac3b5f,5,
4fd24fab-919c-4dc9-8d14-138e7e9b4952,9a7d82b5-4c55-4896-a1df-934c99eadeb7,8dfcea68-56ef-4cb5-86e1-388c7e527f79,2,
1314c1a2-1044-405d-bcfb-cf000d8139a1,9a7d82b5-4c55-4896-a1df-934c99eadeb7,63a91a8e-1b25-41b1-80ae-2c89f8b51d4b,1,
6e31a6a5-458b-4bea-8efc-2f9777d31c5e,9a7d82b5-4c55-4896-a1df-934c99eadeb7,dbab8586-03e1-40d9-ae1d-209665b8e206,5,
bad77600-f28e-437c-8fb1-b9425d070447,9a7d82b5-4c55-4896-a1df-934c99eadeb7,f95a90b4-1e8d-43d6-a382-98ed757194fd,4,
01f942ec-0431-4636-9536-d970eda2bac9,9a7d82b5-4c55-4896-a1df-934c99eadeb7,9211c981-f620-41bc-a319-8ebf77677a36,5,
cca2faf1-4b56-40ba-bbf6-0470d64ed794,9a7d82b5-4c55-4896-a1df-934c99eadeb7,ad752b3f-90b8-464c-95a2-5dcd9b2b0d9a,2,
f36a6ea2-b314-4aa8-9db2-b5b635637b04,9a7d82b5-4c55-4896-a1df-934c99eadeb7,e03a3423-98b3-467f-884d-7c6b7f241ca8,4,
4e4e6989-4588-4c79-a5b2-258198738073,9a7d82b5-4c55-4896-a1df-934c99eadeb7,af6f53fc-47a7-4b36-bf8a-265dcd8c6c54,4,
16267c04-c94c-4e19-a7ff-d762b483870e,9a7d82b5-4c55-4896-a1df-934c99eadeb7,ebbe7dff-e92a-460f-8e80-08e5b8a282ba,4,
2ff26a9e-c648-43a6-b974-670bdbce6704,9a7d82b5-4c55-4896-a1df-934c99eadeb7,531bfa32-e7b3-4a18-9e4c-80d7b08f7eec,3,
46d2f342-0c61-4c0a-ba76-34d93da89bcd,9a7d82b5-4c55-4896-a1df-934c99eadeb7,9d3a4740-4919-454c-9edf-8a583d7b9c3e,4,
504593a5-5253-4f37-b5c8-507b40a0cf7f,9a7d82b5-4c55-4896-a1df-934c99eadeb7,accec0e2-56d6-4248-bf56-7587c44104fa,1,
bf3a2246-21f7-4dd4-b9ee-6217505c57b4,9a7d82b5-4c55-4896-a1df-934c99eadeb7,50741872-8572-4bbd-bdf7-d3d1419a7f3f,5,
bca4b0e9-22b1-4a85-b2f8-5d44477ad0de,9a7d82b5-4c55-4896-a1df-934c99eadeb7,1268bf7e-ff25-4d53-b791-a596dd061558,4,
43f2825a-e8bf-4313-b7e1-ba8b804e5f3d,9a7d82b5-4c55-4896-a1df-934c99eadeb7,4b1a0574-a16c-4f31-89ac-6f57aeb811c0,1,
9e4b3a19-3282-4665-9588-563bf6315e95,9a7d82b5-4c55-4896-a1df-934c99eadeb7,047e72a2-acb7-421e-9766-6f10f3aa9e30,3,
3f8a78fe-18f4-48a4-a6d2-0f2e2fcda60d,9a7d82b5-4c55-4896-a1df-934c99eadeb7,89e855c9-8c6a-4e81-b341-9bb3f9b47454,2,
fe37c3a3-7c2e-45aa-80de-3f36164549f4,9a7d82b5-4c55-4896-a1df-934c99eadeb7,2153e056-b50c-405d-b8ee-809ae43ef7f7,2,
c8d9567d-e227-4bea-8a00-e7c309841203,9a7d82b5-4c55-4896-a1df-934c99eadeb7,63725d3c-b5f7-471d-a247-35de39f6a421,1,
0a37613b-b1f6-42d1-8b22-8a715d503ecf,9a7d82b5-4c55-4896-a1df-934c99eadeb7,da7f3bb3-167d-4ac8-b1c6-693c5432a92a,2,
03868c91-bac0-45fc-a0ee-f01ef8097351,9a7d82b5-4c55-4896-a1df-934c99eadeb7,73f0656a-c900-4751-9889-84137a1a3555,3,
84632923-4e06-4176-96b7-1a9beed77e65,9a7d82b5-4c55-4896-a1df-934c99eadeb7,c9e50b34-38dd-4bf4-b2f1-69bd1eca4318,4,
37d94dc1-c8a4-4bee-aeb0-8f765879b082,9a7d82b5-4c55-4896-a1df-934c99eadeb7,1207efc9-3928-438c-99a5-74214b1d8bcc,5,
ccb7ce1c-0562-4ebe-b988-f611db400bee,9a7d82b5-4c55-4896-a1df-934c99eadeb7,66cd1807-044d-4916-a4c9-04200802e4d1,5,
1084e31a-ec73-490c-83a6-65f00b766dde,9a7d82b5-4c55-4896-a1df-934c99eadeb7,83fd450e-0284-4927-9f0d-cdafacf1e1e0,2,
b4457ce1-b0bc-4a67-91ec-5d4f7c37e9e5,9a7d82b5-4c55-4896-a1df-934c99eadeb7,5fa185af-1712-47fa-81f5-240308d7e6e8,5,
ee6a5425-14e2-44ea-a24f-3a269d149523,9a7d82b5-4c55-4896-a1df-934c99eadeb7,69da808b-0473-403e-aa3d-cb5cd2917f58,4,
b1871f88-07e6-4917-a7e4-9324d1c2a7b9,9a7d82b5-4c55-4896-a1df-934c99eadeb7,e9ec04bf-b7e6-4684-9b24-7ec6ea858cf7,2,
6690c5db-807f-4661-a0f5-781a1d6e6914,9a7d82b5-4c55-4896-a1df-934c99eadeb7,8d2d7702-4966-4bfd-8a3b-c8f9f5a27b1f,1,
97cc903d-4444-4ba5-a43c-0591e7324f1b,9a7d82b5-4c55-4896-a1df-934c99eadeb7,d5c54c38-4818-487f-8f8e-06906939876c,5,
a7af4b29-ced9-43d2-93f3-f54ab0ad1b4d,9a7d82b5-4c55-4896-a1df-934c99eadeb7,b18dc860-ef17-4a39-8342-7f6e931d1ec4,3,
08ab9928-a3b9-46a5-a7a0-50998d3e570f,9a7d82b5-4c55-4896-a1df-934c99eadeb7,ebf01671-85fd-4c1e-afc0-422dbe2dc58a,1,
f960ac71-4022-418f-b709-f7244bc2c839,9a7d82b5-4c55-4896-a1df-934c99eadeb7,a8be8dee-edce-4986-a16e-d44da119d755,3,
540d5932-f58b-478f-aebd-a4a29cd59e97,9a7d82b5-4c55-4896-a1df-934c99eadeb7,304fc231-1e9f-4879-920d-db0851dab424,4,
dbef98f9-33bd-4418-8adb-0ebd803dd54d,9a7d82b5-4c55-4896-a1df-934c99eadeb7,8f3c2aa3-1d4c-4b40-ab4e-3487f44f22b7,5,
04ec40b0-08a5-42b3-ad3d-3e1da8239ed0,9a7d82b5-4c55-4896-a1df-934c99eadeb7,873b3e36-68fa-4f1b-a5af-cf75a01ed4ed,5,
3064e88a-046d-4f69-84f6-09ebed04591f,9a7d82b5-4c55-4896-a1df-934c99eadeb7,2bc08c56-bae7-4503-8234-7302677a6c3d,4,
30a20558-9035-4195-bd76-32eca732aa07,9a7d82b5-4c55-4896-a1df-934c99eadeb7,0d7a6e7b-c3ce-4901-95a4-29a0720e3f53,4,
b5b7882b-fe8b-469e-87b6-152b8dd0f499,9a7d82b5-4c55-4896-a1df-934c99eadeb7,3c1e6bc2-9881-4703-8bcb-f499f140fb3b,4,
872f460c-6c7c-4bba-a705-9c5e5da81ed0,9a7d82b5-4c55-4896-a1df-934c99eadeb7,2c4f6418-7a5a-4023-ad4e-63d48413cee9,5,
304fe414-4093-47d7-9e62-98a68af2d58d,9a7d82b5-4c55-4896-a1df-934c99eadeb7,eb0dff1f-d48c-44ec-a062-8bec167b5efe,5,
9c748255-bfa7-45f4-8a09-e6003e6aa71a,9a7d82b5-4c55-4896-a1df-934c99eadeb7,847c501f-6d73-4a25-8a17-cfd568de2f6e,3,
2abe34d4-ab03-4933-a930-20a416a2c673,9a7d82b5-4c55-4896-a1df-934c99eadeb7,38a47bc0-6376-404b-8531-fbe1ff5c0a44,1,
d11e2e1d-74e1-4ca4-b776-c29bbaaf4147,9a7d82b5-4c55-4896-a1df-934c99eadeb7,eca52498-bce3-4271-8ab3-dd589b65b4a0,4,
1992bef2-07a9-4633-a6d7-f7bd176ad7c1,9a7d82b5-4c55-4896-a1df-934c99eadeb7,7a07624d-913a-4d6e-addc-e654bc810d9d,2,
1087f3d1-fb3d-4d43-a9eb-d0979e48937d,9a7d82b5-4c55-4896-a1df-934c99eadeb7,2dfbd549-8450-4697-9ba9-63ae94dcffb2,3,
6d40ad83-727e-4cb7-a5ea-47c3586cf308,9a7d82b5-4c55-4896-a1df-934c99eadeb7,342a0b07-e75a-4f3b-aaef-c59212e604cd,4,
7f460186-7c34-4253-b165-023871593b5e,9a7d82b5-4c55-4896-a1df-934c99eadeb7,03254544-d492-4914-823c-1ed1187f7698,3,
a9c8663c-6def-4ad4-84b0-9d2e68a46944,9a7d82b5-4c55-4896-a1df-934c99eadeb7,0a8f7c90-0e95-4b96-be1f-a12297b136a6,1,
0dab81e8-7515-4276-a177-ebda4ee2464e,9a7d82b5-4c55-4896-a1df-934c99eadeb7,4c94d798-4e4f-4c3f-b748-3a5c662c55cb,3,
f48dd1b1-f850-4aa1-ac0d-a07e0e98058f,9a7d82b5-4c55-4896-a1df-934c99eadeb7,e504378c-eda7-4631-b1f0-70290d75ee32,3,
3464ea5a-bb8a-49de-9273-b18dbe0de9f8,9a7d82b5-4c55-4896-a1df-934c99eadeb7,9e4cc3d1-5af9-415f-ad8a-30819cf75fdb,2,
f33dfd58-f4ad-44c0-913a-1f123d3d4af1,9a7d82b5-4c55-4896-a1df-934c99eadeb7,526b87ba-7ecd-48f7-b094-b9184adcbab1,3,
ae05fdb9-9fc2-4e1d-8811-44f5fe012bab,9a7d82b5-4c55-4896-a1df-934c99eadeb7,642979ea-c768-466d-94ff-ee980426ccad,1,
eb1d6dd1-991d-4578-9670-52d508b6fd99,9a7d82b5-4c55-4896-a1df-934c99eadeb7,d03ff8a6-3087-4179-8220-dd7af852e2df,1,
3cb9408e-f060-433a-88cb-e4e991056235,9a7d82b5-4c55-4896-a1df-934c99eadeb7,e5620dca-881f-469f-aa74-9d093ca99086,4,
5df368e8-bbfb-403d-8a51-2a75e23330bf,9a7d82b5-4c55-4896-a1df-934c99eadeb7,638636e2-e586-44b8-8ae4-06333daf9ca7,3,
17db2b0d-06a8-4119-a39f-ad10044860bb,9a7d82b5-4c55-4896-a1df-934c99eadeb7,57742474-094c-4f20-881e-86d69adefd8a,2,
0c212bb4-3a9e-45f5-bd16-fbfd77daf812,1291a72d-f4e1-45b9-b352-b3b589b70f61,3771c234-9832-402e-9240-dd021ebc0881,1,
3b255932-8f18-4bcb-85b2-6d7d20b3f560,1291a72d-f4e1-45b9-b352-b3b589b70f61,587cb36a-d900-45b2-8eeb-d252fbbc4c7e,5,
4bc1f589-34c8-47c3-8c80-eba3fb8a5d80,1291a72d-f4e1-45b9-b352-b3b589b70f61,971911aa-31f9-440d-85a2-6e0cbfe053b2,1,
d7edc716-a8b2-491d-bc6e-c8d0298883d2,1291a72d-f4e1-45b9-b352-b3b589b70f61,c6b4d81d-7d09-4a11-bb89-c134aa2190a3,4,
cb50b21c-e0ca-4539-a647-aa4d5c4bd0ed,1291a72d-f4e1-45b9-b352-b3b589b70f61,f4beda63-35d4-4437-9db2-2e51ce253335,3,
4a02d41f-9ddc-47ef-9e11-996881783094,1291a72d-f4e1-45b9-b352-b3b589b70f61,82f270c9-9a9c-49d7-850e-799ee8c7ee9a,3,
32234d6e-335e-463e-8f12-bf34a8a02f00,1291a72d-f4e1-45b9-b352-b3b589b70f61,c4d843da-e1a5-4e17-8d0e-f3c54eef7c28,4,
6d4c40ec-8c02-4181-8768-1a0fd36b6902,1291a72d-f4e1-45b9-b352-b3b589b70f61,232cb630-ae7b-407f-a973-9a847c96430c,3,
b81a4973-e276-4002-b826-9f6f55a08fbe,1291a72d-f4e1-45b9-b352-b3b589b70f61,f6539c01-c5db-42c7-9d83-c87d81e64ea4,5,
1637f251-17ee-4b26-b81c-2a2236df6672,1291a72d-f4e1-45b9-b352-b3b589b70f61,a1602301-d568-46cc-ac0f-0acb43089b94,3,
0bfad5e0-79db-488d-ae05-ffffdd81b95a,1291a72d-f4e1-45b9-b352-b3b589b70f61,6815c021-a675-4be1-af61-cd93b9d341fa,5,
174f4218-ada3-4f0f-984c-d448f946a5b0,1291a72d-f4e1-45b9-b352-b3b589b70f61,16cad519-ef05-4d77-8f2e-57fe7064b8a9,2,
baf627d5-e193-4fbb-b150-5687006b7fa2,1291a72d-f4e1-45b9-b352-b3b589b70f61,c516a95b-2dbc-4939-a3d2-cf93ed44526d,4,
bef75a2d-e695-4f2d-8f66-7f3846a35635,1291a72d-f4e1-45b9-b352-b3b589b70f61,29ee1843-c2a0-4af1-bdcd-ebcfe077dbc2,1,
f43832b8-973d-486f-a5fe-f00179397e36,1291a72d-f4e1-45b9-b352-b3b589b70f61,8cf8b316-4bbe-4815-843c-4d3e9b5098bd,5,
75b92219-f5fd-41ea-82c5-7b76b82f8afd,1291a72d-f4e1-45b9-b352-b3b589b70f61,bc7f01b3-c37d-4bb5-9bb7-58da92fc632d,5,
8a60a6a5-c96b-465d-8593-4666a037f647,1291a72d-f4e1-45b9-b352-b3b589b70f61,74f228fd-6a1c-41bf-bd68-e5a91b6aa30e,2,
b44f97e0-14a4-44a4-a735-344dc338461e,1291a72d-f4e1-45b9-b352-b3b589b70f61,6348cb8f-ba17-4e64-8e83-2129c9f4de14,1,
99bda5ea-36f9-449e-9229-acea974ff20e,1291a72d-f4e1-45b9-b352-b3b589b70f61,22ad8aad-b33c-41ea-b0cc-4be566447670,1,
c9241d63-9a90-4d68-9cea-14827e450ffe,1291a72d-f4e1-45b9-b352-b3b589b70f61,29bf1b5e-b8d9-4bba-a56f-dfa2b5791f37,1,
d6443ccc-256f-446e-be04-00cd84dcf24a,1291a72d-f4e1-45b9-b352-b3b589b70f61,3b04a446-ed42-455f-8451-a35dd9ea7319,2,
261c00af-b430-4160-b191-379dac804fc4,1291a72d-f4e1-45b9-b352-b3b589b70f61,6bfbc426-6018-4b85-92c3-d3a4234e8730,5,
0c227131-7fa7-4ed2-a452-71eb71c0240f,1291a72d-f4e1-45b9-b352-b3b589b70f61,8231d0c9-8431-4185-b8ec-de2201fe0fd0,4,
ce7378fd-cbd4-4627-b29d-84e5de228632,1291a72d-f4e1-45b9-b352-b3b589b70f61,f37e0984-70c4-4e5c-8384-03145c1a1066,5,
b738584b-ca9a-48d6-94c3-952798d1aa26,1291a72d-f4e1-45b9-b352-b3b589b70f61,d5c54c38-4818-487f-8f8e-06906939876c,5,
ac5bca15-453c-43d1-b6df-944d438041c2,1291a72d-f4e1-45b9-b352-b3b589b70f61,5979a368-400c-47c1-b00f-49f29ceedaa3,1,
53f47224-7403-4055-a5a5-15b670f48c99,1291a72d-f4e1-45b9-b352-b3b589b70f61,6281c881-63d0-4e9d-a259-eddcf7ff4a83,5,
70f915b9-791b-47f8-9b25-dae1d5cf5157,1291a72d-f4e1-45b9-b352-b3b589b70f61,2a16ccce-a03d-4778-9f75-0a046db251ac,3,
91434b51-014c-47e0-a16b-607d9bc3505d,1291a72d-f4e1-45b9-b352-b3b589b70f61,d78058a5-2579-448c-8109-8c09d76a8ef2,1,
4c3f3151-c18f-4c08-a877-57e9e79565ce,1291a72d-f4e1-45b9-b352-b3b589b70f61,f817b19e-d870-432d-9c16-588b0392c952,5,
4d66ee0d-ae45-4c64-bf13-e3d03f918679,1291a72d-f4e1-45b9-b352-b3b589b70f61,7aea0374-62d5-499d-bc73-1e4fac823478,1,
ec314796-3723-443c-b0c4-190c699c9d80,1291a72d-f4e1-45b9-b352-b3b589b70f61,f8cad42e-7f78-41b0-a1cb-b9a14ee121f9,3,
fc7f9646-a406-4f0d-8bb8-d86ea2b669a1,1291a72d-f4e1-45b9-b352-b3b589b70f61,8c4496b5-1595-4ac7-8129-d9383a699fa3,2,
e83574e5-4bdf-4000-bf47-eea6f07dc0d2,1291a72d-f4e1-45b9-b352-b3b589b70f61,933a2537-2d9f-47d1-92a6-5dae7194ca6c,4,
5e073d24-1447-4064-a2b4-258781ded46e,1291a72d-f4e1-45b9-b352-b3b589b70f61,d70e4858-3308-4a69-ac0d-6d8d0eafbd12,1,
c7f0eb63-c0e9-4bf8-92c7-bd8e723a9c64,1291a72d-f4e1-45b9-b352-b3b589b70f61,861c9891-bb1b-4e3b-a3e2-63ddb77c21ad,4,
6232e51f-2a66-42ec-b4e2-b5ec78a35e4b,1291a72d-f4e1-45b9-b352-b3b589b70f61,e7018418-b6fb-434b-9675-66c3712ee8f4,2,
7481dfe0-ecc9-426b-87a4-9c24fd6d4dcb,1291a72d-f4e1-45b9-b352-b3b589b70f61,7ee99782-865d-4d93-8e78-786cea7b7b1d,5,
22d862b4-be2f-490c-b9a6-725c8c64aeb1,1291a72d-f4e1-45b9-b352-b3b589b70f61,6d41b710-409d-482d-a693-bb0c1db0cba8,1,
49fc5656-033e-4700-9b18-efb28be53b3e,1291a72d-f4e1-45b9-b352-b3b589b70f61,e4eb03cf-7c5e-4ca0-b767-c4ab101dcdc6,2,
e857e5c0-5911-45b6-a9bc-9a8898ddc6e9,1291a72d-f4e1-45b9-b352-b3b589b70f61,60d54dbf-e5ff-4100-b9c2-5aabc129eeb8,5,
8e93c154-de74-4f7c-bc77-267749942eb6,1291a72d-f4e1-45b9-b352-b3b589b70f61,5b18b28f-4e4e-4d6e-9cbf-d536f25d1dbe,4,
29eeb83f-7164-49d3-8d68-c69edd3d1cdf,1291a72d-f4e1-45b9-b352-b3b589b70f61,f84077fd-e75e-40a9-b16d-ce489aafd61e,1,
e7cefb7c-0de8-49d3-b652-5b89f9b5776c,1291a72d-f4e1-45b9-b352-b3b589b70f61,7ffebcbf-534a-4d46-8c0d-4ea71fd7d8dc,2,
262b9ce7-fc3b-4f61-84a6-b2a4dbcddf08,1291a72d-f4e1-45b9-b352-b3b589b70f61,8079122a-dbb2-4290-821e-86f42db27237,1,
34987410-3917-473d-9a6c-e07a2a051d89,1291a72d-f4e1-45b9-b352-b3b589b70f61,901141da-a298-4e1c-bff9-524a66b8310d,3,
8e720eb4-8de1-4e9d-ab80-1529caf470d4,1291a72d-f4e1-45b9-b352-b3b589b70f61,dacc4efd-7066-4876-8ef3-593b07b9cee7,4,
8559ca0b-d648-4102-946d-ae5ea97b5418,1291a72d-f4e1-45b9-b352-b3b589b70f61,d6adf849-1e2a-41da-8bd0-9221997e6be8,1,
d1adb56d-669c-4c09-b877-9d41bc282131,9df32706-e79d-4179-95d6-ec2673ca3138,96cf9e99-4426-46b4-9d95-9b19122a1d22,5,
12ff6089-0616-4b0f-bbee-514d743e8502,9df32706-e79d-4179-95d6-ec2673ca3138,cdd65afc-0383-4533-9359-0dc7da24ae57,2,
b012ec99-8c08-467a-a04c-4e74e2bd8d25,9df32706-e79d-4179-95d6-ec2673ca3138,fb4627c5-d588-43b0-8ff2-a47d7061a108,4,
a8e7962a-0b0d-4fb9-874b-09b1b922cad1,9df32706-e79d-4179-95d6-ec2673ca3138,289c2403-ea0b-4614-b169-bcd68f15b3b9,3,
17af092e-cb69-4926-811f-710b4f1a2f84,9df32706-e79d-4179-95d6-ec2673ca3138,368fe071-03e3-4673-96b3-e18ffa34affd,5,
492e14a9-00d7-4a59-a1af-607e2912f76d,9df32706-e79d-4179-95d6-ec2673ca3138,81e2c3b0-a621-4ac1-8cbd-d0ed887a6846,3,
1e987723-1a57-4473-949b-21c34db178f7,9df32706-e79d-4179-95d6-ec2673ca3138,8d5ed1b2-e87f-4086-b1b6-fd16cbbea825,3,
2c5fb714-fc50-402b-b2c8-39825a85014c,9df32706-e79d-4179-95d6-ec2673ca3138,cbb0c9fd-b8f8-4b89-af8e-782b140b9b0e,4,
90ea4f37-83be-4351-8b5d-ce60c8d465b7,9df32706-e79d-4179-95d6-ec2673ca3138,1802466f-4a4a-43ff-82a5-ac9062c89577,5,
eb73e729-0aaf-40e7-9611-0faeb27a723b,9df32706-e79d-4179-95d6-ec2673ca3138,e5fd847d-dc31-47e7-88e5-cc45906edfdf,2,
f44a1828-338c-4c80-80ca-b070b9cee07d,9df32706-e79d-4179-95d6-ec2673ca3138,c1892295-6c9d-4279-8987-b4b3d4dd7935,1,
4dbed411-3616-4355-8279-a4892669be6b,9df32706-e79d-4179-95d6-ec2673ca3138,9f2af860-fcc7-4fff-8474-264c5fde4222,5,
2d7f451d-8da3-473a-a63b-f72cd386ce8d,9df32706-e79d-4179-95d6-ec2673ca3138,a557545d-44f2-4778-8a3d-1e39389f43d3,2,
8aaf8878-70bd-46fa-a67f-b21c81bba69e,9df32706-e79d-4179-95d6-ec2673ca3138,85ac2879-5605-4cfd-b188-fefe94bde99b,3,
77c5c4d2-46bd-4611-bcf6-750beda0da91,9df32706-e79d-4179-95d6-ec2673ca3138,954bac23-b093-45f2-9134-4c4497323b3a,2,
3cb664b8-aac8-440f-a7eb-0e50cc8043bf,9df32706-e79d-4179-95d6-ec2673ca3138,a4843808-156e-4d5e-b899-e85352d5d50f,5,
998b5f0c-7502-4dc2-80b5-d5453432e056,9df32706-e79d-4179-95d6-ec2673ca3138,dd3cf254-7e57-4255-ac6a-3d7a35edd3bd,4,
1f8b1c99-687a-46a9-b33c-89adad7963a4,9df32706-e79d-4179-95d6-ec2673ca3138,2c4da861-55f0-4dd6-94c3-eee29ad095a0,5,
f420e29c-c464-4b5e-9239-af4ecf5ba475,9df32706-e79d-4179-95d6-ec2673ca3138,25bc9b6c-60ac-4621-babe-334ae6f5a4a9,2,
d7464f05-8780-4e21-bac2-36fbc46758f7,9df32706-e79d-4179-95d6-ec2673ca3138,edc47b11-a087-4332-94d0-c09c765f03ba,4,
fcc8b733-9b73-488f-895d-0dde37a9c052,9df32706-e79d-4179-95d6-ec2673ca3138,322745fa-956b-4e5a-8c26-49a6c14bd419,1,
d6c58d41-b782-41e8-b3e9-e1894d216b8a,9df32706-e79d-4179-95d6-ec2673ca3138,78d3c8af-7dfb-4cd8-99ce-46a26695ea07,5,
e0a10b90-bd22-47cc-ab6a-8035de7e4e31,9df32706-e79d-4179-95d6-ec2673ca3138,c405ca66-8833-4561-b6b8-7f3eaaa78d4b,3,
85ca9086-72fe-445b-972c-b483081f2bc6,9df32706-e79d-4179-95d6-ec2673ca3138,7bc8c5d9-543c-47da-ad2d-b0a54fd6322a,4,
a973694b-d0cd-48ff-bc13-67e038590d50,9df32706-e79d-4179-95d6-ec2673ca3138,c24df9a9-3878-414d-aaae-f5a89a1cf52e,2,
473f929c-7382-41e0-8f7d-13397e769d13,9df32706-e79d-4179-95d6-ec2673ca3138,0268812c-92bb-43ec-bb10-54e20a24602a,2,
7a31983c-8e1f-4898-8402-af8df4a064d9,9df32706-e79d-4179-95d6-ec2673ca3138,c6b4d81d-7d09-4a11-bb89-c134aa2190a3,4,
af3def94-6f81-4989-9a14-eb8f7f94a7d1,9df32706-e79d-4179-95d6-ec2673ca3138,09bdc402-cc23-4f82-b950-cb83fed29f15,4,
008f51de-17e4-4d1e-abd2-498e8893b9a7,9df32706-e79d-4179-95d6-ec2673ca3138,b3965792-aeb0-4471-b1e8-1cbefecc1c21,1,
0d7b6f35-6c63-484d-bff6-5de1380de0db,9df32706-e79d-4179-95d6-ec2673ca3138,95e7e89a-c07d-4a82-a89d-89e4b5917ce0,1,
fdf36861-9b7e-40c0-b672-b9d5b9bb0988,9df32706-e79d-4179-95d6-ec2673ca3138,0a8da499-83c3-4672-9803-98928858edd3,2,
83dac07e-f761-43bf-a298-3a54ffea80f2,9df32706-e79d-4179-95d6-ec2673ca3138,42aece93-49e3-493e-bbea-3d16c289863b,2,
6c705aca-0585-4459-a6fa-c6e3474d9554,9df32706-e79d-4179-95d6-ec2673ca3138,38aa525d-f687-44dc-b5c0-d569d538208b,1,
d9a5a7ff-02f3-42eb-92c0-a113971b9d93,9df32706-e79d-4179-95d6-ec2673ca3138,509edc14-e0b9-4a00-8256-d2d896b1c701,4,
5ebb4469-afe8-465b-89ff-4317cccb3114,9df32706-e79d-4179-95d6-ec2673ca3138,2627c6a3-ff38-44c7-b7ca-e2dfe706dadd,3,
45183b66-f001-415f-997c-32f88ac8805a,9df32706-e79d-4179-95d6-ec2673ca3138,6c3168c0-092c-4e0d-8316-af73f777ca2f,3,
9c1876a2-734d-4dd4-803e-8ee74e778dd0,9df32706-e79d-4179-95d6-ec2673ca3138,34be09ad-5d84-4b6b-9da5-48f4b99e3743,3,
1db3c6ab-85be-4dcf-8ab6-3a9c1d8ed6d7,9df32706-e79d-4179-95d6-ec2673ca3138,ebed9368-afc0-48a4-8f67-b95a480c0c59,1,
0240f0ec-0ac5-4a5f-a963-780ce1cffb9d,9df32706-e79d-4179-95d6-ec2673ca3138,c78f7675-ed54-4b93-8e6c-dc55ad259661,2,
b6a8607f-2e43-49e4-a196-c35ce51d16e8,9df32706-e79d-4179-95d6-ec2673ca3138,8e90abb3-e087-444b-814c-4cc9ae57bd38,5,
c690e875-7060-4e19-b535-af674cb1b23d,9df32706-e79d-4179-95d6-ec2673ca3138,750118e7-21d1-4db2-a0b6-a38ba9795b2a,3,
82e43937-648f-43c8-bf76-287d6710fbf2,9df32706-e79d-4179-95d6-ec2673ca3138,b18dc860-ef17-4a39-8342-7f6e931d1ec4,4,
1a3e0aff-ad79-4bd0-a585-babb972f5f1d,9df32706-e79d-4179-95d6-ec2673ca3138,63a1d0ff-5de7-47e0-9a0b-9647d5f3fab2,3,
065ad5e7-948a-4bec-b9e4-875ea6ee0af7,9df32706-e79d-4179-95d6-ec2673ca3138,252d894c-2624-4373-95b1-5683756dc526,4,
afeef7e0-4665-48c0-881a-37fc9cad2485,9df32706-e79d-4179-95d6-ec2673ca3138,c1c87775-a4fd-4367-8f98-d75772abb491,2,
e56fd182-54de-49cb-9d20-79e29d8305e7,9df32706-e79d-4179-95d6-ec2673ca3138,375f00de-ee5d-43cd-8a9f-eb6ffd0f6647,5,
723fab54-79b4-49cf-82d7-2435221d60e5,9df32706-e79d-4179-95d6-ec2673ca3138,e4fca74e-b6d5-48cc-9ed9-278268378bc1,2,
8b7df1cf-83cf-4c5d-9855-715412aee928,9df32706-e79d-4179-95d6-ec2673ca3138,ebf01671-85fd-4c1e-afc0-422dbe2dc58a,4,
87985f0d-1b48-4151-9963-11cc93638426,9df32706-e79d-4179-95d6-ec2673ca3138,e504378c-eda7-4631-b1f0-70290d75ee32,4,
e4590274-afb3-40ac-bc25-8515dc5053e0,9df32706-e79d-4179-95d6-ec2673ca3138,729b7344-5ca4-472e-814c-21873e43cced,3,
6744a3da-bad5-4079-8c8a-ab92953283b9,9df32706-e79d-4179-95d6-ec2673ca3138,43b15634-90d6-4a52-9f12-6e427d1b90ff,3,
075c8b43-c6a2-428a-ae09-7361cafb6070,9df32706-e79d-4179-95d6-ec2673ca3138,8892ac5a-8991-4b4b-8e01-551f711fbc2d,5,
5cd77210-3d64-4058-bbd3-4af18652f0c4,9df32706-e79d-4179-95d6-ec2673ca3138,507122d1-a9a9-4b15-94bf-aae0967779cf,2,
55f76d17-fe22-4aaa-b03a-7f6671222337,9df32706-e79d-4179-95d6-ec2673ca3138,898d79f0-0d54-4637-ae2f-f883272f55ce,4,
2a98338b-227c-4ddb-ae73-1a8a5e9cd1da,9df32706-e79d-4179-95d6-ec2673ca3138,1f3227ac-78ef-4f7d-90e4-be74f913c887,5,
036c3c3b-095d-4e70-9080-f4a80af85ab9,9df32706-e79d-4179-95d6-ec2673ca3138,38c755fe-5c21-45cc-ac5f-5cb1df13895c,2,
c43e3aee-b9e9-4fcd-a67b-5b6396141e75,9df32706-e79d-4179-95d6-ec2673ca3138,cdc6e0a4-032a-4f10-94b5-29ab074f64c5,5,
3b5994ba-15f3-4d3e-bf2d-8cc0e872c0bb,93dd5016-c991-490f-8518-92b784eff536,8cf33a6f-08a3-4934-bd02-7c76d71a1d30,4,
d91a8bc5-4b3c-4c1c-a7e6-13240b3d8f80,93dd5016-c991-490f-8518-92b784eff536,982e5366-9006-4095-9180-6dc5f2a385b4,1,
0de42bc4-73e1-4049-a99a-d1d6f80d656a,93dd5016-c991-490f-8518-92b784eff536,320c72d7-f8aa-48c4-91f6-9cdb12f1f9c0,1,
c5b36506-f770-4875-b585-f990d58d88cd,93dd5016-c991-490f-8518-92b784eff536,d454e118-b8f8-4179-b71d-e7ecce5132ce,2,
126f499a-e74f-4ba6-ab9a-19a52d157349,93dd5016-c991-490f-8518-92b784eff536,d029f586-fed7-490c-95f8-902ff1968ff1,5,
463eb7cc-841a-449a-8cab-076a0fff340c,93dd5016-c991-490f-8518-92b784eff536,fabada93-61bf-46e7-aa3a-d3568414b090,3,
0faea186-2fbc-470c-b283-b028cd03808b,93dd5016-c991-490f-8518-92b784eff536,dde984bf-8323-450b-b999-a4f5cefb290a,2,
ac3a8197-3a7c-4aa5-b978-489944349773,93dd5016-c991-490f-8518-92b784eff536,f738cda3-ec7e-4a48-895f-582f53920f3b,2,
1e1684c4-e431-4fc8-b18b-0e787e401cf7,93dd5016-c991-490f-8518-92b784eff536,cd33e679-e41f-419f-b972-5a8be8af2c50,3,
973eb961-2448-407e-9bb5-536809967ad3,93dd5016-c991-490f-8518-92b784eff536,a1b5ed7a-e7be-402d-afc1-8c6ec31953b9,2,
d2be11ab-501c-4f3e-9454-679458e93ba1,93dd5016-c991-490f-8518-92b784eff536,f7c138de-3d03-4eb7-b064-de4171c7b159,4,
dd449247-d351-4c1f-bb98-fe93646edc31,93dd5016-c991-490f-8518-92b784eff536,c69b9f0a-52cd-4dfc-aa3b-9832d23a6967,3,
d9217f98-6448-4a94-b8e3-9e0e7c088435,93dd5016-c991-490f-8518-92b784eff536,f429caa1-4811-4a0d-bb4a-374aaeebc6bc,5,
bb382582-ecb0-41ef-b00d-5f7475447e21,93dd5016-c991-490f-8518-92b784eff536,2b5cf0b4-1070-4724-b312-c35c4f338737,1,
b0d9cb71-a4f5-4ff0-bccd-5e3bc6cfd9d7,93dd5016-c991-490f-8518-92b784eff536,83a0eefb-1286-4290-ac19-6f2663a6f497,3,
4998e457-acbe-4849-8534-93e6cf1216f8,93dd5016-c991-490f-8518-92b784eff536,b10f7c16-623b-4ffe-bf9e-cf3460fc69b8,3,
df7c9c37-8618-44ca-a30b-c5926fbe0546,93dd5016-c991-490f-8518-92b784eff536,959d7052-3751-4d8b-95ac-db52ee50ab08,5,
c09ee4d3-a41b-4db1-91fe-68f97d36227f,93dd5016-c991-490f-8518-92b784eff536,d4cbf21b-2f8d-411b-b55d-97500e95cb11,5,
b4f12efb-4553-4ca5-8031-fb71cf6d5256,93dd5016-c991-490f-8518-92b784eff536,a95714c1-6512-46dc-9d74-854cf4d112d2,4,
0e1c6332-989d-48c7-9bb2-d34eb470b9ff,93dd5016-c991-490f-8518-92b784eff536,dc78201d-f7e3-44cf-8e67-0839929657c0,1,
e327a9fc-84ed-4c4a-95cd-b849407ddd9b,93dd5016-c991-490f-8518-92b784eff536,09abf2ee-c64c-4a79-a54b-713db099b373,1,
438cd02c-f7cc-499a-8470-2bf38b5ec93d,93dd5016-c991-490f-8518-92b784eff536,ea3abe5b-a56b-4746-b6b4-a108ba5ee733,1,
86f9cbad-1310-4752-8b99-aee90010e5be,93dd5016-c991-490f-8518-92b784eff536,a4843808-156e-4d5e-b899-e85352d5d50f,5,
24a97a5a-3a0f-4630-b1ea-a719111d0465,93dd5016-c991-490f-8518-92b784eff536,cd129f61-eafd-40c6-b7e7-b7c69a8d9bc6,4,
cb3ec013-373d-474a-b710-8080715fccd4,93dd5016-c991-490f-8518-92b784eff536,65f794d8-bfab-4581-b27b-af3cd4a6c747,1,
9baee7c3-fa76-4e07-b562-216c575a3f32,93dd5016-c991-490f-8518-92b784eff536,859819f1-a823-4b0f-8380-eefb47f21fda,1,
d84c9368-ea47-481d-af8b-203e3c875424,93dd5016-c991-490f-8518-92b784eff536,f8d1bd81-01df-4fee-9973-b2e735b0d483,5,
961fc005-1bba-440e-8f71-5616f7bc6163,93dd5016-c991-490f-8518-92b784eff536,c13e2c94-2232-4034-ba85-d96207fbd1b0,1,
63dee18c-67d2-4e90-850c-6a3f6c0ae0b3,93dd5016-c991-490f-8518-92b784eff536,6d515529-783e-4e7c-8cc3-90fbd5d773c8,1,
e19b2257-b8dd-4f0d-a330-5a9f0565c027,93dd5016-c991-490f-8518-92b784eff536,f1909d44-3768-4d73-8c04-f1bc4d35138d,2,
c362bdda-eaec-46aa-87c4-95c4af082938,93dd5016-c991-490f-8518-92b784eff536,2748d086-6397-4c8a-a7ad-b20f2ea3eef9,5,
aefe3b59-fb5e-4d35-a4b6-d9f6ec44482f,93dd5016-c991-490f-8518-92b784eff536,c63e0e9a-86b1-4f7b-9543-d56012cdbcef,4,
6ead4d10-415c-44e5-bcfa-4558f9b4feaf,93dd5016-c991-490f-8518-92b784eff536,4c2782b8-e313-47b7-823e-0347a9cef392,3,
f545ef86-069c-45fa-a168-7dbcd930a14c,93dd5016-c991-490f-8518-92b784eff536,e83f7ec6-869e-4d8a-bfd8-59829b99a4c6,4,
2cc739c5-8088-4b4a-bec5-2a1f2a71131d,93dd5016-c991-490f-8518-92b784eff536,ebc019a3-a1af-4275-a497-efd4b9f0582a,3,
35759af9-9ba5-4c54-aa3b-6d07e32af637,93dd5016-c991-490f-8518-92b784eff536,611e4256-ee31-4001-9e57-767c443193aa,4,
fa4d818e-9f94-4de3-9472-2eace56d6711,93dd5016-c991-490f-8518-92b784eff536,8d9c91af-24f0-41c2-8d88-9948988890f6,3,
02587b18-306c-4aff-ad05-42a376aa0b6f,93dd5016-c991-490f-8518-92b784eff536,cb306de2-7116-4c9a-a2e5-3e1cfde9a4e5,4,
9ae0b51e-ee98-4f19-ae07-a287b2130665,93dd5016-c991-490f-8518-92b784eff536,f5d0f75d-ee5c-4524-9914-3ae27cddbf91,3,
46cf63f8-2f7a-4f50-b0d1-db0677bb38c7,93dd5016-c991-490f-8518-92b784eff536,04b3f0b1-1e0b-4714-90fa-84715b111318,3,
94ee5959-e66a-4642-a14c-829e349c5253,93dd5016-c991-490f-8518-92b784eff536,5e83195c-c559-4afa-9260-68a4a86fc075,3,
68502d0d-d822-4da3-88d6-4c73f8f5c11d,93dd5016-c991-490f-8518-92b784eff536,e9a9e7dc-2b5b-486f-b07a-89d1e0e4cca2,1,
0988c820-954c-42b4-b324-cc8636a1e2fa,93dd5016-c991-490f-8518-92b784eff536,6652982a-fd92-48be-8320-7dc635cee1f0,2,
c5675fbe-4be9-4c0a-9a87-88b4a28e333c,93dd5016-c991-490f-8518-92b784eff536,3fbfe8b9-17e6-44ab-a890-5d40ec7c4158,1,
80ef86c4-48c8-4ca3-be65-8b41415c8515,93dd5016-c991-490f-8518-92b784eff536,8b479223-d631-47e9-bd78-ff60001c45f8,4,
ca7c698a-8138-468a-9d51-6a087a4ae23e,93dd5016-c991-490f-8518-92b784eff536,37425ae1-7c75-4a08-bcbd-89c49331594c,4,
ddfca1d6-4b41-40f9-9673-d6650ff80803,93dd5016-c991-490f-8518-92b784eff536,a87dc5bf-f1dc-4253-868b-653d25141868,1,
10db9ee5-38d6-47e8-a2ad-ef3bc3529402,93dd5016-c991-490f-8518-92b784eff536,49fbecd8-4bf9-4a07-ac50-6654a840f280,2,
5cb382f8-5ef5-414f-876d-6e263cb467f6,93dd5016-c991-490f-8518-92b784eff536,532b7b83-ae75-4ab8-b61c-eb5572ea86b0,3,
289409a3-587b-47be-9b85-1da41221875f,93dd5016-c991-490f-8518-92b784eff536,85a77233-9c55-4a14-9e15-fac288ce4d88,2,
40793244-4a6b-4717-a5f3-de2b1fd01af6,93dd5016-c991-490f-8518-92b784eff536,950635dc-a23d-4736-b8e4-7668bb5ec1d1,2,
8e452e07-8f68-4152-b588-52654b612d7a,93dd5016-c991-490f-8518-92b784eff536,e2db6733-d6f8-478e-9320-231e684a3c22,5,
14704ecc-36d2-45c4-8bc6-f2062fbd29a5,93dd5016-c991-490f-8518-92b784eff536,d93e19fc-3849-4814-86f3-1ef91fbd8722,4,
ad8110d5-f4f3-4a9c-9984-0f66b73e6247,93dd5016-c991-490f-8518-92b784eff536,c45fccd8-f0a8-43ec-baf8-e61cddbe5d9c,1,
cc073bc6-5cce-44d7-9e7b-f2fe85f166ef,93dd5016-c991-490f-8518-92b784eff536,67c3c1f1-c4f5-4300-9a2c-04cdf68db385,4,
4221edb3-2144-432d-a7f8-15c39cbf9389,93dd5016-c991-490f-8518-92b784eff536,9e04e80a-cb90-499c-8e52-93468ba84719,1,
7f6f58fb-8382-4103-94be-1a77f28f4882,93dd5016-c991-490f-8518-92b784eff536,01fefa02-e537-4bea-a602-09ccf5d7adad,3,
4566ce56-cdb0-453d-93e5-1e3258697cfa,93dd5016-c991-490f-8518-92b784eff536,b2d2b186-cb2d-41b8-8edc-577f310c72bb,2,
da1e8399-3954-4aab-b0fc-534ca515d2f5,93dd5016-c991-490f-8518-92b784eff536,8f081694-0599-411d-8c6b-ad82fd21eba0,2,
d9aed0a2-c228-4430-af7e-01166b348218,93dd5016-c991-490f-8518-92b784eff536,67a4e9af-7b2d-4883-bc72-54e908176f59,5,
bc65e399-6a8f-4dd4-97d7-aff936e0eeab,93dd5016-c991-490f-8518-92b784eff536,d5f86edd-87bb-48b7-b7d9-22e6b2b9dbae,2,
6ef52261-faa8-4067-9b8b-a354984dd124,93dd5016-c991-490f-8518-92b784eff536,a2fc3b3f-8c10-41c8-ab69-c096d0b9c8e2,3,
7fd2731e-f622-4618-bbb0-3bcc6057d4b6,93dd5016-c991-490f-8518-92b784eff536,00765231-1165-4cdd-9ecb-5920efc5dd61,3,
1551e672-065f-4afd-8924-d0928cef65f3,93dd5016-c991-490f-8518-92b784eff536,d59a88db-5d45-46f6-a2a1-06c3e7036e7e,3,
a75cae16-1875-4166-8577-9367f017e24c,93dd5016-c991-490f-8518-92b784eff536,e4495af1-5a02-4bf5-96f0-67b78bc0523b,3,
31d32350-696c-4904-8581-c6825bb5e0e6,93dd5016-c991-490f-8518-92b784eff536,8802d9fa-ce0f-4689-987e-c0f4b42c0733,3,
25f59180-17d4-4c66-a204-2eabcc328288,93dd5016-c991-490f-8518-92b784eff536,165c295b-fa75-4554-b792-4b5bab3d5702,5,
b2160565-bd28-4421-bdf8-ca1b9028dee3,93dd5016-c991-490f-8518-92b784eff536,61d43601-db35-4445-874f-f6bbb954404e,4,
85f41bab-e5c3-4a78-b8be-c2ac8025d738,93dd5016-c991-490f-8518-92b784eff536,f0b1e051-05f8-4c32-8bce-8b13674c1d7c,2,
419234c7-4ec0-4c62-b498-c5551816570e,93dd5016-c991-490f-8518-92b784eff536,be31cae4-778c-40de-aef1-67887570c7ff,4,
04667f3c-0eed-4f30-bdb4-d61f85695d39,93dd5016-c991-490f-8518-92b784eff536,c6409cd9-c51b-495a-9e4b-51052cd9d51e,4,
67a0fdca-e446-4ee2-bbe5-b57f6363e7b0,93dd5016-c991-490f-8518-92b784eff536,0aecc49a-71a2-4c13-b8b3-cee61327137c,1,
419ed454-d696-4ddb-82ee-48c46366aa3f,93dd5016-c991-490f-8518-92b784eff536,96d4d50f-f0db-427b-9a0f-6e7c70d5be06,5,
e4e99c23-39b8-4aae-b663-b0df56fb8212,93dd5016-c991-490f-8518-92b784eff536,43edafcc-61d9-4fad-8519-58c9af7140f0,5,
760b317a-44c0-4dd8-92ad-09645bc8cc46,93dd5016-c991-490f-8518-92b784eff536,08e8cb06-6b1f-4b9d-b722-34b3d5613f9e,4,
68e28c61-cd3d-4d5b-bec9-4e1cbeb13623,93dd5016-c991-490f-8518-92b784eff536,f33af539-fd35-47ce-aa47-7bcf1bd4854f,3,
dae584c4-1f37-44dc-9cee-69fa81cd5b15,93dd5016-c991-490f-8518-92b784eff536,1ff31054-1ebe-4595-9f26-daf475c2b3d1,5,
9c761f22-19dd-4c08-813b-fb1d0c7972de,93dd5016-c991-490f-8518-92b784eff536,59cba76f-fe0c-4e13-adf7-dbcfa173fa81,4,
b250f663-f8e6-4f61-bc57-8fc3f8b1a950,93dd5016-c991-490f-8518-92b784eff536,2e9f6a2d-513a-4f87-90e9-ae7662033893,1,
468e3aba-ee0a-4d3c-bd4f-73229437dddd,93dd5016-c991-490f-8518-92b784eff536,56852ec3-ee67-4961-a2d7-5858ea42e4e1,3,
42cb4b8f-c3c0-4c6f-80f5-2605537a0121,93dd5016-c991-490f-8518-92b784eff536,b52a27a4-4823-4ea2-8898-273c5e90b120,1,
c81278e8-2b46-4045-9ae4-4c56edbf289d,93dd5016-c991-490f-8518-92b784eff536,00962ccf-efb5-4f0a-bc6e-f64d7a963933,4,
3a241d1c-2de6-42c6-a47e-738a76fce79d,93dd5016-c991-490f-8518-92b784eff536,cbd0ea00-50e1-43f8-8775-bfd14c4b5324,3,
b183ec6a-b10d-4086-b618-96c77629a9a0,93dd5016-c991-490f-8518-92b784eff536,1c1fbfdb-af72-427d-aaf4-1a3b2e526dfe,4,
585b68b6-5706-4787-9d00-7eac1e7e7acb,93dd5016-c991-490f-8518-92b784eff536,fd4a54eb-e6ba-4a4b-9f9e-867c8170ab75,4,
a32d8895-c0eb-40ec-b5e4-fcadd63571ac,93dd5016-c991-490f-8518-92b784eff536,b63e3231-0186-425a-b865-a32de8c078c3,5,
32578352-d978-4305-8b80-737d94c2a423,93dd5016-c991-490f-8518-92b784eff536,6b2e25b5-8f86-4b9e-85d3-909dee1007d7,3,
fe54a314-f85d-466a-8cdd-6fa3b91a4a63,93dd5016-c991-490f-8518-92b784eff536,8dd30c08-d751-4e51-bf54-be1e29700a51,4,
58e10bbd-f2c7-4d0a-a908-a2344a4629df,93dd5016-c991-490f-8518-92b784eff536,be01b448-9690-4e56-bc4e-5b45286acaa4,1,
77d9192b-bbf3-4e27-8062-e6f6a86867fb,93dd5016-c991-490f-8518-92b784eff536,25a78683-2270-4eea-8e19-386af540685a,3,
3e13d4c7-42bf-4633-927b-cae96dfd2c5a,93dd5016-c991-490f-8518-92b784eff536,e9409398-5777-4c68-a180-a7b8a0427cea,2,
416f0435-17ec-46f6-b48f-3474ba52a77e,93dd5016-c991-490f-8518-92b784eff536,a72d859c-06a7-41ed-9ba5-ddb10f2ab37c,4,
5df2855c-d122-4d7d-91e8-372b0e19fa43,93dd5016-c991-490f-8518-92b784eff536,e6d0a3b4-1f16-413f-a20d-1352ecdc69b4,2,
b31534ff-344b-4fdc-9f96-0e35e06c23d9,93dd5016-c991-490f-8518-92b784eff536,919af107-dac1-4626-8e84-06dc5dc57703,3,
72e2fc73-ffd7-479b-abcc-e9083e9c0140,93dd5016-c991-490f-8518-92b784eff536,821b206b-e6d7-4066-b6dd-18d19605ca45,4,
56e56964-6efb-4675-ad40-498a2ba55732,93dd5016-c991-490f-8518-92b784eff536,d548b4a1-95fb-450f-9e00-9d15ad5061b1,3,
c909b0f8-0e24-48b9-8f19-a4b52183bceb,77ad56db-8614-4b96-ba62-54e23cf00625,f4beda63-35d4-4437-9db2-2e51ce253335,3,
18e91b34-2287-4e57-bab0-c7dbe3ddf1ac,77ad56db-8614-4b96-ba62-54e23cf00625,41c81967-7ba0-48e2-a968-47efbbcbadb2,2,
6f506105-0c42-41d5-8501-930b4f266f92,77ad56db-8614-4b96-ba62-54e23cf00625,d454e118-b8f8-4179-b71d-e7ecce5132ce,4,
bc7b9295-66dd-43aa-b5e9-fff8c308becf,77ad56db-8614-4b96-ba62-54e23cf00625,59755b1a-69ed-43bf-b578-a46ffab48c62,3,
486e6f97-0dd4-46a1-96cd-4a104c2ed4a5,77ad56db-8614-4b96-ba62-54e23cf00625,b950c3a1-5eb2-4e15-8c78-c22d8712c9f4,2,
18d4dcfe-c4ca-413d-9705-cfba90f4b7e8,77ad56db-8614-4b96-ba62-54e23cf00625,30439438-a077-4881-b917-b94bc0371004,1,
6320cf68-c7a4-4e0f-a1ea-b58e70f73540,77ad56db-8614-4b96-ba62-54e23cf00625,8466498c-ad00-4112-b2fa-9f846fef234d,3,
dcbff28d-fdc5-4868-b57a-4a8a27309ffc,77ad56db-8614-4b96-ba62-54e23cf00625,d4f9dca4-cf32-48d9-a92d-7e9727bf8c95,5,
f564e06e-9ab6-43d8-8d0a-9a544e66c4d2,77ad56db-8614-4b96-ba62-54e23cf00625,c54df61e-5b50-402b-9d5e-81a48be03e68,1,
daac8751-7e4d-4ab8-94a7-6b13d127aa14,77ad56db-8614-4b96-ba62-54e23cf00625,42b36493-0c50-4e79-9ee8-bdd4347d644d,1,
68cc3711-e60c-4014-82ca-d0ca6e77ce68,77ad56db-8614-4b96-ba62-54e23cf00625,c8357d30-5a30-472b-8699-61532126f261,2,
bc13a604-8f04-43d6-8824-d87ecfdb0f8d,77ad56db-8614-4b96-ba62-54e23cf00625,21c9d5dd-27b4-4b80-8094-68b53535bfb7,2,
a7fff225-2678-4566-a6a4-20a603e259bc,77ad56db-8614-4b96-ba62-54e23cf00625,2057658b-0fed-43bd-b8bc-1f717a4513d1,1,
31ca4d58-dc5f-4d2f-871e-d945aa600f65,77ad56db-8614-4b96-ba62-54e23cf00625,83e2af5f-de1c-48c6-9864-4c88846f2969,2,
cf377aed-0c94-4faa-8c63-3441b33866e8,77ad56db-8614-4b96-ba62-54e23cf00625,a1ac866f-23cc-4ab7-9925-9c5d6ccd42b7,4,
b1522251-d190-4e53-ba60-82cbc8824343,77ad56db-8614-4b96-ba62-54e23cf00625,49094bb0-194f-4e46-ba26-cb1f0497189c,5,
78b0b432-ee61-46fd-977f-f9d980b40cf9,77ad56db-8614-4b96-ba62-54e23cf00625,ee57bbc9-5e83-4e81-9584-fefcf05cb799,4,
e6b775cf-3d26-4a1c-90a9-17b6e05c3869,77ad56db-8614-4b96-ba62-54e23cf00625,4745e0b4-c5df-4dc7-af6b-2f1adc3fdb2c,1,
6ec32f76-8957-45d7-87ca-82614f0fb1be,77ad56db-8614-4b96-ba62-54e23cf00625,b7fd02d2-d0b8-43bc-88f0-db4ef9762ca3,4,
21f1caa7-152c-43ca-b314-9bb69f24e8cd,77ad56db-8614-4b96-ba62-54e23cf00625,a7c544fc-2da4-4dc4-bbca-17e9b6d9ffc7,2,
b1fc82bc-ac2d-4f5b-94e9-00f42bfe6c77,77ad56db-8614-4b96-ba62-54e23cf00625,4bcf029d-f0a1-48ca-8f93-a95c9b417c7e,4,
4038c95f-6e78-4c06-8a9c-a8f47f38c817,77ad56db-8614-4b96-ba62-54e23cf00625,a0bcc6cf-9ff2-4b0a-b093-0132f75a53ff,2,
9a9e19d4-dd2a-4173-b5e2-ce5d2d42a607,77ad56db-8614-4b96-ba62-54e23cf00625,c6c6d51b-086a-4d5d-8b9e-cd8c67e7b3f4,1,
c9bb7619-6cb3-46ae-8ac9-b83b1bdf345a,77ad56db-8614-4b96-ba62-54e23cf00625,1362777b-9f44-4b67-8e1c-43d48eb6abe3,2,
d7e57085-027b-4639-ab9a-c81e7850d2bc,77ad56db-8614-4b96-ba62-54e23cf00625,15a686c5-94dd-4ed8-8c8c-3427609b7d8d,4,
6a5a4dba-cb57-446e-a06b-77df4ec2e72b,77ad56db-8614-4b96-ba62-54e23cf00625,874bdb2d-a0a8-4187-8e49-4ad54f18b993,5,
4e3c5590-a7aa-4171-a6ac-4e156e20c875,77ad56db-8614-4b96-ba62-54e23cf00625,538fcd6a-8cc6-426d-82e7-d5d30c80a2be,4,
683a08a8-c053-466b-9168-3f66d544d2ce,77ad56db-8614-4b96-ba62-54e23cf00625,a2a61629-9f46-4fc3-8750-35928593c3d7,5,
e190e54f-258e-4672-bfec-57cc30277834,77ad56db-8614-4b96-ba62-54e23cf00625,6aeb09ce-da17-49c8-be78-8068aa04c21f,3,
40c11ae9-308c-435b-b29c-6008b5252eeb,77ad56db-8614-4b96-ba62-54e23cf00625,c813f0c8-c6db-412b-a3b2-7664f10b84d4,1,
11c5ecd8-8ad7-4338-a42d-c6e9ab0a121a,77ad56db-8614-4b96-ba62-54e23cf00625,b7eebaae-1bb1-4bfd-a84e-4d798a5cec58,1,
1d0acf0c-b106-40ff-bc8a-d2c416da8879,77ad56db-8614-4b96-ba62-54e23cf00625,63756a17-1628-4921-a3e6-cad5cce99636,2,
587cff57-0921-4300-a669-f7ef64ed059b,77ad56db-8614-4b96-ba62-54e23cf00625,4a0571c7-c65f-443d-b6cb-4acfddd33de8,2,
e86c56b7-f4fc-496e-be3d-f0a16567f4ac,77ad56db-8614-4b96-ba62-54e23cf00625,30d35063-802f-454c-84de-448541f65395,2,
c7704a2b-0ac1-4205-a756-73dc0ca0d948,77ad56db-8614-4b96-ba62-54e23cf00625,f2b0a84e-33b0-4dcb-bc9b-3fe149ddb795,4,
84d76c56-aa09-4e21-a257-b5a50e2c0698,77ad56db-8614-4b96-ba62-54e23cf00625,1e35feeb-a0cf-4871-85b0-8d205320dc98,4,
b0ad5185-40d2-4fa0-bd04-28274f63ef09,77ad56db-8614-4b96-ba62-54e23cf00625,02062974-5adf-4602-b50b-3cf6ee7a5d85,5,
a2373c66-912d-4bca-9347-df8e41131943,77ad56db-8614-4b96-ba62-54e23cf00625,27a1e0c6-d841-41d4-9675-bc5ed6fbf98f,2,
9c5f22b0-408c-461c-ae05-d4f8a6167265,77ad56db-8614-4b96-ba62-54e23cf00625,b8faf721-3545-471d-b627-ee0cc28db2ab,5,
592115f2-4a00-4f74-a6ae-f305e619c135,77ad56db-8614-4b96-ba62-54e23cf00625,281a712e-9b29-4ac8-87ae-bc730f4cc4c6,1,
8bd5c483-86d3-4a3a-9aff-23a37a44633b,77ad56db-8614-4b96-ba62-54e23cf00625,675305b4-2d0b-4d29-9a7c-b50134095e48,1,
ef5e69cb-c086-4133-9d9b-12fef67ac62c,77ad56db-8614-4b96-ba62-54e23cf00625,278e3900-1906-420c-9587-26f3a20422b5,5,
5432ea1b-757e-4bbe-a835-46bc9bb83161,77ad56db-8614-4b96-ba62-54e23cf00625,53be7185-f32b-41ca-8535-730fbe93d7b2,1,
a47cc47d-a078-4b50-b07f-75dc890dc7c9,77ad56db-8614-4b96-ba62-54e23cf00625,7cf6b65a-fc20-4628-977e-c866abca2394,1,
78bdc5d6-555b-430a-ba62-5f05bd8d700b,77ad56db-8614-4b96-ba62-54e23cf00625,c11b8490-78fd-4acd-bd1e-d937b02dda2c,2,
b152036a-cd09-4340-85bf-1560d3a85fda,77ad56db-8614-4b96-ba62-54e23cf00625,25edfe04-200b-4de5-92f5-94d39f807619,1,
388391e2-bbb4-4a51-b92f-2903eef1a711,77ad56db-8614-4b96-ba62-54e23cf00625,69b258d6-9419-4333-9426-32ba1def924d,3,
8f5e2aad-1133-40be-a290-6343ae563d11,77ad56db-8614-4b96-ba62-54e23cf00625,646c6072-9c24-4d3e-806b-f45bfc1a3fef,4,
1eb8fa58-4c63-47cc-90f9-584869eed20b,77ad56db-8614-4b96-ba62-54e23cf00625,a97fcc62-5404-40d4-9d6b-f5ce47d46269,4,
b2d5fd59-ac06-4789-85f7-d74101c28887,77ad56db-8614-4b96-ba62-54e23cf00625,93ec33ab-025a-4555-942e-01f233c7a837,1,
170bc1f7-59dd-4f7b-8a58-195a63f933a9,77ad56db-8614-4b96-ba62-54e23cf00625,bb4663ce-f134-43bf-a163-d10ed50eee72,3,
d1e2baf8-be4a-4e59-aa8d-aa5f5fe46347,77ad56db-8614-4b96-ba62-54e23cf00625,3001b5a3-145e-49a7-a2e3-891dbbc5a4d4,5,
1541d5a5-6b42-4a38-b7f0-a6dfac940703,77ad56db-8614-4b96-ba62-54e23cf00625,145cf8f1-ede5-4bef-817a-c849070dc747,4,
e66141cc-81e4-4e7e-8143-46b1002a3b11,77ad56db-8614-4b96-ba62-54e23cf00625,8b59be57-2eae-4dde-ba70-d4812e2df4d9,4,
a405cb8a-5f28-43b0-bfa0-fa5d16fb5f6f,77ad56db-8614-4b96-ba62-54e23cf00625,74fd3524-f269-489b-85f2-5a0a0da733c5,5,
bf53eac5-e59a-42bc-b9ef-e02e80e4b928,77ad56db-8614-4b96-ba62-54e23cf00625,f6ca7146-a069-4558-bc7a-4f7c2eeed427,4,
b2731789-ca49-4843-b815-d3f6784734f5,77ad56db-8614-4b96-ba62-54e23cf00625,6e37d4a9-11d6-4c31-9dfd-945709c9961e,4,
cf2407c8-c01e-481d-9975-ad1f33504da1,77ad56db-8614-4b96-ba62-54e23cf00625,4349c417-6520-4ea1-9b18-b9919a81f304,5,
cbc6b2ac-8d40-431f-97ad-7d08be7e4dac,77ad56db-8614-4b96-ba62-54e23cf00625,9d9f1733-ba80-491f-ad29-75b10ad71e80,4,
fcf4c72f-9f02-43d7-b0b5-86af44537ea4,77ad56db-8614-4b96-ba62-54e23cf00625,4d5f8b5d-6a42-4f54-bdf6-210d8356ee62,3,
8f8f5261-9d4d-4640-8b78-dc964c5de8b8,77ad56db-8614-4b96-ba62-54e23cf00625,6ac90907-7b5d-45cf-baa8-a5c3530947fc,2,
d752946d-ea74-4047-a3cc-2c7e5867197d,77ad56db-8614-4b96-ba62-54e23cf00625,e093a8ab-9b75-4c0f-8bd7-9e49cd3c5691,2,
ee609454-5b29-407c-a319-f6b6b4ee10c4,77ad56db-8614-4b96-ba62-54e23cf00625,a8b8bab6-0647-4b41-a1a6-0aeb08b8348b,4,
ba054b86-859e-4e1a-bab3-1b66292a46ce,77ad56db-8614-4b96-ba62-54e23cf00625,fd35cdd2-2edd-4539-8494-43295b852a94,1,
ead501ed-b634-4003-a2f1-afa41f08b47e,77ad56db-8614-4b96-ba62-54e23cf00625,42ba265a-3f98-4881-89a7-86c9c1ecca39,3,
6f0e5833-3b5b-488d-93fb-1a7cc34fd55d,27be03dc-e3dd-46bf-a33e-f247bc8c90ed,a6dede6a-ea6d-428c-bf86-e0befab94650,1,
e82f8981-2fcf-49f1-ac87-1c1a3fdbbccf,27be03dc-e3dd-46bf-a33e-f247bc8c90ed,ffa77d98-d851-4287-a9e7-ab45965b50a6,5,
00d00ec5-c046-4e82-bcef-28b7538bf58c,27be03dc-e3dd-46bf-a33e-f247bc8c90ed,a2b39df3-2ac5-48a6-9289-d3d387333d5c,4,
fb111d01-2ffb-406b-a2bb-4557ab170906,27be03dc-e3dd-46bf-a33e-f247bc8c90ed,a3e9df9d-2564-46f1-af11-18b1c2c89a06,2,
95f68189-86b7-4bbc-b3a8-7c9b3d20d7b3,27be03dc-e3dd-46bf-a33e-f247bc8c90ed,16870868-3158-4862-8c07-30a0fc69e9e0,2,
59a4cb7e-e5c0-462f-84b9-7c277d10a965,27be03dc-e3dd-46bf-a33e-f247bc8c90ed,7dfde251-fe8a-4fc4-a7b1-d255e8a8b9b8,4,
1445aaf1-f336-4ae4-9d0c-7823c0afec7b,27be03dc-e3dd-46bf-a33e-f247bc8c90ed,29c6ace0-5b32-4854-b2a0-ce1e2ad29040,2,
c16e8773-a3bf-4334-a6e5-24ba40b17409,27be03dc-e3dd-46bf-a33e-f247bc8c90ed,26eb6a32-5f11-49f2-986c-fd5a8f754a81,3,
2c24a3df-f452-4d85-b8f7-d0a56d902adc,27be03dc-e3dd-46bf-a33e-f247bc8c90ed,da6f8c03-5c63-4bbd-a526-4e91f78d9543,2,
1fdf5974-cf29-460f-9b81-80ea9f8a31e7,27be03dc-e3dd-46bf-a33e-f247bc8c90ed,ac554b3a-ba46-4ed8-a500-6a1d9ebfc7e9,1,
a8275e37-38d3-4cf1-a89d-bd510e3b6e18,27be03dc-e3dd-46bf-a33e-f247bc8c90ed,8c4496b5-1595-4ac7-8129-d9383a699fa3,1,
48d71ef0-f87b-4daf-8c2f-cb55b22c4295,27be03dc-e3dd-46bf-a33e-f247bc8c90ed,6123df6f-830e-4aba-9478-9eb41755d184,2,
203fc935-a6ab-41a0-bfb6-e5f14c527f0f,27be03dc-e3dd-46bf-a33e-f247bc8c90ed,652b80d6-61a5-471f-8cfc-13fed3044733,4,
6b5370a2-8a00-4fe5-9cdd-63e65cd0375d,27be03dc-e3dd-46bf-a33e-f247bc8c90ed,b0713c8c-2a2f-4388-a325-01c5086348fc,1,
395b16b0-60fb-4abc-ad42-e14f09d54549,27be03dc-e3dd-46bf-a33e-f247bc8c90ed,2325704c-73d2-4ca6-a1dd-28c397168cc2,4,
5bb85f92-9b57-471f-843e-dbd537d9408f,27be03dc-e3dd-46bf-a33e-f247bc8c90ed,d6c6dc66-91ee-4a64-b105-3269f111fa00,4,
dc49dd35-3eeb-436b-8428-73c79166e618,27be03dc-e3dd-46bf-a33e-f247bc8c90ed,fb192c8b-084c-4a55-b64e-51dbe70037e4,3,
ab2e412a-c71a-4481-984a-d504d5c97cf5,27be03dc-e3dd-46bf-a33e-f247bc8c90ed,e12aee3c-4a30-4883-99d1-cc0bd16d3fab,4,
ac0e8e55-fd6f-44cd-b6bc-ee7f93ab8327,27be03dc-e3dd-46bf-a33e-f247bc8c90ed,e114d63b-52e9-4385-8c0b-598b68cc9acc,5,
9b73406d-0f09-4c60-984e-b10ab80c7958,27be03dc-e3dd-46bf-a33e-f247bc8c90ed,8d93f63c-83ee-480f-a253-7aedd83b932c,5,
ab10a254-1010-46e7-991f-b28acdb95498,27be03dc-e3dd-46bf-a33e-f247bc8c90ed,5751775c-7604-49ec-bcdb-00a8601d072d,4,
3e579bbf-3d94-4d72-ab06-81ce4befbdfa,27be03dc-e3dd-46bf-a33e-f247bc8c90ed,309831e4-789d-405a-96a3-5825dd8973f0,1,
5f597619-5217-402f-84d2-15b7d1ed7d25,27be03dc-e3dd-46bf-a33e-f247bc8c90ed,85c66767-85a1-4960-ad37-da9b80d395d8,3,
ccc7d210-626c-43c4-adf1-dc3c110b23ab,27be03dc-e3dd-46bf-a33e-f247bc8c90ed,56f48626-cce4-46a1-96a0-609e1e34ff51,2,
d1f8f46d-44d3-435f-92d5-f3303b005830,27be03dc-e3dd-46bf-a33e-f247bc8c90ed,2668b3bb-1aa3-4708-ba1c-0f85af6c27af,1,
a189e85f-a4d6-4d36-bb56-def3ad854ea6,27be03dc-e3dd-46bf-a33e-f247bc8c90ed,37725f9d-e7b8-4866-ac05-b562ed9573bd,1,
1d060362-2541-4c41-8061-7b0927ec075c,27be03dc-e3dd-46bf-a33e-f247bc8c90ed,fc473a02-b8fd-4bdb-b9ad-d0893b880a5b,3,
17fefee6-54ca-44c7-88fb-72061836c623,27be03dc-e3dd-46bf-a33e-f247bc8c90ed,59af912c-830b-4de6-839b-2b76b2fc6695,1,
c448e679-4160-432a-8206-ae190360db6f,27be03dc-e3dd-46bf-a33e-f247bc8c90ed,976a9e28-3b64-4699-a578-89378f6e84ad,4,
dee59ee8-e6d7-420b-8174-369dd8413ad8,27be03dc-e3dd-46bf-a33e-f247bc8c90ed,17786565-d75d-457d-abaa-b07101164aec,2,
f60bc898-ebac-461e-9397-fcbc0ebc91d9,27be03dc-e3dd-46bf-a33e-f247bc8c90ed,0dbb40d7-bca9-4ba4-a8d3-5946bd4bf61f,3,
35f9ff53-f525-4a68-8d57-73f7bd3b7a19,27be03dc-e3dd-46bf-a33e-f247bc8c90ed,8d66ebf0-b699-48fb-8efd-e2cfbbdb1a4d,5,
30741ff8-1bd4-483b-b699-6ac55e7a6287,27be03dc-e3dd-46bf-a33e-f247bc8c90ed,5aeac830-f1d3-4270-95cb-9616ffd96694,1,
9b1b17d5-1554-431a-a431-e55c47529de7,27be03dc-e3dd-46bf-a33e-f247bc8c90ed,8abdb7d2-537b-4f71-8fca-cfe642c50494,3,
4463f203-f999-49ef-9f32-8039286f6f2c,27be03dc-e3dd-46bf-a33e-f247bc8c90ed,aa035cf2-45b4-417b-8dcc-187294c91eba,2,
7fffaa8f-5533-4fed-adaf-9dc0efb69c5d,27be03dc-e3dd-46bf-a33e-f247bc8c90ed,2a2c6416-f17b-452f-857c-551274899e3a,4,
01fa49d5-ef41-4eb3-a990-55d32ac18728,27be03dc-e3dd-46bf-a33e-f247bc8c90ed,1d2f9196-2e78-4b2e-b893-fe00275df321,5,
00ff9dec-fa64-4c75-945a-a1fae38a7d97,27be03dc-e3dd-46bf-a33e-f247bc8c90ed,1598985f-ae5e-40bd-a923-422d3c51f655,3,
838accdd-d521-4478-b913-e3b84d269447,27be03dc-e3dd-46bf-a33e-f247bc8c90ed,a09eebb1-61b2-4e13-8e7b-6e970229ace9,3,
3c93ae71-a2c7-4ef1-ae35-e9db1c85b5c9,27be03dc-e3dd-46bf-a33e-f247bc8c90ed,5a74afd8-43dc-427d-896e-4a39c46fb280,1,
6844416d-dfb4-4ffe-b1a2-5fbf865e2781,27be03dc-e3dd-46bf-a33e-f247bc8c90ed,f47be8d5-efdf-45f2-ad06-3b9e1205ba4c,3,
aa92da4b-08dc-4434-b2a5-60cc4eecdcd8,27be03dc-e3dd-46bf-a33e-f247bc8c90ed,241a7456-7e62-402b-8cfe-bf8debc883de,5,
83587487-4943-441e-a18a-5eff7d1a2b53,27be03dc-e3dd-46bf-a33e-f247bc8c90ed,77a8f3a5-6897-4aec-90bc-ee0773e253bb,1,
616a88cd-615f-4f86-af39-97b24db76d04,27be03dc-e3dd-46bf-a33e-f247bc8c90ed,95a6ca0d-37ed-4286-a396-cfc8ea9c13a4,1,
473fe65c-71de-4ab8-a2f5-942635e59a5d,27be03dc-e3dd-46bf-a33e-f247bc8c90ed,1987f2c3-b8b5-4fa2-a35a-311fc632176b,1,
f5a667ae-7e02-4394-9411-fc43c6aba8f3,27be03dc-e3dd-46bf-a33e-f247bc8c90ed,d1239080-0751-4969-b350-84cd2b50ec6f,5,
5013a2d7-03e4-4416-9f85-b17b9fc8f30e,27be03dc-e3dd-46bf-a33e-f247bc8c90ed,e21286c7-e86b-454c-b99d-8580571e6634,4,
f7ec3ff4-cf46-426e-8ad7-6cfdfbfdda1f,27be03dc-e3dd-46bf-a33e-f247bc8c90ed,dc125d3a-f9a1-4d3b-91c3-612103494940,3,
16e1f6f7-28f5-4347-b2b0-5a3a3eb7662f,27be03dc-e3dd-46bf-a33e-f247bc8c90ed,30a96f28-822e-4947-8ab9-b3100691556b,2,
3ff4ace8-b18c-4cd5-96ed-73d4b36db522,27be03dc-e3dd-46bf-a33e-f247bc8c90ed,6bebed60-1ea0-4e5e-bc12-b6acbbb0c79f,1,
d0672e05-0eeb-4bab-a48e-d9efbab4b62f,27be03dc-e3dd-46bf-a33e-f247bc8c90ed,59cba76f-fe0c-4e13-adf7-dbcfa173fa81,3,
d8fc481e-6277-4fdc-bc7d-0ee2abf82fbf,27be03dc-e3dd-46bf-a33e-f247bc8c90ed,7e714b4a-e718-4751-9242-da371fdc6928,2,
7260ece8-72e6-4167-82f1-6cc70782fff5,27be03dc-e3dd-46bf-a33e-f247bc8c90ed,220d8cb7-27a3-4ff1-ad0a-2aded2f2844a,1,
faabe75f-8165-4633-9540-18ae22c84b28,27be03dc-e3dd-46bf-a33e-f247bc8c90ed,4cecfa7d-b9dc-41f0-b51e-632b2d6f05cf,5,
7d5d9b22-0f48-4548-aee8-e29acc68213b,27be03dc-e3dd-46bf-a33e-f247bc8c90ed,90cdbb4a-cbb2-4692-9d0e-2ed65ada3165,1,
aceaa394-b180-49fd-a982-8a6126b3632b,27be03dc-e3dd-46bf-a33e-f247bc8c90ed,f403b59e-d489-4655-853a-8242928da36f,4,
5e33129b-6391-4170-b03c-a4cbb6fdddb5,27be03dc-e3dd-46bf-a33e-f247bc8c90ed,270feb5d-2358-40b2-8bc6-9e3618ede6d2,2,
407df97d-9b62-4bc6-b6f0-28b8412d4219,27be03dc-e3dd-46bf-a33e-f247bc8c90ed,1b57b5ee-33cd-4421-b628-5776b6a0c724,3,
4622940f-bb5d-4a0a-a8b2-e87a94f55a29,27be03dc-e3dd-46bf-a33e-f247bc8c90ed,c6701bf9-d185-44d3-91a3-e79965a37099,1,
53e4b433-9690-4b06-a9aa-d295ff6cab01,27be03dc-e3dd-46bf-a33e-f247bc8c90ed,6425e1a0-c119-48d2-b37a-055090b36830,3,
5bde666c-0593-4ce5-ad63-dbf78265d152,27be03dc-e3dd-46bf-a33e-f247bc8c90ed,254ebe28-5c62-48e4-958b-1ac47115fa5b,5,
c2b54427-b443-495a-ac52-1c655623cb84,27be03dc-e3dd-46bf-a33e-f247bc8c90ed,cdb2957f-dace-4dc9-bc4e-bd4aebfc53ad,3,
07d7993b-9f22-40ec-947f-707b327ae059,27be03dc-e3dd-46bf-a33e-f247bc8c90ed,16dc8b4f-15b6-48ad-802e-2a406294e635,1,
7f622042-8567-4cac-bd12-9491194f7b02,27be03dc-e3dd-46bf-a33e-f247bc8c90ed,c990f5b6-ff29-4ea6-9922-e4e7ec4ce944,5,
f673cdcd-4b2c-4460-a188-aea0ce242f4f,27be03dc-e3dd-46bf-a33e-f247bc8c90ed,f570b15c-1ab3-4001-9857-267e3261a296,4,
c5edf418-4a7c-4df0-ab36-8338ba529976,27be03dc-e3dd-46bf-a33e-f247bc8c90ed,343c0a31-399c-4938-8137-0fd3e2b233c7,5,
b703e65f-aa38-4f70-9c6f-900c0f67d502,27be03dc-e3dd-46bf-a33e-f247bc8c90ed,744c7007-7287-4370-8857-c41b528c54bf,2,
748a2b23-3e92-43ba-9184-05c90eca5069,27be03dc-e3dd-46bf-a33e-f247bc8c90ed,107cc837-2d6d-410a-972a-88f3e42e5a43,2,
f7f6460b-1f0f-4a44-931d-75af0eefcc17,27be03dc-e3dd-46bf-a33e-f247bc8c90ed,c2ea3680-d13d-434d-b6ae-1166992defff,1,
f32b3603-c2c6-4308-96f5-38b1a283bc41,27be03dc-e3dd-46bf-a33e-f247bc8c90ed,fac57f5c-923b-4e08-a7c0-924406f14ed5,5,
521f7a6f-5856-4b7c-8e01-30ff833b4a43,27be03dc-e3dd-46bf-a33e-f247bc8c90ed,3c38ced6-2433-4bb3-8419-97c8f341a06f,3,
b347495a-78c9-48dc-8db7-d4ac7a264a6d,27be03dc-e3dd-46bf-a33e-f247bc8c90ed,924550b3-21f2-4908-964c-8010489bda18,3,
d2fcc6e5-a02c-4e96-b508-4f0a6cfab709,27be03dc-e3dd-46bf-a33e-f247bc8c90ed,17adb8dc-b7e8-4f7a-a7f2-93bd291b58fc,2,
6f517237-51eb-42d0-8584-475d4dfa1c60,27be03dc-e3dd-46bf-a33e-f247bc8c90ed,1c2cc3e5-dfc7-460c-be5f-6c124d8705e6,3,
0f97fa39-8146-4326-ad03-e90f9b294027,27be03dc-e3dd-46bf-a33e-f247bc8c90ed,03fab583-47d0-4596-9d22-dd09232ef8d5,3,
8692e987-4ca6-4744-a174-a001d808c631,fabe0c6b-96be-414b-925a-7a44e19764a9,41cf04c7-1378-4dc7-a8ae-0e1b13f2f1a4,5,
661f950f-6045-432d-a5f1-98f6af48f90c,fabe0c6b-96be-414b-925a-7a44e19764a9,ac6b44a9-4e6c-45e6-bec2-a3f98d7b7b14,4,
84d81ac2-9df3-4385-8aab-6f245dd59a93,fabe0c6b-96be-414b-925a-7a44e19764a9,977764ec-1aed-4b72-bc39-3c7b5b94d59b,4,
f6a948d0-6356-455e-8823-033d2f0faff1,fabe0c6b-96be-414b-925a-7a44e19764a9,6d0eec71-d062-4d90-ba69-c80423c23855,3,
bcc79391-3136-40a9-a615-749f08881e73,fabe0c6b-96be-414b-925a-7a44e19764a9,02ee56e8-0477-4279-b1db-8113dbc91362,3,
b778be7d-7081-4ad2-b389-c00f5b48ab5b,fabe0c6b-96be-414b-925a-7a44e19764a9,0567d889-8106-44c1-b344-8bf38344b055,1,
eaa4543b-a3d4-4307-9f58-c7e46c36b3d0,fabe0c6b-96be-414b-925a-7a44e19764a9,eb87a7a2-14dc-4ca7-a482-4eca79afba7e,5,
05ccca53-a94c-4d5e-a68f-f4c9aff2eceb,fabe0c6b-96be-414b-925a-7a44e19764a9,8cdbf821-7cad-4948-b37d-44cc7a765eb5,2,
3a49d5bb-45cb-42dd-996c-7c02f8a23cee,fabe0c6b-96be-414b-925a-7a44e19764a9,82124844-6993-4fcd-b255-ef205d5f4872,3,
a9b2d352-ed48-4d48-95b2-2bb24945a756,fabe0c6b-96be-414b-925a-7a44e19764a9,7331f17b-7121-4407-ae32-bac878b11f07,4,
3ca16b1a-012b-443b-8138-c45a2bf5604c,fabe0c6b-96be-414b-925a-7a44e19764a9,d2585544-69aa-44e0-94c5-c78e6eda7abb,3,
9ef40f62-6ec3-438c-869e-1252995a0889,fabe0c6b-96be-414b-925a-7a44e19764a9,2ad55789-da66-4cf5-a79f-ca5ba3e29c89,1,
3456db5c-8af8-40f0-8add-3680f6348869,fabe0c6b-96be-414b-925a-7a44e19764a9,bd274d46-28a1-4d45-905d-b4a4c64f6c13,2,
40ce21fc-b229-4615-a8d2-dd56329f0311,fabe0c6b-96be-414b-925a-7a44e19764a9,c89a3192-afa9-4e1f-ad1a-0c03422f5251,4,
d6f8fc7d-1305-4373-995a-a538e6686afc,fabe0c6b-96be-414b-925a-7a44e19764a9,b10b9128-7ecc-40af-acc3-caad77035156,1,
ff445a80-a8b0-4d8c-ba6e-ff70f218784f,fabe0c6b-96be-414b-925a-7a44e19764a9,2abf5846-15f0-45b0-b06e-c4b3c96a8821,1,
0df64ad0-37a3-43fc-b87f-036489aa6c21,fabe0c6b-96be-414b-925a-7a44e19764a9,9a1736a1-e6b5-4a05-837e-8c7d3c53dea1,5,
68e620c9-2741-4ae9-8612-20c23970b072,fabe0c6b-96be-414b-925a-7a44e19764a9,bc2d5320-c9b9-46ae-92b3-9c3fa856ee77,2,
90bb0b79-6650-440c-a204-710b4689fabf,fabe0c6b-96be-414b-925a-7a44e19764a9,5e37c508-a784-431d-9b52-8708c7d81a76,4,
1b25773c-7fd3-4806-8b99-93ca8266555e,fabe0c6b-96be-414b-925a-7a44e19764a9,db82dc10-c4fb-4cc1-9122-a839386052cb,5,
b463b8a6-6538-4450-bb51-6c9f7a436b87,fabe0c6b-96be-414b-925a-7a44e19764a9,1a30bfb9-11fb-46a2-99ec-1d0da779891b,3,
4ed33b60-342c-4f12-ac87-eb2bfe80a027,fabe0c6b-96be-414b-925a-7a44e19764a9,73caa334-565a-46b7-9778-9a18f39924cc,2,
ff52666c-4fa0-4dde-bd67-edf4c4396163,fabe0c6b-96be-414b-925a-7a44e19764a9,7ea999d9-58ca-4278-a0e1-ded1a962e82e,3,
1c067fec-b29d-4473-aa05-0b56b3b68300,fabe0c6b-96be-414b-925a-7a44e19764a9,938ea496-e1b8-409f-b3bc-5fa536591bc3,3,
2cf01688-2cde-48eb-8e02-e25532c08e4c,fabe0c6b-96be-414b-925a-7a44e19764a9,683be802-fee8-42f7-be12-b46901073dee,2,
af536dee-258a-49c3-ae34-129d19c51566,fabe0c6b-96be-414b-925a-7a44e19764a9,62f0f62c-3107-4cfb-91e7-3d0c8843d2ad,5,
02d445a1-96bb-4d0a-91d4-3b3bed4d7222,fabe0c6b-96be-414b-925a-7a44e19764a9,fd927a56-2f84-4e91-9f28-ec3619ec55b4,4,
2565e146-167f-4022-a54b-b3ea134efc52,fabe0c6b-96be-414b-925a-7a44e19764a9,c17a29de-a6b8-449e-ae7a-e5fac73d41c6,5,
e6de0e48-3ed8-41d0-9491-90bef5cbd6f1,fabe0c6b-96be-414b-925a-7a44e19764a9,cc5b54ee-a9af-46b0-a468-e54567659321,3,
d31886fb-c115-4e80-b55f-29e63ea49aea,fabe0c6b-96be-414b-925a-7a44e19764a9,3c834952-32e8-4735-90ec-a38a66d42310,2,
f22e3586-dc30-4472-9b5d-96108169cd68,fabe0c6b-96be-414b-925a-7a44e19764a9,3adb0d02-0c19-4c2e-92bd-9e965796e77b,3,
e0bfad2c-f6ec-4f83-9d77-07065a27f0b2,fabe0c6b-96be-414b-925a-7a44e19764a9,fceae350-fb55-48c6-a3ba-1fa0f7660fca,3,
c2f8a3e2-12a4-471a-87e3-b92b2d1255fd,b1c40ef1-ff71-4d3d-af0a-47e73634b864,86fe1b17-49d9-4fad-ace5-d366edd15072,1,
b957aaee-e27b-4a6a-bec7-7d014f65d155,b1c40ef1-ff71-4d3d-af0a-47e73634b864,7e5a79a0-711c-44f3-9867-bd8cb86ac52e,5,
98b21d11-705e-4935-96b5-1ea091939ec5,b1c40ef1-ff71-4d3d-af0a-47e73634b864,596310ab-d2f2-4883-9f41-bd968f6dc787,2,
b53d33b7-6a97-4fd3-b66b-b20d1a23940a,b1c40ef1-ff71-4d3d-af0a-47e73634b864,baea5a3d-3b15-4480-89a8-b5a17c8e4bf8,3,
7b98ba82-be71-45fe-bf36-d87339fb4547,b1c40ef1-ff71-4d3d-af0a-47e73634b864,c36a2208-f8fd-43c3-ac8f-96875b77894b,5,
5494be35-b271-4c46-9d19-8cb679190553,b1c40ef1-ff71-4d3d-af0a-47e73634b864,a3e4a8a7-5c9c-4c55-aea9-d28b02c59496,3,
c8be7e86-63cb-4c81-878a-011a3ad10686,b1c40ef1-ff71-4d3d-af0a-47e73634b864,b87e685c-42c5-4360-a330-668be97eb6d4,2,
ac09f3c3-3367-4c9f-a829-de3a97288bf3,b1c40ef1-ff71-4d3d-af0a-47e73634b864,6c71d4f4-e02a-45bf-84ce-029a434a171c,2,
2f2cceb5-26e0-4dc6-ac51-8bfc5291b505,b1c40ef1-ff71-4d3d-af0a-47e73634b864,ac2cb4ba-1649-4ebf-bfa5-4963f8629c50,1,
41cd35d6-0b91-4486-ae7f-91371032a938,b1c40ef1-ff71-4d3d-af0a-47e73634b864,cb778536-3940-489d-b2f6-322ed8eb5426,4,
680efbf3-f549-48fc-8ba2-9d030d541f84,b1c40ef1-ff71-4d3d-af0a-47e73634b864,251575ca-32d7-43d6-8dbd-3a3ebd541e30,3,
c6f0fba0-1b6d-47ba-99bc-96b26f93391d,b1c40ef1-ff71-4d3d-af0a-47e73634b864,1268bf7e-ff25-4d53-b791-a596dd061558,2,
54213919-0d47-47c9-b240-248b85eeede8,b1c40ef1-ff71-4d3d-af0a-47e73634b864,cb4135e0-6bab-4e6c-b2da-3a1da8fce142,1,
c1fe208d-109d-48ef-b5d0-013c1bfaf7d1,b1c40ef1-ff71-4d3d-af0a-47e73634b864,d0281aab-9bbb-402b-b318-019f5c7595bc,5,
4efb9207-28a5-481f-a815-297c6182f0e8,b1c40ef1-ff71-4d3d-af0a-47e73634b864,2b593ce0-0d43-48e6-b2c5-72944c28a433,4,
9e7ab26f-58b9-470a-8fc1-135ed995074f,b1c40ef1-ff71-4d3d-af0a-47e73634b864,8a7bcd15-ab82-438e-b656-da9f882e5e71,1,
1a54f6b1-64ae-4eec-8de4-5aba590a04fd,b1c40ef1-ff71-4d3d-af0a-47e73634b864,895a7e30-be2a-4671-a686-f1fdecd07069,2,
9e87c3b5-7674-4058-b154-61a5939f7787,b1c40ef1-ff71-4d3d-af0a-47e73634b864,6c729e95-8013-4d60-917f-601936709e3d,5,
1c3a5f39-c282-40a4-86a2-028f7cb32cc3,b1c40ef1-ff71-4d3d-af0a-47e73634b864,2b34a1c7-eccc-45f1-8233-cff1280567f2,3,
e19ce45c-bd1c-449f-af74-32fa29037738,b1c40ef1-ff71-4d3d-af0a-47e73634b864,e5fc2986-e635-4e83-83bb-f75f81a0acf1,1,
751a0b42-5321-4430-a01a-cc51cc3f48ab,b1c40ef1-ff71-4d3d-af0a-47e73634b864,f2ba45f2-5005-4195-b93e-60ee8307b9a8,5,
e1dc50d6-40f0-4c34-b8dc-f8c1004831fd,b1c40ef1-ff71-4d3d-af0a-47e73634b864,99216cf7-e02b-4609-86b7-74cb05125570,3,
7f3af5f4-2dcf-4e6e-a1ef-9785a9257682,b1c40ef1-ff71-4d3d-af0a-47e73634b864,633718ae-ba41-41ae-8175-2187ec37c8da,1,
8c6c826b-a3f0-4cd2-870a-598ddc7ef5b1,b1c40ef1-ff71-4d3d-af0a-47e73634b864,33b31291-9460-4b42-8619-4dcfad75249e,5,
978a0470-9978-4f5b-8f63-25c56b3fa038,b1c40ef1-ff71-4d3d-af0a-47e73634b864,9f37113a-751f-40ef-9b5b-2a5c4d35461f,5,
0f713353-261d-4767-983e-d11ba2382838,b1c40ef1-ff71-4d3d-af0a-47e73634b864,3b9a5889-84e5-4b4b-b1f2-27e76b5d81dd,4,
0169a3b0-467a-4b0a-8b72-dc264cc65d8f,b1c40ef1-ff71-4d3d-af0a-47e73634b864,42ba265a-3f98-4881-89a7-86c9c1ecca39,2,
4bf49bec-ec2f-42be-a2aa-58b3ff115ee1,b1c40ef1-ff71-4d3d-af0a-47e73634b864,5f236d6b-aeef-4ddb-a1b8-0e91904c8bd0,1,
b72e68a0-9bcc-44f1-af23-5f12629f7611,b1c40ef1-ff71-4d3d-af0a-47e73634b864,68d08365-cf58-441c-b822-f38ec127052c,3,
24270807-9f83-4391-b136-b3349720836c,b1c40ef1-ff71-4d3d-af0a-47e73634b864,42aece93-49e3-493e-bbea-3d16c289863b,5,
60f89fcb-5a90-4a02-ae4f-408b8130d9b1,b1c40ef1-ff71-4d3d-af0a-47e73634b864,6638f069-7b05-47c0-91a2-447b50fa060c,2,
f493f0e8-df0f-426c-b269-791a7f391771,b1c40ef1-ff71-4d3d-af0a-47e73634b864,544bb9ea-c513-4432-966f-c50a8a666cb4,2,
78aad69d-2243-4fd5-a52f-b89e816c2f1a,b1c40ef1-ff71-4d3d-af0a-47e73634b864,4b1a2633-c89c-4f22-9987-8415ea732f5c,2,
dbf87328-5aa5-426f-9b90-221c0b7d915d,b1c40ef1-ff71-4d3d-af0a-47e73634b864,ae20aa4c-c3ff-4939-a74d-30862cfd5123,5,
929fee45-8491-4a0f-91be-4694eee548ec,b1c40ef1-ff71-4d3d-af0a-47e73634b864,1b12b514-63c5-4ad2-99d8-1b4bb2c099d9,1,
ab0c4bed-82b8-4efc-9d8f-96bbf2632655,b1c40ef1-ff71-4d3d-af0a-47e73634b864,a672f12b-b063-4ffe-b074-06d1c5accbd6,2,
37545787-0264-4596-9721-2313231819e6,b1c40ef1-ff71-4d3d-af0a-47e73634b864,67d78916-d4b6-44a7-b293-02126ac2e594,1,
e514f975-6f69-4018-9067-a95f07407403,b1c40ef1-ff71-4d3d-af0a-47e73634b864,74b1ed9c-70ce-414f-bfea-5aa288e4e9e1,3,
d8f33bed-a94a-41c7-8eae-06cec1f9cc96,b1c40ef1-ff71-4d3d-af0a-47e73634b864,f47be8d5-efdf-45f2-ad06-3b9e1205ba4c,2,
24533bf1-1dd4-407a-bfbb-53d486161d64,b1c40ef1-ff71-4d3d-af0a-47e73634b864,0c736516-d5ea-47cd-8bc4-86e07f1152db,1,
5c4436ba-29a1-4f88-a46a-718caec43d0e,b1c40ef1-ff71-4d3d-af0a-47e73634b864,51826a57-a2e1-41aa-99e4-b5c9f4d8b215,3,
75da8336-b26f-4e9e-962d-01da6bd77211,b1c40ef1-ff71-4d3d-af0a-47e73634b864,2a26b371-c85d-44d4-a7de-e74f86bae757,3,
f2e5fed3-843a-4426-a76c-033a888b4da7,b1c40ef1-ff71-4d3d-af0a-47e73634b864,a9c84282-84e8-4544-9da8-fc2e381f24fa,1,
72116479-175b-4a07-90e4-c1dfb2333a72,b1c40ef1-ff71-4d3d-af0a-47e73634b864,6e5c7c75-13b2-45d5-81e7-e42da71081a5,5,
4eabd4ca-1012-4518-8f4c-6cc92ca288e1,b1c40ef1-ff71-4d3d-af0a-47e73634b864,0e98cbf3-3927-42dc-9606-4ad4914b475b,3,
8614be72-9c7d-4b9a-8192-ed6aa732c2ba,b1c40ef1-ff71-4d3d-af0a-47e73634b864,670eccae-cf4e-45be-a0dd-49d230972195,5,
04e36b99-7cb4-4081-b84c-c50a3bcb937b,b1c40ef1-ff71-4d3d-af0a-47e73634b864,7ac48d54-25bd-499d-ada1-d453a2af9109,5,
12b97936-c92c-46b4-a0e4-96371f5d427f,b1c40ef1-ff71-4d3d-af0a-47e73634b864,370e600c-1f2c-4726-8cca-5241fca2d22e,2,
639f0192-cffc-46c7-870e-a8bb6aec2a5c,b1c40ef1-ff71-4d3d-af0a-47e73634b864,5103f663-44b2-4a11-9edb-792de949cea0,1,
1c3cc03f-1b71-4062-8bac-fda9b153c417,b1c40ef1-ff71-4d3d-af0a-47e73634b864,59bc383e-9c53-444b-b2cb-f054ab9d8cbe,2,
84d8c762-6d56-4a6f-b8fa-5ea95db5f4b5,b1c40ef1-ff71-4d3d-af0a-47e73634b864,f4842b9e-8615-4c53-ad8e-ca023e27985c,3,
f4ebc96e-c809-4496-8a4e-447516372670,b1c40ef1-ff71-4d3d-af0a-47e73634b864,a7c544fc-2da4-4dc4-bbca-17e9b6d9ffc7,2,
6d759738-25d4-4b57-8fdb-6e6124969874,b1c40ef1-ff71-4d3d-af0a-47e73634b864,675305b4-2d0b-4d29-9a7c-b50134095e48,2,
2e72fbaa-0433-40ba-a67c-293c2cfc3d27,b1c40ef1-ff71-4d3d-af0a-47e73634b864,5c6bf6dd-af1d-418b-80ee-385c4f4ef3a1,2,
7020ff4a-34c1-40f7-bd0e-8a934922532e,b1c40ef1-ff71-4d3d-af0a-47e73634b864,bd5fe21d-af93-46b9-8870-b2424e9a295e,1,
23fcfa41-fca4-4e57-89a8-a43c06b45178,b1c40ef1-ff71-4d3d-af0a-47e73634b864,a8be8dee-edce-4986-a16e-d44da119d755,3,
811f79cf-534e-49a4-86fc-f4ac593ed6a2,b1c40ef1-ff71-4d3d-af0a-47e73634b864,9ae039e1-21f2-4528-aefa-09a57e292a15,3,
51fbe77a-dcc9-4e34-99b6-8eb5ba86c1d6,b1c40ef1-ff71-4d3d-af0a-47e73634b864,ca5029e8-1e4f-42d2-8651-a6042a33c286,1,
74083244-4f66-4cb9-9d52-7ebe28d18b48,b1c40ef1-ff71-4d3d-af0a-47e73634b864,a2e4196a-6f84-4d27-8635-8f6b78a2b257,5,
dce5873c-013f-445d-b212-976ca1436e29,b1c40ef1-ff71-4d3d-af0a-47e73634b864,37425ae1-7c75-4a08-bcbd-89c49331594c,4,
c1da278b-8a6e-4063-a3b1-7c6cc5947752,b1c40ef1-ff71-4d3d-af0a-47e73634b864,1ddcab20-397d-4652-b505-341a1628f271,4,
5efaac8d-f55c-453b-bf90-6c3566a90b62,b1c40ef1-ff71-4d3d-af0a-47e73634b864,6cf908eb-7839-4a68-9e8b-79a006eda9c9,5,
7abe4603-234b-466c-8c47-f8af326e7ee8,b1c40ef1-ff71-4d3d-af0a-47e73634b864,98d55302-d48a-4cc9-8139-4cf973235e84,5,
f916bf78-dc6b-4417-a2b9-ee24114e8923,b1c40ef1-ff71-4d3d-af0a-47e73634b864,9f529377-0ce2-48d5-83ee-21b3f6a30673,2,
c0240f39-939d-4c9b-8c65-f36fe3144d78,b1c40ef1-ff71-4d3d-af0a-47e73634b864,1c30707f-8761-4c0f-b526-49c58a126ba0,1,
c0fa45db-addf-4de8-91fd-4ee418aa1522,b1c40ef1-ff71-4d3d-af0a-47e73634b864,2b0bcbc4-3000-4573-936c-6bc4ee011b18,4,
094ad883-9e98-471d-abd7-db6bbefa9c4e,b1c40ef1-ff71-4d3d-af0a-47e73634b864,6da08523-a22a-4ae4-89bb-9c82ff43e88d,3,
6b32b6df-ed3e-47c4-bfe3-13dd609575f6,b1c40ef1-ff71-4d3d-af0a-47e73634b864,652b80d6-61a5-471f-8cfc-13fed3044733,2,
f334879c-dc94-4a05-a7a7-7ee6e8a2d204,b1c40ef1-ff71-4d3d-af0a-47e73634b864,9c2c74c1-8d36-47dc-933c-fc746c80d7ec,3,
36d71d45-5db6-4c80-bc1f-8f4e1a5a839b,b1c40ef1-ff71-4d3d-af0a-47e73634b864,a917f373-df89-4e46-9bd7-9c1931c331de,2,
8bdaf538-a19d-4a3b-bbfe-7b0550a98a86,0dca27a9-1680-4b31-99bb-644318db4197,f498a2a1-e24e-4e93-8f9a-47cda6ad8061,5,
0dda0a47-1e40-4467-8278-4b9ac6c89a6d,0dca27a9-1680-4b31-99bb-644318db4197,8a108cf3-389a-4235-b2ce-201ad48daab8,2,
b2aa669b-263c-4908-87cb-786b8a3a9353,0dca27a9-1680-4b31-99bb-644318db4197,5f96f66e-a71b-4b63-a034-dae7c058013f,2,
f79c4d50-2f62-4a1b-b86e-247253726f21,0dca27a9-1680-4b31-99bb-644318db4197,6ebbf8ef-c4f6-4665-a607-eaf9b11bf4d4,1,
cb7eebe5-2163-43ad-83de-c1a1f5f2b5c7,0dca27a9-1680-4b31-99bb-644318db4197,b1b2613f-2d18-4973-bd80-03b98a927da6,4,
ee339815-954f-4749-8c22-210b3392cc33,0dca27a9-1680-4b31-99bb-644318db4197,8324c137-f3ef-4851-b3fa-5f9928c36ba1,2,
dc098c02-f523-4d53-8af6-7969a6ac2b4e,0dca27a9-1680-4b31-99bb-644318db4197,14610f00-a02a-4c77-b54e-74f19e9c3159,2,
e6fc777f-337c-4a6c-881b-0f1a946fcb6d,0dca27a9-1680-4b31-99bb-644318db4197,f1909d44-3768-4d73-8c04-f1bc4d35138d,5,
9d406ea3-8756-4963-8e80-b961c1a35d06,0dca27a9-1680-4b31-99bb-644318db4197,c28651f9-569d-4b47-b65d-8dd24b6ea93a,4,
977b3f13-5640-4297-a9a8-e9cc5c43ff6f,0dca27a9-1680-4b31-99bb-644318db4197,e3b6100f-1fc7-4b70-99ba-fa69d6858403,3,
2dba5ed2-d74d-494e-a571-5f6e18aef1f6,0dca27a9-1680-4b31-99bb-644318db4197,ad14d062-a8c3-4d49-90da-dc5e47d726dc,5,
f6a5aa74-1332-4e05-b13e-5363bb5bf62f,0dca27a9-1680-4b31-99bb-644318db4197,0a5511ed-0453-49f3-9e9e-eab4ef5905c8,3,
bbf4b75e-4c1a-4ac0-a743-3b0cbfe75370,0dca27a9-1680-4b31-99bb-644318db4197,1ec33569-e92a-400c-aa12-0ddd1e14321a,5,
9c66ea6a-b3f2-477d-ac2f-d7aa2571199e,0dca27a9-1680-4b31-99bb-644318db4197,85735cc8-2844-4133-a0ee-e4c7f90bf504,1,
6e485d8f-3f4c-4954-a029-9f2cd075f9ae,0dca27a9-1680-4b31-99bb-644318db4197,5d3149ef-3008-41c3-bea0-988d1cbbbeb8,3,
e5e522ee-29c2-499c-a2a0-1bd16863bdbe,0dca27a9-1680-4b31-99bb-644318db4197,d1f6554f-bee1-4ac7-aa73-2c25fec0003b,5,
178737f7-b96e-47eb-bcda-c557e9ea5920,0dca27a9-1680-4b31-99bb-644318db4197,c08648e5-88aa-45d0-8d63-a8a08fb44f72,3,
a9988470-fe31-4cfe-a37e-3a07a803e152,0dca27a9-1680-4b31-99bb-644318db4197,ae606e3b-3bfa-443a-800c-56460b3c5a81,1,
3cd95ca9-7015-4558-a96c-dc7dc3eb155d,0dca27a9-1680-4b31-99bb-644318db4197,2811a7ea-64e0-460e-88a1-d9ed4259716a,4,
960ae490-3354-445c-9eb4-6f33ecc0ef1d,0dca27a9-1680-4b31-99bb-644318db4197,46780faf-06fe-422a-8e5b-0025c53c9e4c,3,
80f76977-2f38-4341-9e21-40ddcbcab221,0dca27a9-1680-4b31-99bb-644318db4197,7fe23098-177c-472a-8153-5098b1a1a66c,5,
415200ff-96f5-4b40-8e65-bb7e4f50ddb4,0dca27a9-1680-4b31-99bb-644318db4197,6de81a5c-fb54-4fd7-a12f-2009e13ad926,3,
5155bb32-3d5a-4c5b-9b12-546e5e5772ff,0dca27a9-1680-4b31-99bb-644318db4197,3bd659ca-4758-45ff-a5f3-16c0f8523d71,5,
8f0f6f70-ae04-4c1b-ab7a-577c9398a301,0dca27a9-1680-4b31-99bb-644318db4197,750118e7-21d1-4db2-a0b6-a38ba9795b2a,1,
e11ea6a9-3b13-4258-8aed-fe09d85e3805,0dca27a9-1680-4b31-99bb-644318db4197,078f7f71-3749-4856-b0a7-03dcb65a7878,4,
281109e7-5680-4a8b-8956-5eb1188e9b01,0dca27a9-1680-4b31-99bb-644318db4197,2da883fb-98e0-44ea-b35c-069e65a13e99,1,
43e5d176-b200-4b8d-95aa-2eab6ecb5ceb,0dca27a9-1680-4b31-99bb-644318db4197,4611436f-a433-4800-a1d0-227a0dec56b0,4,
e6f7ba83-ae88-4ce1-b88e-dafe8049ffcf,0dca27a9-1680-4b31-99bb-644318db4197,dedc9da9-8ec9-4b0e-8e36-b9c3e401e46e,4,
b82b9003-c24d-4086-8d89-522b9b359552,0dca27a9-1680-4b31-99bb-644318db4197,a7cfbdcd-99c6-44cf-9bb9-0d354c936757,2,
56d3a648-17ea-43f6-8a0e-4b6bb8d6d1e7,0dca27a9-1680-4b31-99bb-644318db4197,1d914439-62b1-47df-9672-2163bd3e1a83,1,
c110ac68-c046-473e-a4b5-1e9f7f5219a5,0dca27a9-1680-4b31-99bb-644318db4197,eaddc027-ac7a-4141-830a-72ad9627ffb9,2,
29953091-525e-4ac0-91cc-625b3fddbfef,0dca27a9-1680-4b31-99bb-644318db4197,f32d8e05-3587-4bc5-bc7e-5d37b1bc7e3e,5,
29da7c7f-65e4-4eb3-bde9-9f7df4671c56,0dca27a9-1680-4b31-99bb-644318db4197,e40cf2aa-be5c-4653-b8df-c8d14337af79,1,
67536043-df08-4d5e-9b91-f66f1fea067a,0dca27a9-1680-4b31-99bb-644318db4197,6e5c7c75-13b2-45d5-81e7-e42da71081a5,5,
eb0c8e1a-8dd9-415d-a330-655753c06821,0dca27a9-1680-4b31-99bb-644318db4197,aa6f3ee5-c0d9-467f-8972-1d2832d0012f,3,
73e0ddff-39e7-4717-9e34-000ca0966f57,0dca27a9-1680-4b31-99bb-644318db4197,587cb36a-d900-45b2-8eeb-d252fbbc4c7e,1,
d5fe3002-4d29-4d57-8c86-162300119600,0dca27a9-1680-4b31-99bb-644318db4197,2efff75f-df5d-4b60-85ae-68ef9eec572d,3,
ff908d4d-0506-4546-9e94-d70b0b5065d3,0dca27a9-1680-4b31-99bb-644318db4197,fcdf0967-2e22-4f58-80c2-e2841d6fbc4e,4,
e0c3c616-1202-46eb-a222-6b5423523cd6,0dca27a9-1680-4b31-99bb-644318db4197,42357a96-bcf9-4a94-96f8-7be4cd4c53b1,5,
f8f3302a-2db6-43ec-a1a9-3fb423f77b85,0dca27a9-1680-4b31-99bb-644318db4197,f89de926-bbf8-45c2-a72d-dd908258dc70,1,
5146d37c-be61-486c-b799-133814768104,0dca27a9-1680-4b31-99bb-644318db4197,537deda4-737d-471b-a9bd-d0e21465b619,4,
32f5cacf-e4f0-463a-90ef-612ba55e8aad,0dca27a9-1680-4b31-99bb-644318db4197,c6cffcf3-766f-4ba6-9f04-82b0ecbf901e,1,
756778e7-0cb4-4a07-a01b-d13092f16700,0dca27a9-1680-4b31-99bb-644318db4197,921f6504-ff87-4d2c-b2ab-c1980ee5b6da,5,
eae4be82-59b2-49f7-9708-421d0f860fa3,0dca27a9-1680-4b31-99bb-644318db4197,6418968f-d869-4292-ac58-ef538580305f,3,
be788c45-c81d-478d-82b6-3c2db82ea135,0dca27a9-1680-4b31-99bb-644318db4197,5d47fe26-1b8e-4ed4-8807-3ccf0d859fa3,1,
872173e7-500f-4e24-8fd2-5b735e3caae6,0dca27a9-1680-4b31-99bb-644318db4197,79dd831c-fb14-444e-92f9-0eb85c308447,3,
9036a56e-1b6c-4127-867f-33f751dd6aa6,0dca27a9-1680-4b31-99bb-644318db4197,b90a4444-0055-4f4d-96e2-d6585089789f,4,
29fc6d08-58d8-4ef9-9d87-3c02e80a0a5b,0dca27a9-1680-4b31-99bb-644318db4197,aaf0f491-7e19-43e5-9b0d-b4e3a2bade9e,3,
07ec9cf7-7e57-478a-8a00-10e5eac20d43,0dca27a9-1680-4b31-99bb-644318db4197,e6d5088c-c27e-481f-8476-fa00f49ad42b,3,
c8e6420f-7416-402d-8439-ff7285382300,0dca27a9-1680-4b31-99bb-644318db4197,299e08df-7de4-4a28-a99b-442aea8b80da,1,
4818da05-70c7-44dc-8989-30165faf543a,0dca27a9-1680-4b31-99bb-644318db4197,322d76b8-2ae1-4079-8941-60b1c0318897,1,
7956a9a5-b411-4d1c-b4b3-8ca79554cc0f,0dca27a9-1680-4b31-99bb-644318db4197,efada913-92b6-4fba-a0be-1fe4360c7725,5,
ddb93434-df95-4634-b46c-f3a127eb0486,0dca27a9-1680-4b31-99bb-644318db4197,1b3e08b8-c831-4210-95cd-3185d5505801,5,
a06e439a-b326-45ad-babd-e94ad4e6ee77,0dca27a9-1680-4b31-99bb-644318db4197,7b42162e-cc57-4920-a6e8-fbce0f947dc1,3,
a0f5bb8c-53f4-4876-8d4e-06a506bbf45f,0dec213c-71be-4513-b408-5417084364c8,91f309c5-85e8-4ffb-b871-d3f9ae50e23f,1,
f9145ffa-f3b7-4a2c-b09b-1a68269b63c0,0dec213c-71be-4513-b408-5417084364c8,b88eb9eb-2a99-4c2b-9f2a-c10416eab191,5,
b80d12a6-9801-4d1f-b5cf-3ac6c10b2d2c,0dec213c-71be-4513-b408-5417084364c8,b689a61d-f40f-4a64-a370-f3be3b7dca97,2,
82aa96c9-0bd2-400e-9dea-37439322ded1,0dec213c-71be-4513-b408-5417084364c8,bb874d63-cb63-4bd8-abec-568b197daec6,4,
23d44d30-91b3-43cc-ab24-2bac304aafe1,0dec213c-71be-4513-b408-5417084364c8,f4d18981-2960-4a6c-895c-e2a6e62806a0,3,
e359ca6a-cdba-4d25-a62c-d2c2910dcc3d,0dec213c-71be-4513-b408-5417084364c8,82434b57-92ab-4195-b310-fb2a932bbe28,2,
09b57545-719f-467e-95fc-043b34ae44e1,0dec213c-71be-4513-b408-5417084364c8,78d3c8af-7dfb-4cd8-99ce-46a26695ea07,2,
31f6bd8d-dab5-4f14-9db1-bde8beffb945,0dec213c-71be-4513-b408-5417084364c8,7bc8c5d9-543c-47da-ad2d-b0a54fd6322a,1,
69272815-45bf-4381-8aa5-7ba66d9286b5,0dec213c-71be-4513-b408-5417084364c8,b3530e93-6f7d-4db5-a1c9-9acf52704dd6,4,
e6c28aed-9ab7-498d-a709-af46d66ccb7f,0dec213c-71be-4513-b408-5417084364c8,3f482de7-4717-4a9f-a018-53ce951b3d5a,1,
30e7b29b-35a6-4ccf-92ba-b213f903c315,0dec213c-71be-4513-b408-5417084364c8,f5468e7d-7c12-4327-9805-ea8b54735c6e,4,
6d206c38-9d61-4d84-8235-278c2c72f45c,0dec213c-71be-4513-b408-5417084364c8,ef1f84f8-b44a-481c-aea6-d42d1c333857,5,
a8b54331-783f-4a3b-ac1a-b94f190d4e48,0dec213c-71be-4513-b408-5417084364c8,ef4fb80d-54c6-4b81-84b5-7aa00e15a62b,2,
d2605d00-1754-40a0-823c-b56afcafa978,0dec213c-71be-4513-b408-5417084364c8,1ebf509e-5ffb-41d0-8952-bc093accd109,4,
a567853b-4013-4f5b-8477-312655f105f9,0dec213c-71be-4513-b408-5417084364c8,f24bcc6d-20bf-4c9b-a1d4-b0f6166bc07b,3,
efc99bd2-407f-4dd0-b161-86e07b6315c1,0dec213c-71be-4513-b408-5417084364c8,1ca676e0-a374-43fe-beaf-bc16b9091c1e,1,
9d6edbc3-849b-446a-ab0f-f2176273df9e,0dec213c-71be-4513-b408-5417084364c8,2b62d677-7931-4e09-aad5-e5bf3fe6f56d,1,
3521b38d-8637-42f7-a84d-5183cd8d1c0b,0dec213c-71be-4513-b408-5417084364c8,472c12dc-79b4-4f16-a78d-a03744269d5b,5,
04dfc13a-6aa3-4694-9a2b-21d84158128b,0dec213c-71be-4513-b408-5417084364c8,5cb4abff-581b-49d2-833e-6b4582c75ff2,3,
99c8023b-4eaa-41f6-8525-3c6a57403cd3,0dec213c-71be-4513-b408-5417084364c8,62d2c768-c697-494a-95b9-ea0d23689001,4,
3ac05955-8594-4641-8d9a-2660c3dc3b3e,0dec213c-71be-4513-b408-5417084364c8,5f1c497b-eeb5-4886-a035-f3a31aded704,5,
cc842296-d7cc-4ea7-bb94-49b36261da5e,0dec213c-71be-4513-b408-5417084364c8,41c15720-be4c-437d-bda4-8b03bf8c9834,5,
62273e84-5a04-4bb3-b76d-1e163f6cb26d,0dec213c-71be-4513-b408-5417084364c8,91703216-bcef-4546-9da4-e4d799e43615,3,
90879eb8-ad41-4e30-83a8-34fe41daf76f,0dec213c-71be-4513-b408-5417084364c8,2668b3bb-1aa3-4708-ba1c-0f85af6c27af,3,
618f07fc-f5aa-49ec-8dcb-ed63ef47b5bb,0dec213c-71be-4513-b408-5417084364c8,2d1e4fbb-9a6d-409a-a763-f42bef74bd5f,3,
435fe619-f5c7-4d45-b24d-292694d0b6a9,0dec213c-71be-4513-b408-5417084364c8,8b556e2a-6a3f-4fc8-be4d-ee6c7b78fc27,1,
7616bf6f-daea-4858-af80-9892ec287895,0dec213c-71be-4513-b408-5417084364c8,83ebf18b-b59b-43c0-91e7-6df0d9208751,5,
b3d52078-c9f0-4b9e-94cd-9553e2cb5578,0dec213c-71be-4513-b408-5417084364c8,38bce025-3bb7-492b-b7c2-40c9b8dcae86,3,
4a93785e-623c-4128-bc15-23cfb6fc26ea,0dec213c-71be-4513-b408-5417084364c8,42d8b472-7c8a-42ab-8e4e-95c906548750,4,
ee57cccc-abfc-4630-af8c-74dd1f9828c2,0dec213c-71be-4513-b408-5417084364c8,ef7fa1c8-f778-461f-9bf1-f3a274779a59,4,
0529acff-e1e6-4719-b66e-cbbb63e519d2,0dec213c-71be-4513-b408-5417084364c8,98460a17-2165-4c49-9575-c177abc40069,2,
6bc8fcce-ab0e-4283-aa86-dd4098504100,0dec213c-71be-4513-b408-5417084364c8,ab08c170-951c-4619-9a6e-558a339e881e,4,
2c4f32fd-25de-4a79-8596-a8de5212ed2f,0dec213c-71be-4513-b408-5417084364c8,fa56f21b-e9d2-4b49-9d65-3f04ff174bb2,2,
e10e7d7e-57d5-47e5-a4a5-932049a1d226,0dec213c-71be-4513-b408-5417084364c8,59774b86-4b17-4b3d-bf17-de71386605b2,5,
0bc91dc0-a93f-4e24-b580-1eb703b20c12,0dec213c-71be-4513-b408-5417084364c8,d0ba4c72-e229-4ec5-876e-a9e54efc4697,1,
9a730a12-9c91-4196-bc24-815df29d1768,0dec213c-71be-4513-b408-5417084364c8,dc125d3a-f9a1-4d3b-91c3-612103494940,3,
88a30019-a313-4de2-8460-20be33bb044b,0dec213c-71be-4513-b408-5417084364c8,3fe44dad-743d-430f-b701-557665a7d232,3,
b6d8f1ea-febc-449d-8c25-a7fca5d362c0,0dec213c-71be-4513-b408-5417084364c8,61e2d814-03a9-41ec-bc91-69f31048e8ca,5,
44134272-3a58-41e1-b76d-700cd3ca8bee,0dec213c-71be-4513-b408-5417084364c8,2722a8f9-8a3c-4501-ba91-48c3d467456b,4,
071f7aaf-bfd3-4ceb-99f7-04005218d47a,0dec213c-71be-4513-b408-5417084364c8,dd3f7419-4824-4ee6-8567-be012d36aecf,1,
7251aee4-fcd8-4d33-9cc0-46fb089dfa92,0dec213c-71be-4513-b408-5417084364c8,76f3f139-ad6f-4b15-88d3-a71577fb6d3a,2,
75f5cdec-22dc-4125-a9bd-f8e64c5af4b6,0dec213c-71be-4513-b408-5417084364c8,70ceb016-ac73-47f4-a993-111d114c62c8,3,
1897ce22-fe2b-49a7-b7a3-93ee7f609167,0dec213c-71be-4513-b408-5417084364c8,534dcc78-9b6c-4382-86de-0709a7c9ee76,5,
07335032-9a4e-4644-8cc1-cd39d4c6f4aa,0dec213c-71be-4513-b408-5417084364c8,67758c85-cd31-413d-b0d6-a476a945c659,2,
1016e728-db13-484b-8f4e-ad9cfe817b0c,0dec213c-71be-4513-b408-5417084364c8,d2bbab89-86bc-4dc1-b9fb-7d5c976a26b8,4,
576c9533-4e80-4d54-8e16-fe0ea4d4d325,0dec213c-71be-4513-b408-5417084364c8,a95e3e5e-b8ec-4185-8da8-50aa3fd7884d,2,
ddd4bb9c-9ebf-40eb-974c-4c068ad00fce,0dec213c-71be-4513-b408-5417084364c8,09d901da-b9aa-42e6-8087-eaeff64d9675,2,
1c0db1eb-8c3a-4577-b685-c788c3e5a4ca,0dec213c-71be-4513-b408-5417084364c8,1bb397f1-c11e-473b-9c90-73e55f0977aa,3,
d3f91cd3-a7d5-40e8-ab82-ef8ee0c87dd9,0dec213c-71be-4513-b408-5417084364c8,4646669d-f13d-4973-a7ba-696a8e48a366,4,
b668ea99-ac0a-4254-a13f-32d7ecf6cb1f,0dec213c-71be-4513-b408-5417084364c8,c02acd9a-5c2a-4fa8-9d77-56eb4ea88016,5,
84fa8cfc-6e20-47cc-8d8a-1f652d09fbf0,0dec213c-71be-4513-b408-5417084364c8,35ef23ac-dad8-4f34-9bde-e3e230b35890,3,
7d22c49c-f1d4-4a7a-99a1-0ca2543cdf3f,0dec213c-71be-4513-b408-5417084364c8,322745fa-956b-4e5a-8c26-49a6c14bd419,4,
1dbcf5a7-3abb-4f68-b4bd-0d29ef6d404f,0dec213c-71be-4513-b408-5417084364c8,989da650-2dea-4c4b-b6c9-70f7623b3337,3,
d3c816cc-a104-4900-9428-7444c27a7ef4,0dec213c-71be-4513-b408-5417084364c8,141685e3-8f76-46db-b55a-e460788fa53b,5,
e29e0126-ced9-4495-968d-597dcdf802a5,0dec213c-71be-4513-b408-5417084364c8,f8cad42e-7f78-41b0-a1cb-b9a14ee121f9,2,
15470e72-affc-49e2-ba65-edd7e12e1943,0dec213c-71be-4513-b408-5417084364c8,b3965792-aeb0-4471-b1e8-1cbefecc1c21,3,
06943caa-1b78-469d-b1c2-1c3b5b3fc737,0dec213c-71be-4513-b408-5417084364c8,97b9de33-ab53-4a32-ba7c-e4076458cc97,1,
3412b7d7-1cb1-4eb8-bdfb-200ae7ed4113,0dec213c-71be-4513-b408-5417084364c8,7ffebcbf-534a-4d46-8c0d-4ea71fd7d8dc,5,
665810cd-ff12-47ff-9505-34ac07b7c341,0dec213c-71be-4513-b408-5417084364c8,6674ced0-0e12-481c-80f9-fa24dec56f4c,4,
2cc99a1d-9aaa-4045-ba74-febf05239fbc,0dec213c-71be-4513-b408-5417084364c8,0cf70fea-82ae-4da2-b48d-1ba507b58e2b,5,
eac706e9-4380-4841-a7b8-d77d35d47d71,0dec213c-71be-4513-b408-5417084364c8,c16344e7-ef68-42d7-a129-2dfe05568f0f,2,
14fcc76f-bdec-4ba8-a196-e0080d1c8fda,0dec213c-71be-4513-b408-5417084364c8,a9b0c15e-ab24-411f-93ba-96a053eb332e,3,
b4d9d4bf-63ae-43d4-8df4-f3485baa9933,0dec213c-71be-4513-b408-5417084364c8,a42a32b8-d8de-4d89-abc1-2bd5eac329b6,5,
b0cddeb9-d5b2-4747-adea-7056dcc32a8a,0dec213c-71be-4513-b408-5417084364c8,1886932c-ec0f-4005-b2f5-8f1ba0a3c0b3,3,
fb37035d-6fca-4299-8cba-90a4bce0a443,0dec213c-71be-4513-b408-5417084364c8,cc835ca9-b1b0-4cd9-9e29-c6ed7e15b39a,2,
1983e881-2a98-463f-a486-c008091a85c3,0dec213c-71be-4513-b408-5417084364c8,cdaff09c-e3a3-4bc2-964b-546472f83208,3,
aadabf86-0163-43f0-8d8b-00f05ec09aa1,0dec213c-71be-4513-b408-5417084364c8,ba19ccb2-58a8-4669-80f4-bd7822092300,1,
56b45658-6746-4911-89ab-ed3867757e17,0dec213c-71be-4513-b408-5417084364c8,bcb8a997-c356-4444-8b55-adc5540a36eb,3,
7dca71c6-610a-49bc-929c-31c52dab450b,0dec213c-71be-4513-b408-5417084364c8,1314b167-be3c-49fd-947c-63ec889e4f1a,1,
b07a71be-d5fb-44fc-89a6-207e41abdf15,0dec213c-71be-4513-b408-5417084364c8,1b189bde-d3d9-4e3c-9762-fd8d47b894ff,4,
efdb98ba-0a1e-454e-825f-9b59ef9968b9,0dec213c-71be-4513-b408-5417084364c8,db26de8c-cf9f-47e8-8032-66cd59a2b9bf,5,
72dad1ad-4da9-43b5-b6c6-11b17fd50f84,0dec213c-71be-4513-b408-5417084364c8,cc0295a5-0d66-4b5e-ab96-523618acfe89,1,
c34105e3-b3d0-410f-a699-f068de15866c,0dec213c-71be-4513-b408-5417084364c8,3c23092a-ba91-41d1-a7fd-f084bacb25c8,2,
7ba0b4f3-64d7-4f23-8ab7-6262a22fa46b,5b05f898-36fe-4a49-9d0e-f6521a720b84,dfb7bd6f-a665-4bb4-a971-80d033018fb2,2,
645ae830-7ed8-4365-95bc-fa8ad26e57c4,5b05f898-36fe-4a49-9d0e-f6521a720b84,c984b6e3-42bf-427f-8159-cefc268c6835,4,
e0c2e90d-3410-4b77-b852-3eaeb9902dab,5b05f898-36fe-4a49-9d0e-f6521a720b84,f960572c-b8b9-44c3-8e61-9155f56d8368,3,
8c9e9659-145a-417f-8567-892ea7fc6821,5b05f898-36fe-4a49-9d0e-f6521a720b84,b3c78caa-af03-4a91-9e1d-385c5a60aec9,2,
f717ea72-ebbf-407a-987b-e37127a1ee9e,5b05f898-36fe-4a49-9d0e-f6521a720b84,ff5139d9-3ccc-4c49-b0bd-73eb92716c16,4,
50a4d5db-36b9-4cb2-9a2c-4336adbb7407,5b05f898-36fe-4a49-9d0e-f6521a720b84,25510dc6-49fc-4e37-a3c6-b344ede04944,2,
7eb4e93f-7953-4644-9335-e37ef63852ec,5b05f898-36fe-4a49-9d0e-f6521a720b84,051dc4b0-da7f-442b-ac6c-d68c074506d1,1,
ca05b122-26f1-4cff-9f5a-375e4097382b,5b05f898-36fe-4a49-9d0e-f6521a720b84,7db09d6b-c9a5-4964-bd97-3e6bfc6103e5,1,
5bc55106-9f79-4ffe-8f4a-18613c30368a,5b05f898-36fe-4a49-9d0e-f6521a720b84,7ad02178-b76c-46f5-bd4f-ec37ab27f3f8,1,
4e032932-c363-44bf-92b1-7aa22e76eea8,5b05f898-36fe-4a49-9d0e-f6521a720b84,f223db1f-d20a-4a3a-8d1f-b948131bd221,3,
e2b93d8a-5800-4039-8793-e7d6715caccb,5b05f898-36fe-4a49-9d0e-f6521a720b84,ea7f71d2-0c50-438a-83fd-d74825bd86f0,5,
c890ac25-807d-4a07-97b1-88869a264216,5b05f898-36fe-4a49-9d0e-f6521a720b84,e702fb9a-626a-4d11-830c-3b60107ce05e,1,
c0e3f197-03bc-467b-9f5d-e2718f46430a,5b05f898-36fe-4a49-9d0e-f6521a720b84,e61b507e-6353-458b-b160-e1d5d7cfdc73,5,
17d5459c-624d-4ae9-9e17-ff44812ad7cc,5b05f898-36fe-4a49-9d0e-f6521a720b84,389a4b0b-8c0c-4a7b-a861-ad8d32f21b4a,1,
a507d386-4be8-4a8c-85e0-5cbdd83ff588,5b05f898-36fe-4a49-9d0e-f6521a720b84,ec8d15ce-5753-4b7d-ac24-e3daa8a82be5,1,
ad0fb231-ec1b-4e39-ac5c-a9592973a6b8,5b05f898-36fe-4a49-9d0e-f6521a720b84,1b3e08b8-c831-4210-95cd-3185d5505801,2,
0dde1a0f-e407-4f2c-a83e-84ea7037eca5,5b05f898-36fe-4a49-9d0e-f6521a720b84,e51d6ce1-d2f9-4ef3-9a96-250bb2e24d74,5,
e77a91fb-8af3-4a6a-86bc-ff53d14f076a,5b05f898-36fe-4a49-9d0e-f6521a720b84,c813f0c8-c6db-412b-a3b2-7664f10b84d4,5,
6da20ca1-bbfe-4fd1-a783-8dc510fe1dac,5b05f898-36fe-4a49-9d0e-f6521a720b84,f94a510c-c642-4d50-9897-4a2787b5df87,1,
faf0537f-dbf4-4f7d-b633-1d875dc5c1b8,5b05f898-36fe-4a49-9d0e-f6521a720b84,a917f373-df89-4e46-9bd7-9c1931c331de,3,
1237d1aa-8236-4294-9437-59317746405c,5b05f898-36fe-4a49-9d0e-f6521a720b84,06ed3c86-7ae5-4a27-8cdd-44b3690a6b6c,1,
6dbf6046-1d72-4ed4-94c2-dccb92bf5a61,5b05f898-36fe-4a49-9d0e-f6521a720b84,efcada91-eb3a-477f-9843-1c69f11be1a9,1,
b6b8b354-51e6-4361-b123-66feaccab3e2,5b05f898-36fe-4a49-9d0e-f6521a720b84,b405bc03-db98-4ae5-8e2a-95086165836c,1,
b4b3024d-3908-4cc1-a380-4ac60c5c75dd,5b05f898-36fe-4a49-9d0e-f6521a720b84,682299ea-aee1-4049-83c5-2ce6419c771a,1,
ae1aae9a-1e4d-49a0-881e-1a5e6a3e2a88,5b05f898-36fe-4a49-9d0e-f6521a720b84,319cba67-ac5e-4602-8cf0-33d8e6464585,5,
bd2fff82-b49f-476b-b7fd-85651eb4f14d,5b05f898-36fe-4a49-9d0e-f6521a720b84,3314ca3b-49ea-42d8-bd01-f8ffa0cb532b,3,
f2a05ac1-3bab-4d27-bb7d-0df8868d2d39,5b05f898-36fe-4a49-9d0e-f6521a720b84,b8b0e2bd-f03a-4685-9c63-b3fff0c7eb87,2,
13ec4d43-6421-4e93-a519-64733ded9f88,5b05f898-36fe-4a49-9d0e-f6521a720b84,95f9a4c6-8cc4-444d-b053-f8b92844c793,1,
04bfe109-a1bd-49ef-9758-e492a3bd2bd9,5b05f898-36fe-4a49-9d0e-f6521a720b84,0b133858-6e72-4925-9512-ec7a72c11e1c,2,
1a394f24-1caa-48ef-a014-8ab8df1819ee,5b05f898-36fe-4a49-9d0e-f6521a720b84,911c13df-6243-4112-ba03-ffa8892c0824,5,
ec728b53-79f1-4a86-9e28-19b9f970cacb,5b05f898-36fe-4a49-9d0e-f6521a720b84,f1d1c71b-abf4-4c2b-891e-533cfe1bf6a6,5,
9d5ab15c-1fab-4c97-b907-8145ceeeddb4,5b05f898-36fe-4a49-9d0e-f6521a720b84,86381972-9280-4394-a9b1-2cc40b79bc22,4,
2a05fc45-b6a5-4033-99ab-bb8e9952046d,5b05f898-36fe-4a49-9d0e-f6521a720b84,e4040cc8-9bf8-4051-95ff-45f4b8846aba,4,
e5737298-7d69-4e68-9a73-30abf8a7df1b,5b05f898-36fe-4a49-9d0e-f6521a720b84,ca5029e8-1e4f-42d2-8651-a6042a33c286,2,
1494ed12-a6cf-4c7f-9824-e576df57bea0,5b05f898-36fe-4a49-9d0e-f6521a720b84,284a5733-1e6a-40df-a6d5-6432edf6e9c2,2,
95e5123c-fb4b-4644-a834-e5a8493a6b7d,5b05f898-36fe-4a49-9d0e-f6521a720b84,3886a1aa-dc6a-46fc-a431-2303b32d0721,3,
a2cda708-cc81-4416-841f-d672cd7df977,5b05f898-36fe-4a49-9d0e-f6521a720b84,d29e93cb-cb7e-429d-8de7-7409ee81eda1,2,
6e264520-6690-41b1-9b35-7c912e83fd24,5b05f898-36fe-4a49-9d0e-f6521a720b84,f23efa1c-1692-4c9a-951c-37dee424c7d3,5,
eb0469f5-2c10-4347-b5e1-093c47a6908c,5b05f898-36fe-4a49-9d0e-f6521a720b84,5d7ddc88-ad3c-4e3c-a166-952451cca38d,1,
32390617-fe40-482f-8da1-f1be8d9714ce,5b05f898-36fe-4a49-9d0e-f6521a720b84,6981f59b-9e5b-4613-aa37-27539dedfe1d,1,
f7e0391a-67ea-42a8-b7b3-4a8bb3a519c8,5b05f898-36fe-4a49-9d0e-f6521a720b84,8e7e25f8-cd94-4102-8a8e-80d4bdfaa14f,2,
1744ce93-1ddc-4f6f-85ea-31124e1ba18c,5b05f898-36fe-4a49-9d0e-f6521a720b84,ee4c0edb-be28-4840-b859-a66a704b311d,5,
9cdf3974-6797-4fa1-80f8-31579bcd3763,6f618565-d364-45b4-8687-cba16b6c7756,4664bc12-4cf8-4d2a-aa28-3f842fecfe22,1,
eb3bee70-ca0f-4c25-a125-63af29b16b45,6f618565-d364-45b4-8687-cba16b6c7756,3bd377e8-a84d-48d9-9bf3-a26f9f8b46be,3,
e2fcd42f-444d-4202-aef5-2e75d5281bd3,6f618565-d364-45b4-8687-cba16b6c7756,498269e6-de7d-4d11-b727-296870f547f8,5,
ecd44ce0-d1dc-429f-811d-212a614e6dda,6f618565-d364-45b4-8687-cba16b6c7756,1d9cd2c6-8a0b-47f3-85a7-ece9d405e1ce,5,
7a10a5e2-5e78-4fbe-a10f-e0c5dd283db2,6f618565-d364-45b4-8687-cba16b6c7756,01b33c62-840c-4d79-85ee-6282e29f9a57,3,
122f57a8-c42b-4e00-bcbe-f885aa11cbbe,6f618565-d364-45b4-8687-cba16b6c7756,87b9a347-3a8d-41d4-97e4-fe9ff86667a6,3,
f50ee1bc-fd5f-4da5-bd33-bcb9e8a17dfc,6f618565-d364-45b4-8687-cba16b6c7756,c7909b79-1bda-48eb-bd03-ce54d633305a,4,
5d6979bc-f949-4d53-ae0a-220ae2ddf90a,6f618565-d364-45b4-8687-cba16b6c7756,b8faf721-3545-471d-b627-ee0cc28db2ab,1,
84714946-bc4b-4c07-9b48-99a64aa30815,6f618565-d364-45b4-8687-cba16b6c7756,1912fd92-eb5e-486a-9f15-ad15688dbc95,4,
6af26c90-3b68-44b0-b947-174c04ab67c1,6f618565-d364-45b4-8687-cba16b6c7756,82e429f6-0ae9-464a-af0d-1446649e6a7c,2,
ad3fec09-e463-4794-af0d-170db630b927,6f618565-d364-45b4-8687-cba16b6c7756,a12964e5-87ee-4f96-8dc1-f87b9b6ef866,1,
f9c3a439-2b56-460d-81b0-a38c3e40f12e,6f618565-d364-45b4-8687-cba16b6c7756,051dc4b0-da7f-442b-ac6c-d68c074506d1,4,
e14ef1f1-90e3-4117-a4a6-2fb6c19e8732,6f618565-d364-45b4-8687-cba16b6c7756,a6efa50b-dc5d-4a97-971d-9d5a87215d39,1,
81b6527f-6614-4b24-a18c-6573add2b380,6f618565-d364-45b4-8687-cba16b6c7756,387de456-bbfb-4789-afe8-fa4e3e0e43c8,5,
083d1ecb-0097-4c75-9361-b57089cb8d4a,9aa29d10-0d4e-435b-b2ea-b8e1c1435ae1,4664bc12-4cf8-4d2a-aa28-3f842fecfe22,5,
e4dd568b-8d69-42a0-bb3c-2e66eea2da01,9aa29d10-0d4e-435b-b2ea-b8e1c1435ae1,db4a45e5-77f4-4434-918f-e3956be2fbac,5,
26575618-9f2b-4779-b55a-3d498fe41491,9aa29d10-0d4e-435b-b2ea-b8e1c1435ae1,496f4156-2ebb-4074-a2bb-b508916c2edc,4,
2cca5d2a-0e3c-4087-874c-0d280eb812f5,9aa29d10-0d4e-435b-b2ea-b8e1c1435ae1,a59f002a-d49c-42fd-8b9c-1329321ba5bd,1,
b9e85e07-acf7-4172-9204-f0d40efebc46,9aa29d10-0d4e-435b-b2ea-b8e1c1435ae1,6d515529-783e-4e7c-8cc3-90fbd5d773c8,1,
254a8bab-e1a2-4384-9659-b0fc90f8d74b,9aa29d10-0d4e-435b-b2ea-b8e1c1435ae1,23cbc182-f9f1-4a72-9532-8486ef62d0c4,5,
d972c269-da14-4e78-846b-c975bc729e7f,9aa29d10-0d4e-435b-b2ea-b8e1c1435ae1,b10f7c16-623b-4ffe-bf9e-cf3460fc69b8,2,
d6079815-05b4-43d2-afb3-07d980c5461d,9aa29d10-0d4e-435b-b2ea-b8e1c1435ae1,c034dcc0-efdc-4924-b2e3-d22a8c3d1db8,3,
cb3e97f2-18f5-4a01-989a-9b2ea0c89dad,9aa29d10-0d4e-435b-b2ea-b8e1c1435ae1,0a5b9a3c-42d4-4eb8-bfac-70223e8d68f6,3,
ea2902e4-6d63-4e69-87a9-b3774271aa1f,9aa29d10-0d4e-435b-b2ea-b8e1c1435ae1,37c91d1f-d98f-48a6-99b6-f078f1cc1a08,1,
b42536e5-4e03-402f-82b3-3693b77fce18,9aa29d10-0d4e-435b-b2ea-b8e1c1435ae1,85ab0cb1-572c-4409-9d2f-47be02f32e82,5,
97d92b76-c86d-4bea-a673-8707270a3428,9aa29d10-0d4e-435b-b2ea-b8e1c1435ae1,9644457a-afaf-4d29-98c5-5becac69fd2f,3,
e953712d-0d30-42e0-9720-69480d3b9c83,9aa29d10-0d4e-435b-b2ea-b8e1c1435ae1,be01b448-9690-4e56-bc4e-5b45286acaa4,3,
4dd862fa-dd2b-482d-8408-50960ba6d751,9aa29d10-0d4e-435b-b2ea-b8e1c1435ae1,19c52b68-dbaa-4e3c-8fb6-24c0b98e720f,1,
fa157822-55b7-4376-afc7-d12fbee12fb9,9aa29d10-0d4e-435b-b2ea-b8e1c1435ae1,43460d69-9c9d-4e87-b85a-90c91b58ff3f,4,
255037a1-fe7d-4e3a-9b5c-768461022da6,9aa29d10-0d4e-435b-b2ea-b8e1c1435ae1,02ee56e8-0477-4279-b1db-8113dbc91362,4,
65898a09-2e7a-4c1f-a16c-281fe4518280,9aa29d10-0d4e-435b-b2ea-b8e1c1435ae1,34cb0242-1f59-4fb4-b2a7-2a77dff9993f,3,
216d05db-60c8-4b94-b847-5b08e7be0bd4,9aa29d10-0d4e-435b-b2ea-b8e1c1435ae1,ab9ae0a2-414e-4ed2-9144-069a73ddbc96,4,
2824c69d-fc4e-456c-aef2-09b2c271633d,9aa29d10-0d4e-435b-b2ea-b8e1c1435ae1,1a9d7c15-804f-455e-82e7-008f53201708,5,
10145464-0f9e-4b55-b9a8-bca5637a3799,9aa29d10-0d4e-435b-b2ea-b8e1c1435ae1,4a948672-2a8d-4272-a54a-acf5e262064c,5,
7ebb028f-0431-43ad-9f72-9a999a949983,9aa29d10-0d4e-435b-b2ea-b8e1c1435ae1,368fe071-03e3-4673-96b3-e18ffa34affd,4,
68f6528f-eda2-45a7-874c-15368ea83b93,9aa29d10-0d4e-435b-b2ea-b8e1c1435ae1,cf19003d-5f83-4984-93e7-d0ca9f12eccb,1,
d78345a8-0e88-438c-b0ff-6e01fbc2973a,9aa29d10-0d4e-435b-b2ea-b8e1c1435ae1,6669f64a-1a8a-4db7-8358-59523a009c52,3,
59fa878c-e9dc-4748-845a-824c104b0337,9aa29d10-0d4e-435b-b2ea-b8e1c1435ae1,01f3cce2-b947-448e-8100-9cab145f2128,5,
19d2cff5-c12b-449a-ba1c-73afc20aeeb0,9aa29d10-0d4e-435b-b2ea-b8e1c1435ae1,a415a7a9-0e4f-4f98-b8d8-06eeb0e21171,4,
4b1b2a73-0438-423f-ba05-52f1cedc7357,9aa29d10-0d4e-435b-b2ea-b8e1c1435ae1,05c67756-e2e3-480c-b061-b8ffe22797eb,2,
a59c6cbe-faea-4e23-bc20-0e20093e8f04,9aa29d10-0d4e-435b-b2ea-b8e1c1435ae1,c97d8737-5bfe-4a0a-a5a0-784aa2593af5,5,
bf9176fb-cfe3-4267-84fa-0d3f61b19388,9aa29d10-0d4e-435b-b2ea-b8e1c1435ae1,4a1b28fb-cafe-4153-9ad0-2ca59e79cd8c,1,
76eea6f2-7d9b-4e7e-a962-a24db69cdf5c,9aa29d10-0d4e-435b-b2ea-b8e1c1435ae1,26be5740-f442-498f-921a-55e645b09d21,3,
49d75a41-2bf8-4aab-ace0-40c1e1ea000b,9aa29d10-0d4e-435b-b2ea-b8e1c1435ae1,4afae84c-5e60-4aa9-8f85-bda2faad13a5,3,
8bd79004-6fe9-496c-8e1a-13d4d432473e,9aa29d10-0d4e-435b-b2ea-b8e1c1435ae1,5b50fd98-0927-455b-ad43-4c27c36b9d23,4,
4e86333a-8223-46dc-9bde-7d077643cb20,9aa29d10-0d4e-435b-b2ea-b8e1c1435ae1,625ad5f7-2fee-441c-9086-9dbe154c4aab,3,
14774814-37ef-40e3-949e-eb686be7a284,9aa29d10-0d4e-435b-b2ea-b8e1c1435ae1,4d290b70-2c84-45bc-a0e3-d007c59bdf43,5,
8b1fd8a4-2e9c-49bb-8696-d207722ecaac,9aa29d10-0d4e-435b-b2ea-b8e1c1435ae1,c6b4d81d-7d09-4a11-bb89-c134aa2190a3,4,
965a29ac-8292-4792-86e6-bfc6f9a1ac96,9aa29d10-0d4e-435b-b2ea-b8e1c1435ae1,086f5224-3218-44b2-811b-6e22b9dbcb9d,1,
829ddf7a-5f0c-4beb-a4e8-99e0e8ebaf82,9aa29d10-0d4e-435b-b2ea-b8e1c1435ae1,14610f00-a02a-4c77-b54e-74f19e9c3159,1,
a1f3ee4a-1965-4595-afc3-4847cba8eb37,9aa29d10-0d4e-435b-b2ea-b8e1c1435ae1,6f166a9f-bf14-4308-808c-11fa99c7e07a,3,
4b25848c-f455-4ea6-9f6c-302ebac16851,9aa29d10-0d4e-435b-b2ea-b8e1c1435ae1,fe5d43d5-3cb7-4437-a488-221545d0d443,1,
783bb29f-4555-403e-bb7d-8ed424c2d7de,9aa29d10-0d4e-435b-b2ea-b8e1c1435ae1,501a4847-b198-457c-98d6-1aadb1d2a094,2,
8effbc21-e724-419e-b31e-9b6cdc4ac843,9aa29d10-0d4e-435b-b2ea-b8e1c1435ae1,be7a0b49-415a-47c6-87dc-e49da8aa2f81,4,
6492ad61-cadb-4d5c-b10b-ba8d1875427d,9aa29d10-0d4e-435b-b2ea-b8e1c1435ae1,387de456-bbfb-4789-afe8-fa4e3e0e43c8,5,
4111c017-4fed-4900-8102-410297a6734c,9aa29d10-0d4e-435b-b2ea-b8e1c1435ae1,a2e4196a-6f84-4d27-8635-8f6b78a2b257,2,
68b95b18-4d47-48b4-a1c6-8a1402c60451,9aa29d10-0d4e-435b-b2ea-b8e1c1435ae1,f498a2a1-e24e-4e93-8f9a-47cda6ad8061,3,
eaefe44c-92dd-40bd-be30-0ba0f8d98ca2,9aa29d10-0d4e-435b-b2ea-b8e1c1435ae1,a12964e5-87ee-4f96-8dc1-f87b9b6ef866,1,
352b503a-d76c-47f8-ac29-157a57bf55a5,9aa29d10-0d4e-435b-b2ea-b8e1c1435ae1,d76a13f4-7a13-436a-8beb-9fc1fc736a71,5,
8680df28-5010-4305-b1bc-e41370873f29,9aa29d10-0d4e-435b-b2ea-b8e1c1435ae1,8663f2b2-5ccc-490f-8c77-212591645a64,3,
e308a20e-8958-4a08-b437-ea86e053cb44,9aa29d10-0d4e-435b-b2ea-b8e1c1435ae1,f391003b-b11c-44bf-8b8a-aa54c96fb1c0,2,
0dc301a9-ddcd-464a-a376-8f9b6fb782e9,9aa29d10-0d4e-435b-b2ea-b8e1c1435ae1,c610bbba-0987-4200-b571-122157e15988,4,
1c71e6c3-bb67-437a-9c4c-c03db7bede5a,9aa29d10-0d4e-435b-b2ea-b8e1c1435ae1,6a55df45-e039-41a5-82a7-59baa9d31d4e,1,
dfdee4b2-eed9-4be2-86ad-57327f9a4b7f,a6d4a7c6-b2f5-47a0-a47a-16173e6bacf9,3a26e8f3-80cd-4ea2-ace3-86328d1b0808,4,
8f7026c3-453e-4976-8a20-4f25291a8e2f,a6d4a7c6-b2f5-47a0-a47a-16173e6bacf9,66cd1807-044d-4916-a4c9-04200802e4d1,1,
6b04e3fb-66d9-4c53-841b-1f66818ca687,a6d4a7c6-b2f5-47a0-a47a-16173e6bacf9,03778288-a2f5-4d4c-91cd-66d142fb0281,5,
df47b202-3293-455d-b908-249aa4fb8366,a6d4a7c6-b2f5-47a0-a47a-16173e6bacf9,a6a33336-cf3e-49e4-a286-5250246b7159,1,
b54348f1-b50d-41dd-ab97-bbc6586d1c5c,a6d4a7c6-b2f5-47a0-a47a-16173e6bacf9,a24d5e6d-816e-47f3-9696-f530f7198d6f,3,
e90bffa5-ff59-4f0a-a912-acb8082ce486,a6d4a7c6-b2f5-47a0-a47a-16173e6bacf9,8ce65d91-d713-42da-9376-4f71f4290a4d,1,
d658187e-719a-4c31-aa26-27b05eca6949,a6d4a7c6-b2f5-47a0-a47a-16173e6bacf9,14b7afb0-6159-49b0-b652-aed772190f7d,5,
3be5cdd2-6528-46cf-812d-726c9fef8315,a6d4a7c6-b2f5-47a0-a47a-16173e6bacf9,c4823793-999b-4ccf-a61a-0d37351c6e1f,2,
3a42ba45-89ea-48ec-89de-ef21a7e0f65b,a6d4a7c6-b2f5-47a0-a47a-16173e6bacf9,b8b118a2-03fe-4cb8-8f7f-6b02956d5c5b,3,
6d812bc5-3ff1-4fdc-b1c0-992ad0127426,a6d4a7c6-b2f5-47a0-a47a-16173e6bacf9,69cf944e-9bdc-476f-bf6a-d111f5d38a47,3,
0d0117ef-a0a8-4dd8-9c2f-f4ac8a9598cd,a6d4a7c6-b2f5-47a0-a47a-16173e6bacf9,758e0794-713e-4639-97ba-e9240a45f50f,5,
b8b80d95-ac6c-4fcd-8be8-2267d2d714ff,a6d4a7c6-b2f5-47a0-a47a-16173e6bacf9,f2be7579-5ed8-4eab-bf98-a341c5f5eab5,2,
d7284d3f-3bec-4c4d-a110-5c7865f5ca12,a6d4a7c6-b2f5-47a0-a47a-16173e6bacf9,5cbcca2b-ef08-4083-a6f7-fc535e786e3f,4,
678b1dad-b317-4984-a77b-767e7ba98606,a6d4a7c6-b2f5-47a0-a47a-16173e6bacf9,9c957dfd-1b7f-4a14-b9ae-58ee6c2e4dcf,1,
cbdfbe66-f49c-4b99-82e7-79188cab49a7,a6d4a7c6-b2f5-47a0-a47a-16173e6bacf9,c4d516fb-0e0e-4f37-906c-47cb668ab212,5,
2d542f6a-8b73-409e-9a2c-97fc745f6951,a6d4a7c6-b2f5-47a0-a47a-16173e6bacf9,e5620dca-881f-469f-aa74-9d093ca99086,3,
4a4fdda1-660a-4ef3-92a4-7640b22923f9,a6d4a7c6-b2f5-47a0-a47a-16173e6bacf9,b2a6e273-1ad2-4352-a2b7-a2d9ea28cca7,1,
b11653e4-e5ca-4478-b166-37d41bcc1129,a6d4a7c6-b2f5-47a0-a47a-16173e6bacf9,0b3be677-dd19-4d5c-a3bd-987eecde204c,3,
99229fa4-8184-456b-b487-2c5a4f4c5862,a6d4a7c6-b2f5-47a0-a47a-16173e6bacf9,8cdbf821-7cad-4948-b37d-44cc7a765eb5,3,
9386ff03-94a1-4cca-ab67-eceae8a2937c,a6d4a7c6-b2f5-47a0-a47a-16173e6bacf9,4f8f29a9-8933-4b6e-8f69-cf6204ec36b2,3,
9e9e6401-dc24-4651-ac34-42d98c944e81,a6d4a7c6-b2f5-47a0-a47a-16173e6bacf9,02ee56e8-0477-4279-b1db-8113dbc91362,2,
73ed33e4-0a54-4bc6-b3c8-45a368ab5a54,a6d4a7c6-b2f5-47a0-a47a-16173e6bacf9,4748a2c1-82d5-4733-9b93-95bc1a2ff21f,3,
eaff6249-ed03-43c1-87f3-41f984bded23,a6d4a7c6-b2f5-47a0-a47a-16173e6bacf9,87b9a347-3a8d-41d4-97e4-fe9ff86667a6,1,
e2e33543-146d-41e6-902c-99813e2fc689,a6d4a7c6-b2f5-47a0-a47a-16173e6bacf9,9876b3f0-ba89-4cf3-99bd-43d848247a6a,3,
45cafbc6-5f8a-4cdc-80dd-7f117bdbf51f,a6d4a7c6-b2f5-47a0-a47a-16173e6bacf9,9c1ee333-5954-4db9-b3fa-c1f05734f9da,3,
fb1d78e1-0f34-4f53-8078-deccb02628d4,a6d4a7c6-b2f5-47a0-a47a-16173e6bacf9,ff4a2a6c-1b67-4bcf-8c04-dd4a41d74c08,4,
a303d930-51a5-4956-a4f8-b65bf2865e08,a6d4a7c6-b2f5-47a0-a47a-16173e6bacf9,4d12092f-4280-4b40-bf9d-25bbd8c52b9f,4,
798a5d41-038c-4683-9e0e-baf925b5f84a,a6d4a7c6-b2f5-47a0-a47a-16173e6bacf9,30a96f28-822e-4947-8ab9-b3100691556b,2,
081773e0-8b5c-4540-ab62-3cbe5e8eb0a1,a6d4a7c6-b2f5-47a0-a47a-16173e6bacf9,a4304854-f5db-45c4-bcd8-13152610be92,5,
2a5e51ac-57a6-42c9-bd31-242188b5685e,a6d4a7c6-b2f5-47a0-a47a-16173e6bacf9,f052924b-b9ce-440d-927a-b62c4b91d1c9,2,
cdfa7175-7a95-4e51-ab0e-8380791c7394,a6d4a7c6-b2f5-47a0-a47a-16173e6bacf9,db82dc10-c4fb-4cc1-9122-a839386052cb,2,
565aca0d-3cb0-4ddd-ae76-dc55496d28c9,a6d4a7c6-b2f5-47a0-a47a-16173e6bacf9,ed51ffc9-a37a-458a-9caa-66c854767f47,4,
72474c31-3988-45a0-8926-026d786eb446,a6d4a7c6-b2f5-47a0-a47a-16173e6bacf9,18d17b4a-2157-4267-a138-78559811d9fc,3,
de1ed59b-e6d1-425b-b621-5972c9edb230,a6d4a7c6-b2f5-47a0-a47a-16173e6bacf9,bc90287e-f680-4023-98a5-c42e2553bbb0,2,
888cc232-32b1-4897-a264-9421b13107a4,a6d4a7c6-b2f5-47a0-a47a-16173e6bacf9,7c96cab4-4a1c-4749-af0d-87aadc03287c,2,
3d95188e-4dc4-4b57-8369-07770655748e,a6d4a7c6-b2f5-47a0-a47a-16173e6bacf9,03465ee7-c70e-415c-b155-99e579cb256d,5,
63af618b-91c6-42fd-83d7-a9e9de8df973,a6d4a7c6-b2f5-47a0-a47a-16173e6bacf9,db4a45e5-77f4-4434-918f-e3956be2fbac,5,
4bc2de9b-25da-44f1-b671-fd5d1c5037c4,a6d4a7c6-b2f5-47a0-a47a-16173e6bacf9,01b33c62-840c-4d79-85ee-6282e29f9a57,2,
ea9f0830-9ae1-4473-8431-561193c316a8,a6d4a7c6-b2f5-47a0-a47a-16173e6bacf9,6aeb09ce-da17-49c8-be78-8068aa04c21f,2,
76a1196a-8d10-4b30-a58f-c47217783a1d,a6d4a7c6-b2f5-47a0-a47a-16173e6bacf9,662d46a0-a567-48ee-91b0-a36e1e5a54db,2,
72b164c0-a9c0-4495-a885-04f8ce2160e5,a6d4a7c6-b2f5-47a0-a47a-16173e6bacf9,654136d7-e60b-497e-a986-419118423a3d,2,
63aa79ba-63c8-4b2c-8b9e-5b37006c118a,a6d4a7c6-b2f5-47a0-a47a-16173e6bacf9,71cbe99f-c711-409d-a3dc-5c24af986d34,1,
918f4223-0abe-4971-af1c-2da3478e87b8,a6d4a7c6-b2f5-47a0-a47a-16173e6bacf9,1db2888d-db2f-4e9e-87ac-b6e99f7d074e,1,
64a693db-7da1-48c3-aaae-e23aae20e602,a6d4a7c6-b2f5-47a0-a47a-16173e6bacf9,8f3c2aa3-1d4c-4b40-ab4e-3487f44f22b7,4,
ef93ed54-1aa7-422a-b892-b7edbfcd9cb3,a6d4a7c6-b2f5-47a0-a47a-16173e6bacf9,d34f8e9c-457d-4989-a85b-33ca68589c24,1,
24ed075a-0c82-4ece-8bac-e6e4a0305158,a6d4a7c6-b2f5-47a0-a47a-16173e6bacf9,61993e4b-d894-4a3d-b96b-5b5dc5f5ad91,5,
cda3c847-04d1-47bf-8bb3-d448cdd85ebe,a6d4a7c6-b2f5-47a0-a47a-16173e6bacf9,1a02b63e-d0c5-4c5f-b2ed-156857cf455d,1,
ec3721b0-8e27-46a8-9257-3762aa3ef936,a6d4a7c6-b2f5-47a0-a47a-16173e6bacf9,d78058a5-2579-448c-8109-8c09d76a8ef2,5,
f752e627-9608-4dbe-8d83-260adc761670,a6d4a7c6-b2f5-47a0-a47a-16173e6bacf9,ba444564-754d-423c-966d-64d45871a83c,4,
5358c58f-c377-4b39-9b4d-5b6ce7fc2cec,a6d4a7c6-b2f5-47a0-a47a-16173e6bacf9,2d80f57a-9b6a-498c-af8e-3aeefd3090c4,4,
53fd6bc9-85e4-479f-a12d-76a4299b3e36,a6d4a7c6-b2f5-47a0-a47a-16173e6bacf9,9d6dca0f-1edb-4eca-a96c-b00cb4ec3cbd,4,
f0700d90-0f91-4b3b-87b2-e5400754872c,a6d4a7c6-b2f5-47a0-a47a-16173e6bacf9,cdad7e87-5475-452c-aeb9-35735f707e5c,2,
91022203-174d-4f9e-bfe8-1210f2660a20,a6d4a7c6-b2f5-47a0-a47a-16173e6bacf9,5a460766-f5e9-4fe0-92ea-569900590b77,4,
1819f7c0-e8de-4aac-8a95-522f36780f8a,a6d4a7c6-b2f5-47a0-a47a-16173e6bacf9,7ed167f8-643e-4b6a-a34e-e4615155e60c,1,
81b8d49b-770c-44b9-b101-9c73b2f53357,a6d4a7c6-b2f5-47a0-a47a-16173e6bacf9,ddeb7c45-87d3-40ea-8ec8-32a4d1e91e44,3,
db672a58-2d03-40fb-b73b-2d46403781b1,a6d4a7c6-b2f5-47a0-a47a-16173e6bacf9,c17a29de-a6b8-449e-ae7a-e5fac73d41c6,3,
916472ad-d336-478c-81a4-3ad5a6a775e0,a6d4a7c6-b2f5-47a0-a47a-16173e6bacf9,96cf9e99-4426-46b4-9d95-9b19122a1d22,4,
3d4ba590-12c6-49dd-bcda-60722925a882,a6d4a7c6-b2f5-47a0-a47a-16173e6bacf9,66971efa-b2b9-435b-8a75-db581bdf1863,2,
b4a7e85a-3fd9-4b14-a58d-322b05795387,a6d4a7c6-b2f5-47a0-a47a-16173e6bacf9,e870dc39-0cbb-413e-915b-3301e1279753,5,
45003955-734d-44ea-812d-28fcefd03555,a6d4a7c6-b2f5-47a0-a47a-16173e6bacf9,da63fe97-e7d8-4e87-8186-2b2f890a4505,2,
9345b51e-947e-4f84-997e-35cd91603754,a6d4a7c6-b2f5-47a0-a47a-16173e6bacf9,f51db5fe-dcd5-4262-bfd0-b888514f9a3e,3,
cc1c9306-a76f-4ea7-aa95-b79c99c8b0b9,a6d4a7c6-b2f5-47a0-a47a-16173e6bacf9,9ee08b8c-e4e6-40fa-924f-977705ecc4de,4,
50869383-2e95-489d-a8ae-15d7dd4e8b73,a6d4a7c6-b2f5-47a0-a47a-16173e6bacf9,410987d6-83ea-433a-9bb8-55133b40caef,3,
ca0b69bb-0ce5-4cd4-bd26-f76a666be49c,a6d4a7c6-b2f5-47a0-a47a-16173e6bacf9,74f74895-2cbc-41af-966b-2e56dbd48340,3,
891516f7-4afa-4640-b95a-cbb7cc6c8427,a6d4a7c6-b2f5-47a0-a47a-16173e6bacf9,e7a1e0ea-6444-438f-97b3-4d28965b2310,5,
63a6c423-ccc9-4e56-a068-a003f8479d65,a6d4a7c6-b2f5-47a0-a47a-16173e6bacf9,fadfd416-4c6b-40c0-a72d-5d935c446454,3,
f467857c-0a4b-49e0-b379-43ca733870ab,a6d4a7c6-b2f5-47a0-a47a-16173e6bacf9,07249a36-7886-4ef9-858d-f0c6b5158e2a,2,
75d68c87-97e8-4453-8c73-00d226f26e5d,a6d4a7c6-b2f5-47a0-a47a-16173e6bacf9,3c79eb9a-8c4a-4fb3-99b4-550cefc1bed2,2,
26284ded-9d4e-4ed1-b194-94037df58f13,a6d4a7c6-b2f5-47a0-a47a-16173e6bacf9,a122e25a-78e0-468c-9bc3-50dd75ec8961,1,
fcbe1e81-9017-4523-8914-d14a60ecb775,86061c5f-b4f7-474e-b6af-3a854dea4217,4062c2f9-92eb-49ae-a522-f6864c04988b,4,
f04f90ea-c2cc-4443-bb41-4542446eccfe,86061c5f-b4f7-474e-b6af-3a854dea4217,2194712c-469d-4e82-966a-ca3a354db640,2,
a7089e43-4e90-44fa-8901-6a7b5a43a696,86061c5f-b4f7-474e-b6af-3a854dea4217,f6d7e3b4-4897-443e-990c-33522ce80daf,1,
311afc45-54d2-487c-a2d5-d3626e76db9e,86061c5f-b4f7-474e-b6af-3a854dea4217,983f5cc9-5400-4bb4-8362-f206e213f89b,1,
1a07fc38-9d13-4ee0-8eee-2bc2b130abf5,86061c5f-b4f7-474e-b6af-3a854dea4217,cc193b13-7d80-4839-8efe-028f2b4c1641,4,
c8e78b9c-6792-4470-9276-6489aa4b876b,86061c5f-b4f7-474e-b6af-3a854dea4217,0b133858-6e72-4925-9512-ec7a72c11e1c,1,
fdcd4284-1f9f-4c22-824d-bd36049968b2,86061c5f-b4f7-474e-b6af-3a854dea4217,37257ebd-d9b3-43b6-a37e-6047818cc0c5,4,
776b6386-180d-42d7-b614-370c523d2700,86061c5f-b4f7-474e-b6af-3a854dea4217,a2d7fb79-7a71-4c95-956e-6519ddfd6f56,5,
e921f727-22e6-43fe-9c44-bf6782f8bfb8,86061c5f-b4f7-474e-b6af-3a854dea4217,569a837f-9730-4db0-8579-163e7e753d0d,4,
6ee248cc-4ece-4be4-a2a0-9931a33580da,86061c5f-b4f7-474e-b6af-3a854dea4217,252b0079-ad35-4bb7-aa7f-f2514235a172,1,
8a00c7c8-849e-4934-a236-b3afe4fd3969,86061c5f-b4f7-474e-b6af-3a854dea4217,d548b4a1-95fb-450f-9e00-9d15ad5061b1,2,
d7510fff-eaa1-45c1-819d-b3e82da7f3d9,86061c5f-b4f7-474e-b6af-3a854dea4217,9f51bbf7-290b-4d17-bb46-0f92e67b7689,1,
db3eab27-699d-4b98-aeb5-2ca917b9f15c,86061c5f-b4f7-474e-b6af-3a854dea4217,994c0c13-075b-4a8d-adcd-b0a756818ce9,2,
2127d561-1ed6-4b37-afad-b5e2533c4530,86061c5f-b4f7-474e-b6af-3a854dea4217,18c7793e-5a2d-4dc7-8ea8-e4d9f9dbe5db,4,
2fa25a0e-b90b-4bc5-9b26-23772055b839,86061c5f-b4f7-474e-b6af-3a854dea4217,f47be8d5-efdf-45f2-ad06-3b9e1205ba4c,5,
ed79e3c7-ffa8-412d-9aef-9b02d3dd4481,86061c5f-b4f7-474e-b6af-3a854dea4217,5f335fb3-1ff7-4312-9df7-9526a35ab993,1,
991a6b84-12bf-4b5b-90a5-0287aa5f19bc,39ac38ff-767b-4652-8cc2-02500f514963,d1bd4998-ac1b-4372-8dcc-d7cf391415de,1,
eeb7c524-88c1-491d-83a2-c08713ac9bb1,39ac38ff-767b-4652-8cc2-02500f514963,fb874a9f-3bc5-4b13-addc-8b05f1f88e88,3,
33a05245-87fb-47df-b2c0-9b564afd8380,39ac38ff-767b-4652-8cc2-02500f514963,390674d3-2497-40d7-ace4-42778bb1a08b,5,
11e87aff-5710-4ac8-a503-ed73f3cbddfb,39ac38ff-767b-4652-8cc2-02500f514963,36dc8b6e-1ab0-46ef-93fd-1a18aec111c6,4,
32aa62bf-6b2c-4820-80f4-77f68503459a,39ac38ff-767b-4652-8cc2-02500f514963,38178060-1a3b-42be-ba84-2a705ad18d5d,5,
0cf6d896-8791-48fd-b8c0-db071016ceb3,39ac38ff-767b-4652-8cc2-02500f514963,06646287-ad54-4143-a502-4987f35c64f8,3,
8340a201-f229-462c-9d4d-d6d62a4d8496,39ac38ff-767b-4652-8cc2-02500f514963,8c39c217-2859-4f8d-9788-4f3e34f8bb85,2,
9add0a24-1f81-4ad7-a54f-6f982d39b6a8,39ac38ff-767b-4652-8cc2-02500f514963,923cf9c0-0af3-4e19-bc0d-c12d195e0086,4,
d4057a85-ed70-4623-8ef1-bab2c519ad4f,39ac38ff-767b-4652-8cc2-02500f514963,96fd249d-b3f7-4096-8fb8-1ea9cbf25db3,5,
b8d1fe56-330c-4f5d-bf14-010aa11e0879,39ac38ff-767b-4652-8cc2-02500f514963,89628a1f-7cfb-4f82-a1c5-9c1eee1cb343,2,
d74ab2bc-5bca-4f74-9546-0b02dc0639c0,39ac38ff-767b-4652-8cc2-02500f514963,099eb5fe-7b6d-4278-8859-bea9a83982a0,5,
7fe85e91-a641-4a87-95da-e74e08534a67,39ac38ff-767b-4652-8cc2-02500f514963,5f683c31-e55f-4634-b1e0-6aa37bc04a83,5,
95da7ee3-1315-4b4e-81cc-8bc756a08273,39ac38ff-767b-4652-8cc2-02500f514963,0105ef85-a373-4cae-891c-51288f381c52,5,
4e643411-f00a-4860-ae8b-a310d401a215,39ac38ff-767b-4652-8cc2-02500f514963,3feded73-f8a4-4a85-b31e-0a5e451d7c79,3,
2ad15cd0-8900-4d00-960c-32003bcbcc45,39ac38ff-767b-4652-8cc2-02500f514963,ed0c6ff8-1bfd-4957-80c3-a1059480ef29,5,
92f65ebb-8fa2-4a3c-aa55-34a871c94aff,39ac38ff-767b-4652-8cc2-02500f514963,1dcd275f-42af-4744-b279-036279a46812,5,
cef4c7ec-0977-454e-b4f8-3bf79e9f9afb,39ac38ff-767b-4652-8cc2-02500f514963,f8e147c9-b631-4727-a1ba-bb856fcb5e39,3,
8fe4ec38-e6e3-49b3-8055-9f98b0b9b625,39ac38ff-767b-4652-8cc2-02500f514963,17267c11-11eb-4148-b1c9-81808ecca4b9,2,
1b3ad234-002c-4ea6-b6f7-30fabfc5da0d,39ac38ff-767b-4652-8cc2-02500f514963,b40843d1-cbf1-45b0-936b-3c70b1da9324,2,
68ab14af-7bb1-4f9d-8c4e-2bebec96e69e,39ac38ff-767b-4652-8cc2-02500f514963,9347ccbb-38a8-43cf-bfa4-5aa94e754d13,5,
8c00702b-462c-4b7a-a975-42a68033c150,39ac38ff-767b-4652-8cc2-02500f514963,fd7fd6bc-4e96-4ed4-91c1-b41987edf925,3,
ac4cba1e-0257-41ff-b9e8-04a7a5682d94,39ac38ff-767b-4652-8cc2-02500f514963,61655f15-8d80-4b93-a54b-da91312570b9,5,
6d802331-547e-47a4-88b4-c74f4ebd2400,39ac38ff-767b-4652-8cc2-02500f514963,e870dc39-0cbb-413e-915b-3301e1279753,2,
b69ab7c6-5a2e-42f9-b0f7-0e56463c5839,39ac38ff-767b-4652-8cc2-02500f514963,5012155f-dded-4d97-be2d-84a0ec01e3de,1,
4845e9ed-a83f-4d56-a1bf-57f3131e87d5,39ac38ff-767b-4652-8cc2-02500f514963,56d8a162-3b32-4854-aa80-6eb19cd9763c,4,
ccdf58fb-370b-4dd2-8636-10f3e6b044f0,39ac38ff-767b-4652-8cc2-02500f514963,61e2d814-03a9-41ec-bc91-69f31048e8ca,3,
2fbf44b7-426f-4dfa-885a-0f8ab1de5db1,39ac38ff-767b-4652-8cc2-02500f514963,2b40a1c7-fe27-43f0-9ad8-91b63d4a7cca,3,
cfb06bce-ff13-478c-8c47-f06d3df6e5b1,39ac38ff-767b-4652-8cc2-02500f514963,d19d8a22-0a27-4baf-b881-212dc6acdfed,3,
6043a150-2281-445e-b75b-be3f9e724529,39ac38ff-767b-4652-8cc2-02500f514963,cfa5124e-8ff5-403f-b885-e2bfac7e2ef7,5,
42501b5b-2226-41ae-b2b1-88e16cdd3e24,39ac38ff-767b-4652-8cc2-02500f514963,774e2a68-1775-4e30-81ee-589f80bf096c,2,
d32a52eb-bb47-44c0-9f30-e9b17c091be7,39ac38ff-767b-4652-8cc2-02500f514963,673bfd2f-cc8d-457e-b42d-607be01eccf4,2,
3ed31fd7-aab6-49a5-beba-815a53ac9352,39ac38ff-767b-4652-8cc2-02500f514963,25a78683-2270-4eea-8e19-386af540685a,5,
b06a2a12-43a3-433d-ab22-8522236b59b6,39ac38ff-767b-4652-8cc2-02500f514963,66971efa-b2b9-435b-8a75-db581bdf1863,1,
823c7748-7419-490e-82a3-2a5512f0325d,39ac38ff-767b-4652-8cc2-02500f514963,9f371719-70f0-4edd-850b-0eebb1744f06,5,
8cb34603-9d0b-4853-ab1b-4dd5bf0c8bd7,39ac38ff-767b-4652-8cc2-02500f514963,025de24b-3f58-4eec-8324-194c4bcd0184,2,
52ca366c-2106-4611-867c-7c38169ca6dd,39ac38ff-767b-4652-8cc2-02500f514963,baea5a3d-3b15-4480-89a8-b5a17c8e4bf8,1,
c42c3516-ff2f-4726-bb3b-ddb8aa8e11de,39ac38ff-767b-4652-8cc2-02500f514963,c02acd9a-5c2a-4fa8-9d77-56eb4ea88016,3,
36cb049f-b970-438d-83d9-f1e0af10aa15,7348f47f-3a20-4c4c-94f8-961b425ee247,995a4bff-5e6c-40ee-8f6e-c7f4b2a1f408,4,
e5b89f80-8323-4873-b528-5ae4945b8e28,7348f47f-3a20-4c4c-94f8-961b425ee247,6ab1be69-5ab0-4d96-b26e-15c2c40df032,2,
4e4a4233-4226-47d5-bdca-9f1cf73148cf,7348f47f-3a20-4c4c-94f8-961b425ee247,81a722e5-d256-4a3a-8ccc-a09b860bb29f,4,
b80210bb-187a-4d47-9c37-7318e2d92b4f,7348f47f-3a20-4c4c-94f8-961b425ee247,71778d47-9387-4387-ae9b-7ed08c0b7bba,4,
49640f80-c641-403d-9c64-8bf56c2ed2d0,7348f47f-3a20-4c4c-94f8-961b425ee247,52981db9-aecd-4716-8966-ea765c18c37b,1,
c7a7fa8d-a6b8-43d6-9088-b86bb9c32be5,7348f47f-3a20-4c4c-94f8-961b425ee247,7abb6bb8-d640-4a16-be33-7b4ebe71661e,3,
a99a3857-3083-4818-ba7b-6fb910489f8f,7348f47f-3a20-4c4c-94f8-961b425ee247,2ef8e5b6-6368-487e-ac27-b8b774fc118f,4,
01650804-10c5-42ed-b424-5f8081116884,7348f47f-3a20-4c4c-94f8-961b425ee247,e4731fcd-62b8-41fb-b40a-d33a723318f8,3,
3eca9596-5a5b-4365-8075-a75d2c2fcd28,7348f47f-3a20-4c4c-94f8-961b425ee247,1b066372-40c3-4c6e-a218-358c4d3c893e,3,
df74fb48-f5f4-49e7-8cf2-9ae16f9bb680,7348f47f-3a20-4c4c-94f8-961b425ee247,65f794d8-bfab-4581-b27b-af3cd4a6c747,4,
5f6b3564-05ea-4554-bbef-3e5eb595fc40,7348f47f-3a20-4c4c-94f8-961b425ee247,2faa1e32-4de1-46b7-b99c-3315b3cc849f,2,
98d26182-d41d-4908-a68e-cb5026e372ee,7348f47f-3a20-4c4c-94f8-961b425ee247,3ff0b294-666e-4f4e-9b72-bbde9de8753d,5,
759848c0-1840-4a45-b853-ec23aa1f2c87,7348f47f-3a20-4c4c-94f8-961b425ee247,b63e3231-0186-425a-b865-a32de8c078c3,4,
8e936f6e-b29d-4c17-98fa-4dabbc4c7d05,7348f47f-3a20-4c4c-94f8-961b425ee247,07249a36-7886-4ef9-858d-f0c6b5158e2a,5,
bdb428f2-1c81-4025-b3c0-7a663221397a,7348f47f-3a20-4c4c-94f8-961b425ee247,db4a45e5-77f4-4434-918f-e3956be2fbac,4,
0de15498-5b4b-4168-8d68-409202783867,7348f47f-3a20-4c4c-94f8-961b425ee247,8ba012c3-d763-48d6-89a1-049738098759,2,
fb1f6866-3519-4a88-a797-d20948b6f579,7348f47f-3a20-4c4c-94f8-961b425ee247,5b4ebd2d-8b42-44a4-9c9d-df4da1443430,2,
1c230fa1-35d7-46a4-9b64-fe132f577455,7348f47f-3a20-4c4c-94f8-961b425ee247,68427675-1ee3-498c-a8cb-48b2395468bb,5,
1c362465-3149-4932-804a-3f2544c68c1b,7348f47f-3a20-4c4c-94f8-961b425ee247,95e7e89a-c07d-4a82-a89d-89e4b5917ce0,4,
ff9c7d54-46ea-4889-b3ed-2b0d8056a77e,7348f47f-3a20-4c4c-94f8-961b425ee247,391d3d53-8dac-4e27-b70e-c571cc3ea77c,2,
5dbe4c0e-11b2-491e-9afb-fcb6bf612304,7348f47f-3a20-4c4c-94f8-961b425ee247,577c1915-a4bc-4673-8cd4-05130262e306,1,
627b3d11-1b88-488b-9f94-3b0f670664b9,7348f47f-3a20-4c4c-94f8-961b425ee247,b7b2cf9b-8fd7-464f-92b5-7041a56c07a3,5,
3e57f557-f2b6-41ff-a786-693028cac625,7348f47f-3a20-4c4c-94f8-961b425ee247,a38889e0-86c4-461d-a144-0c7e5cc93013,1,
521d9d3d-d710-40be-8f77-a5aef480e8aa,7348f47f-3a20-4c4c-94f8-961b425ee247,190ad492-4a08-4fb9-aa1d-87a4bb411e61,2,
1afa0960-fe66-43e4-80f0-3a7bc9a6b1cd,7348f47f-3a20-4c4c-94f8-961b425ee247,61c701fb-8b96-456a-83bf-9be9f9ebf7e1,2,
d11635d5-50ff-4a04-8a88-7b2cb0fd942e,7348f47f-3a20-4c4c-94f8-961b425ee247,8ea5561c-4687-4d24-a6b7-1e23066ccf0e,2,
6a1640d6-0f81-464c-b38d-6e781b3d34b4,7348f47f-3a20-4c4c-94f8-961b425ee247,41f3b891-db5b-4017-bad7-ab9fac05a3d6,3,
8ebea3eb-81ed-459b-bd58-a763e23ad0d6,7348f47f-3a20-4c4c-94f8-961b425ee247,8957766c-506c-473d-adbe-cb3b41c06740,1,
5e87277f-8561-40e8-9c59-df50a907cf58,7348f47f-3a20-4c4c-94f8-961b425ee247,30e2be34-6ad3-48ea-9484-941732801078,3,
339e524b-075f-47f9-811e-8b78d369d920,7348f47f-3a20-4c4c-94f8-961b425ee247,0b64761d-1588-451e-9170-1bd326add85b,2,
a022526a-a769-480d-b67b-8fd9f0150cee,7348f47f-3a20-4c4c-94f8-961b425ee247,e28e7599-eb0d-4271-9020-e4e413277930,4,
8bf0fa86-4372-4b41-a96b-6b616ef39a4f,7348f47f-3a20-4c4c-94f8-961b425ee247,eac8312c-6635-4d34-8343-6fb0044697e4,1,
332e9b17-45e7-4cea-b08e-7bdfe229eb76,7348f47f-3a20-4c4c-94f8-961b425ee247,43937bb1-3c63-4ae6-9978-2b596bef605e,2,
df9eee06-3c7d-41c0-ad88-b09e5c2dd40a,7348f47f-3a20-4c4c-94f8-961b425ee247,390a9169-3537-4319-86f3-b55ced007bf5,4,
cb8aec42-b467-4eb9-85bb-8678c67869b5,7348f47f-3a20-4c4c-94f8-961b425ee247,92cdfbf8-2e82-4678-b45b-952a936fc601,4,
8593ac11-d427-4f28-afd7-5ff099072f19,7348f47f-3a20-4c4c-94f8-961b425ee247,73df19c4-c355-4ce1-a0c5-9d587ed0be66,1,
72c90c9d-2d25-4fa7-a292-ec3c11fb5da7,7348f47f-3a20-4c4c-94f8-961b425ee247,ea5e1917-464a-4d60-9c99-d774dca7fb4d,5,
84c3f43f-43c4-44b5-95c6-cae229db6f05,7348f47f-3a20-4c4c-94f8-961b425ee247,abe255be-d989-497f-808c-91fde81f6193,1,
89808afb-ff0d-4727-8e56-a96ace1a0545,7348f47f-3a20-4c4c-94f8-961b425ee247,d910b618-c10e-4e18-84ae-1105216b1506,3,
facdc6eb-0198-439a-86b5-1fa7401809ec,7348f47f-3a20-4c4c-94f8-961b425ee247,16d4f94f-b353-476b-b6be-4cbd1fd11a64,4,
a782c99d-bcab-4018-a3ef-db3acd24b6b7,7348f47f-3a20-4c4c-94f8-961b425ee247,6fc5793a-77e0-4753-9b4c-9af68776c1aa,5,
722bc836-f0ab-43db-9fd2-a071ec9ef26e,7348f47f-3a20-4c4c-94f8-961b425ee247,598cb804-236e-49c6-b4cc-37a3d692e78d,5,
1bf0840c-ee8a-4ad5-acc6-c01defa4527c,7348f47f-3a20-4c4c-94f8-961b425ee247,5150ebce-c6ca-4c84-82f4-e2a9bbe96dca,5,
6d50c314-fdd6-448a-9eb4-79d16e93c25d,7348f47f-3a20-4c4c-94f8-961b425ee247,7ed28127-aa0e-4ed0-85a8-6b82a54bf538,2,
8209bfb8-2949-47b4-9fae-c31c491a10b4,7348f47f-3a20-4c4c-94f8-961b425ee247,aeaa0fc7-ef54-4bb9-8dc1-1d8360f38608,4,
31aa5f47-08f0-4af8-88f6-749abf8199cb,7348f47f-3a20-4c4c-94f8-961b425ee247,b10b9128-7ecc-40af-acc3-caad77035156,2,
c5fd90d4-0950-4e12-990d-d467c209f268,7348f47f-3a20-4c4c-94f8-961b425ee247,7564ccc7-7312-40b8-a3bd-46a760a67035,2,
8ee7e5ec-8dcb-4d2f-8c92-0c9c55d3d306,7348f47f-3a20-4c4c-94f8-961b425ee247,0df93c93-3964-4b58-b6ed-4aaa7da5afb4,2,
6091a5a6-91e2-488b-9094-e92a7b6b8d27,7348f47f-3a20-4c4c-94f8-961b425ee247,a12964e5-87ee-4f96-8dc1-f87b9b6ef866,1,
aa13cd47-1448-459a-a76e-7b05cb3e4e6f,7348f47f-3a20-4c4c-94f8-961b425ee247,d0ba4c72-e229-4ec5-876e-a9e54efc4697,3,
707733aa-799c-478a-acb1-a762e4bae81e,7348f47f-3a20-4c4c-94f8-961b425ee247,86381972-9280-4394-a9b1-2cc40b79bc22,4,
60d91851-1b20-46a8-8567-51b4227eb816,7348f47f-3a20-4c4c-94f8-961b425ee247,3b7ff2bc-3a94-46b1-9eab-a578924a66bd,1,
332880ac-c976-4859-94de-3e907506e8cf,7348f47f-3a20-4c4c-94f8-961b425ee247,64e34e45-bbb2-4b31-9c7a-44d2513427d1,5,
43579711-89c5-41cb-a8ab-be78f4e8e4af,7348f47f-3a20-4c4c-94f8-961b425ee247,9ee08b8c-e4e6-40fa-924f-977705ecc4de,4,
fcb49f61-a465-4216-8817-d16bf2b44eca,7348f47f-3a20-4c4c-94f8-961b425ee247,b7b32803-d84a-4c2f-8a90-89d55338bb57,1,
f23fdab7-3340-4996-8955-3a28051fba77,7348f47f-3a20-4c4c-94f8-961b425ee247,3c5cde8f-d319-4123-aace-6bf6a5fdd6eb,5,
0409aa24-c478-4261-8bec-de5b012d55c1,7348f47f-3a20-4c4c-94f8-961b425ee247,63c17c97-52df-4f34-a048-943f5fe1d996,4,
ab441689-aed9-4b76-b1a3-fcbcb584cb25,7348f47f-3a20-4c4c-94f8-961b425ee247,89c11627-7fd0-4db7-ac28-f866ae3c4fff,1,
c9c776c5-865b-4dba-9d11-355be0b411e1,7348f47f-3a20-4c4c-94f8-961b425ee247,5b2a2571-eb5a-4cda-ad5f-197ffd2f7096,3,
2168dce1-36ed-4463-aeb4-060f76469550,7348f47f-3a20-4c4c-94f8-961b425ee247,658e00cb-63be-480e-9466-5c5613d49312,1,
f242f961-811e-43e0-9c8d-083f1609f9c1,7348f47f-3a20-4c4c-94f8-961b425ee247,017627f4-153f-48e7-a170-d7eaa194b80d,5,
44e4eae4-d7d0-44c2-88a7-bf1e04cab23d,7348f47f-3a20-4c4c-94f8-961b425ee247,a2b61de0-7ade-4879-b671-9b0abf0a2910,4,
b4c0f15e-711c-48c1-8148-fb27ed42f8cc,7348f47f-3a20-4c4c-94f8-961b425ee247,220d8cb7-27a3-4ff1-ad0a-2aded2f2844a,5,
ba06d920-760a-4fbb-8f8a-033eed0ba4ab,c7d947b5-de78-4f66-b1a8-8d10b1b97b45,7a57d9a6-ac1a-47ea-88b5-4c66789bac3f,2,
ac15b8e6-dbc7-42b9-81fa-eb7d7ffd8e68,c7d947b5-de78-4f66-b1a8-8d10b1b97b45,93e4afed-38d1-4bc0-ade4-0865d1fbdbe8,3,
92d7ae39-83fe-4666-9b96-91eba0c255df,c7d947b5-de78-4f66-b1a8-8d10b1b97b45,debd82a2-2280-475d-9351-bfef2928ece2,2,
74640d00-5250-4b28-a4d0-9d451e2d1122,c7d947b5-de78-4f66-b1a8-8d10b1b97b45,04147469-59f2-4041-b197-c5a1ab8d34aa,2,
56e4a5da-30d1-4528-8421-fb038d44470d,c7d947b5-de78-4f66-b1a8-8d10b1b97b45,9ed4a767-7767-4859-adef-c0a6333954dd,4,
54859dd2-eb92-4546-bcfc-28ef325a9338,c7d947b5-de78-4f66-b1a8-8d10b1b97b45,18ed4fb6-a42f-4ca7-842f-95ecf4b060f6,3,
7e1e8a06-75e2-4553-b64d-6fbc33e0bab8,c7d947b5-de78-4f66-b1a8-8d10b1b97b45,16909bc2-a487-4668-8595-1ccd48429b18,3,
2c66affb-085d-4a0b-bef8-c8ff50d47a53,c7d947b5-de78-4f66-b1a8-8d10b1b97b45,d84c4e35-6c86-43df-b051-2766e57e5a37,5,
ec8e83f3-f548-4239-9e03-2f8016bb1b56,c7d947b5-de78-4f66-b1a8-8d10b1b97b45,4a5d3990-f13e-4898-88c9-1f33f0117a26,4,
f251bd45-cec6-418e-9277-09548e768d77,c7d947b5-de78-4f66-b1a8-8d10b1b97b45,1d1a630b-445d-4ee5-a002-cf03b6308427,5,
d095cd54-b4b1-4a2b-b677-26e234520150,c7d947b5-de78-4f66-b1a8-8d10b1b97b45,da835368-c389-4c04-b192-58598fcddde7,3,
037740ef-56d8-4a08-8999-e9094a82ed9b,c7d947b5-de78-4f66-b1a8-8d10b1b97b45,dd94e326-1780-498d-bb25-91f50ee671ae,3,
9e74cee2-6206-48ee-9a09-fe587f9007a4,c7d947b5-de78-4f66-b1a8-8d10b1b97b45,1fe1415a-fe71-4f2f-b501-678fe14ddac9,1,
82a67807-db4b-47f8-a69d-c661bf4a8112,c7d947b5-de78-4f66-b1a8-8d10b1b97b45,b3682f75-caeb-4a5a-8377-f949d9cdec62,4,
3fd34c52-3f2a-418d-954d-d6808bf78b37,c7d947b5-de78-4f66-b1a8-8d10b1b97b45,342a0b07-e75a-4f3b-aaef-c59212e604cd,4,
046132b8-32a6-4562-bec2-381bd0225170,c7d947b5-de78-4f66-b1a8-8d10b1b97b45,19853cc6-f1f3-4807-9bdc-0d2f5be22b44,1,
85b085fa-e7e5-4fc3-81c5-c432457ffb27,c7d947b5-de78-4f66-b1a8-8d10b1b97b45,a88ad707-c950-4097-9bb5-ccd902f2678b,2,
16e1139b-6ee4-4956-ae42-12b26eb9db22,c7d947b5-de78-4f66-b1a8-8d10b1b97b45,79190b19-5fb0-4e9c-b40f-cfd666337097,1,
2fe2dabc-f936-4188-b542-1e1fe7980578,c7d947b5-de78-4f66-b1a8-8d10b1b97b45,f41a769e-3a27-4b3e-912d-9aeceac009d9,5,
d96c40eb-5ca2-465e-8603-88b35cddf698,c7d947b5-de78-4f66-b1a8-8d10b1b97b45,ea68aaac-fc77-4415-9cbe-f4ae69ac6118,1,
2fc04fa0-04b4-444b-9809-9bd6cd1a40e4,c7d947b5-de78-4f66-b1a8-8d10b1b97b45,5bdcbf92-5a4f-4c60-b0b4-2ba1f14e4e08,5,
6c437e33-3399-48a6-a201-9e6460135df0,c7d947b5-de78-4f66-b1a8-8d10b1b97b45,2c55e992-ce8a-46c7-8614-209992c82611,5,
655c0148-df9c-47fa-b238-ca398eb76bd4,c7d947b5-de78-4f66-b1a8-8d10b1b97b45,0dba0419-15c4-4cc7-910b-1ce16878c959,2,
48a3f550-d433-4fd1-b6fb-7c0e2478fbd7,c7d947b5-de78-4f66-b1a8-8d10b1b97b45,1009c8d8-d36c-48e9-9be9-0532be4a7985,3,
f657566f-25ee-4d6b-98c5-3e011832a6c0,c7d947b5-de78-4f66-b1a8-8d10b1b97b45,8162bf33-41f2-47f8-870a-a42354a82764,2,
3c64e77f-ba66-410f-8f80-5b18d9ef210b,c7d947b5-de78-4f66-b1a8-8d10b1b97b45,270feb5d-2358-40b2-8bc6-9e3618ede6d2,2,
459a1130-f26f-420d-9b42-12b69c5d2273,c7d947b5-de78-4f66-b1a8-8d10b1b97b45,e397f902-c5e6-4b19-a7f0-a9c8c23fc6ce,4,
d25cf42f-bfae-4c6d-babb-1b3a6ebf229e,c7d947b5-de78-4f66-b1a8-8d10b1b97b45,103be142-69e2-48be-9ccd-fe5505f29088,1,
d391e927-3a2d-4a69-bd64-c376c6e99b61,c7d947b5-de78-4f66-b1a8-8d10b1b97b45,da0ceccc-7dce-42b8-8d34-2996dfed6c28,5,
7d7eb0fc-5193-43ba-acdf-e1739578a7b2,c7d947b5-de78-4f66-b1a8-8d10b1b97b45,844bcc0c-3cb2-42da-8393-cf73d257b96f,1,
88557c1b-43b5-4450-b12b-2173ce9b39ea,c7d947b5-de78-4f66-b1a8-8d10b1b97b45,28a4463d-8b6a-48cf-a1f8-541e07a8addc,1,
7e183b99-569f-4da0-b0c1-fc87097cd469,c7d947b5-de78-4f66-b1a8-8d10b1b97b45,bcb8a997-c356-4444-8b55-adc5540a36eb,4,
64cdf8c8-ab02-4eb1-b796-2a190cb41693,c7d947b5-de78-4f66-b1a8-8d10b1b97b45,c6701bf9-d185-44d3-91a3-e79965a37099,5,
16d683aa-bf8c-4be6-a28f-6a29b1a87968,c7d947b5-de78-4f66-b1a8-8d10b1b97b45,1ba3ea02-c669-4a40-81d3-fbf29605a299,3,
f95542d7-c7e0-43cb-a710-e1f768cca68b,c7d947b5-de78-4f66-b1a8-8d10b1b97b45,3ba8d8c8-ae16-4ed1-853e-594dc08ad9e6,4,
924abc14-df3f-4c6a-8a95-ad2860e7d6cc,c7d947b5-de78-4f66-b1a8-8d10b1b97b45,8e90abb3-e087-444b-814c-4cc9ae57bd38,1,
a03a53aa-2305-4142-b4ea-dd428b3eb169,c7d947b5-de78-4f66-b1a8-8d10b1b97b45,a8d7b838-6c87-424e-a3c9-a25fc85fd613,2,
aa567d06-36b3-4bbb-8cff-397d8a850fac,c7d947b5-de78-4f66-b1a8-8d10b1b97b45,6981f59b-9e5b-4613-aa37-27539dedfe1d,2,
d9754783-396f-4b95-8979-84171ab0f784,c7d947b5-de78-4f66-b1a8-8d10b1b97b45,4eb0b021-d62a-4cc9-9f84-341131436c40,5,
a5a104dd-ac10-4f91-aed7-ee1de07e3e72,c7d947b5-de78-4f66-b1a8-8d10b1b97b45,e083819f-8afc-4bee-b72d-421325000ad5,1,
0cbaf417-bb0e-47c8-8e32-dee7b2995247,c7d947b5-de78-4f66-b1a8-8d10b1b97b45,61cfc91f-1ea2-43c6-ad0d-13b0fe88a0f2,1,
833d65a9-7c0c-4e6b-beff-1dac71afa6f0,c7d947b5-de78-4f66-b1a8-8d10b1b97b45,ff8c2ebb-752c-400a-b0bc-2144d03b2736,2,
3e7cbb9f-d343-4a4e-b90b-9b5694693a13,c7d947b5-de78-4f66-b1a8-8d10b1b97b45,6c069aef-f5ef-447f-ab5f-38757770ceb2,1,
562b82dc-ede2-47ed-bd70-b3e69bf17200,c7d947b5-de78-4f66-b1a8-8d10b1b97b45,f334e22a-ad4f-43dc-869c-a95c8caff1a5,3,
323f1452-b7dd-44f1-8d50-6dec86b4b87b,c7d947b5-de78-4f66-b1a8-8d10b1b97b45,709f51d3-5df0-4f73-b2b3-f13d78feeb3d,1,
d7aea19a-1259-41de-b360-6fa19121840a,c7d947b5-de78-4f66-b1a8-8d10b1b97b45,824b2b56-be82-4c3c-aeb5-49b915c4f7ea,4,
12f3cb76-cd14-4b1f-af3d-fc0598399182,c7d947b5-de78-4f66-b1a8-8d10b1b97b45,ebe0a2dd-e588-433f-9fb7-8fd3c440e40a,4,
5527198e-7ee5-4026-8439-2999e85bb65c,c7d947b5-de78-4f66-b1a8-8d10b1b97b45,5c8524dd-9f71-4efc-b2f7-63f19fadfc0a,1,
26ff0a4a-98ed-44e1-8c33-ccc753c34a14,c7d947b5-de78-4f66-b1a8-8d10b1b97b45,86895c20-05e6-43b4-a3e7-b77515d32684,3,
dc93ac60-23aa-4752-9519-81309cf105fd,c7d947b5-de78-4f66-b1a8-8d10b1b97b45,9b07a89e-1403-4ceb-b23d-efe790e67fb1,2,
81bceabc-d44c-4c80-99c1-39daf7425faf,c7d947b5-de78-4f66-b1a8-8d10b1b97b45,dc097c0c-54fc-4cb7-957d-267fc53af905,2,
d2ca09da-eb2f-472c-86a3-e24d6660a553,c7d947b5-de78-4f66-b1a8-8d10b1b97b45,9f3e5640-07c2-4e83-a4dd-496af65a6e51,4,
63cd784b-b150-4367-b4de-328885e7e9d9,c7d947b5-de78-4f66-b1a8-8d10b1b97b45,edc47b11-a087-4332-94d0-c09c765f03ba,4,
63da96c6-ec45-4aef-ab49-5b629ca43308,c7d947b5-de78-4f66-b1a8-8d10b1b97b45,1c58ee29-c9bd-4e5d-9fb7-0d042a243f74,2,
60b38d3b-ca43-490b-8c82-61411ffbf19d,c7d947b5-de78-4f66-b1a8-8d10b1b97b45,c5afd297-2560-4255-a6e6-86bc0853ff81,2,
8ce90ae9-3d3c-4678-b881-413b9feda03d,c7d947b5-de78-4f66-b1a8-8d10b1b97b45,8d93f63c-83ee-480f-a253-7aedd83b932c,4,
17da0141-1b81-448f-b447-9343fb8633d6,c7d947b5-de78-4f66-b1a8-8d10b1b97b45,2d106bf8-17f2-4f8a-abc9-1f6449576ce9,3,
87525a9b-7cbf-449f-97e1-1728315c1dc5,c7d947b5-de78-4f66-b1a8-8d10b1b97b45,70ab607a-51d2-4637-8a93-5335cf10905b,1,
99ce29f4-ba0f-4e0e-9b09-ee8804433b72,c7d947b5-de78-4f66-b1a8-8d10b1b97b45,fe9f83ae-cb6e-41f6-985c-76d8fe0ffd28,1,
52e3f35c-88a6-4570-9af3-fb14df509a55,95fce37d-5b12-4377-82c4-0b18bfb238a3,40fee76f-c9b2-4e5b-a0fb-8cf7f549a206,5,
ac1d2996-7789-49b5-ac46-2ef092203174,95fce37d-5b12-4377-82c4-0b18bfb238a3,208fd80e-350c-42a7-8dbe-4f3f0fa85bed,2,
17f440af-0620-4762-adaf-d00b173d13fb,95fce37d-5b12-4377-82c4-0b18bfb238a3,e70b0a13-5119-4da6-941e-10307ebdd228,4,
237ce4fe-6074-4400-8355-ab9639c94573,95fce37d-5b12-4377-82c4-0b18bfb238a3,4081194c-f72d-4e8d-bcca-0dd75c6bc121,1,
86aee70c-6eed-4417-9ab3-1522629fd8c7,95fce37d-5b12-4377-82c4-0b18bfb238a3,9a1736a1-e6b5-4a05-837e-8c7d3c53dea1,5,
90158109-33c1-4115-87bd-ebc85fef8bf3,95fce37d-5b12-4377-82c4-0b18bfb238a3,aaf0f491-7e19-43e5-9b0d-b4e3a2bade9e,4,
a411607a-db8e-4556-bcaa-a8d207231006,95fce37d-5b12-4377-82c4-0b18bfb238a3,b360df2c-faea-47cc-9495-b0f45a53bc5f,2,
4baccc23-756c-433f-9418-2480a0f94361,95fce37d-5b12-4377-82c4-0b18bfb238a3,27fe0b81-4b5a-49c0-b71e-2fb85290b00e,2,
3ca5282a-7b00-4f07-86c4-8610b436d318,95fce37d-5b12-4377-82c4-0b18bfb238a3,990955f0-e906-4f24-9250-5ef4646df3cb,2,
8352c2a7-dac7-4f2c-a231-15d0cd76b8dc,95fce37d-5b12-4377-82c4-0b18bfb238a3,e4b0ca1f-f309-4002-8e3b-98bedf5dc7a5,4,
1dc40e44-ba39-49f2-9b8d-49e3e9a50014,95fce37d-5b12-4377-82c4-0b18bfb238a3,1a24a982-b58d-4830-8061-85481a37bc07,2,
657ea5a1-21a9-410e-bfc6-3d95f71b881d,95fce37d-5b12-4377-82c4-0b18bfb238a3,ccf17285-5040-47a7-a796-ca772bb3e5f4,5,
3fdc0f3f-143e-42bc-97d1-f0cabe881f77,95fce37d-5b12-4377-82c4-0b18bfb238a3,e0fe6694-6103-487d-ad99-04469434e2ce,5,
0abfebd5-e163-4fc8-814a-1491ee765af8,95fce37d-5b12-4377-82c4-0b18bfb238a3,d0a6321f-b99c-4795-b243-9fa7d1ebf07a,2,
2dd40aaa-8716-457a-a85b-68cf5b300ebd,95fce37d-5b12-4377-82c4-0b18bfb238a3,e70b63f3-bed6-4d79-9ff9-873b5df41d67,2,
5aa82960-e8a4-4d0b-858f-33a08e6913f1,95fce37d-5b12-4377-82c4-0b18bfb238a3,29bf1b5e-b8d9-4bba-a56f-dfa2b5791f37,4,
896ab65b-8232-4a93-bd8b-b06f38726b05,95fce37d-5b12-4377-82c4-0b18bfb238a3,7c3c24a4-6904-4620-8bad-30412960b051,2,
4735d0ff-53ea-45fa-8471-67b1f8cfa8b3,95fce37d-5b12-4377-82c4-0b18bfb238a3,d1140dee-404b-41cc-9964-fef9a4b92f68,1,
e1441dbf-ecbd-4e36-9402-1d3df1a43bfb,95fce37d-5b12-4377-82c4-0b18bfb238a3,3dbcbf01-3f69-4703-b2ae-d0d72790e433,4,
5b75b807-8480-4549-a39a-4dd28f9d27ce,95fce37d-5b12-4377-82c4-0b18bfb238a3,4ff7b8a6-ff24-44b9-9851-0ac7a2d68a5c,3,
17d3c613-481e-44e5-a0da-617b53680dbe,95fce37d-5b12-4377-82c4-0b18bfb238a3,70265ce0-d189-4722-9ecf-82cb6670e44f,2,
a0dc5489-b7c2-4b42-bea4-6100bcc819a6,95fce37d-5b12-4377-82c4-0b18bfb238a3,0bb68681-5b3d-4c4c-8169-231583bd5bec,5,
d3b1f44c-1b2b-43f3-9d39-bb41c63700fa,95fce37d-5b12-4377-82c4-0b18bfb238a3,27e480d1-23b5-4bee-8cd6-d033c263bc77,3,
ddb81d0b-7ce6-4791-bf22-9711f18367f3,95fce37d-5b12-4377-82c4-0b18bfb238a3,70cab084-0351-429d-b49d-3035d458f65b,3,
b388c869-1e65-4461-8aeb-6eb9d5ac2e10,95fce37d-5b12-4377-82c4-0b18bfb238a3,a2ff570d-b5c6-4598-a9b3-d40c7b41f7de,5,
76ad2ef9-57ed-436b-b5ac-b99d39face25,95fce37d-5b12-4377-82c4-0b18bfb238a3,64e2b667-7b03-4529-a658-2958332a7e0e,2,
8b80d4ef-a3cd-4c65-abc0-50114f20a843,95fce37d-5b12-4377-82c4-0b18bfb238a3,2fbdc47b-8eee-47fd-8ac3-d1da7f61e082,3,
3b36f21f-4161-4f40-96b0-3955b27b86c5,95fce37d-5b12-4377-82c4-0b18bfb238a3,c791c3db-20bf-4fc2-a7bd-a4d7ad480a28,4,
a5337cf7-36b4-42ce-88cb-fcaeb239772e,95fce37d-5b12-4377-82c4-0b18bfb238a3,70ab607a-51d2-4637-8a93-5335cf10905b,1,
784e3571-205e-49ce-ba8c-466f6bd0cd05,95fce37d-5b12-4377-82c4-0b18bfb238a3,fb92ce10-7186-47c5-8e26-f446f05e5e69,5,
93154a65-376b-420b-8f7d-8db6ddd46e3a,95fce37d-5b12-4377-82c4-0b18bfb238a3,1043d7e9-02d5-4eee-b1e9-7bb1e3632664,5,
5381abb1-907d-42dd-84db-4104d437f0df,95fce37d-5b12-4377-82c4-0b18bfb238a3,c034b051-123e-4c5e-8525-31434ee22d92,4,
93af0557-32c6-4abc-971b-5002a3c761ad,95fce37d-5b12-4377-82c4-0b18bfb238a3,bb4663ce-f134-43bf-a163-d10ed50eee72,2,
daa73678-5fb7-4c11-bb0e-cecf77d99aa5,95fce37d-5b12-4377-82c4-0b18bfb238a3,d768fb16-570a-48de-8cbd-d144b14af004,4,
923af2fb-4924-4bff-89ef-07684818ae0d,95fce37d-5b12-4377-82c4-0b18bfb238a3,c52d715c-3f5d-4009-946a-1ee1f6e3ab75,4,
f829cbcf-c9b2-473c-8f28-68ba72a27c33,95fce37d-5b12-4377-82c4-0b18bfb238a3,f1b7a7de-3f06-4af4-8fc8-232de5cf959c,4,
6d353a98-096b-4d33-9692-996c3949344b,95fce37d-5b12-4377-82c4-0b18bfb238a3,601d9e3d-30ab-4d75-8965-e46d06e885c1,2,
1c6f3df2-a745-43c9-93e7-88fa2febb822,95fce37d-5b12-4377-82c4-0b18bfb238a3,359e2534-ee6d-4ced-a542-09e011ee0ff1,4,
8bd87df5-273f-4934-9b83-1e3c21cea4e7,95fce37d-5b12-4377-82c4-0b18bfb238a3,43937bb1-3c63-4ae6-9978-2b596bef605e,3,
dfff9599-ee72-4113-a9cc-8ead7a7860a7,95fce37d-5b12-4377-82c4-0b18bfb238a3,54fba273-fc94-4714-a091-09bc62f99d0d,5,
692a6521-1cd6-4639-b48f-04fa6e8cbfc9,95fce37d-5b12-4377-82c4-0b18bfb238a3,af04dfb5-c0c6-4c25-9436-773f864518be,4,
5d75e006-b542-499d-81e2-c1513d039ded,95fce37d-5b12-4377-82c4-0b18bfb238a3,320c72d7-f8aa-48c4-91f6-9cdb12f1f9c0,1,
49a3042e-4e71-40bd-aaaf-81df36bdfdd9,10effbd8-0d74-4711-bbb4-92e440ede1ab,ee849068-3fcd-45a0-b832-f0aa4307b3d5,4,
8d7b02ce-f07a-497f-ba23-c696f7875399,10effbd8-0d74-4711-bbb4-92e440ede1ab,e695b4de-c32d-4c83-8630-af179567e6d7,2,
64d6b9ed-1185-43a9-9e03-e56f477d5712,10effbd8-0d74-4711-bbb4-92e440ede1ab,b4bb0db9-2b03-47ec-a648-2e29632d25d4,1,
7e28daf8-c9a7-4ea0-9156-09cd5911dc28,10effbd8-0d74-4711-bbb4-92e440ede1ab,c4fd9aad-7f42-4879-a849-9d205b0208c1,3,
dca25278-961b-4261-b701-918dc0297b21,10effbd8-0d74-4711-bbb4-92e440ede1ab,80f8baf5-2c59-460a-8567-20235ec28b28,4,
d33bb970-5fe8-48ed-b696-671e152d84c3,10effbd8-0d74-4711-bbb4-92e440ede1ab,72a745e1-2d0f-47c6-a0ef-6951992fe876,5,
f35226e2-ce52-4103-a325-636d4c4e8b9a,10effbd8-0d74-4711-bbb4-92e440ede1ab,cf7b56ee-1593-483e-a721-c5c4a284371d,2,
90528d30-9b0d-4708-acaa-bd1362b7518f,10effbd8-0d74-4711-bbb4-92e440ede1ab,307e1262-4d3c-4430-bbe0-7e1d217c46b7,5,
f94d6511-f58c-41c5-ae8f-38f7def60abd,10effbd8-0d74-4711-bbb4-92e440ede1ab,3bd377e8-a84d-48d9-9bf3-a26f9f8b46be,1,
ccfc5bc6-587d-4b7a-968c-9ccf946d3b94,10effbd8-0d74-4711-bbb4-92e440ede1ab,16cad519-ef05-4d77-8f2e-57fe7064b8a9,3,
79291375-6b3f-49a3-b083-a2e5d10caf83,10effbd8-0d74-4711-bbb4-92e440ede1ab,640be9ec-5266-41f5-b544-bac329118df1,1,
b2dc915a-6afa-42b9-9d97-9653f8efe630,10effbd8-0d74-4711-bbb4-92e440ede1ab,62ebe561-1bb9-4efb-a8b7-8d07f5d7354f,2,
96244c45-39f6-48db-860a-fdedfcfadde9,10effbd8-0d74-4711-bbb4-92e440ede1ab,23fe2645-d26e-4cb6-b313-3718c327b718,2,
895c1b0b-456f-4cc3-aa22-99bdaab44e0d,10effbd8-0d74-4711-bbb4-92e440ede1ab,eeafa7a7-adf8-4534-9a83-046b81ad085f,5,
403515d8-56f6-441f-bb3d-8a271f039edc,10effbd8-0d74-4711-bbb4-92e440ede1ab,5acb4180-bb14-4a9b-8203-3ab77b88771f,1,
331bee35-a971-442f-a4cf-8ed2dc2807c0,10effbd8-0d74-4711-bbb4-92e440ede1ab,fb952db6-1ca6-4a84-b857-ddd7a1134d02,5,
2b922058-fb1b-403c-b425-14a828817041,10effbd8-0d74-4711-bbb4-92e440ede1ab,cc48a793-a82b-4edf-87ed-92ad2cd88773,2,
957e2ece-14f6-484a-b7e2-66b48ee8e8b9,10effbd8-0d74-4711-bbb4-92e440ede1ab,2ed78270-f0ff-455a-9d9a-47fb1af0024c,3,
74cfd4e6-1023-4048-a31d-9e8b818b795d,10effbd8-0d74-4711-bbb4-92e440ede1ab,2b4d9fca-5c10-45be-b5ac-63ad280fee97,1,
44eadf2a-f943-4826-8dba-7ebce34bdcce,10effbd8-0d74-4711-bbb4-92e440ede1ab,e9a9e7dc-2b5b-486f-b07a-89d1e0e4cca2,3,
7f343917-6c55-45e3-8200-792b201db491,10effbd8-0d74-4711-bbb4-92e440ede1ab,cfe4b66a-b899-42d4-8d11-40bde60d05c1,2,
ac94afc5-7977-49b5-b2b7-cec48e95769e,10effbd8-0d74-4711-bbb4-92e440ede1ab,4050efdd-ac28-4200-88d3-17cf65a3a918,4,
a0bd666e-2356-43ed-89d8-adccba10a306,10effbd8-0d74-4711-bbb4-92e440ede1ab,6be22726-b666-420b-89e8-d022a2967a1c,2,
7f1be253-77db-47f7-bb82-c224961e13c8,10effbd8-0d74-4711-bbb4-92e440ede1ab,4c963b99-3fae-4c87-b8e0-28bcd05399de,5,
1b73b8ce-a664-422e-b300-a91c4b2c8b03,10effbd8-0d74-4711-bbb4-92e440ede1ab,ac46dc97-3a21-4f78-9e90-c97447f89234,4,
9c9d237d-6f4a-4280-82c2-293bf9cccd9d,10effbd8-0d74-4711-bbb4-92e440ede1ab,74ddcdde-79db-4d84-85ad-c34a86ef6769,3,
bb3032e4-d2d9-41d8-b06e-395e6cf839cb,10effbd8-0d74-4711-bbb4-92e440ede1ab,f4f1fb3f-456e-4e19-b5f4-2de800fa80c6,1,
667922a5-ec7f-461f-b2a2-3811491567bf,10effbd8-0d74-4711-bbb4-92e440ede1ab,3a26e8f3-80cd-4ea2-ace3-86328d1b0808,4,
f7a494dd-8c8e-4a38-9e3e-786f9b43d784,10effbd8-0d74-4711-bbb4-92e440ede1ab,170ea652-0475-4a2d-b0a9-52732742d463,1,
69cb6176-4efd-4a06-8d00-6126000ddd81,10effbd8-0d74-4711-bbb4-92e440ede1ab,d93497c4-a216-4fed-addd-804e11f608a9,1,
e34c2b12-ac0f-4949-a83a-2bea281a3b81,10effbd8-0d74-4711-bbb4-92e440ede1ab,8b5e475b-101d-4081-afae-c1a0ea1142ca,4,
f0172e7c-21c9-4ace-b916-54b9da7e09b2,10effbd8-0d74-4711-bbb4-92e440ede1ab,d1d0efe7-ad08-4483-835e-17f8c41b7c30,3,
10307bd5-17de-41a0-b928-ad70659fbb62,10effbd8-0d74-4711-bbb4-92e440ede1ab,b2ab313b-cb28-4c78-9974-7ee859fef963,2,
c95ca491-1e2e-4d49-aec9-7023a9ebfdae,10effbd8-0d74-4711-bbb4-92e440ede1ab,b65a38d5-42fe-48b8-844b-c07b7a968b22,4,
ea639938-61ee-499c-9fcd-7077cab5376b,10effbd8-0d74-4711-bbb4-92e440ede1ab,f45c6e35-620c-4310-a095-e307506870ca,1,
183db910-bbf7-43c4-9b0e-0ad5627c374a,10effbd8-0d74-4711-bbb4-92e440ede1ab,111537c5-2236-4659-9b78-7e6368e20e2d,2,
14fff474-0f36-4e7d-b42d-0636d4d51dab,10effbd8-0d74-4711-bbb4-92e440ede1ab,b8b0e2bd-f03a-4685-9c63-b3fff0c7eb87,3,
55dc42e6-f2ff-4998-add1-2f5c54a35403,10effbd8-0d74-4711-bbb4-92e440ede1ab,5f96f66e-a71b-4b63-a034-dae7c058013f,4,
f4dc4632-701e-4d6c-bf4a-788f5eecf964,10effbd8-0d74-4711-bbb4-92e440ede1ab,accc2cb1-7798-4214-83fd-62a65729b5c2,5,
fc5e47c4-22e6-491a-9135-0ad1a1abc62c,10effbd8-0d74-4711-bbb4-92e440ede1ab,07735246-92d8-44e2-927a-d696f63b3434,2,
a0f4d3d1-8d02-4f08-8a57-c2f78e71a6df,10effbd8-0d74-4711-bbb4-92e440ede1ab,51f587f3-3a3c-4419-b0ac-a5303d5bc60f,3,
8e02fbca-cf67-43bd-ba8d-7c760b348814,10effbd8-0d74-4711-bbb4-92e440ede1ab,b093797e-4576-40ed-84eb-f729c114ecaf,5,
1943522b-6a60-4dff-8592-5de653496361,10effbd8-0d74-4711-bbb4-92e440ede1ab,0a8f7c90-0e95-4b96-be1f-a12297b136a6,2,
01efa278-2f86-4808-a7ee-af12ef49f33d,10effbd8-0d74-4711-bbb4-92e440ede1ab,c1fdd5ec-2e9b-413e-b8e8-6c29b78c8e41,4,
a824d95f-c35f-4755-a4b7-2a517270ca19,10effbd8-0d74-4711-bbb4-92e440ede1ab,28a4463d-8b6a-48cf-a1f8-541e07a8addc,2,
0789f296-787a-4cff-ad99-156ce7a190a9,10effbd8-0d74-4711-bbb4-92e440ede1ab,efcada91-eb3a-477f-9843-1c69f11be1a9,5,
2d56b228-e1b0-4a8e-b6a2-0bdae1102f6b,10effbd8-0d74-4711-bbb4-92e440ede1ab,551220cd-170c-41bf-bf0b-2ef2594dc8fc,2,
c0b84c11-710d-4cf6-9da3-abef284dff79,10effbd8-0d74-4711-bbb4-92e440ede1ab,db0b985d-288c-42fd-8cc8-6b77285be646,3,
08e4a8d6-af9d-43fa-86ce-75f7141010bc,10effbd8-0d74-4711-bbb4-92e440ede1ab,1bcefbfa-f6be-4de0-b093-4432df92f0af,3,
8e5e72f4-f8cc-4915-a181-83a66d9b1ff9,10effbd8-0d74-4711-bbb4-92e440ede1ab,6d9d7d4b-e4c7-4034-af7f-2e7c8551bb69,5,
bac758c6-c537-4a61-ac93-4963a09e1803,10effbd8-0d74-4711-bbb4-92e440ede1ab,6ce5fe14-a3b5-4bbe-95bd-ebac94b947ba,4,
171b670e-7ad3-44ba-ba46-39f4ad98a7da,10effbd8-0d74-4711-bbb4-92e440ede1ab,33c280e6-8e1c-44da-810d-fa3ae9d125d9,5,
06122c65-d434-44e3-a1f6-a11ca01fbb91,10effbd8-0d74-4711-bbb4-92e440ede1ab,cb4135e0-6bab-4e6c-b2da-3a1da8fce142,5,
8d8936cf-1168-432c-a507-6cbce9507076,10effbd8-0d74-4711-bbb4-92e440ede1ab,f824af88-1498-46d9-a7c6-84583e6d0c74,1,
53d41d2d-4b81-4cc9-8849-8b16c1a5f991,10effbd8-0d74-4711-bbb4-92e440ede1ab,cd267d75-ee30-4edc-bed9-3eada6264fda,1,
5f061bb6-f57a-4771-9141-18100badb525,10effbd8-0d74-4711-bbb4-92e440ede1ab,2ad55789-da66-4cf5-a79f-ca5ba3e29c89,3,
f53a7065-33e2-4566-ae0b-45eba57785bb,10effbd8-0d74-4711-bbb4-92e440ede1ab,1ca676e0-a374-43fe-beaf-bc16b9091c1e,2,
eca11f8b-3a3b-49b8-ac66-39c1df56428a,10effbd8-0d74-4711-bbb4-92e440ede1ab,a6bc2751-2937-413c-aa0c-5aa8bde8c490,3,
e96ada50-2d18-4f09-a925-59f2a807f56c,10effbd8-0d74-4711-bbb4-92e440ede1ab,927a1bec-b64c-408c-aa86-3435dd2d18d4,2,
00198ced-f105-4098-b270-cf6047396b90,10effbd8-0d74-4711-bbb4-92e440ede1ab,bbc5cfe5-7410-46a4-95b3-fd9ad11974f9,2,
978d4988-6649-46fc-ac30-1addfdf08948,10effbd8-0d74-4711-bbb4-92e440ede1ab,cf821937-c4c4-4a2b-933d-f72b49b79d6a,2,
a50b8733-7d49-40c9-add0-21fb154c2fe9,10effbd8-0d74-4711-bbb4-92e440ede1ab,88ad5cbf-2641-40b6-aeb7-d65a26cd56ca,2,
804451ec-49f1-40cd-a960-553c0d9c88f9,10effbd8-0d74-4711-bbb4-92e440ede1ab,03e7c6e2-f2fd-4678-9fcb-3297e74f2345,1,
d1481244-0e83-4b95-8cb9-c043e59d9799,10effbd8-0d74-4711-bbb4-92e440ede1ab,3ad91ec8-7897-4c3c-b4f7-3f7c6f191ede,1,
89f3b944-5b30-47d4-9488-bfaaaafa3e9b,426123df-d424-40e7-9d38-c3193f166742,017627f4-153f-48e7-a170-d7eaa194b80d,4,
fa259ff2-4501-4f12-844a-d6f13320debc,426123df-d424-40e7-9d38-c3193f166742,ed95336c-0bec-4d26-946f-0dce04dbe06b,1,
6d32b2a0-60b7-427d-9055-8f8674cc5dcf,426123df-d424-40e7-9d38-c3193f166742,9ce0b139-bfe5-4806-9f09-211a7afd1ef6,5,
021c0724-0e71-44df-b5ea-c4b433cac8e5,426123df-d424-40e7-9d38-c3193f166742,41efb6ad-88fb-474d-84ee-492b2d5ec9f0,1,
c85b3377-57d2-4369-9a90-4e27b51ba676,426123df-d424-40e7-9d38-c3193f166742,88a77398-2edd-407c-b6ee-847216fe7550,5,
747dd186-c6bb-4ead-ab48-73e0e2980fd8,426123df-d424-40e7-9d38-c3193f166742,8ea9659e-83af-4275-b8f0-d95113bcab66,5,
513b7ca5-169e-4d62-a306-5e2806af3443,426123df-d424-40e7-9d38-c3193f166742,4acf2c1e-c1e3-4f81-b187-3c8f1e1dbab5,2,
0d285344-17a1-48d0-8281-bcdd1c17b4e6,426123df-d424-40e7-9d38-c3193f166742,a61da8cc-0acd-4d3c-94d4-5e4af1360f47,1,
3a966c89-8581-47ae-8db5-9c7d79881219,426123df-d424-40e7-9d38-c3193f166742,be847caf-7efe-45b1-8e05-c198cfaa88a8,2,
b12f1ba8-f617-46a1-af93-cc1466be643a,426123df-d424-40e7-9d38-c3193f166742,d45133d0-74ce-428d-9522-bd31eaa3be5c,1,
7281d488-eeea-4f5f-8832-0124d08f7234,426123df-d424-40e7-9d38-c3193f166742,545d1939-5e4c-4f25-ab8a-03bab97680cd,3,
d9ea48e2-ed22-492a-a05f-e2d2caec9c6c,426123df-d424-40e7-9d38-c3193f166742,06ed3c86-7ae5-4a27-8cdd-44b3690a6b6c,3,
f1101a98-5771-41f2-994a-ae16afef9b06,426123df-d424-40e7-9d38-c3193f166742,d265464b-af65-479e-abf3-85b990d6274e,1,
e35bf2a3-22cb-4444-a23e-d421b776a8ad,426123df-d424-40e7-9d38-c3193f166742,2627c6a3-ff38-44c7-b7ca-e2dfe706dadd,4,
c11f8c00-85af-4193-bc9f-f1325b9afeb9,426123df-d424-40e7-9d38-c3193f166742,680cfa89-3e80-4ba1-b2d3-e91a92b7af46,5,
bf5be1a2-6f01-4f39-8e52-0e3b6b0f8204,426123df-d424-40e7-9d38-c3193f166742,e5fd847d-dc31-47e7-88e5-cc45906edfdf,1,
f66b709e-6cad-447b-94d9-a0c5171ce4d9,426123df-d424-40e7-9d38-c3193f166742,8195a3e0-8a0e-41c3-ad16-179ddff2f6bc,2,
5abda711-456e-4f2a-90a4-8819da8e1b3c,426123df-d424-40e7-9d38-c3193f166742,fa3b4700-be6e-415a-bfb8-43579e68ac54,4,
077e9750-e683-4c2e-908a-15e7a6cab463,426123df-d424-40e7-9d38-c3193f166742,bdd450ea-2792-428e-8bee-3c378f54f3d3,3,
4ecfbe39-555f-42de-a565-a21517e720c4,426123df-d424-40e7-9d38-c3193f166742,f498a2a1-e24e-4e93-8f9a-47cda6ad8061,5,
eeef60d3-e8b1-46f3-b9c3-f42589d35de9,426123df-d424-40e7-9d38-c3193f166742,60012103-8706-4880-ae86-eecce73830d6,4,
4e2ff71f-5750-4922-9520-b69183dac0ea,426123df-d424-40e7-9d38-c3193f166742,be7a0b49-415a-47c6-87dc-e49da8aa2f81,3,
1317c158-26f0-4d8d-b464-746e662caf02,426123df-d424-40e7-9d38-c3193f166742,db82dc10-c4fb-4cc1-9122-a839386052cb,5,
2a0925f0-3840-4206-82dc-d1cbbead9f8a,426123df-d424-40e7-9d38-c3193f166742,904bbacb-edaa-4cbf-9aa0-798419055e58,2,
9ac292b0-12b6-451c-8b4a-e238675900d3,426123df-d424-40e7-9d38-c3193f166742,f47be8d5-efdf-45f2-ad06-3b9e1205ba4c,2,
d572e464-4933-4d86-8793-40ebc3478097,426123df-d424-40e7-9d38-c3193f166742,2867b31b-88d6-4535-b636-2b6f3db1394b,1,
18754212-76ca-411a-8524-08548ef5819a,426123df-d424-40e7-9d38-c3193f166742,f8311c06-3506-4133-866f-cdf506a1b9d8,5,
4e92ef50-6b3b-4fad-9bcf-c54cb9b21044,426123df-d424-40e7-9d38-c3193f166742,42d95f5a-7dd0-4675-a2a5-1d308cbf7034,2,
6db6dfd4-7858-43b5-9fef-5a10709af015,426123df-d424-40e7-9d38-c3193f166742,c480ee87-cd0f-435d-af0e-5420dd22bec4,3,
168b0c12-3941-4aa9-925b-692c57df32db,426123df-d424-40e7-9d38-c3193f166742,83cf52a9-c523-472e-8a2a-c0e1239ae19a,1,
b4249e06-66e8-4e84-b6c0-564456159d7b,426123df-d424-40e7-9d38-c3193f166742,9aa342b6-487e-4c1c-8ec1-78fd66541375,5,
bf62d469-3f07-41f4-946f-a6240fc15bfd,426123df-d424-40e7-9d38-c3193f166742,9e94b653-b35a-42b2-ad9c-de5ed7456eda,2,
2b89a18c-c4bd-4e2a-acd7-d292d1cb2b26,426123df-d424-40e7-9d38-c3193f166742,5da0d14b-0ece-4fbd-b496-e576a5b73373,1,
f4c8ad6f-6797-4a9e-a435-851500f21e85,426123df-d424-40e7-9d38-c3193f166742,2811a7ea-64e0-460e-88a1-d9ed4259716a,4,
af91ac5a-e3b5-4ed5-8d73-ec98fe6ce745,426123df-d424-40e7-9d38-c3193f166742,9cfbb664-5471-4d09-995f-f09d83e04802,4,
564def05-a8f8-4b51-af31-d5375adbf9a2,e8aba31d-3650-44e4-8d20-6b0f559a8846,47c04f89-1177-4ba6-9831-f10bcc7c4fb6,5,
0cf327c4-d32b-4334-89ad-8513d49ef2c5,e8aba31d-3650-44e4-8d20-6b0f559a8846,420cadae-e94e-4c19-9c4b-6c44976550a7,3,
07f7ce81-f25e-432f-a0ea-f4de8c6dedb2,e8aba31d-3650-44e4-8d20-6b0f559a8846,f7c138de-3d03-4eb7-b064-de4171c7b159,2,
edd1a93c-1bdf-41a0-b946-babd645ddc59,e8aba31d-3650-44e4-8d20-6b0f559a8846,51826a57-a2e1-41aa-99e4-b5c9f4d8b215,2,
01e6b1f8-1d54-4edd-8664-b93ca7be7284,e8aba31d-3650-44e4-8d20-6b0f559a8846,86fe1b17-49d9-4fad-ace5-d366edd15072,5,
0cb58a15-ae1e-406d-bb79-1c56de35ca62,e8aba31d-3650-44e4-8d20-6b0f559a8846,61c701fb-8b96-456a-83bf-9be9f9ebf7e1,2,
84bb88a2-b021-41db-9d82-dfdbe13baaed,e8aba31d-3650-44e4-8d20-6b0f559a8846,6ac268c2-ee2c-447f-b6d4-674f80903296,5,
de0f04eb-783b-41ba-85d1-3d37f75f5aaf,e8aba31d-3650-44e4-8d20-6b0f559a8846,1a9d7c15-804f-455e-82e7-008f53201708,3,
d184df02-43bf-4f45-bdaa-a72c0d86c2c8,e8aba31d-3650-44e4-8d20-6b0f559a8846,ec15f0ca-eb33-49f8-978a-6900b3ecec8c,2,
e12af4b0-3b56-47ad-b102-8065afe0c1c8,e8aba31d-3650-44e4-8d20-6b0f559a8846,98460a17-2165-4c49-9575-c177abc40069,1,
94c57e40-64f2-45a8-ba39-86373b239190,e8aba31d-3650-44e4-8d20-6b0f559a8846,678e6a71-a6cb-43be-b731-cbdda5cd7ff3,3,
be8420bb-1a41-4da7-bfe5-8b7e6c49bbfa,e8aba31d-3650-44e4-8d20-6b0f559a8846,95ec9a0c-9c49-449d-a6ef-7fa59339030c,2,
4502adcb-5cba-4771-8267-103befc00563,e8aba31d-3650-44e4-8d20-6b0f559a8846,5acf7048-de2c-4203-92e2-0f5917ef9f3d,1,
c64661a0-69ba-423f-b39e-abab5cc88c72,e8aba31d-3650-44e4-8d20-6b0f559a8846,82d0f3ef-ce1d-46e7-a389-5ddde49e3f3f,4,
5faa4346-f774-4808-9f6f-c6dbfa168293,e8aba31d-3650-44e4-8d20-6b0f559a8846,35ee300b-bded-48f2-a958-dcd800dc4451,5,
71dd5c2a-5789-48b7-801b-c7725d41ae7e,e8aba31d-3650-44e4-8d20-6b0f559a8846,620bd95c-d423-4dd9-8f78-6f949f55b097,4,
e8a6b290-1079-45be-91cb-16f0a031190e,e8aba31d-3650-44e4-8d20-6b0f559a8846,20da44fa-e343-4eac-869f-e1ac3efe5b62,4,
ec58dd1b-530e-4905-b946-d67eddb703d1,e8aba31d-3650-44e4-8d20-6b0f559a8846,c08a939a-c9db-4ee7-920c-cae7b4c0107b,1,
247e172b-0dd9-4a70-b357-6f4d8ee500e2,e8aba31d-3650-44e4-8d20-6b0f559a8846,5366714a-52f4-4925-b67d-cc972474077e,4,
5a2fe90a-cbeb-47dc-8f95-70772cd5c3d6,e8aba31d-3650-44e4-8d20-6b0f559a8846,934fa932-7215-4484-8d23-58c9d5df6fee,4,
55934441-0dbf-4dc9-b281-16b7305bb9bc,e8aba31d-3650-44e4-8d20-6b0f559a8846,b10f7c16-623b-4ffe-bf9e-cf3460fc69b8,2,
b30aa5d2-895b-488d-9498-3c801ef8a9ed,e8aba31d-3650-44e4-8d20-6b0f559a8846,ce50e291-fbdc-44a6-a5a1-8ce4953e0a6a,1,
059d548d-a5cd-4020-968e-6df0b825d019,e8aba31d-3650-44e4-8d20-6b0f559a8846,b34857b8-13e2-45ce-aa70-bcfdac47e1c6,1,
ba505e74-2bd5-4c03-90a3-d04de5bd7497,e8aba31d-3650-44e4-8d20-6b0f559a8846,41ab20ce-ffb0-4dcd-8417-0edaeb7d172b,3,
ff0a79d7-6698-494b-82d7-ad90635a4e67,e8aba31d-3650-44e4-8d20-6b0f559a8846,85735cc8-2844-4133-a0ee-e4c7f90bf504,2,
862d100a-7a01-43a5-8064-f7029f030c6f,e8aba31d-3650-44e4-8d20-6b0f559a8846,08f0d77c-ae4d-4ad0-8b20-2a43e58effce,4,
0946499d-d122-4c5c-b0fe-398e39d2c881,e8aba31d-3650-44e4-8d20-6b0f559a8846,d61d5dff-fe51-4ab7-a0f9-b8a900d985cc,4,
0de5d417-8866-4511-9091-b04a51fb558c,e8aba31d-3650-44e4-8d20-6b0f559a8846,ae18c85c-6a79-4066-9286-08ea609496ad,1,
8c7c7e64-2a49-4f72-9f93-5d713ab60632,e8aba31d-3650-44e4-8d20-6b0f559a8846,511cd4a7-3dcd-42ee-a765-af3d532a49e7,5,
4a3656a7-495f-4553-9592-d21d4b96e3d4,e8aba31d-3650-44e4-8d20-6b0f559a8846,7a421cd3-151d-418c-bf94-dabc10e64b53,3,
0459c87a-0ab9-44ff-b873-9ac12d1aec79,e8aba31d-3650-44e4-8d20-6b0f559a8846,8ba012c3-d763-48d6-89a1-049738098759,5,
d21de476-af85-4432-a92c-6135717cb529,e8aba31d-3650-44e4-8d20-6b0f559a8846,c422cd97-30b4-4362-9ad7-73a0a0710c94,3,
0b59ce71-ecb4-4969-b29a-980777dbbb41,b3ad2753-b9d3-43f1-a7f4-ed14388a6521,fc5b90e0-1eb0-433a-8e20-447d82e9635a,5,
5a7937d8-f59b-435d-ae48-689d572c34bb,b3ad2753-b9d3-43f1-a7f4-ed14388a6521,7dfa5856-95ab-422d-8452-126fc1a8f5ac,3,
36075c17-244f-43ae-ba2c-0f9d6b11084b,b3ad2753-b9d3-43f1-a7f4-ed14388a6521,d062eee1-9751-4c11-bb0d-08de6af1b375,1,
ccfdd512-d7dd-4fc6-9942-62ab9ba226da,b3ad2753-b9d3-43f1-a7f4-ed14388a6521,65f794d8-bfab-4581-b27b-af3cd4a6c747,3,
34b58e12-9674-4c30-be5c-7dad31b0e93c,b3ad2753-b9d3-43f1-a7f4-ed14388a6521,190ad492-4a08-4fb9-aa1d-87a4bb411e61,2,
bc42cbd4-dc74-47e3-9124-6b86e1af4bd5,b3ad2753-b9d3-43f1-a7f4-ed14388a6521,cdad7e87-5475-452c-aeb9-35735f707e5c,2,
d62e4ac7-915d-4683-9330-b4d2015406ab,b3ad2753-b9d3-43f1-a7f4-ed14388a6521,f14ad8ba-ead3-4e0d-92ce-a20b436acfff,5,
07241d96-5439-4760-9fa5-55dff586e6b9,b3ad2753-b9d3-43f1-a7f4-ed14388a6521,3b40d52c-1359-474f-9a9b-099e49441b30,1,
d62e315c-0197-454d-8c51-a84057d4acb8,b3ad2753-b9d3-43f1-a7f4-ed14388a6521,37ad12ca-23bc-48ce-9066-97cae9081a14,5,
349e5fc3-809a-4990-90f3-2e0133caa652,b3ad2753-b9d3-43f1-a7f4-ed14388a6521,10cd0665-87e3-41db-994f-e6590adac7a0,2,
e2e6fbf6-42ed-4dd7-8fa4-f5ded5d830d4,b3ad2753-b9d3-43f1-a7f4-ed14388a6521,c8357d30-5a30-472b-8699-61532126f261,2,
69cefa37-3220-42b5-8075-95cb594d0b72,b3ad2753-b9d3-43f1-a7f4-ed14388a6521,6fb4046f-58e2-43a2-a9fc-c01bd9512892,2,
bafd42cb-0d85-4380-82ec-2975854c0557,b3ad2753-b9d3-43f1-a7f4-ed14388a6521,ecee504c-10e3-44cf-8eca-9dda01784c69,1,
69077f25-009b-4ec9-b574-efd85ff236a7,b3ad2753-b9d3-43f1-a7f4-ed14388a6521,c0af47be-7bde-4abe-aee2-bb494bf9eccf,2,
4315aa2f-277f-49af-b227-5f6debeaac63,b3ad2753-b9d3-43f1-a7f4-ed14388a6521,78d54fe2-b4cd-4618-b84b-4df6af7afb44,4,
abf85267-6415-442c-b7e9-e04c2263020c,b3ad2753-b9d3-43f1-a7f4-ed14388a6521,de31e923-7d7b-4977-b5e1-72a707ab5933,2,
e62dbb2b-8547-4200-90d4-6b64d594dfb3,b3ad2753-b9d3-43f1-a7f4-ed14388a6521,a9c84282-84e8-4544-9da8-fc2e381f24fa,4,
a6ad5568-48c1-4251-8538-0143abf5bc6e,b3ad2753-b9d3-43f1-a7f4-ed14388a6521,4607205e-5259-4df7-958b-424102222e97,1,
3dde1a7a-603a-4f48-ade4-fbc1307c772b,b3ad2753-b9d3-43f1-a7f4-ed14388a6521,16f944c5-09ef-4040-887c-ff3f33c20f6e,1,
0185904e-bc0c-46b2-beb9-2859ff035044,b3ad2753-b9d3-43f1-a7f4-ed14388a6521,4e25a7f8-3789-4a1f-9747-d8580ed097d7,4,
3516d42f-dd00-4b02-8e13-5cdabe4c3253,b3ad2753-b9d3-43f1-a7f4-ed14388a6521,2a8b1097-e3c2-4cf6-95f2-c7be61c41c98,3,
9ae2e84a-e444-4843-9c4d-00e3e8da0a1a,b3ad2753-b9d3-43f1-a7f4-ed14388a6521,9f393e7e-2b11-4c3c-abab-76b910ff9b33,2,
c108c1ca-839f-4efb-9d76-4a8938009e13,b3ad2753-b9d3-43f1-a7f4-ed14388a6521,691c384c-5018-4d52-ad44-eea4de6808da,5,
e80b5b37-1f6d-44e5-bca3-19bebdf9b573,b3ad2753-b9d3-43f1-a7f4-ed14388a6521,d74c7528-d7b3-4a2f-94ca-f30e1a898de6,1,
18769afc-08b4-4d8f-bc8b-46b025a9f449,b3ad2753-b9d3-43f1-a7f4-ed14388a6521,b9f03c3d-67f3-4af5-ac5b-6aa39dff4217,3,
b9d97c8d-fb3d-45e7-8422-fda859399fa1,b3ad2753-b9d3-43f1-a7f4-ed14388a6521,814c9c71-8544-4a90-aca7-df338924d832,5,
08b92925-4089-4354-af30-2867382f0e6f,b3ad2753-b9d3-43f1-a7f4-ed14388a6521,1d7bc58f-8e77-4646-b993-a6e1ce33f9b8,2,
1203b17f-6b1a-4f33-8b86-63f9386c9808,b3ad2753-b9d3-43f1-a7f4-ed14388a6521,758e0794-713e-4639-97ba-e9240a45f50f,5,
61e5f5c8-fbdf-4939-a53d-fd9b6d35614f,b3ad2753-b9d3-43f1-a7f4-ed14388a6521,86767a41-fb1c-44e2-a99e-7ec31b226468,4,
e3ac0d7c-6cb1-41f7-be4a-107949308518,b3ad2753-b9d3-43f1-a7f4-ed14388a6521,125ee29b-925e-4366-a707-bbea19e74a7f,1,
6ea02668-85e2-4988-b2de-f2ce24712982,b3ad2753-b9d3-43f1-a7f4-ed14388a6521,b8cd4a50-4695-4515-9537-f0d82ee53af2,3,
6369884c-a7a3-48f9-90ed-203564141e06,b3ad2753-b9d3-43f1-a7f4-ed14388a6521,c0716b75-58c3-4d2f-a6bf-6f1e4cad5e07,2,
725905fb-32c8-4be8-b6f0-daef84fdb43f,b3ad2753-b9d3-43f1-a7f4-ed14388a6521,ab260974-4623-472c-8261-6c8177dce327,3,
ac280c63-cefc-4570-86a2-65c7af54a2a4,b3ad2753-b9d3-43f1-a7f4-ed14388a6521,78de7f85-a888-4054-bfa5-89a86cb753a7,1,
008280a0-7bf0-482c-8ac4-56a94ec9b292,b3ad2753-b9d3-43f1-a7f4-ed14388a6521,f7e0018a-6f42-4b20-9b8b-773dd111e5aa,2,
82420f40-a3c3-4896-a38f-cd30c0b423e8,b3ad2753-b9d3-43f1-a7f4-ed14388a6521,091ddbe6-2048-462c-b9cc-2428cc1fefcb,1,
e6ac9f71-6dc9-46d1-8f56-4d8af0106914,b3ad2753-b9d3-43f1-a7f4-ed14388a6521,8802d9fa-ce0f-4689-987e-c0f4b42c0733,2,
74255d3a-32f7-4c89-a5a7-112aacdd6c53,b3ad2753-b9d3-43f1-a7f4-ed14388a6521,4653dced-14ae-4ef1-893d-33153b045bf2,4,
45bcad31-cc78-4202-a654-f00f45cba76c,b3ad2753-b9d3-43f1-a7f4-ed14388a6521,be682be9-9e00-46b0-b37b-6e3f44b02ac6,4,
b90e6e2e-8e21-417f-9b6a-e549114bd090,b3ad2753-b9d3-43f1-a7f4-ed14388a6521,fb126a7a-4706-4ae4-b160-e1b6f4b5eac1,3,
c8c866bc-ba99-4c64-aaec-e42edb7c8347,b3ad2753-b9d3-43f1-a7f4-ed14388a6521,48537fb7-a6f3-4098-a185-af0b55227a98,4,
806c9a26-66bc-42a5-9cc6-930e28d250c9,b3ad2753-b9d3-43f1-a7f4-ed14388a6521,28dc149c-af86-45e0-a6ad-16f6ecf634e2,2,
04219b5f-00a2-4264-895e-ded6c8b423a5,b3ad2753-b9d3-43f1-a7f4-ed14388a6521,e3f5eec9-ba88-46c7-81b2-91c43f159576,1,
f910a5ba-a1bf-4e3d-9350-452645a615e0,b3ad2753-b9d3-43f1-a7f4-ed14388a6521,1747dba3-7209-42c1-acf1-b85ca6f14c88,5,
78c78db7-4db8-479c-bcc9-997277c98414,b3ad2753-b9d3-43f1-a7f4-ed14388a6521,d7f6a704-1041-4ede-afae-36d6414145f4,4,
f8378947-be71-4735-8502-340fc62fbc19,b3ad2753-b9d3-43f1-a7f4-ed14388a6521,f39f7f0f-3628-4ce6-9c3d-5972946bd171,4,
32068e4b-6b49-404b-9da4-470dffc91acb,b3ad2753-b9d3-43f1-a7f4-ed14388a6521,4cfa31f3-06d5-479b-bcbd-92db17ca09a8,4,
1c0d8530-825d-48fe-8666-2278bdc4a161,b3ad2753-b9d3-43f1-a7f4-ed14388a6521,533a8a4c-7bbe-4a78-a73c-2a43285a93c7,1,
c6812160-d261-4f37-a214-e397686c4040,b3ad2753-b9d3-43f1-a7f4-ed14388a6521,13ef7295-d3ee-4662-ab81-effa3cddb58f,5,
25774dc9-92bd-4758-8431-b1a4b14f556e,b3ad2753-b9d3-43f1-a7f4-ed14388a6521,c50e4c39-86b8-4b82-91e6-be1553697f8c,3,
63db2a2a-7643-479f-9ad5-120e9c20891f,35bf0f4d-7e4f-44e4-81f1-09748b01c27f,7051ece2-0e27-4d92-9924-db98910c4987,5,
1bd13264-139e-4180-a760-bbc59b0ba32b,82159e48-8459-45f1-8dfe-6e4c6e37224f,ebb4c80b-aeb6-47f7-b39e-9b2034a3e788,1,
f62d825b-07a3-4bc3-961d-f3ad264aa5ec,82159e48-8459-45f1-8dfe-6e4c6e37224f,dff7a5c1-7d6d-4fa2-8b2c-4f079b221a5e,4,
c39f493f-69cf-408c-b989-0a836d1ab8e0,82159e48-8459-45f1-8dfe-6e4c6e37224f,ae5ddab2-4edd-4e5b-8092-db64a41e8cbc,5,
ecad8f35-cf03-44d3-9b2b-213745e1eb69,82159e48-8459-45f1-8dfe-6e4c6e37224f,39f0e523-74ef-4707-b21f-722eb89752b4,5,
902ad980-6590-4a6b-a283-1fd7f84f94bd,82159e48-8459-45f1-8dfe-6e4c6e37224f,0f6d64dc-0cd3-4fd1-bf73-319cce2a6243,5,
94d7456e-61c6-418d-9cf5-eed67a1f0873,82159e48-8459-45f1-8dfe-6e4c6e37224f,8c61d99d-ff23-4cfb-bfed-1f6d111c221c,2,
6202a053-dd54-4acb-992e-27b8c2ef9638,82159e48-8459-45f1-8dfe-6e4c6e37224f,215fd3c5-8485-466d-8e1f-1878a0b753bd,3,
59ae0731-6cc9-47b0-9e74-ef18ad8423a1,82159e48-8459-45f1-8dfe-6e4c6e37224f,35699b61-2d80-4602-9d32-ca794e7893b0,4,
1b927b8d-238f-42e7-8e6c-8587c2428d76,82159e48-8459-45f1-8dfe-6e4c6e37224f,801f58ae-5db7-428d-904d-55edbbb42cb8,3,
438985b0-41f4-42d3-ad8a-d6deb1e8dc4a,82159e48-8459-45f1-8dfe-6e4c6e37224f,8f53db6f-64a7-471e-bdf0-89101b7185ce,1,
1f173768-b443-44e6-a202-f8e51d577099,82159e48-8459-45f1-8dfe-6e4c6e37224f,6f68eada-dc64-46e0-b9fd-eab4726191a7,4,
1c8f3526-8658-4e5c-8c90-28eae813eb09,82159e48-8459-45f1-8dfe-6e4c6e37224f,4dcff7cc-0fe7-48f5-9230-63f9509031e2,5,
dd97702e-a615-4775-9074-af4e82ae402f,82159e48-8459-45f1-8dfe-6e4c6e37224f,df3dc3b2-3be0-4fe0-ad74-25ef0bbf8f49,1,
0ec05aaa-00fd-41ac-bde1-fc26eeee2224,b1c321dd-954f-49fb-8812-a8e2c59b8ff8,c52d715c-3f5d-4009-946a-1ee1f6e3ab75,1,
cb8fb264-4b6b-406a-9cbf-b085d9e9ea85,b1c321dd-954f-49fb-8812-a8e2c59b8ff8,7c6f01bc-1ba6-49a5-a0c4-e75b1b8d1349,1,
da41e7cb-2a08-4dee-988d-ff6a2199a813,b1c321dd-954f-49fb-8812-a8e2c59b8ff8,4bcf029d-f0a1-48ca-8f93-a95c9b417c7e,3,
3843ad97-5bc1-4f5f-b8cf-65d177792d05,b1c321dd-954f-49fb-8812-a8e2c59b8ff8,daacadb5-0a91-4c29-b917-fdcc14918a23,3,
6d7d94b8-1c1b-4df8-b5e5-3dd54e2c9b40,b1c321dd-954f-49fb-8812-a8e2c59b8ff8,a617f3b2-00a8-4300-a6a9-302ac0bd0fef,5,
96873c4e-95d6-4300-bee2-319e2605b475,b1c321dd-954f-49fb-8812-a8e2c59b8ff8,b4d02f1c-8078-44fe-9565-332f657cc3fd,4,
a295596f-677a-4a68-82ec-9f37107f0838,b1c321dd-954f-49fb-8812-a8e2c59b8ff8,8568966d-cd9d-476c-9762-f937436af072,2,
42eb44e7-b48b-4fd5-91c1-d2d0f3d22eac,b1c321dd-954f-49fb-8812-a8e2c59b8ff8,14989725-dfb9-447f-a637-db9d13791b22,1,
ac894157-b24b-4cb0-8eed-433c0bfb8fd1,b1c321dd-954f-49fb-8812-a8e2c59b8ff8,f0b1e051-05f8-4c32-8bce-8b13674c1d7c,1,
b3a445f6-4af7-4ff1-ba23-3e42454d9f4b,b1c321dd-954f-49fb-8812-a8e2c59b8ff8,a2fc3b3f-8c10-41c8-ab69-c096d0b9c8e2,4,
a79527ac-c306-4fbf-a8eb-ed3255fb9216,b1c321dd-954f-49fb-8812-a8e2c59b8ff8,f88623c2-50b0-4648-b3fd-6d2016dbbf56,3,
fd996363-9d81-4093-9374-20184393662a,b1c321dd-954f-49fb-8812-a8e2c59b8ff8,7c95e772-c753-43aa-86cc-17bdd476bbae,5,
8bd7bd33-e325-4fff-b876-21406a33f68d,b1c321dd-954f-49fb-8812-a8e2c59b8ff8,cc193b13-7d80-4839-8efe-028f2b4c1641,2,
13322df9-cb71-459b-9e91-26f954a5cb3f,b1c321dd-954f-49fb-8812-a8e2c59b8ff8,87616db5-4d05-42bf-8f22-46b86968ee02,3,
af7cdc67-f752-4f3b-926d-334178796319,b1c321dd-954f-49fb-8812-a8e2c59b8ff8,a9e79cf9-dc6e-4321-9255-5eea07124a60,1,
1ea75ab9-206d-4857-b4c9-f3a94446422b,b1c321dd-954f-49fb-8812-a8e2c59b8ff8,af8569c0-1ff3-4525-874b-4a7ab3850106,4,
baac3c95-2d94-4d79-bb60-7746c7301561,b1c321dd-954f-49fb-8812-a8e2c59b8ff8,691f4291-4f0e-47dd-bba7-b8fa7cf36f19,1,
389d47b7-39c2-40c2-8faa-b8ae7a114cd2,b1c321dd-954f-49fb-8812-a8e2c59b8ff8,02062974-5adf-4602-b50b-3cf6ee7a5d85,1,
1284f76d-98ed-48e4-a5a6-45ae18044661,b1c321dd-954f-49fb-8812-a8e2c59b8ff8,378e3ee6-4569-40fa-a4ae-288b035d6101,1,
7af12073-7132-4e81-95ec-9b0a328a5668,b1c321dd-954f-49fb-8812-a8e2c59b8ff8,b1a67339-b2fd-4989-a993-98ac35c23b13,1,
af96e37c-26d2-4017-ad1f-ab810eec2419,b1c321dd-954f-49fb-8812-a8e2c59b8ff8,50863b93-f18a-4988-a139-b532e88e20a8,4,
43a8808c-be7c-44c3-a1ef-61b96ed84bbd,b1c321dd-954f-49fb-8812-a8e2c59b8ff8,9e6c4781-73fe-4a64-9b00-5acaf23df1e4,2,
15dbcb67-2f80-483e-8628-c8158a571e25,b1c321dd-954f-49fb-8812-a8e2c59b8ff8,03836ffb-176e-45fc-8ffd-34559039b7a0,5,
1e05679f-ff98-4f44-b955-8c69ad828e38,b1c321dd-954f-49fb-8812-a8e2c59b8ff8,95237c9c-27b7-40c0-830a-c2ed0372d563,5,
df0be2cf-8bea-483d-8207-29a44667c543,b1c321dd-954f-49fb-8812-a8e2c59b8ff8,253b2524-ca25-4642-b13b-58bd62ab45dc,4,
ea80ff9e-d8a8-4364-b2f3-ff1aac7a52de,b1c321dd-954f-49fb-8812-a8e2c59b8ff8,1cfac5a4-f5eb-45a5-beba-df83ab7dbd9b,1,
41eb9d22-4c77-441d-88b0-6147d029dd4c,b1c321dd-954f-49fb-8812-a8e2c59b8ff8,63d39e63-ceb6-4803-a3d3-8fc95beaaaff,3,
1a81637f-6104-4fa4-9c51-0ba85060b9ad,b1c321dd-954f-49fb-8812-a8e2c59b8ff8,95a6ca0d-37ed-4286-a396-cfc8ea9c13a4,5,
fbe60199-7454-444f-a883-74691476a0d0,b1c321dd-954f-49fb-8812-a8e2c59b8ff8,f970d2b5-d885-48e2-8abd-4e6f4cfd268f,2,
e33e991d-b742-4cbc-8ac6-0bb129bac667,b1c321dd-954f-49fb-8812-a8e2c59b8ff8,ce8d9674-14ac-4787-919c-a365d4bf0228,1,
5b89d177-38f1-4158-b128-733c3e237264,b1c321dd-954f-49fb-8812-a8e2c59b8ff8,2767267a-114e-4d68-8d3f-644895b70821,5,
83d2124f-83ca-461f-bcad-f65512421aca,b1c321dd-954f-49fb-8812-a8e2c59b8ff8,480fc05a-06bf-49b2-85c2-02325ff6e64b,4,
d9ca9692-4ca1-4736-bb78-2a035d5931bd,b1c321dd-954f-49fb-8812-a8e2c59b8ff8,56d8a162-3b32-4854-aa80-6eb19cd9763c,4,
532e0cd1-9c7a-4822-953b-09e9818a6f11,b1c321dd-954f-49fb-8812-a8e2c59b8ff8,ba8bec99-03dc-4ecb-b57e-9a5736f09822,5,
eff27618-9084-439a-8596-a0134c7e4d2e,b1c321dd-954f-49fb-8812-a8e2c59b8ff8,abc05dc0-c4e8-43b9-870b-2acd604080ca,4,
53893ea2-448d-4846-97bd-75d9d9f47b16,b1c321dd-954f-49fb-8812-a8e2c59b8ff8,2b20150b-42f8-493a-912b-5c61d6b3c7f2,1,
be6867b1-b991-479d-baca-8c6f1a78e858,b1c321dd-954f-49fb-8812-a8e2c59b8ff8,c0dc4253-d978-4a3b-80bd-7f2340b5c349,5,
c274de75-e5e2-4f23-8451-de5e20f9a866,b1c321dd-954f-49fb-8812-a8e2c59b8ff8,2004ae31-2d1a-4360-858b-b78cf67477d8,1,
e2420b8b-4772-43bc-971c-3dc6ee933a8e,b1c321dd-954f-49fb-8812-a8e2c59b8ff8,6be54544-1365-402d-adcc-47ac44d4291b,2,
9b1dffdd-9ce8-4a41-bd62-7351238411dc,b1c321dd-954f-49fb-8812-a8e2c59b8ff8,d0ba4c72-e229-4ec5-876e-a9e54efc4697,5,
106e1b9a-e7c1-4893-906b-154b21c2d8a3,b1c321dd-954f-49fb-8812-a8e2c59b8ff8,d8ca80a0-fe17-49a6-8f2a-b006a0bd3748,4,
297591c3-5f91-478c-b8f1-3b9cc84d12c6,b1c321dd-954f-49fb-8812-a8e2c59b8ff8,9f23ea9a-cd82-4c80-8c06-0ce5893a3b3c,1,
4dbb3e99-1fdf-4326-b87a-269124d42724,b1c321dd-954f-49fb-8812-a8e2c59b8ff8,711fbdad-00df-4fb3-a950-578fde79054e,2,
d03e56ef-cd59-4790-a84d-7734a59eba91,b1c321dd-954f-49fb-8812-a8e2c59b8ff8,91a1ab57-662a-4219-b579-9e98b2bb18e2,1,
b69afb15-e3db-4e9a-a6ff-de77ea196b1f,b1c321dd-954f-49fb-8812-a8e2c59b8ff8,8ea82e17-c61c-4805-a156-e9a21f598b86,4,
0d789b94-c946-41fb-ab1e-ff9f91d4c00d,b1c321dd-954f-49fb-8812-a8e2c59b8ff8,63e1941a-ee73-4471-a57d-454aa9afe0f3,1,
ff6ba0f3-0c3e-484a-9bf4-d2d2da9de88f,b1c321dd-954f-49fb-8812-a8e2c59b8ff8,c8fd1c5a-4a5d-4706-9a84-2e11fe5e87cb,3,
48bbab84-f868-4b01-8156-36e169857fa3,b1c321dd-954f-49fb-8812-a8e2c59b8ff8,841ffdb1-874e-4532-bf3e-50317ac25a5f,4,
ba22c3a7-f3a7-4e85-88d9-00d91702bdd5,b1c321dd-954f-49fb-8812-a8e2c59b8ff8,115fc097-5d63-461c-9ff0-6811f08985e3,1,
ad3c088a-025d-42cc-bcb6-07d003861555,b1c321dd-954f-49fb-8812-a8e2c59b8ff8,5d83d11e-dca4-4326-bfa2-601a048f9c67,1,
cc200547-32a5-4f3f-8c01-62f9fc0c0409,b1c321dd-954f-49fb-8812-a8e2c59b8ff8,283038b8-de63-4901-845d-69f56be88ed7,1,
e9d669ad-fda8-46d8-b78a-ac4a0883f815,b1c321dd-954f-49fb-8812-a8e2c59b8ff8,42c7a6b0-98ef-412e-b3e2-a0f1b05229ed,4,
25ef5496-b0ff-4c7d-9a53-5af02f1f5268,b1c321dd-954f-49fb-8812-a8e2c59b8ff8,8af8db46-8e1f-44c5-bbd1-2ec37711ad66,3,
3bc15664-81d5-4456-bb29-f2414c895544,b1c321dd-954f-49fb-8812-a8e2c59b8ff8,e83f7ec6-869e-4d8a-bfd8-59829b99a4c6,1,
62a7a673-7837-40b4-9d71-52db0569ceb8,b1c321dd-954f-49fb-8812-a8e2c59b8ff8,0b133858-6e72-4925-9512-ec7a72c11e1c,4,
8f1c45fa-d83b-4ca4-b95f-a06b27b5f180,b1c321dd-954f-49fb-8812-a8e2c59b8ff8,2ef8e5b6-6368-487e-ac27-b8b774fc118f,5,
e18a93ca-43e3-4f45-9ac0-3f9f95d43cce,b1c321dd-954f-49fb-8812-a8e2c59b8ff8,7e46a9f6-4e66-42d6-bb91-6f11726139fe,1,
7d86b824-4115-4078-ac96-021c0f019333,b1c321dd-954f-49fb-8812-a8e2c59b8ff8,2740bab0-2e6e-45c3-92d4-abf91988e73a,3,
a51801aa-4717-478b-81ac-2b0cab49cd4e,b1c321dd-954f-49fb-8812-a8e2c59b8ff8,ef3ab09e-a293-4219-bd3c-f78ef7ecd0e2,4,
30240773-0e94-40e0-9b49-8525e50b93ac,b1c321dd-954f-49fb-8812-a8e2c59b8ff8,6e5542e4-43e5-45bc-8b9b-9b496f160780,5,
7b6aad5c-0159-4b3e-8f2f-bab12d2834fa,b1c321dd-954f-49fb-8812-a8e2c59b8ff8,1d1432f0-ce93-439d-899c-483442256866,4,
7e957bbb-4ef8-46be-9566-99a906a769d2,b1c321dd-954f-49fb-8812-a8e2c59b8ff8,82042e95-5008-4494-8228-96b84c29325c,1,
fec0a556-da6d-4564-822e-a729aa975a46,b1c321dd-954f-49fb-8812-a8e2c59b8ff8,80448370-aa9d-40b4-86a1-66c6d98564f0,4,
6b1581f8-9e18-4ea7-86f6-0ea47cb82e16,b1c321dd-954f-49fb-8812-a8e2c59b8ff8,e1a04689-c73a-4132-a187-b4f1509b477c,2,
470c8749-7832-4ba6-abde-0accab5584ec,b1c321dd-954f-49fb-8812-a8e2c59b8ff8,d224545a-46ce-4fbe-92c9-89972c2ce07b,5,
87ec1434-6cde-40f5-84fd-e15d99c2c803,b1c321dd-954f-49fb-8812-a8e2c59b8ff8,def18701-b066-42b0-b042-234be0efbb76,4,
8ab03f61-35ad-443c-bd88-c5a2de440ea7,b1c321dd-954f-49fb-8812-a8e2c59b8ff8,2f84102c-b3a5-4e57-ba3f-3d03824fd201,4,
44e8a975-2da7-49ba-9746-dae3bdcdd07e,b1c321dd-954f-49fb-8812-a8e2c59b8ff8,1043d7e9-02d5-4eee-b1e9-7bb1e3632664,3,
b7490c55-8b7a-4651-841b-c061e4da45c4,b1c321dd-954f-49fb-8812-a8e2c59b8ff8,7cd52b9e-f702-4e44-8cc0-3835335b45e9,3,
d1fb6946-53c4-4dff-a36d-93380d12a228,b1c321dd-954f-49fb-8812-a8e2c59b8ff8,c7575c1d-87e0-4335-bfc8-9f686bdc5737,3,
4810d588-78e0-42d9-8c35-342ef436d648,b1c321dd-954f-49fb-8812-a8e2c59b8ff8,31689931-b935-49af-98db-1cb4dcb9d7ae,5,
197b05f6-7f04-4ac2-88c7-d4a52401c86f,b1c321dd-954f-49fb-8812-a8e2c59b8ff8,13ef7295-d3ee-4662-ab81-effa3cddb58f,5,
cfffab16-080c-410c-8473-548ac3cf19fb,b1c321dd-954f-49fb-8812-a8e2c59b8ff8,a877e82f-671f-4f4b-8282-e6c6159365fd,1,
cb1831d5-31db-47a7-9800-06f50cea16d2,b1c321dd-954f-49fb-8812-a8e2c59b8ff8,e21286c7-e86b-454c-b99d-8580571e6634,3,
b2721565-ff33-45e4-a955-b98f522ab181,b1c321dd-954f-49fb-8812-a8e2c59b8ff8,fe794bee-4705-4744-bc02-75c1b3ba8579,4,
b8d5ff65-5392-469a-8526-fd224a70d345,b1c321dd-954f-49fb-8812-a8e2c59b8ff8,294fefd3-578d-484e-8d16-453b8574f408,2,
491a292b-06f4-4ae4-a50a-d57fe09e3c82,b1c321dd-954f-49fb-8812-a8e2c59b8ff8,7e00d8e3-922b-4c32-944a-6d490077b11d,4,
a28208d5-fbc7-4c2e-b7e4-84dfd3fef7d0,b1c321dd-954f-49fb-8812-a8e2c59b8ff8,f16cd3c6-afb1-4450-9c8f-5d00f501b163,3,
6daf7805-87b2-4abc-8aaa-95c083eaa1d1,b1c321dd-954f-49fb-8812-a8e2c59b8ff8,0759eafb-21ce-42b5-8228-c7ad99952053,4,
df7dd08f-03de-4d11-bc02-fa114d4de9b7,b1c321dd-954f-49fb-8812-a8e2c59b8ff8,86c2908d-15ea-43c5-9831-4cfb7d304e16,3,
e8336eb8-80f5-44b3-9998-3c53fe10a954,b1c321dd-954f-49fb-8812-a8e2c59b8ff8,fac30f49-2bc1-47e2-95ce-4f36ca87b75b,5,
66b3923b-355f-4e4e-9663-f62f925d4762,b1c321dd-954f-49fb-8812-a8e2c59b8ff8,737d7eb0-b90d-4bb1-8a85-4ca9f6334a7b,1,
1f568a7e-1f5a-4f68-9420-35cfdc2968f1,b1c321dd-954f-49fb-8812-a8e2c59b8ff8,2d1a32cc-d5dc-4972-bc69-ad04408044e7,2,
88159e0e-f250-4fd6-86af-2d7c3825139f,b1c321dd-954f-49fb-8812-a8e2c59b8ff8,3bd377e8-a84d-48d9-9bf3-a26f9f8b46be,3,
7beee41a-0e86-44d3-aa30-d36bda6741b9,b1c321dd-954f-49fb-8812-a8e2c59b8ff8,571cabef-b8ae-45fc-99dd-a44cf27b1168,4,
7c12d629-27d1-40b0-86f4-8fa9298f1bf3,b1c321dd-954f-49fb-8812-a8e2c59b8ff8,9ed53466-d8bc-427d-9ce9-6264c5aebb2f,3,
d34e639c-eeae-43cd-842d-2381db932438,b1c321dd-954f-49fb-8812-a8e2c59b8ff8,75b58ced-934a-43c0-b980-068ae6dbbc68,5,
2aace3f2-a159-4692-8ea3-8cc9c857c10e,b1c321dd-954f-49fb-8812-a8e2c59b8ff8,fb92ce10-7186-47c5-8e26-f446f05e5e69,3,
6de50d85-b3e1-4bd5-8b98-b5b1e0a6e60d,b1c321dd-954f-49fb-8812-a8e2c59b8ff8,aebdddd0-abde-409e-a449-852cefbd92c5,2,
53bd6c63-bde3-4e39-9b94-f0008db43b41,b1c321dd-954f-49fb-8812-a8e2c59b8ff8,de37a0a3-9514-4ea8-bd89-40c581670d33,5,
c5dc6402-27bc-4bdc-8f1c-7ee747445f8e,b1c321dd-954f-49fb-8812-a8e2c59b8ff8,a427d02f-edd8-47a4-89d1-b0681f703cad,3,
768ad04c-416d-40f2-aecc-8e239bedf076,b1c321dd-954f-49fb-8812-a8e2c59b8ff8,89ade8f1-5bb5-4b32-8086-55a1665f1684,1,
cd6fb0cf-ad50-426f-af1b-1473d0945b63,b1c321dd-954f-49fb-8812-a8e2c59b8ff8,b4625480-9246-4006-8417-1a75159d952c,5,
a43ea96b-c51b-4d18-b205-89f91a7bff23,b1c321dd-954f-49fb-8812-a8e2c59b8ff8,c21a2a24-5bc0-4836-ab6e-4d0d86bcc8ff,4,
46891b21-3ee2-492f-a91f-645779ebc447,b1c321dd-954f-49fb-8812-a8e2c59b8ff8,0f3a96cc-b44d-4939-ac49-b63e51676fd4,4,
83df973d-b4ee-4da2-a05b-e603174ae5b5,b1c321dd-954f-49fb-8812-a8e2c59b8ff8,f2f7ee2e-cb04-4aed-b068-73b38fa58970,4,
efe42662-0c7c-4d8c-abe8-c6294023d740,bafbb53f-8d58-4e86-9050-02a36e634aa7,4190b197-808d-4054-b979-5dc9c6ea3335,5,
bf768025-b73e-405f-bfb8-2a22762db0a7,bafbb53f-8d58-4e86-9050-02a36e634aa7,9b14c176-3d67-41fd-82c3-ca6fb1c3bfb0,3,
0a687b68-1aba-4305-99b2-9dc52fcc25ee,bafbb53f-8d58-4e86-9050-02a36e634aa7,63d39e63-ceb6-4803-a3d3-8fc95beaaaff,3,
52a79a00-0371-462f-8f02-468ae3f16adf,bafbb53f-8d58-4e86-9050-02a36e634aa7,2b7ed824-589c-45ec-909b-28f6bab2547d,3,
8d1c9b85-f9be-4c0a-bcb6-495b5c787bbd,bafbb53f-8d58-4e86-9050-02a36e634aa7,75de1bf4-8cac-41a8-81af-bbfa5edbf337,3,
9cf5dc45-5204-4b00-9828-39b1fe50195a,bafbb53f-8d58-4e86-9050-02a36e634aa7,dcd9af64-8f2a-4a0f-a39c-ef969909699c,1,
4288d24e-1e8b-46a8-9d82-d27c15756cad,bafbb53f-8d58-4e86-9050-02a36e634aa7,31f5ddc8-43d2-499e-98ee-be28612ae94f,1,
b87ceec9-0b60-42de-ba37-c5b2924e321b,bafbb53f-8d58-4e86-9050-02a36e634aa7,ae5ddab2-4edd-4e5b-8092-db64a41e8cbc,5,
daa6119c-8d3c-460e-a8ed-28bb0f4e5b2c,bafbb53f-8d58-4e86-9050-02a36e634aa7,17b45232-505f-42bf-a0dd-3b08b8987a3e,1,
e8fa2025-bee5-41ce-a895-0d044f95f12c,bafbb53f-8d58-4e86-9050-02a36e634aa7,6838dd0a-e1cf-4771-a397-1562adbfef37,4,
d698bdf0-5c0e-455d-a529-e252289dd214,bafbb53f-8d58-4e86-9050-02a36e634aa7,30803bce-347c-4abb-b380-7bb420e81ebf,2,
c3d62c47-e93c-4a2b-87e5-86b576a67ef4,bafbb53f-8d58-4e86-9050-02a36e634aa7,ac2cb4ba-1649-4ebf-bfa5-4963f8629c50,3,
ce2004cb-162c-4ae5-97e4-ffa36aaa9339,bafbb53f-8d58-4e86-9050-02a36e634aa7,9d569181-bba8-4498-be7b-fbf6538b2a25,3,
602a541b-47e4-4d6d-a8cb-59b31bbf8397,bafbb53f-8d58-4e86-9050-02a36e634aa7,21d05aed-3b48-44a8-ab60-087d9d2a73ab,3,
911c2f10-ca4e-4024-86c0-61f9425106d0,bafbb53f-8d58-4e86-9050-02a36e634aa7,967b214f-a8ba-4341-bd17-c7c81ab43c28,4,
acf0c978-5d93-481d-a7da-20240a2ee809,bafbb53f-8d58-4e86-9050-02a36e634aa7,87c9ced1-224f-4820-876d-a2e815e36621,1,
f38b3874-a644-447d-9c91-9528363c2301,bafbb53f-8d58-4e86-9050-02a36e634aa7,27c71fb5-15fa-445b-a09d-bbb454fcc5dd,2,
909bbf79-234c-48e2-8d56-96eae254cde7,bafbb53f-8d58-4e86-9050-02a36e634aa7,be7a0b49-415a-47c6-87dc-e49da8aa2f81,5,
dac444d7-d3e4-4634-83c5-3ec246c1a93e,bafbb53f-8d58-4e86-9050-02a36e634aa7,a5f56851-98a0-4f67-9f8a-763e5c5930f2,2,
b06f1c9d-be2d-485f-b8ab-ddbbd089b578,bafbb53f-8d58-4e86-9050-02a36e634aa7,cc193b13-7d80-4839-8efe-028f2b4c1641,2,
64d9d71f-9ac9-470c-8a99-ab8cc8fca315,bafbb53f-8d58-4e86-9050-02a36e634aa7,f3521547-2465-4ae9-99aa-eaae478e3a0a,2,
e0c7218c-6837-4bbb-b633-1c84ba1941e6,bafbb53f-8d58-4e86-9050-02a36e634aa7,04e63d44-cf45-4590-8cb0-620d108a5907,2,
28ee8f1e-da47-4567-beff-18a815fb29cd,bafbb53f-8d58-4e86-9050-02a36e634aa7,1db2888d-db2f-4e9e-87ac-b6e99f7d074e,2,
dd3bd130-bbf9-41f3-b179-88c661e7c53f,bafbb53f-8d58-4e86-9050-02a36e634aa7,0b7737f5-0786-462b-9b46-656056d6c8f7,3,
38f98673-1008-4e8d-bea1-05a417f5c32e,bafbb53f-8d58-4e86-9050-02a36e634aa7,b262dc43-d86c-47fa-b943-f1af23ed942c,5,
18d361c3-bb0d-4908-9f1c-f9270349ace9,bafbb53f-8d58-4e86-9050-02a36e634aa7,8979b226-6c92-40b5-8538-3e1ea5ae1422,5,
5768f0f2-a043-4842-be0b-8057a00b892a,bafbb53f-8d58-4e86-9050-02a36e634aa7,16e6c87f-79e0-46c5-a99e-b784885bccd6,4,
f69acd96-5ed6-499b-b3fb-1187aa1bfc77,bafbb53f-8d58-4e86-9050-02a36e634aa7,e4f4a9f4-e91a-4f19-900f-7c1bdaeee18e,1,
dcd59af8-515f-4464-a7f4-25440a3636d6,bafbb53f-8d58-4e86-9050-02a36e634aa7,673280ee-950d-46b5-99f2-bfefb1db4390,1,
656a8f85-eb92-45de-a827-aab41f09620b,bafbb53f-8d58-4e86-9050-02a36e634aa7,965a5254-0b78-4671-8d87-02d633f9ea12,1,
40022371-63b4-4a6d-9ef2-f9de646d9545,bafbb53f-8d58-4e86-9050-02a36e634aa7,7ee1d4e5-3fec-4776-a6a1-1c4e830f8731,3,
7ea2fbc7-77e9-4980-865a-7c6a05156066,bafbb53f-8d58-4e86-9050-02a36e634aa7,4ac9d266-c246-4437-8112-d63474d7610b,1,
4aff5d8a-e8f3-49a8-b98f-c1f7602af0d3,bafbb53f-8d58-4e86-9050-02a36e634aa7,072af1f6-1266-46c4-9229-e921a8339339,2,
2209cad4-e22a-48cb-8063-f0cb81a04ef7,bafbb53f-8d58-4e86-9050-02a36e634aa7,b7eebaae-1bb1-4bfd-a84e-4d798a5cec58,3,
65cf6fd4-e3e9-413d-a5ab-e653916961a5,bafbb53f-8d58-4e86-9050-02a36e634aa7,7d15c5bf-9e17-4e9b-86c4-148601b896ef,3,
dc33b8d5-2108-42ce-80fe-483e25b47f12,bafbb53f-8d58-4e86-9050-02a36e634aa7,e83f7ec6-869e-4d8a-bfd8-59829b99a4c6,2,
f07136e3-7f7c-4f4c-81af-1e735fe70dea,bafbb53f-8d58-4e86-9050-02a36e634aa7,7d4e9ed9-408a-4976-a3b7-eca110861a0e,4,
ed7f965f-1a5d-44e5-b502-5ec3c8497fa5,bafbb53f-8d58-4e86-9050-02a36e634aa7,4d620e8e-1707-4737-b847-03a5f6da35c2,2,
b2fba088-aa1f-45a4-ab86-e51fb195dcea,bafbb53f-8d58-4e86-9050-02a36e634aa7,f487421c-c02e-4a97-85b7-e77c59050feb,2,
a9a8f0a7-7684-4228-a3f6-f2586ff106fa,bafbb53f-8d58-4e86-9050-02a36e634aa7,d3e474a0-d8e8-46a3-9968-c30f8b04a888,3,
ed21be61-891b-4f63-b91c-80418151c017,bafbb53f-8d58-4e86-9050-02a36e634aa7,59df05e4-814c-4ce1-b744-b2223b3b418b,2,
7d3f212f-d6e8-40ad-90e3-9c1e444cb79f,bafbb53f-8d58-4e86-9050-02a36e634aa7,6d9f5099-6e7e-4de4-9521-77b558cf68db,2,
5e816388-d632-47e4-9a62-ef9784edfbe8,bafbb53f-8d58-4e86-9050-02a36e634aa7,9d6f8ea2-5486-46b1-85c6-010b8d25a53a,1,
89bf284d-cb74-4731-84f9-5527719502d7,bafbb53f-8d58-4e86-9050-02a36e634aa7,76a3193d-df5b-4ebe-9aa8-58647847c96d,5,
6b884a2d-e545-412e-a03e-78025261b3ea,bafbb53f-8d58-4e86-9050-02a36e634aa7,e4ba3379-87d2-45ee-82cf-c961c9889ab4,3,
6c03616c-9b1c-4472-a218-b8cd47fd0094,bafbb53f-8d58-4e86-9050-02a36e634aa7,d34abb3b-8f78-4a47-b514-e3dd726683bd,2,
763aafd4-d481-4ab0-9b71-88dc622289a6,bafbb53f-8d58-4e86-9050-02a36e634aa7,7ac48d54-25bd-499d-ada1-d453a2af9109,3,
05688a51-2b0e-45f6-bf3d-024b9c37a770,bafbb53f-8d58-4e86-9050-02a36e634aa7,5d47fe26-1b8e-4ed4-8807-3ccf0d859fa3,1,
25d066bb-1daa-4ec5-8251-a2a3a6d4aba4,bafbb53f-8d58-4e86-9050-02a36e634aa7,16d4f94f-b353-476b-b6be-4cbd1fd11a64,3,
c1dd659c-82c7-42dd-9fc4-c5b8c63ccce4,bafbb53f-8d58-4e86-9050-02a36e634aa7,886806f3-24e7-4ad6-9cdd-80163c41059f,1,
a07c304d-5d86-4357-8c45-877ca12162d2,bafbb53f-8d58-4e86-9050-02a36e634aa7,483da293-1809-4a23-9833-34ff4177f640,5,
57b30c40-12ad-4557-b16b-8327197dc600,bafbb53f-8d58-4e86-9050-02a36e634aa7,f5ff8e65-1b9f-4460-bf82-b22f109b78cb,3,
6a5d3714-f65d-4b67-8a7e-427deefeaf64,bafbb53f-8d58-4e86-9050-02a36e634aa7,536f6337-b181-44e1-9a65-bbc299530dbb,3,
63550396-fab4-4641-b052-f27002e5a7b2,bafbb53f-8d58-4e86-9050-02a36e634aa7,4433ba5a-ccdc-4a11-b7c3-953d814e3c27,3,
09c1ed5e-1067-4ba1-bdf5-41acfd27fe59,bafbb53f-8d58-4e86-9050-02a36e634aa7,491f7892-6267-4784-9383-01066a033c59,3,
31525b67-f44f-4c40-91c3-68d69c9b1bfb,bafbb53f-8d58-4e86-9050-02a36e634aa7,0d746f17-a070-4fde-aa5e-73ada9211be3,3,
c7afce82-af45-493c-ab9c-a2ab459935f2,bafbb53f-8d58-4e86-9050-02a36e634aa7,5f238468-9d1c-4e63-b845-698b6c265998,4,
302b1973-d602-4fc6-8739-dcc4baa7e0bd,bafbb53f-8d58-4e86-9050-02a36e634aa7,4d9defe7-c112-4d16-b99f-d03cf70a7461,2,
1065a181-bd22-44cc-9aec-58b68ed46d2d,bafbb53f-8d58-4e86-9050-02a36e634aa7,973c83e8-882a-463d-a701-30e921c821a5,4,
52bb5131-f2a2-43dd-ab5a-93e594b507c3,bafbb53f-8d58-4e86-9050-02a36e634aa7,9c2d61ee-d38b-4ccb-a453-a9b8868529dd,1,
10448947-841d-4cda-bad9-5b156c5aa52e,bafbb53f-8d58-4e86-9050-02a36e634aa7,97f81f8f-9744-4a77-a890-c794f5192787,4,
e887c78f-df87-4daf-b283-8bfaf4475ace,bafbb53f-8d58-4e86-9050-02a36e634aa7,e51b5c43-d02e-417d-babc-66c8eb0e4bc1,4,
655c02ce-ad51-4e16-962d-32d6a5dd4464,bafbb53f-8d58-4e86-9050-02a36e634aa7,86bf2664-f25c-4892-9793-49c83455b3d6,4,
930033ec-b3d8-48ec-a736-36094a39c5a0,bafbb53f-8d58-4e86-9050-02a36e634aa7,2b0bcbc4-3000-4573-936c-6bc4ee011b18,1,
9c17aedc-1f74-433c-96b4-7165f71797b7,bafbb53f-8d58-4e86-9050-02a36e634aa7,51f587f3-3a3c-4419-b0ac-a5303d5bc60f,4,
befd1772-50d8-475f-a8fb-61e78d64d013,bafbb53f-8d58-4e86-9050-02a36e634aa7,ca630efa-75cc-4c01-b5ac-d2f9e13f7c37,5,
e22603a9-b3a2-47ec-a40f-b875db5b13a9,bafbb53f-8d58-4e86-9050-02a36e634aa7,ea3abe5b-a56b-4746-b6b4-a108ba5ee733,5,
dd3e93b2-44d4-44eb-ac35-2912110b5510,bafbb53f-8d58-4e86-9050-02a36e634aa7,8b4585d1-3f9a-4c21-8769-e7e6af9c1ddc,2,
84d9309a-bf11-43b8-a9c9-93f4c2df3960,bafbb53f-8d58-4e86-9050-02a36e634aa7,ad14d062-a8c3-4d49-90da-dc5e47d726dc,1,
d3354e6d-5a2c-4c07-b2d8-864491e5761b,bafbb53f-8d58-4e86-9050-02a36e634aa7,01162f67-fb26-4c1c-9194-3c90e6ad3d55,3,
1ce572d1-fa0c-44e0-8eb1-4b88e816d153,bafbb53f-8d58-4e86-9050-02a36e634aa7,0d16089a-8e03-4875-ab6e-80fd2f3bcb05,2,
8965a74f-dbf2-4f63-8e26-fcb39778014e,bafbb53f-8d58-4e86-9050-02a36e634aa7,c2573474-680c-4a2f-8e87-f447b18f3182,4,
0a768514-efa2-4177-9f90-1ce2c8a162f2,bafbb53f-8d58-4e86-9050-02a36e634aa7,67737bc1-e619-4fc5-be0a-6ede8ca18c8f,1,
6a0db77e-67d6-4650-9b41-a098454d4c5f,8257ec78-5aaa-40f3-a15b-73fb1c97a885,ec8cacaa-f0c6-401a-acaa-21222ce547a3,5,
6a76803b-e3ec-46c2-bd70-4823a4edde95,8257ec78-5aaa-40f3-a15b-73fb1c97a885,3f482de7-4717-4a9f-a018-53ce951b3d5a,3,
e2d3441b-4339-4bda-b9d0-7cceee2790a9,8257ec78-5aaa-40f3-a15b-73fb1c97a885,5b2a2571-eb5a-4cda-ad5f-197ffd2f7096,3,
829a0e38-88c2-4f98-b0a0-01b164376a75,8257ec78-5aaa-40f3-a15b-73fb1c97a885,d2456efa-2f44-4cf9-a612-d5b4e7606131,2,
06713c2c-4eb4-439f-8009-1a6854f03323,8257ec78-5aaa-40f3-a15b-73fb1c97a885,fdd9f2c7-c2e9-48a3-89c9-05415bb8cdf4,3,
3b08606c-2c2e-4f5a-8ad6-52bd3fb32310,8257ec78-5aaa-40f3-a15b-73fb1c97a885,1738481c-3f3c-4b43-a22f-c495b15f4338,5,
49c48650-3040-4c87-b38a-c96fbb44618d,8257ec78-5aaa-40f3-a15b-73fb1c97a885,fbe54898-8ae6-4c27-bc26-8b9b9c425c47,5,
d5e5ac49-8765-4e10-a3fc-b3ed3e4da510,8257ec78-5aaa-40f3-a15b-73fb1c97a885,6418968f-d869-4292-ac58-ef538580305f,2,
6b9b72f8-1545-49a0-a66a-a1d207585032,8257ec78-5aaa-40f3-a15b-73fb1c97a885,7a7f9549-f384-4815-9705-19102c078ba1,1,
a3e72937-4d78-4814-8fdb-e25b504ed3c2,8257ec78-5aaa-40f3-a15b-73fb1c97a885,bd6f2486-c038-4276-b6fb-93bcc8792e7a,5,
995abd87-785d-4aaf-8ae4-a8a59578ef7c,8257ec78-5aaa-40f3-a15b-73fb1c97a885,2a259ee9-961a-4289-978b-08f6487aa452,4,
f62cbb1b-9878-4cbe-98d0-86a30fe801f0,8257ec78-5aaa-40f3-a15b-73fb1c97a885,4e01fe4e-21f5-4e1a-a743-b1362b265148,1,
e9511b1d-bc45-427e-8ae3-7c40d62a54ac,8257ec78-5aaa-40f3-a15b-73fb1c97a885,a6c1a5ac-766d-4fb8-8293-4f028f0463a1,1,
15a5184e-e80a-494e-a6dc-568d9f8caf77,8257ec78-5aaa-40f3-a15b-73fb1c97a885,824389be-9cf1-43e1-b347-a7131215aaab,4,
7eed7d67-a3a4-4e75-8214-d997745a4fa4,8257ec78-5aaa-40f3-a15b-73fb1c97a885,c6c6d51b-086a-4d5d-8b9e-cd8c67e7b3f4,2,
551fb998-751f-4e48-b64f-979fb9e11627,8257ec78-5aaa-40f3-a15b-73fb1c97a885,ae2af9b4-9f64-41c4-b24f-ba685b4a288f,2,
69759308-3923-4964-9df0-7d4492f6be07,8257ec78-5aaa-40f3-a15b-73fb1c97a885,fe2ce909-e8f3-4136-ba20-21074019e19a,5,
6ea1aa39-2c05-45ba-af71-5bd375600576,8257ec78-5aaa-40f3-a15b-73fb1c97a885,89f8e25d-a571-4b62-8e3c-9fa4652eefaa,1,
921102f7-719e-4847-a352-d8023fe50dc4,8257ec78-5aaa-40f3-a15b-73fb1c97a885,072af1f6-1266-46c4-9229-e921a8339339,1,
d25c040d-db61-4d0c-891a-0d53be9e7783,8257ec78-5aaa-40f3-a15b-73fb1c97a885,232acb18-56be-4006-8e0b-dd882faf3b99,2,
51c07bed-a8a9-49b3-8b02-5f4bd01844b9,8257ec78-5aaa-40f3-a15b-73fb1c97a885,9da43ba3-e20b-4f8c-bc48-60447bbf1209,1,
84f8f4f2-de0b-49c4-9790-53c3bb4e0d84,8257ec78-5aaa-40f3-a15b-73fb1c97a885,5fbd36f0-da1a-45f1-9591-348d90cf3186,5,
3cc91858-8f1f-4ea5-803c-4d8388eabfa9,8257ec78-5aaa-40f3-a15b-73fb1c97a885,2e9f6a2d-513a-4f87-90e9-ae7662033893,1,
f0d337a6-28a0-44c9-80a9-befaa95802d1,8257ec78-5aaa-40f3-a15b-73fb1c97a885,6550e046-5609-45f3-a966-2aff0f82b830,1,
d8d440e0-31e8-4556-b582-e808828ac32c,8257ec78-5aaa-40f3-a15b-73fb1c97a885,b83e9d9f-7771-410c-966f-f982f04ee5b5,4,
825a84c1-7ad8-4c32-ba47-7ea44b6d7382,8257ec78-5aaa-40f3-a15b-73fb1c97a885,b4fd9219-b009-41f5-98f2-78a25016995f,3,
6aff7683-1b87-4f3c-9a6e-5958a98d6b2f,8257ec78-5aaa-40f3-a15b-73fb1c97a885,ff104941-f2b2-4de4-8553-65e1a4f4d251,5,
01c973a0-4a9d-4be5-a44e-2d675af87b9f,8257ec78-5aaa-40f3-a15b-73fb1c97a885,b75dada6-0586-4407-9245-9e50ffce066e,2,
c51c4822-a135-47af-a80c-f53ed08ad91e,8257ec78-5aaa-40f3-a15b-73fb1c97a885,e4aea06a-88d3-41c9-b88a-95cc5b0c9b85,5,
a3ba00e4-568f-40f2-adab-d8f84406cb6a,8257ec78-5aaa-40f3-a15b-73fb1c97a885,cda67dcf-9ff2-444c-b55f-ddae7f3feec0,1,
32b9d6bc-5ba1-4c03-846b-97b48d02b959,8257ec78-5aaa-40f3-a15b-73fb1c97a885,89ade8f1-5bb5-4b32-8086-55a1665f1684,4,
5eeabd2f-acd4-4863-9c2a-b355837f767a,8257ec78-5aaa-40f3-a15b-73fb1c97a885,b7ba25ce-d1a3-4ad8-9870-786f18f69daa,1,
bc3817d9-24fb-4965-a367-a6dc3a8e7b26,8257ec78-5aaa-40f3-a15b-73fb1c97a885,c2573474-680c-4a2f-8e87-f447b18f3182,2,
85cc626a-ec94-49d4-ae18-741714b8159e,8257ec78-5aaa-40f3-a15b-73fb1c97a885,cda0fb29-1fe0-47ea-98fe-13aa6ff5bead,4,
5e69eace-1814-487a-b672-8b7465b39fa5,8257ec78-5aaa-40f3-a15b-73fb1c97a885,3c38ced6-2433-4bb3-8419-97c8f341a06f,5,
20880614-1ea8-4e48-9baf-821ffcb375a0,8257ec78-5aaa-40f3-a15b-73fb1c97a885,d7c85f36-09fc-47d3-8bf8-22e07c62594c,2,
4714978a-0a01-4fbc-9a32-753119fc9ef7,8257ec78-5aaa-40f3-a15b-73fb1c97a885,9ab3c04e-fe0e-4c74-b0df-69c2114e6484,5,
254c98df-e552-4bd6-8f66-e02604e08c4b,8257ec78-5aaa-40f3-a15b-73fb1c97a885,7ed8c960-04fb-405d-bc66-dcd786611b09,3,
3f3a9b1c-0f58-4883-a413-df3bf86c96db,8257ec78-5aaa-40f3-a15b-73fb1c97a885,45b833db-9e52-4539-ab3f-baff389205fc,5,
12b3bbcd-88d8-4dec-bcee-3940641c4911,8257ec78-5aaa-40f3-a15b-73fb1c97a885,679af488-853d-40b8-b766-a288feb13d03,4,
7a1f688b-9b24-4a52-90ff-9609dbb256fd,8257ec78-5aaa-40f3-a15b-73fb1c97a885,1ebf509e-5ffb-41d0-8952-bc093accd109,1,
0ceeb78f-982e-4cb1-ac73-319649ba6648,8257ec78-5aaa-40f3-a15b-73fb1c97a885,521a4ddf-e2ae-4337-99ea-83fbd188625b,2,
1965f61e-ec43-40f1-84d1-4bbf341c19ab,8257ec78-5aaa-40f3-a15b-73fb1c97a885,ab30df83-610e-46d0-ab49-3ddedf487a85,2,
2be5825d-510a-4723-a80f-bac849d06e40,8257ec78-5aaa-40f3-a15b-73fb1c97a885,8af8db46-8e1f-44c5-bbd1-2ec37711ad66,2,
96c6464d-8163-4d6b-b12e-b2516bdc2974,8257ec78-5aaa-40f3-a15b-73fb1c97a885,65bb5103-80ab-4cc7-8043-9dfd6a225932,3,
bd268e40-0356-40c2-a9c1-e27d0ef94d08,8257ec78-5aaa-40f3-a15b-73fb1c97a885,e9551b0b-15df-455b-8d66-d98a61da2f96,3,
6665c882-c542-453d-bdf9-6220cbae6ed4,8257ec78-5aaa-40f3-a15b-73fb1c97a885,4f112f08-ad1c-4bf4-ab80-96e7afdd66d2,2,
b707309e-c7e7-4ab5-8c44-2edebceb06fa,8257ec78-5aaa-40f3-a15b-73fb1c97a885,c5aa3782-8957-4947-a020-59fcecaebbd8,2,
6d55f28e-0cde-4c85-9346-9f93f2f5045e,8257ec78-5aaa-40f3-a15b-73fb1c97a885,b9ea6ec5-05d6-4854-ba4c-96c4471fa959,5,
9854e056-49cd-489c-bb3c-4e9d197eda31,8257ec78-5aaa-40f3-a15b-73fb1c97a885,900734d5-9619-43c7-9f71-a825dd9d4227,3,
cd390c48-3643-45be-b611-fb18d0629cb2,8257ec78-5aaa-40f3-a15b-73fb1c97a885,85d34206-927f-4819-a361-c6769535c872,1,
fb55fad0-afa9-40bf-8981-71e6af43c1a8,8257ec78-5aaa-40f3-a15b-73fb1c97a885,e8a8808b-6a5c-4b5c-82ac-f95f603a39c3,5,
5f14fded-e494-49f3-8955-1748a198916c,8257ec78-5aaa-40f3-a15b-73fb1c97a885,f0bbca60-65cd-454e-a119-46d3a65118b4,3,
03783dce-aae7-423b-8678-4253a5ac5e1a,8257ec78-5aaa-40f3-a15b-73fb1c97a885,dfa009f0-5e38-429e-afc3-cac2a252a6d3,4,
b4381dc8-6410-47c2-9041-d2460fb58e54,8257ec78-5aaa-40f3-a15b-73fb1c97a885,f338334c-41ef-4d87-aec0-e316d73fb3d7,1,
f06e6054-fef9-41ec-b18c-05eb22da0072,8257ec78-5aaa-40f3-a15b-73fb1c97a885,5fa185af-1712-47fa-81f5-240308d7e6e8,2,
5d95bcb2-e0e8-43a9-a7d5-c76e3a1d932d,8257ec78-5aaa-40f3-a15b-73fb1c97a885,b10856c5-269f-4d5b-810b-fe20fc8c2f0b,5,
c553d0a3-2ca0-4011-99c3-9b125506c3e5,8257ec78-5aaa-40f3-a15b-73fb1c97a885,6becddf9-146d-405b-b2ea-a1456a634de5,4,
ee5eeeb3-4a13-451a-b001-dda27134a453,8257ec78-5aaa-40f3-a15b-73fb1c97a885,4d050ad0-f91c-48a5-9d06-2afb28608f44,5,
dd2be873-6409-442c-9b10-850515a27c0a,8257ec78-5aaa-40f3-a15b-73fb1c97a885,8d55f9d5-59a1-4668-9c4f-59373d5dcabe,1,
163dc4db-b512-4b69-af80-5d01031e48bd,8257ec78-5aaa-40f3-a15b-73fb1c97a885,ec4c81eb-8876-4284-bf73-7e85ae543651,3,
ffc90b4c-9aad-4e25-a813-43d4452260b6,8257ec78-5aaa-40f3-a15b-73fb1c97a885,ef3be0d4-ec68-40f5-a1ba-094ff516319e,5,
a7aee405-4f46-4bfc-aaca-e64c1d7abcda,8257ec78-5aaa-40f3-a15b-73fb1c97a885,9158f2b8-d8eb-40c5-9311-28de070c34de,3,
8b2d8365-b4dc-478b-8b60-50a15808263e,8257ec78-5aaa-40f3-a15b-73fb1c97a885,ff9869e1-1384-4b43-b90d-ba76b6be2d86,1,
b467d218-7339-4404-8551-72c09c0fe606,8257ec78-5aaa-40f3-a15b-73fb1c97a885,5a44becf-b53f-4468-8ba8-993fb1aa8c67,1,
850803ea-7946-4aee-a0ea-52c65330b177,8257ec78-5aaa-40f3-a15b-73fb1c97a885,ccf17285-5040-47a7-a796-ca772bb3e5f4,1,
c8b1082c-88c9-4035-85b8-0fba8495f65b,8257ec78-5aaa-40f3-a15b-73fb1c97a885,a41306f8-6675-4c33-9fce-3d122d5357e4,2,
d8127948-362f-4e1a-b5a3-0294881e9698,8257ec78-5aaa-40f3-a15b-73fb1c97a885,874bdb2d-a0a8-4187-8e49-4ad54f18b993,1,
695352d1-a092-45f4-aa96-0b45379c6875,8257ec78-5aaa-40f3-a15b-73fb1c97a885,3bfdc974-9be0-451e-8125-dfd618d52ab4,3,
a8e4d7d8-ffcc-49f0-8618-e5fa179be463,8257ec78-5aaa-40f3-a15b-73fb1c97a885,89c11627-7fd0-4db7-ac28-f866ae3c4fff,3,
c475e0d8-4746-41d2-b1d4-67b3ddb3d08c,8257ec78-5aaa-40f3-a15b-73fb1c97a885,6a8877bd-94b4-470d-9d3f-8ee1323174fc,1,
bdf2e5f2-58e3-44e4-b2b7-9b89f98c46a7,8257ec78-5aaa-40f3-a15b-73fb1c97a885,59daaaeb-843a-4461-81ca-c7d4d6c5f47c,2,
5468fa16-6ae1-41fa-a277-7c3536d850b2,8257ec78-5aaa-40f3-a15b-73fb1c97a885,05c4a99f-51a1-489d-a403-23a0a5c98d79,3,
e1166467-000c-41d2-bea3-fd364366808f,8257ec78-5aaa-40f3-a15b-73fb1c97a885,0ac281c2-0ede-40c5-bc60-efe47b1ce910,2,
0c8c3d6e-4221-48c5-91f6-2ad600f9fe03,8257ec78-5aaa-40f3-a15b-73fb1c97a885,e56b000b-a80c-445a-b9dc-23d8187f00e1,2,
bec990bc-3917-42c7-8e81-c2f67b8973ed,8257ec78-5aaa-40f3-a15b-73fb1c97a885,91d09844-c5fe-41ba-83ab-d9ed89dc4496,4,
