id,user_id,product_id
76dc2701-3816-47ae-9d73-7abefb2a565b,f94b173b-62eb-440c-9e83-101caf3c0e1c,05c4a99f-51a1-489d-a403-23a0a5c98d79
5f59c73b-edcd-48a6-b988-ae9e6ee40e7d,f94b173b-62eb-440c-9e83-101caf3c0e1c,1bd98fc8-f379-42a8-9371-5a0eda333b0a
327142dd-9032-4eb8-a75c-08119c9a3638,f94b173b-62eb-440c-9e83-101caf3c0e1c,6a10c6cb-5e23-4e38-981c-10c9914714f9
dc77c9a1-0663-4d5d-8539-cffd175684e0,f94b173b-62eb-440c-9e83-101caf3c0e1c,58d6836c-f76b-458d-aa5c-24501e589623
473b6b24-10cd-4dbb-805e-8d9b62d33bf2,f94b173b-62eb-440c-9e83-101caf3c0e1c,bfae5731-4b4f-4198-9744-ea5bc7c64951
91a22ac6-33d9-44e7-8636-2565be715747,f94b173b-62eb-440c-9e83-101caf3c0e1c,a91db340-b854-47bf-b8e4-4424a9228da2
938d7f32-8d98-40cc-9426-5d4c487e030d,f94b173b-62eb-440c-9e83-101caf3c0e1c,0f3c32c0-4ee7-4fdd-b545-47dd66565393
fee41331-4df8-4afd-93f5-a9141f9e0589,f94b173b-62eb-440c-9e83-101caf3c0e1c,bdd3db63-3921-4454-bc0a-81b5365e4075
c97360e1-e89a-46da-9124-ebc3a9b81927,f94b173b-62eb-440c-9e83-101caf3c0e1c,bc4d1856-450c-488d-8cec-806823513014
721b3e00-5168-4d76-abb4-b99768a73d59,f94b173b-62eb-440c-9e83-101caf3c0e1c,ec4b3e51-6a68-487d-8ef9-a2fbffa50c09
c0be89b8-1d36-456d-b85f-9b7f12d2e2e0,f94b173b-62eb-440c-9e83-101caf3c0e1c,ef1f84f8-b44a-481c-aea6-d42d1c333857
dd91abf8-8061-48f1-9088-2f500b4b09f1,f94b173b-62eb-440c-9e83-101caf3c0e1c,f208238f-8e27-4754-8b89-4878da6cd3fa
adbb9bd7-dc1f-4088-9bab-11dfe120c319,f94b173b-62eb-440c-9e83-101caf3c0e1c,8cceeb64-55d3-4e9c-b6d6-948ae3351938
3441e643-26bb-40ef-9260-b5592b3f72f8,f94b173b-62eb-440c-9e83-101caf3c0e1c,12871cec-282f-49f9-aa1e-92d187f8231c
daea56b9-f072-443e-90c6-d9ff731b6bff,f94b173b-62eb-440c-9e83-101caf3c0e1c,6775ed87-5a55-4f47-ba3a-80c29fb53814
7ba1ff13-ff6e-4504-9ddf-016fa52662a0,f94b173b-62eb-440c-9e83-101caf3c0e1c,8ea9659e-83af-4275-b8f0-d95113bcab66
d74b0a20-b227-4022-a9a0-043c5523a3ea,f94b173b-62eb-440c-9e83-101caf3c0e1c,387e7220-6d6b-4986-90c0-00f0f3840060
a74ab99a-d3ca-4e58-bb89-7525bf520b3f,f94b173b-62eb-440c-9e83-101caf3c0e1c,284a5733-1e6a-40df-a6d5-6432edf6e9c2
29e2b4a7-4066-4df2-abe2-c146a8df5096,f94b173b-62eb-440c-9e83-101caf3c0e1c,56b85921-4c50-4573-908a-9a856091e0c5
6d1c1926-7cb2-4340-bccc-dec490e45c33,f94b173b-62eb-440c-9e83-101caf3c0e1c,1f522ffa-81fa-423b-b6a9-96e06af18af3
48206ae1-9973-4f91-ab6c-af1664fdcd19,f94b173b-62eb-440c-9e83-101caf3c0e1c,c34213be-979b-419f-a11f-28a3589c300f
592d12c6-862d-41a4-b639-df86a7849cba,f94b173b-62eb-440c-9e83-101caf3c0e1c,b0713c8c-2a2f-4388-a325-01c5086348fc
4ad88985-352a-4efa-bca1-47afaa14419d,f94b173b-62eb-440c-9e83-101caf3c0e1c,78b265fb-bbf3-4d23-ae8a-f4e21e43db94
a989eb4e-bdec-4f07-ad95-4eda01e0ddfd,f94b173b-62eb-440c-9e83-101caf3c0e1c,3627739c-05d2-4e9b-8af6-42b348f2f0f2
2c743e78-f72c-4462-8ea5-838380979f0c,f94b173b-62eb-440c-9e83-101caf3c0e1c,14cad85e-8866-44e6-afe8-a85910fed105
ae3875df-f63f-4df4-ae33-47fac19e5613,f94b173b-62eb-440c-9e83-101caf3c0e1c,ac5c5308-697b-416c-b5f0-2cbbf52b8603
ae3b8919-284f-4a69-b95b-58b335048962,f94b173b-62eb-440c-9e83-101caf3c0e1c,e78cd69b-2e9f-4110-bff1-c7d16e01f8b9
833519c1-4d75-413d-92fb-3ad41b778abb,f94b173b-62eb-440c-9e83-101caf3c0e1c,1fd52837-2b09-4bd3-8b44-df4ef9f51e7d
1bf865b1-b8dd-4ca8-aa55-4ca385ae93c7,f94b173b-62eb-440c-9e83-101caf3c0e1c,6a8877bd-94b4-470d-9d3f-8ee1323174fc
095c8ef0-9805-4e7f-a348-ce8351e5f02f,f94b173b-62eb-440c-9e83-101caf3c0e1c,410bf4d8-48e4-4ca4-b07b-60d53a77427b
91c45567-4496-4e33-a319-e68784d0d9c2,f94b173b-62eb-440c-9e83-101caf3c0e1c,98d55302-d48a-4cc9-8139-4cf973235e84
45a68a1a-48e7-4bda-a6fe-eac3c88c2ea9,f94b173b-62eb-440c-9e83-101caf3c0e1c,dadcff69-97c9-4926-8d6a-adff7ad98a17
4fef3250-2422-41f8-b4c6-169b6b211cac,f94b173b-62eb-440c-9e83-101caf3c0e1c,f752cbd4-4bf0-4f77-933a-e04a1ea07e2a
06835223-7e3c-408b-b026-c9c959c0b1ef,f94b173b-62eb-440c-9e83-101caf3c0e1c,961baa0b-6935-4169-bfc1-73c4813f0038
0a9c5bc5-a71d-4ccb-9d6a-38a07948c81e,f94b173b-62eb-440c-9e83-101caf3c0e1c,e05590f9-38a9-49b1-8c6d-804904403b1b
c87d67c0-cdfe-455d-b844-1851bfb67fa6,f94b173b-62eb-440c-9e83-101caf3c0e1c,a69ff457-c803-4240-b1c2-01d20883055c
0e6999ad-e6b2-4f00-a783-babe48bcdf2c,f94b173b-62eb-440c-9e83-101caf3c0e1c,cc6dd9f6-d890-4bc0-b387-fa61b2712403
0da39c5a-1a7b-4f7b-a03a-3644de910a01,5af5a380-13a7-435f-b267-960f38345cd7,1bbc19fa-d0c2-4221-bc8e-ca5dc083d128
808205ee-b233-486e-837e-517b9254fdb0,5af5a380-13a7-435f-b267-960f38345cd7,37bafbea-1b76-4d61-8890-0d753e1e0e5c
7ba35891-a3b6-4811-8e9a-f0ab4caf695e,5af5a380-13a7-435f-b267-960f38345cd7,011d5ca7-d3eb-4162-a700-2bbae47feba7
b294afac-826f-4ed3-9d4a-451c31b7b762,5af5a380-13a7-435f-b267-960f38345cd7,600cb1fa-e14f-4ee7-8fa3-128f6875e57a
a918928c-e789-4aa3-b2c8-69f058995a6e,5af5a380-13a7-435f-b267-960f38345cd7,e375d7b6-ae41-43e7-8bf1-e85c19c64ac5
a4c5d49e-5265-4c93-ae0c-fb7e95e53809,7147f4d3-dd09-4bfc-a3ed-3a955de63d1c,611e4256-ee31-4001-9e57-767c443193aa
b1b9908b-9b45-4168-9536-87de47d9cd50,7147f4d3-dd09-4bfc-a3ed-3a955de63d1c,122071e1-0ea4-4507-b8de-8306248c1553
08ab4d30-6d57-468a-83f2-060078bba5c0,7147f4d3-dd09-4bfc-a3ed-3a955de63d1c,b90a4444-0055-4f4d-96e2-d6585089789f
9871a6da-269c-48f6-a8b6-447585bc2f67,7147f4d3-dd09-4bfc-a3ed-3a955de63d1c,3ba1729c-411c-429b-9e95-ec507c8e243b
0aa41c87-d4e8-40e9-a870-04254f4b8db9,7147f4d3-dd09-4bfc-a3ed-3a955de63d1c,002f3aa9-3528-41f2-902d-cb3f31e2b08a
0c507fd7-6c04-4155-8fd0-7210525d4c48,7147f4d3-dd09-4bfc-a3ed-3a955de63d1c,6fdce5fb-2d0f-4be5-a577-1992d5e80bfb
8400fbc7-ad2a-4314-9933-0f3bbf40a653,7147f4d3-dd09-4bfc-a3ed-3a955de63d1c,b644f652-5a3c-4c53-92a0-4ec19df9072a
b8b3fb5b-7305-404a-a1c0-4ff04b720c04,7147f4d3-dd09-4bfc-a3ed-3a955de63d1c,145b29dc-c622-484a-b234-fff6030bab07
71aaacfc-396e-41f4-a1c4-61113691c15b,7147f4d3-dd09-4bfc-a3ed-3a955de63d1c,94f18ff3-e4e8-45b4-9eb0-303f5cb634f0
f5f0131e-7b53-4e66-99b8-e1af1d8bfcc0,7147f4d3-dd09-4bfc-a3ed-3a955de63d1c,79a43344-cb4a-45c0-892b-6811d5221350
d5191076-3782-4ef0-836f-1405e94d87f2,7147f4d3-dd09-4bfc-a3ed-3a955de63d1c,7ad49603-8eea-4021-ae16-7b65e95695f8
4985d53f-d467-4e11-bd05-7b26f3307428,7147f4d3-dd09-4bfc-a3ed-3a955de63d1c,1d7bc58f-8e77-4646-b993-a6e1ce33f9b8
cc5f287b-cdd6-4488-82ff-574def6337a0,7147f4d3-dd09-4bfc-a3ed-3a955de63d1c,f5468e7d-7c12-4327-9805-ea8b54735c6e
f6eec8f4-0f91-426f-8dbc-cee1af55699d,7147f4d3-dd09-4bfc-a3ed-3a955de63d1c,feb598df-3cdc-48cc-96b6-f19c1eb09188
07c8a901-ff87-4633-9099-daf8b5d79d67,7147f4d3-dd09-4bfc-a3ed-3a955de63d1c,17b45232-505f-42bf-a0dd-3b08b8987a3e
28a0076b-f3cf-4f8a-a970-7e2e2f095c45,7147f4d3-dd09-4bfc-a3ed-3a955de63d1c,b540bedb-a5ee-4fb0-99ee-2a4c638484fd
e4beefdf-1b2d-46b7-a2b0-6992a2198e3b,7147f4d3-dd09-4bfc-a3ed-3a955de63d1c,2c56de03-e0e4-4d6a-baed-f757fdd5e655
e73bdc80-0bd7-4e1b-a96b-a836b749f444,7147f4d3-dd09-4bfc-a3ed-3a955de63d1c,b51e7a71-3da5-414a-b389-5ec4c03a0d29
3c714bb8-b4a7-4bb2-a40f-ecb909b49cf9,7147f4d3-dd09-4bfc-a3ed-3a955de63d1c,308ba53a-20df-4fa8-b8d7-343a63a3bbf4
16f31a1a-8721-47fa-93f5-4e1647ad7c3d,7147f4d3-dd09-4bfc-a3ed-3a955de63d1c,490232cc-33c9-462f-a8b6-ef0d0b5dcafe
b775199d-19ad-4ee8-9725-03aa699cfc69,7147f4d3-dd09-4bfc-a3ed-3a955de63d1c,f09b1964-4454-4352-987d-6f33a6df0107
77128495-e506-4ca9-91e3-7d33c9dddcab,c70373d2-2d0a-49fd-9919-875c3ebc13cb,1d7214f8-e624-44dc-b778-7f289cedf7da
81a99a11-3616-4df8-be96-953c7000d54d,c70373d2-2d0a-49fd-9919-875c3ebc13cb,49668c7c-fbf8-4f1c-b380-a5b97dd818ff
7c5bd815-a390-4e6f-a9d2-47e8f92d4b78,c70373d2-2d0a-49fd-9919-875c3ebc13cb,17dc3126-0e27-4963-8462-13775e9a4d5e
a2a1a9a7-cd69-46d1-905d-acad95c3c039,c70373d2-2d0a-49fd-9919-875c3ebc13cb,9668e86c-e439-40f2-abf8-48d40587ef75
9cfb8643-8771-4ffc-b754-4dd443839982,c70373d2-2d0a-49fd-9919-875c3ebc13cb,f487421c-c02e-4a97-85b7-e77c59050feb
535d718c-3953-41ab-b695-6aa5979f1144,c70373d2-2d0a-49fd-9919-875c3ebc13cb,5acf7048-de2c-4203-92e2-0f5917ef9f3d
77fc2f02-147f-4db8-a52f-0aedd8c76717,c70373d2-2d0a-49fd-9919-875c3ebc13cb,3f1f8c40-04d2-424b-b252-22b2030e2afd
98fba6c0-a5a1-44fb-b2cb-889926659e34,c70373d2-2d0a-49fd-9919-875c3ebc13cb,3c95b094-a982-439b-93e7-cae40565a88d
97d39f56-b3c1-473b-ba9f-0f4512ca7ece,c70373d2-2d0a-49fd-9919-875c3ebc13cb,95b4bd6d-66bf-4985-a987-b776be9d78d9
e36694fe-ce29-4084-8d91-0659a557b502,c70373d2-2d0a-49fd-9919-875c3ebc13cb,d854c152-e803-4a9c-a3fb-1f2e5406d4c4
8b0966f3-7693-49ba-9e0d-7f59e5201436,c70373d2-2d0a-49fd-9919-875c3ebc13cb,877a2ca6-77c9-41fa-8265-c03d2b35d401
d2875033-a3a5-43bf-b1ab-5d8d63e1c20a,c70373d2-2d0a-49fd-9919-875c3ebc13cb,fe794bee-4705-4744-bc02-75c1b3ba8579
174306e8-ea0b-49ce-a29a-a366cb31e817,c70373d2-2d0a-49fd-9919-875c3ebc13cb,13a3d2fe-5c35-42cf-ad71-1d5a58c8834a
5b0ac07d-cded-4543-aba2-7cbf0e77f582,c70373d2-2d0a-49fd-9919-875c3ebc13cb,e2a5bc52-2616-494e-8c48-98f22e4f068c
40d240e6-8f5e-4aca-a28e-876d5477153f,c70373d2-2d0a-49fd-9919-875c3ebc13cb,8ae8a79d-2aa5-41a7-9d5d-56156546a1b9
4042eeb1-7486-4436-bdb4-4ceb8ed49ea6,c70373d2-2d0a-49fd-9919-875c3ebc13cb,b34857b8-13e2-45ce-aa70-bcfdac47e1c6
3d1436f5-a334-408b-b9ca-edb6c48f4dfa,c70373d2-2d0a-49fd-9919-875c3ebc13cb,db346b31-d8f3-4ab0-9a17-8f1ce387fe10
cb4f0744-06be-4915-a110-f7573e5f565b,c70373d2-2d0a-49fd-9919-875c3ebc13cb,7196e043-b167-4bc3-9f8a-bf56697bee03
3513c9f0-387b-4d2c-a082-5e6d0e0ebad5,c70373d2-2d0a-49fd-9919-875c3ebc13cb,e7a1e0ea-6444-438f-97b3-4d28965b2310
9a5fc371-de86-4b8a-8be3-b676efe56673,c70373d2-2d0a-49fd-9919-875c3ebc13cb,8ea39250-dfd5-46a1-b809-f3a559bbbfde
d4d10b15-a363-4162-844c-3925a7bc5f9a,c70373d2-2d0a-49fd-9919-875c3ebc13cb,738d1c40-192a-4435-b5c9-ae5edfad90be
e049e3fb-c770-4600-9275-c991d7fd09f1,c70373d2-2d0a-49fd-9919-875c3ebc13cb,422f3cd9-16ba-472e-8429-eea43ad1b835
322ed1dc-dfcb-44c8-89f5-0aa228abd2ef,c70373d2-2d0a-49fd-9919-875c3ebc13cb,2057658b-0fed-43bd-b8bc-1f717a4513d1
2fe4f9fe-5915-4e7e-bfac-93a58064aca1,c70373d2-2d0a-49fd-9919-875c3ebc13cb,7a36832f-29d4-446a-bd41-a604ee52f17d
a46239c5-cf5f-424e-8345-46e8fd33f20c,3ff7adbc-3ede-407e-bb8c-666156c3a84e,237c3763-a535-4fd0-937d-756b098de194
a7db17d1-c9df-49b2-bda1-e276819942b3,3ff7adbc-3ede-407e-bb8c-666156c3a84e,7156a4be-44ca-4c03-a28e-fe9cd7c48be1
535a4e64-deb2-49ab-b7db-860bf04aa3ae,3ff7adbc-3ede-407e-bb8c-666156c3a84e,1a9d7c15-804f-455e-82e7-008f53201708
c4033e4b-3d08-4ba8-b847-6eeaab64241b,3ff7adbc-3ede-407e-bb8c-666156c3a84e,db33cfa5-213f-4632-b9b2-2ca3d57e6eeb
d157a92a-df12-405a-8c02-22e7393253ce,3ff7adbc-3ede-407e-bb8c-666156c3a84e,0d746f17-a070-4fde-aa5e-73ada9211be3
fadb9b17-1f47-43c1-92bd-a310f07703c5,3ff7adbc-3ede-407e-bb8c-666156c3a84e,b25e8ff3-0357-4670-8cb5-ff1237da898e
f7b95754-5109-46ae-af40-dca9ad72d79a,3ff7adbc-3ede-407e-bb8c-666156c3a84e,b2987394-31d5-4c42-b299-4248c69fc018
9f4b8b20-c14c-4eba-a74c-964641912c36,3ff7adbc-3ede-407e-bb8c-666156c3a84e,e582b7d6-db1e-4b72-938a-df528d85e1ca
ab9031c5-2c4c-404c-a365-da3dbe4ab6b1,3ff7adbc-3ede-407e-bb8c-666156c3a84e,615015e1-92da-4cb2-a458-f98a05b3f180
7b8bf9ae-0f3b-4840-8da7-4a3ca661b164,3ff7adbc-3ede-407e-bb8c-666156c3a84e,2722a8f9-8a3c-4501-ba91-48c3d467456b
f06f6ac5-beb6-4b89-9b7c-bd29099ba7ba,3ff7adbc-3ede-407e-bb8c-666156c3a84e,98460a17-2165-4c49-9575-c177abc40069
6bbcc90d-61fc-4b06-98d9-2414c3e61aae,3ff7adbc-3ede-407e-bb8c-666156c3a84e,0f61e2b5-dd5b-4e6f-aa33-c2a666c27d89
a15d1b80-031b-42fb-bc8d-e2570021efaa,3ff7adbc-3ede-407e-bb8c-666156c3a84e,ac03d21a-a1ce-4080-b372-a6b8bdb72498
8d029993-9ce2-41d1-95e1-4f7997371cf8,60b6f64a-c87f-4cd3-8b16-244000e841fe,139bfc86-299b-48e5-a283-b671905f6937
38b8ae9e-ebe4-4293-8936-021f8b9aeb50,60b6f64a-c87f-4cd3-8b16-244000e841fe,b093797e-4576-40ed-84eb-f729c114ecaf
de61dc6a-c8ad-4d9d-aaf6-747e295377f0,60b6f64a-c87f-4cd3-8b16-244000e841fe,fea3a799-100d-4dd9-ba53-4962c5b05f3b
3d761a9a-5f23-4ddb-94d3-6af7bdb779af,60b6f64a-c87f-4cd3-8b16-244000e841fe,2b5cf0b4-1070-4724-b312-c35c4f338737
85fb4219-2ba6-4e61-9f77-fd52fd3f5b13,60b6f64a-c87f-4cd3-8b16-244000e841fe,ff1516e7-eb40-47b3-9df3-f5e1a3e49f5b
5819f97c-d244-4758-b32f-5ad995df060a,60b6f64a-c87f-4cd3-8b16-244000e841fe,30d8d72e-ee93-4e26-8ce3-25a674f61915
b97ead46-9101-43e5-8a80-09c2e2616ee7,60b6f64a-c87f-4cd3-8b16-244000e841fe,9ed53466-d8bc-427d-9ce9-6264c5aebb2f
6bff5ea3-87f3-4134-b10d-8dbd5da4f83b,60b6f64a-c87f-4cd3-8b16-244000e841fe,e9593f08-b183-445e-9b94-d637568efde2
c996968c-7fb3-41ad-99f3-1ac7440f868d,60b6f64a-c87f-4cd3-8b16-244000e841fe,7c9bf118-5b60-4fdd-92fd-1354c9005b3e
9d2bca82-9618-44a6-b38f-f32a95ac3dd4,60b6f64a-c87f-4cd3-8b16-244000e841fe,a10d2a8b-4019-4c25-8092-ebad089a0a9e
5162c150-27e7-4b7a-aed0-df5c61120ad2,60b6f64a-c87f-4cd3-8b16-244000e841fe,87029daa-60f5-4bc7-b957-5154fa7952eb
dfb8675f-3b72-46d4-840e-920c00d255d0,60b6f64a-c87f-4cd3-8b16-244000e841fe,07afdb2f-11ff-4837-a002-9ca8bdcecc48
4eee7ff7-6d6f-411b-9bc2-8a1a23d3fd72,60b6f64a-c87f-4cd3-8b16-244000e841fe,3ab621a3-0dbc-45a8-b626-a0c84715ac42
69daa43a-3be5-4529-8d56-409ddc3c6dbf,60b6f64a-c87f-4cd3-8b16-244000e841fe,7b0df643-b53e-4ee5-928e-602742aa70a2
c8777b70-92a7-4b4f-b921-7c079ac1a345,60b6f64a-c87f-4cd3-8b16-244000e841fe,1f4801ae-8d85-4e2e-a003-a9492cd1d4a0
ef90834b-a301-4dca-af57-7471787dbb6e,60b6f64a-c87f-4cd3-8b16-244000e841fe,32f26411-0829-4d37-bde3-092b5b6089b3
ded8176e-0c44-4dee-a734-5bbe6e597a2e,60b6f64a-c87f-4cd3-8b16-244000e841fe,643698ad-993d-4402-b2b0-5b1d3d41f495
eb0dc8f9-3090-4b00-b516-a1911c44d138,60b6f64a-c87f-4cd3-8b16-244000e841fe,3d33acea-7ac3-4b3b-9a69-51b4da3550e1
d8e6d924-c569-4df2-bf96-1fdca076edf4,60b6f64a-c87f-4cd3-8b16-244000e841fe,a8abcd55-a558-4f45-bbe1-508f2cae9451
dc42befb-5b60-46a1-8f29-8c3d991dac28,60b6f64a-c87f-4cd3-8b16-244000e841fe,aa13cf84-788d-47ab-a286-a386eb6a91a5
80525856-a9c6-416c-ac70-7c69dc555401,60b6f64a-c87f-4cd3-8b16-244000e841fe,bcc2ad0a-8ede-4090-b256-ef27c231238d
c556428e-8fde-4f96-98c7-fd906b8db35b,60b6f64a-c87f-4cd3-8b16-244000e841fe,410fa28c-0999-40fe-b6ae-6750502fe2b8
fb756588-3c1c-4e7b-88e7-7fdd99603e2e,60b6f64a-c87f-4cd3-8b16-244000e841fe,1963780b-4520-4502-a1ea-feb212224db7
80efe5e5-63f9-42cc-baa8-49d7ea328dd6,60b6f64a-c87f-4cd3-8b16-244000e841fe,17dc3126-0e27-4963-8462-13775e9a4d5e
75046136-2d7f-4d4a-a732-c8c8655531f5,60b6f64a-c87f-4cd3-8b16-244000e841fe,379fb810-8dd6-47c0-bbfd-2d31be90ae85
48885e3c-4d3d-4616-a2bf-36227060aef9,60b6f64a-c87f-4cd3-8b16-244000e841fe,8e90abb3-e087-444b-814c-4cc9ae57bd38
7f886c91-9b16-421f-8c1d-c72569524494,60b6f64a-c87f-4cd3-8b16-244000e841fe,c38ddedd-782e-4742-ba4a-320d0986a615
7a90917f-126e-409a-9acb-269ab2a6b99c,60b6f64a-c87f-4cd3-8b16-244000e841fe,26eb6a32-5f11-49f2-986c-fd5a8f754a81
1641b5a3-becd-41ae-8798-5968d343963e,60b6f64a-c87f-4cd3-8b16-244000e841fe,0a5511ed-0453-49f3-9e9e-eab4ef5905c8
f866016e-b5ac-4484-aa79-532c7f221e24,60b6f64a-c87f-4cd3-8b16-244000e841fe,daea203d-f30c-47d2-bf99-b7d5910d4f9a
ccb31b52-1ec2-4a2a-84ee-7b8f7a7ca82f,60b6f64a-c87f-4cd3-8b16-244000e841fe,12871cec-282f-49f9-aa1e-92d187f8231c
f5558453-bea7-4783-9887-91d7d33c7695,60b6f64a-c87f-4cd3-8b16-244000e841fe,ee57bbc9-5e83-4e81-9584-fefcf05cb799
2f3353e0-8255-401a-a2b5-066b7d63c44f,60b6f64a-c87f-4cd3-8b16-244000e841fe,5b24d3e0-b555-4e92-ae37-8e31699016cf
01458f28-75a3-46ee-a020-47f781561f79,60b6f64a-c87f-4cd3-8b16-244000e841fe,7af5b450-719c-44ec-a1fb-6459ce4b756b
aaafd0ce-8147-4651-b4b8-6945e6ebf070,60b6f64a-c87f-4cd3-8b16-244000e841fe,6ce7c432-d7b9-46ea-a3c0-a60cd9208e1b
39759cf4-3a5c-443d-a2e8-551566ec7b66,60b6f64a-c87f-4cd3-8b16-244000e841fe,f16cd3c6-afb1-4450-9c8f-5d00f501b163
b3c6d23b-7ff2-4c33-81d4-32e4ea938749,60b6f64a-c87f-4cd3-8b16-244000e841fe,bb4663ce-f134-43bf-a163-d10ed50eee72
2d285b64-167f-466c-9682-33b549cb887d,60b6f64a-c87f-4cd3-8b16-244000e841fe,0c8f4827-c1d1-4a3b-8429-0e15cb12962a
a60d37d3-d976-4a7f-913d-6ae562ea77ec,60b6f64a-c87f-4cd3-8b16-244000e841fe,d9aa0f69-55de-49f3-b2da-69024bff7cd0
4869eb42-5bc5-4e55-bd65-230e8ebee7f0,276bc786-71e1-43d5-a95f-d068aba82c89,375f00de-ee5d-43cd-8a9f-eb6ffd0f6647
7712ffc5-cf64-401a-8d9a-0468353c3dba,276bc786-71e1-43d5-a95f-d068aba82c89,3b40d52c-1359-474f-9a9b-099e49441b30
795d4333-3bb5-47b7-bddd-37734774c1c6,276bc786-71e1-43d5-a95f-d068aba82c89,ce2fe009-173d-4c0f-b63b-fbb4ad924384
8f1ebac1-e8e0-45ff-8acc-043c8ab0ba1d,276bc786-71e1-43d5-a95f-d068aba82c89,be7f5367-2e2b-4d93-b5d6-c188b9b7a901
50d81fd8-7052-4693-9bd9-baf98bb7a97b,276bc786-71e1-43d5-a95f-d068aba82c89,8a3722fc-867e-4c22-b46a-ba1a277968b7
920d2e74-dc1b-4dc6-8d46-b2fd5d84bd53,276bc786-71e1-43d5-a95f-d068aba82c89,63e1941a-ee73-4471-a57d-454aa9afe0f3
eec61c45-6064-4559-9bc5-ece143e5e3de,276bc786-71e1-43d5-a95f-d068aba82c89,aacdfedc-333c-4340-802f-ccba329a4c17
74b21ed3-bff2-45ed-b394-c7e143dafcbf,276bc786-71e1-43d5-a95f-d068aba82c89,29ee1843-c2a0-4af1-bdcd-ebcfe077dbc2
381373d6-12c5-424d-93a9-eeeacd686c20,276bc786-71e1-43d5-a95f-d068aba82c89,529c5709-a983-4ad6-8017-a3923be29f1c
239f8a67-7e3a-4759-be51-4bbf3f5f931a,276bc786-71e1-43d5-a95f-d068aba82c89,ffa77d98-d851-4287-a9e7-ab45965b50a6
00509b70-63c1-4d84-bb3d-a5f37233293a,276bc786-71e1-43d5-a95f-d068aba82c89,d1b42a99-23c8-4e5b-add1-06b3a961bbd1
7c80286b-8dfb-48f7-b2e6-8db8b9d5b475,276bc786-71e1-43d5-a95f-d068aba82c89,9866a720-c0ba-41d0-a31e-03e4dd914113
a093db9e-aeeb-46e8-bf84-cb0cc5e618c9,276bc786-71e1-43d5-a95f-d068aba82c89,138a5c3e-a855-4e52-9e4e-90ac7c676313
b8450401-bfac-4c6d-ac3e-f55ef872a6eb,276bc786-71e1-43d5-a95f-d068aba82c89,ac5011ca-15ef-4d33-b812-4ed99e8f4f8f
95f95e43-1ea8-44b6-9fe4-e3a904fed9a0,276bc786-71e1-43d5-a95f-d068aba82c89,1ebf509e-5ffb-41d0-8952-bc093accd109
ce0dc35f-8871-477b-878e-2696d9cfc4d3,276bc786-71e1-43d5-a95f-d068aba82c89,7c7d5fc8-4dd6-4798-b26a-e80e664a24c1
92598fa1-f527-4c0d-8dcf-e0615fc983e6,276bc786-71e1-43d5-a95f-d068aba82c89,4a5d3990-f13e-4898-88c9-1f33f0117a26
6638ea7b-bde4-4b7d-b938-31b426998698,276bc786-71e1-43d5-a95f-d068aba82c89,b51c8443-219d-4934-864f-c672b1d8e428
f849de78-4eb0-42eb-b206-e3c3da58cd8d,276bc786-71e1-43d5-a95f-d068aba82c89,4081194c-f72d-4e8d-bcca-0dd75c6bc121
85a72bb7-98fc-4f93-b46b-c43e4f8b2fba,276bc786-71e1-43d5-a95f-d068aba82c89,2867b31b-88d6-4535-b636-2b6f3db1394b
fa6caa77-4843-415d-a56c-f39bc5f80070,276bc786-71e1-43d5-a95f-d068aba82c89,c52d715c-3f5d-4009-946a-1ee1f6e3ab75
54e2ec19-56fa-461f-9e9d-090ac431961c,276bc786-71e1-43d5-a95f-d068aba82c89,8dd298dd-456e-4d0f-8a2f-c03ee635026c
57b9f5fb-62be-4cf9-9d2c-be1729e48eb1,276bc786-71e1-43d5-a95f-d068aba82c89,7818f167-ef0e-40ca-98a0-9e7e1686aa74
8dfc6376-2d0a-4c82-b9df-891d945d4c78,276bc786-71e1-43d5-a95f-d068aba82c89,0bc4b7d6-c049-4a75-8c5d-7c92d90c53fe
25ad498d-22a7-431f-a33a-88baf1ba1892,276bc786-71e1-43d5-a95f-d068aba82c89,432b9be9-2291-40e8-b68f-fa60fc2280fd
538d8036-a762-4e4c-a379-80bdb7b91dc3,276bc786-71e1-43d5-a95f-d068aba82c89,33b31291-9460-4b42-8619-4dcfad75249e
5677f57a-a6f7-4c0c-baa1-30b8f9a3204e,276bc786-71e1-43d5-a95f-d068aba82c89,a1ac866f-23cc-4ab7-9925-9c5d6ccd42b7
9ec47f51-b383-4f4c-ae8a-50e5f182d30d,276bc786-71e1-43d5-a95f-d068aba82c89,9a3d0ad1-72e3-4784-8a3c-c935c62076e1
c0b5772c-d1c9-4de6-a681-443f376a42b9,276bc786-71e1-43d5-a95f-d068aba82c89,314b0d9b-3dc8-4633-9a75-f046f336b4db
81aafb9c-916a-46d6-8db4-190614151033,276bc786-71e1-43d5-a95f-d068aba82c89,191d3779-938a-4266-9bf2-07352ec684b6
69307d9b-f358-4b12-9afb-8deb78040aa7,276bc786-71e1-43d5-a95f-d068aba82c89,ec32206d-7ba3-4331-81bf-1d2e02d9d72d
833ece87-cd39-453e-a8b1-c9c502eef5af,9c9b68e2-c59a-4d16-9d91-2c0f99203346,f8fe70cd-d058-4fdb-817a-c22c7652c8bb
00f3c337-2030-4555-9af4-d3e23797f8ca,9c9b68e2-c59a-4d16-9d91-2c0f99203346,927a1bec-b64c-408c-aa86-3435dd2d18d4
705f19f4-454c-479f-952f-69834b577b27,9c9b68e2-c59a-4d16-9d91-2c0f99203346,b0713c8c-2a2f-4388-a325-01c5086348fc
0571ba79-a02e-40df-8810-067cf5b8cc4b,9c9b68e2-c59a-4d16-9d91-2c0f99203346,43299a9b-c21b-49c6-956d-b150d7cae4bf
c1f25b78-9afd-441c-90e9-ce531eb8c4af,9c9b68e2-c59a-4d16-9d91-2c0f99203346,933a2537-2d9f-47d1-92a6-5dae7194ca6c
e5041094-c722-4da3-a374-cd466d0fee6e,9c9b68e2-c59a-4d16-9d91-2c0f99203346,89e855c9-8c6a-4e81-b341-9bb3f9b47454
b878c5f2-f001-4731-b8bf-40757c547f51,9c9b68e2-c59a-4d16-9d91-2c0f99203346,d5a92c6f-7726-4869-bbb3-a83625d594af
de86c0e4-7e0d-4369-86b0-4567493808a2,9c9b68e2-c59a-4d16-9d91-2c0f99203346,67d78916-d4b6-44a7-b293-02126ac2e594
eb06fb29-14e4-43ac-bde3-fdcc584955e0,9c9b68e2-c59a-4d16-9d91-2c0f99203346,757205af-5938-4684-9452-3b3f097b086e
430448a0-965c-48af-a585-cc3f064b938d,9c9b68e2-c59a-4d16-9d91-2c0f99203346,be43444e-7144-44ab-b37c-c9c58c5313f4
d2a1ac63-dc02-4ccd-8020-b1ff0180247a,9c9b68e2-c59a-4d16-9d91-2c0f99203346,e0fe6694-6103-487d-ad99-04469434e2ce
9f85a539-8730-4d94-af8f-49f208a51846,9c9b68e2-c59a-4d16-9d91-2c0f99203346,639a8072-9d37-4647-8d32-aecc55dce023
ac592503-43ea-44d8-93f2-2d21eabe3fa8,9c9b68e2-c59a-4d16-9d91-2c0f99203346,76f867de-391b-4ecb-a70f-d59a5af29a3d
522cddb3-81cd-441d-8d87-8945b068887c,9c9b68e2-c59a-4d16-9d91-2c0f99203346,ca8610dc-e03f-44b7-95a9-ebf15fe7b409
5c051c10-50b7-46bd-8a3a-f87d06012750,9c9b68e2-c59a-4d16-9d91-2c0f99203346,b87e685c-42c5-4360-a330-668be97eb6d4
1aa57836-f1a6-42ab-a405-b2c5af0d98d5,9c9b68e2-c59a-4d16-9d91-2c0f99203346,e4eefa1e-ebb9-4068-9dd4-b98224d1ed11
c38e0fe5-6121-438c-844e-cfff84358c76,9c9b68e2-c59a-4d16-9d91-2c0f99203346,bdd3db63-3921-4454-bc0a-81b5365e4075
17845778-86ac-42f0-a99c-a2238b0f1578,9c9b68e2-c59a-4d16-9d91-2c0f99203346,1229302b-cae2-48f5-ac18-8356ce9089de
c950b379-926d-4272-924d-7186da45ae77,9c9b68e2-c59a-4d16-9d91-2c0f99203346,d13b0e69-f952-45c0-95f8-8bd761cfa3dc
962cf809-bd86-44ec-a665-50b9826d1bae,9c9b68e2-c59a-4d16-9d91-2c0f99203346,2d657f91-016c-40f6-ab9b-c589757a64bc
1a8c0220-95b5-4c67-9efe-083985e84df4,9c9b68e2-c59a-4d16-9d91-2c0f99203346,4c94d798-4e4f-4c3f-b748-3a5c662c55cb
c4f9ca7d-46dc-4628-a77b-c9eaea6a1599,9c9b68e2-c59a-4d16-9d91-2c0f99203346,077f234f-fc09-42a2-98d4-346b65749fb7
b20b7f21-093f-4b69-97b1-4a26fa40c655,26d3ed93-720a-4667-8b60-f59697b79619,44774bd7-1469-4a5a-ac82-09ea22f8d809
c636d79b-3a97-4d62-b5f9-a12c05029630,26d3ed93-720a-4667-8b60-f59697b79619,c601a1c7-374f-4a38-ac21-3a766757c6ad
017cbb40-800b-45e3-8f29-ac47f2d505a3,26d3ed93-720a-4667-8b60-f59697b79619,55c1e9a3-3f22-42b7-8c18-a08540ceaddf
f88a5224-6e8d-43d0-9738-d6ea8acd8d1f,26d3ed93-720a-4667-8b60-f59697b79619,865f8150-18dd-401a-abf7-72760a32aaf2
eb06e473-6302-4c04-ac53-64ec00b98bdd,26d3ed93-720a-4667-8b60-f59697b79619,1bb397f1-c11e-473b-9c90-73e55f0977aa
46e895f8-4c56-443b-bef0-d1fa6e27d307,26d3ed93-720a-4667-8b60-f59697b79619,96f344e9-1337-4643-aa7d-4c1032e16f67
3b10ecbe-0faf-48db-8cfd-f75ae13387e2,26d3ed93-720a-4667-8b60-f59697b79619,f5771532-d8f4-49f6-a97e-79170083ee09
43b5f614-28a8-4fb1-87db-d125435d3088,26d3ed93-720a-4667-8b60-f59697b79619,5a92630f-844f-4afb-a6ee-f1b3e6cfe533
5d9707da-0b97-4fa0-b8ba-df0cda939e09,26d3ed93-720a-4667-8b60-f59697b79619,19b91be2-2366-445e-a518-f83fd222c7f9
8de5dcea-4f35-464e-ad6b-875e244303dc,26d3ed93-720a-4667-8b60-f59697b79619,dadcff69-97c9-4926-8d6a-adff7ad98a17
1b2ce1bc-4daf-4eb6-9ad3-5bb2b4c41702,26d3ed93-720a-4667-8b60-f59697b79619,c69b9f0a-52cd-4dfc-aa3b-9832d23a6967
ed4ec921-86fb-4325-bfb6-b9cad031a52e,26d3ed93-720a-4667-8b60-f59697b79619,2af7e466-3db6-4c28-ac3a-aa2b1ccaf01c
56957ba9-da37-40ba-b649-7bc050378754,26d3ed93-720a-4667-8b60-f59697b79619,b540bedb-a5ee-4fb0-99ee-2a4c638484fd
778cd5fb-e728-4f6a-b212-da63d0998a04,26d3ed93-720a-4667-8b60-f59697b79619,433fbc37-a700-472e-971f-21c4318d157d
bf3ca724-a17a-40e1-9550-2987bdaccb29,26d3ed93-720a-4667-8b60-f59697b79619,b7fc2b5b-1723-495f-987d-7694947c54e4
7f9381cd-4d01-4f43-8f30-eeb8adefd2d5,26d3ed93-720a-4667-8b60-f59697b79619,405a9a1b-9b57-41e0-94c7-b7f32585ec55
3328b90e-7852-4594-b736-acb156f2ea95,26d3ed93-720a-4667-8b60-f59697b79619,5f238468-9d1c-4e63-b845-698b6c265998
6618bec4-a6ba-4caa-aad1-4cb33eb3f2d2,ace58789-7fe6-448c-a5b7-71729fd0ca0a,927a1bec-b64c-408c-aa86-3435dd2d18d4
c61ae060-c194-4a2c-82e9-99ab4f569907,ace58789-7fe6-448c-a5b7-71729fd0ca0a,000c3a8d-6846-43cb-b524-d209121db1b3
f34382e9-4c5c-4aff-ae85-8ed50a53acb3,ace58789-7fe6-448c-a5b7-71729fd0ca0a,39571f7e-ee4e-46a4-a0d8-4454310ae529
a15674d4-2208-4ef9-bb13-93faff511747,ace58789-7fe6-448c-a5b7-71729fd0ca0a,c610bbba-0987-4200-b571-122157e15988
733c388f-a0cd-4092-9fca-0a3ebf0c7861,ace58789-7fe6-448c-a5b7-71729fd0ca0a,a6bb4547-f255-4a6a-a5bb-3e8e09f372dc
5ca296d7-aabd-4781-9746-75caf4258927,ace58789-7fe6-448c-a5b7-71729fd0ca0a,bfed9f48-e300-41d0-ab3b-b25aae9b6e59
f40f1d2e-3d29-42f9-ac71-40b32e3c2ebd,ace58789-7fe6-448c-a5b7-71729fd0ca0a,96ef0d52-c1f4-41ad-b758-24b480eb001b
96f17dc4-1d7c-4245-ae4c-7d5f22644a0b,ace58789-7fe6-448c-a5b7-71729fd0ca0a,375f00de-ee5d-43cd-8a9f-eb6ffd0f6647
50797e89-883f-4ff5-8a40-9534a084ec94,ace58789-7fe6-448c-a5b7-71729fd0ca0a,e4e5e577-f708-4090-8cd5-90ba803cbe19
a7b86d6c-b402-48ee-a0df-7dba34a94ea0,ace58789-7fe6-448c-a5b7-71729fd0ca0a,f44ad8be-0cc4-4fd8-a270-1809c22dd7c7
b62ba246-e283-44b4-b969-510bbe1e18a7,ace58789-7fe6-448c-a5b7-71729fd0ca0a,b501856a-0f0a-4a7c-819a-372096c72136
5b7d5c62-483b-4e1b-86a5-9b3f5cb3cb5f,ace58789-7fe6-448c-a5b7-71729fd0ca0a,df95bb97-95a6-4e20-9f6b-500fd9e291f4
5985af4f-a8ad-412b-b524-a00b5b51b14c,ace58789-7fe6-448c-a5b7-71729fd0ca0a,4eb0b021-d62a-4cc9-9f84-341131436c40
c80cda1c-4819-48b8-b449-08bea5f458ae,ace58789-7fe6-448c-a5b7-71729fd0ca0a,fd5eba7b-87d9-4f20-9ae4-bbaac27a5882
c93ccbc4-91d1-45c2-8963-809b22c60f68,ace58789-7fe6-448c-a5b7-71729fd0ca0a,327ad174-982b-403b-b3b3-4ece46271fb7
950440d6-5fed-408b-9cfe-4adcc8fe3e1b,ace58789-7fe6-448c-a5b7-71729fd0ca0a,f967dd59-59e1-452d-ad18-1390907eeb0b
b232c3b1-c580-4727-8607-c258fccd6675,ace58789-7fe6-448c-a5b7-71729fd0ca0a,dd0d5095-226d-49dc-bc17-d17249d24bea
f09142a3-0ced-4df6-ad15-99b9032945db,9855815a-75d2-4cd0-891d-f926824c6254,72354a3e-01af-4d2f-a9bb-4788420ca653
46f3c004-0f86-4959-a2b9-86e9acfa58d8,9855815a-75d2-4cd0-891d-f926824c6254,2973ed99-21ab-4e87-bcbc-7798caea3b3e
c6fdc78b-bf07-4934-b51c-c89264c14531,9855815a-75d2-4cd0-891d-f926824c6254,66267dd7-6a45-4e48-80d5-0a7f99cbb86e
801d3fb3-4e40-450b-b910-47dca12c58ad,9855815a-75d2-4cd0-891d-f926824c6254,be59213b-0d32-47dd-b496-ae66877c3ab0
c52c928b-b46f-42b4-a4ec-98695dd21949,9855815a-75d2-4cd0-891d-f926824c6254,6710e516-ccbf-4a94-b32d-ff267d2e0dca
de7f7c04-b914-4f81-b55f-1f1554308b0a,9855815a-75d2-4cd0-891d-f926824c6254,e06161c2-2f68-453f-8bed-3dade1d04090
2f068128-6a82-4695-9a7c-082f9e9c93ab,9855815a-75d2-4cd0-891d-f926824c6254,c36a2208-f8fd-43c3-ac8f-96875b77894b
17683695-c08c-4a29-8a96-1fdf128708c7,9855815a-75d2-4cd0-891d-f926824c6254,474f08c6-f982-4211-85b1-79d4b753c608
f796a0fa-3254-432c-8b07-086c5ef31f26,9855815a-75d2-4cd0-891d-f926824c6254,68d08365-cf58-441c-b822-f38ec127052c
d34ac012-4c7d-46f0-8d1c-c8b49610e8c2,9855815a-75d2-4cd0-891d-f926824c6254,f429caa1-4811-4a0d-bb4a-374aaeebc6bc
0bd899c7-6a81-481c-9605-b438f373672f,9855815a-75d2-4cd0-891d-f926824c6254,68f289c1-0e27-4598-be2e-fa03337bb878
f0e845eb-7e68-470d-bbb1-83c63abd5243,9855815a-75d2-4cd0-891d-f926824c6254,cb306de2-7116-4c9a-a2e5-3e1cfde9a4e5
4af18a8b-813c-456e-8a67-3730ae4e3a64,9855815a-75d2-4cd0-891d-f926824c6254,83369f85-0d0f-4e31-b54c-1c4f4778f68b
f5dbffc0-b5cc-4be4-8be0-e0a7798ff387,9855815a-75d2-4cd0-891d-f926824c6254,145b29dc-c622-484a-b234-fff6030bab07
e7d1d263-52e2-4ae9-9382-35d9523034d6,9855815a-75d2-4cd0-891d-f926824c6254,5836c703-8656-446a-b513-fc4225e7b0ff
d6a49bba-1606-4938-992a-86ced9bd1a3f,9855815a-75d2-4cd0-891d-f926824c6254,2a43ea61-2016-4e30-ab9b-d8d0fdf5b684
28d4adb5-0520-46bd-9b62-ca3f99e46003,9855815a-75d2-4cd0-891d-f926824c6254,6063ebf0-15cd-4776-9362-44eac728d003
f1fba25e-66aa-4e09-b65e-1e8059f9b5c1,9855815a-75d2-4cd0-891d-f926824c6254,5d3cc74a-a346-483e-9158-27e95fb83bf2
9dbde24d-a4cd-4512-b55b-9dc0e06cc1e9,9855815a-75d2-4cd0-891d-f926824c6254,e91b6db1-093b-4d2f-a701-be7c0f6f4ae4
d22db767-1d9f-4891-af74-07d924c9e2bf,9855815a-75d2-4cd0-891d-f926824c6254,349f9d38-4c7f-4e10-bf70-071f61549365
aa6bdbf2-2112-4446-a78f-3a58a47223d3,9855815a-75d2-4cd0-891d-f926824c6254,bb2c27bc-20ac-4515-aba3-6a54c7e04ebf
c1e86967-4a8b-44e4-ad2d-2f9e4b81bf2b,9855815a-75d2-4cd0-891d-f926824c6254,396efd1f-b566-4b68-8422-04f763099f0b
fa7efdc0-5e60-4978-98f1-a8538a294515,9855815a-75d2-4cd0-891d-f926824c6254,e5ef1827-913a-4916-bff2-4dd830f6ada6
ad101923-4454-490a-a593-c9fa3d19c601,9855815a-75d2-4cd0-891d-f926824c6254,0bcda77f-7864-4e77-a539-8f9858cc8127
0e4139da-9da3-45dd-8da6-be032fe47af6,9855815a-75d2-4cd0-891d-f926824c6254,44d2aa6c-f7bd-45da-9e27-ed5b708d0daa
7112ff5e-cab4-43f5-aec2-4b69f9cb951b,9855815a-75d2-4cd0-891d-f926824c6254,7c4342c0-c4a5-4c1a-9d61-2e9fad194b43
a17f6062-70d7-41ef-b60a-24aead432713,9855815a-75d2-4cd0-891d-f926824c6254,5b605aad-b264-4267-8905-22cfada89130
df8d7e79-2863-4a9d-b0f8-1ecc11660cd0,9855815a-75d2-4cd0-891d-f926824c6254,a38f5c80-8606-4584-9fbd-fbd700e42489
71af276c-ffef-446c-bebe-3db6fbbe3e21,9855815a-75d2-4cd0-891d-f926824c6254,b0b78cfa-0c26-4e97-b366-185d00d1b167
9f6168f5-0045-4335-b682-a57f95a61b9d,9855815a-75d2-4cd0-891d-f926824c6254,d6adf849-1e2a-41da-8bd0-9221997e6be8
ad122692-2476-4f18-bf01-8ac811117ae5,1f8cc1ad-734d-415e-94da-6aeb8f4704bb,711db8c1-8662-4158-8d89-c2d44b8d2388
833c7eed-59f9-4101-8344-0c318433d0be,1f8cc1ad-734d-415e-94da-6aeb8f4704bb,4081194c-f72d-4e8d-bcca-0dd75c6bc121
04946233-986f-4268-b075-9b1d60a57ab7,1f8cc1ad-734d-415e-94da-6aeb8f4704bb,d369a38c-a3ca-4f0d-9e61-cb9faaec083d
81079f26-0b18-415a-9dc7-8a4be09ac96c,1f8cc1ad-734d-415e-94da-6aeb8f4704bb,ae96035a-aa19-4952-a7c9-933bca467bab
1fe80bdd-99e4-468c-b625-9ab7c5648a2b,1f8cc1ad-734d-415e-94da-6aeb8f4704bb,cd7e46c3-75bd-47f4-a2a2-6dbe46866cc8
ca6773e7-3875-45e9-be6e-78227d5eb7e7,1f8cc1ad-734d-415e-94da-6aeb8f4704bb,85355280-6a8a-4c3c-bda2-e56b008c15c3
d3a1b150-86e4-43ad-9dd7-32ab3316e23d,1f8cc1ad-734d-415e-94da-6aeb8f4704bb,1ca676e0-a374-43fe-beaf-bc16b9091c1e
22b01398-2d9f-4d09-9a30-a5ce28f4ac14,1f8cc1ad-734d-415e-94da-6aeb8f4704bb,699751b8-4b57-4afa-97a9-444d022ee6ac
860ed93c-511a-40d2-96be-527ebfd4a485,1f8cc1ad-734d-415e-94da-6aeb8f4704bb,aaa73e89-9db3-431f-b124-59f96ed9db1e
d9e0d59e-9d70-4c88-b589-60699cc0441b,1f8cc1ad-734d-415e-94da-6aeb8f4704bb,b51e7a71-3da5-414a-b389-5ec4c03a0d29
52b41ec5-9ba5-428d-ab25-c10a5d4ddbeb,1f8cc1ad-734d-415e-94da-6aeb8f4704bb,91cadf48-4ca8-4109-ac41-d0fb1b614bb3
af7083d5-86cb-4f9e-9fbc-2729665a4d8e,1f8cc1ad-734d-415e-94da-6aeb8f4704bb,a6910de9-f7b1-4bc9-9657-4932363ff406
ec307d15-87a9-4ea7-b363-938c94d173df,1f8cc1ad-734d-415e-94da-6aeb8f4704bb,9d569181-bba8-4498-be7b-fbf6538b2a25
cebf6aca-a88e-46fc-89dc-a312b619165f,1f8cc1ad-734d-415e-94da-6aeb8f4704bb,097238ce-bebc-48a3-8ae5-7fc584dd1972
5cca01b3-c8bb-4427-973b-0a0b0825088e,1f8cc1ad-734d-415e-94da-6aeb8f4704bb,087b9fda-82c3-42b3-8fa9-2ea2f3024369
89a1011b-2695-4595-b0e4-769af5b91ab0,1f8cc1ad-734d-415e-94da-6aeb8f4704bb,a5381874-1dfc-4ac2-8495-66db50604ae7
87590c64-c1ef-44ce-9122-11aaabb1b19e,1f8cc1ad-734d-415e-94da-6aeb8f4704bb,08f0d77c-ae4d-4ad0-8b20-2a43e58effce
36428524-7750-4517-8a6c-81f4a2a72158,1f8cc1ad-734d-415e-94da-6aeb8f4704bb,162ea09e-9ba0-4b70-b60f-d3901801d78e
72c83757-de90-4eba-a4bd-cffe03dfbd26,1f8cc1ad-734d-415e-94da-6aeb8f4704bb,7bc97f46-7910-48b3-94bf-a5814b5cca38
310bd7f0-6f0b-41fb-bb11-fbe2366a440a,1f8cc1ad-734d-415e-94da-6aeb8f4704bb,95d58be4-555e-4b27-859d-cf4c3419428d
7117a64d-8181-4c1c-b2f8-fc43c5d9f257,1f8cc1ad-734d-415e-94da-6aeb8f4704bb,f5d8ece4-1400-46c1-8ff5-5b66df229e87
277b3a63-1265-4020-b4e4-17771646ad6f,1f8cc1ad-734d-415e-94da-6aeb8f4704bb,42cc2425-b093-4642-aa05-8cddd75104ba
7249ccad-0813-4567-bd29-7c8785c9c7b9,1f8cc1ad-734d-415e-94da-6aeb8f4704bb,02062974-5adf-4602-b50b-3cf6ee7a5d85
9e0acfdf-ea8c-4845-ab5b-dea5166516cd,1f8cc1ad-734d-415e-94da-6aeb8f4704bb,42acd851-b992-45d6-855a-90481459c37d
1f8ddc51-74d2-44cb-ac98-e06c3d647854,1f8cc1ad-734d-415e-94da-6aeb8f4704bb,6bb52d96-55a1-4d3f-a5a3-8048e25b95bd
05b6a0d7-d6c0-45ea-84e8-246554f4e61a,1f8cc1ad-734d-415e-94da-6aeb8f4704bb,4d591f24-916f-4fcc-bc01-90fd9a492d23
aff557bc-3949-447a-a940-8ce53bc5131c,fd75451c-5221-4a91-a7f4-0f7d81f86aaa,1fbcc953-2a26-4000-a5ec-5ab4dabe8062
71adc111-6954-4423-98cb-d120bf408034,fd75451c-5221-4a91-a7f4-0f7d81f86aaa,498269e6-de7d-4d11-b727-296870f547f8
706e2014-f0af-4474-908d-1e88a40dd56c,fd75451c-5221-4a91-a7f4-0f7d81f86aaa,bd6f2486-c038-4276-b6fb-93bcc8792e7a
9572dcd0-a5f6-401b-a579-735e02d151e0,fd75451c-5221-4a91-a7f4-0f7d81f86aaa,d96d0b96-fc97-44ae-9bd9-313f5cd778dd
2397e94f-6843-4ef8-a3c1-afe0304a5755,fd75451c-5221-4a91-a7f4-0f7d81f86aaa,5c9bfa3c-6d78-4c31-9096-cbf6d645b451
ba8e8b9a-be8a-4060-8727-2872f593417c,fd75451c-5221-4a91-a7f4-0f7d81f86aaa,431caf03-be3f-4d5d-a6e9-ab65bfe7e576
29cbc151-d9f4-42ef-9811-d3fd14d8eee9,fd75451c-5221-4a91-a7f4-0f7d81f86aaa,227fea47-4c9f-4f57-97a1-ef2e6dd5ae13
3ab456a5-fd34-46ca-9c20-69df63d78279,fd75451c-5221-4a91-a7f4-0f7d81f86aaa,4e33716e-19c0-4bd5-b42c-8b8c0abda4ca
962f114a-3c4e-48d6-8850-2190389baa44,fd75451c-5221-4a91-a7f4-0f7d81f86aaa,f967dd59-59e1-452d-ad18-1390907eeb0b
e2aad185-2317-4fdf-8672-6b54e7df4729,fd75451c-5221-4a91-a7f4-0f7d81f86aaa,c3488a2c-2029-4a90-a453-da48fe7ca686
937a9972-0642-473f-a45a-02004582da6d,fd75451c-5221-4a91-a7f4-0f7d81f86aaa,c4a8b8e3-c55f-4fc5-b015-8a57d38f4e62
14aef678-dc06-4b27-bdb3-58c2321f3219,fd75451c-5221-4a91-a7f4-0f7d81f86aaa,cf94e50c-a797-486c-9284-22d09be20c12
55b70914-7ea7-454f-b7c3-a0c4cb7a3ced,fd75451c-5221-4a91-a7f4-0f7d81f86aaa,80872497-f218-414f-9e10-9f559335f132
9fa5d003-ff98-48df-b159-f782f74e9a69,fd75451c-5221-4a91-a7f4-0f7d81f86aaa,461cf775-ac68-40e6-8160-c310c55d0552
5b979401-78d7-4ee6-aecb-2f311747cbab,fd75451c-5221-4a91-a7f4-0f7d81f86aaa,075155a6-f62e-4e53-a8a9-28485b8171aa
bcded10c-85c8-4d91-bdad-8a4f58d7039f,fd75451c-5221-4a91-a7f4-0f7d81f86aaa,1fede6aa-c190-4e12-b1d4-7348a369a978
a4174a0d-06ee-4826-9a53-bf5de6c83bdc,fd75451c-5221-4a91-a7f4-0f7d81f86aaa,747b66bc-f23f-43f8-b8ca-4938a51c6f30
ab5cbe5f-5994-4f28-bdd8-73a67a4d6f81,fd75451c-5221-4a91-a7f4-0f7d81f86aaa,bae136d1-4cb6-4a2e-955e-9efb122d8669
b375e050-5fb2-4161-b871-f702c3116487,fd75451c-5221-4a91-a7f4-0f7d81f86aaa,e28e7599-eb0d-4271-9020-e4e413277930
944617b2-1af1-44e0-9f1a-82aea3bfd140,fd75451c-5221-4a91-a7f4-0f7d81f86aaa,e8c5014e-4f3e-40fc-bd49-1168509cf59c
0b583a12-497f-40f0-8b12-ba870f6016a5,fd75451c-5221-4a91-a7f4-0f7d81f86aaa,7429570c-d11f-4683-8a7c-77ec84a1b73c
f8a36372-1862-4ddb-be4b-d2771c9fa2ed,fd75451c-5221-4a91-a7f4-0f7d81f86aaa,c5062c0a-d179-4ae6-b064-9b548f6632c7
805914b1-5026-4b6b-868b-278a03d971e2,fd75451c-5221-4a91-a7f4-0f7d81f86aaa,9a3d0ad1-72e3-4784-8a3c-c935c62076e1
0f1d17f3-30d4-4155-9d4c-de4414633900,fd75451c-5221-4a91-a7f4-0f7d81f86aaa,bf828085-7842-4b4a-b0e8-c294aa948c21
9ca16634-d73b-41c9-ba20-a2a9e7e4c8db,fd75451c-5221-4a91-a7f4-0f7d81f86aaa,66f4a4b9-ad56-423f-9622-86a466d0b2a1
a8bda8e7-dac4-40df-913d-cb160d36839a,fd75451c-5221-4a91-a7f4-0f7d81f86aaa,9d25973d-2e7b-4fc5-954d-794990023113
ad1ccbc7-20c3-46e6-914e-5fee36752b85,fd75451c-5221-4a91-a7f4-0f7d81f86aaa,4db48b69-a227-4510-ad1d-777597d121f8
b2d7a280-f91f-444f-b559-443a617ae689,fd75451c-5221-4a91-a7f4-0f7d81f86aaa,a2ff570d-b5c6-4598-a9b3-d40c7b41f7de
e93de955-4627-4cb9-aa02-3d8a39210ddc,fd75451c-5221-4a91-a7f4-0f7d81f86aaa,528de87a-9f51-4906-abe1-27edd19729d3
cda76dac-8d2f-47fd-854c-08ec2a81d31f,fd75451c-5221-4a91-a7f4-0f7d81f86aaa,95f9a4c6-8cc4-444d-b053-f8b92844c793
315993ff-6a18-40a7-8df4-4467d0abbb63,fd75451c-5221-4a91-a7f4-0f7d81f86aaa,a87dc5bf-f1dc-4253-868b-653d25141868
0de40809-1cfe-4c18-94f9-836e0dbc865b,fd75451c-5221-4a91-a7f4-0f7d81f86aaa,cdd65afc-0383-4533-9359-0dc7da24ae57
0b3ea2dc-1a95-47d1-a68b-046c676b1f9b,fd75451c-5221-4a91-a7f4-0f7d81f86aaa,38aa525d-f687-44dc-b5c0-d569d538208b
c0844f42-c18c-402c-8505-f2a8968ad12a,fd75451c-5221-4a91-a7f4-0f7d81f86aaa,142f8091-c70f-4ecb-9222-262e65ec62c7
94765b60-47fa-421b-9af4-c47f6c80c094,fd75451c-5221-4a91-a7f4-0f7d81f86aaa,0ac281c2-0ede-40c5-bc60-efe47b1ce910
9e1a657a-503e-4bfa-b609-335f27640a61,fd75451c-5221-4a91-a7f4-0f7d81f86aaa,73cb4d3e-b88a-4f84-a622-8d8fa6ed2c12
bfa16120-96c3-4751-b32c-7bc8c78b5ed4,fd75451c-5221-4a91-a7f4-0f7d81f86aaa,06aafdb0-a22c-462a-8276-015406ec47a9
82e57b39-4f6c-4234-b327-cd1d90a199e9,fd75451c-5221-4a91-a7f4-0f7d81f86aaa,d563495e-5090-40d9-878c-8bdc2198891b
952aadf6-76af-4da6-a685-c512f1adb4be,fd75451c-5221-4a91-a7f4-0f7d81f86aaa,8957766c-506c-473d-adbe-cb3b41c06740
e35e0cfa-a63f-4747-a067-7304c00e9a46,fd75451c-5221-4a91-a7f4-0f7d81f86aaa,5cb4abff-581b-49d2-833e-6b4582c75ff2
dfc7dc3e-8db9-48a0-891f-cb00d6150398,460bcd4f-5eb9-4296-8125-ef736704c124,626fec2f-4191-4173-b992-e56ec5b3fb12
88f34e4f-c0af-48d8-bf62-2df4796b6e15,460bcd4f-5eb9-4296-8125-ef736704c124,13ef7295-d3ee-4662-ab81-effa3cddb58f
71317ea5-76c6-4ce8-8a9e-0a50a2c263aa,7d8e662e-1282-455c-b649-dd309a7a04be,5a92630f-844f-4afb-a6ee-f1b3e6cfe533
f0faa88c-1e5c-44ae-9943-a549af9f72dc,7d8e662e-1282-455c-b649-dd309a7a04be,2e255bd6-9eb4-4b0d-9056-1ba9f2fb7ae7
8f8b4d85-652a-401f-916c-c5b5dc2ba3a8,f41146da-423a-49fd-9afc-c0a280232f61,073da496-47f3-42ec-aab4-05794f18f421
7c9a9f93-2148-4a79-85c9-f7f1f1f9d040,f41146da-423a-49fd-9afc-c0a280232f61,16148406-819e-4115-bcda-0ecda267e41d
abb45a16-3b45-4c39-9367-454069e85f93,f41146da-423a-49fd-9afc-c0a280232f61,18c7793e-5a2d-4dc7-8ea8-e4d9f9dbe5db
90f4a6db-60c9-43cb-a542-e063b2e7244b,ebbd4cbe-0a75-4985-bbc4-8fa0a831b1d2,52a80ab7-53fa-4032-8e8e-8fa7fe9506d3
847e25c5-3c0d-42e0-b129-6257b37d4bad,ebbd4cbe-0a75-4985-bbc4-8fa0a831b1d2,7608d90f-abb2-41e2-a585-c63e17ee3481
85716475-7634-40df-8187-7a5d2df494bb,ebbd4cbe-0a75-4985-bbc4-8fa0a831b1d2,b42aabde-81b8-4afb-b644-38fc974e5739
cbb53e95-e99f-4d27-9cca-6cecf2c3c721,ebbd4cbe-0a75-4985-bbc4-8fa0a831b1d2,66971efa-b2b9-435b-8a75-db581bdf1863
b8d6cfa6-9ce2-4ddf-ad50-a960568ffe66,ebbd4cbe-0a75-4985-bbc4-8fa0a831b1d2,3e1931e1-e1d8-45ad-8f28-bbf9f4899f46
8e6f77cb-c3a6-4a82-9c48-bec36e8c17b3,ebbd4cbe-0a75-4985-bbc4-8fa0a831b1d2,1c1fbfdb-af72-427d-aaf4-1a3b2e526dfe
3e61dee8-4290-4d4d-aa93-375ede12f90b,ebbd4cbe-0a75-4985-bbc4-8fa0a831b1d2,24e643ec-89f8-4768-aebe-ec1f966ceb07
56b65d3c-0896-4356-933e-9012246ee275,ebbd4cbe-0a75-4985-bbc4-8fa0a831b1d2,8c61d99d-ff23-4cfb-bfed-1f6d111c221c
b841e015-3a13-4fee-bb75-39e32543ac83,ebbd4cbe-0a75-4985-bbc4-8fa0a831b1d2,1fc58c4b-beac-422a-8a03-ccc80fe423c1
91b8388d-5ef8-4ff3-a66e-dbf13f7fff17,ebbd4cbe-0a75-4985-bbc4-8fa0a831b1d2,4d5f8b5d-6a42-4f54-bdf6-210d8356ee62
0e176b84-c4a2-4b04-8eff-74de9c354363,ebbd4cbe-0a75-4985-bbc4-8fa0a831b1d2,bb424e60-400d-4081-aff1-0709b57d6d8a
8ddac104-37bb-4932-b589-1fc83cceedbf,ebbd4cbe-0a75-4985-bbc4-8fa0a831b1d2,444e9614-50ff-4c9c-9d72-95ec4e679bdd
63bf6ba9-3334-4ac0-a292-5abdd4b52142,ebbd4cbe-0a75-4985-bbc4-8fa0a831b1d2,a4304854-f5db-45c4-bcd8-13152610be92
f39a9ffa-0caf-4500-96a9-8b589876e81d,ebbd4cbe-0a75-4985-bbc4-8fa0a831b1d2,fc06d054-4796-4511-8cf5-3dcd1b8c1730
7f4008cb-7012-445e-a58e-d3c50b595059,ebbd4cbe-0a75-4985-bbc4-8fa0a831b1d2,86879dd5-f5bd-478c-8462-d6e2b241d88d
0f9a5975-0c54-4083-8ded-9d92d4444fdf,99d89eff-e51f-4608-b9eb-d8d73011445a,37425ae1-7c75-4a08-bcbd-89c49331594c
a8434ccb-03c1-41f7-b732-cdda8b99997c,99d89eff-e51f-4608-b9eb-d8d73011445a,a78c53f1-04ee-4670-bcb1-4cb0bea1010b
71fedaee-1471-41e1-bdc2-2f3d630d779b,99d89eff-e51f-4608-b9eb-d8d73011445a,ffdf274c-83c6-4823-bb71-a455589d9347
60424cd7-4da3-479b-a46f-d76fd2d3da4b,99d89eff-e51f-4608-b9eb-d8d73011445a,600cb1fa-e14f-4ee7-8fa3-128f6875e57a
d7d4b3c9-22a9-45d3-a7d2-8e54c8ce37af,99d89eff-e51f-4608-b9eb-d8d73011445a,215fd3c5-8485-466d-8e1f-1878a0b753bd
6e39348e-c87f-49c1-b8a2-e9afbcecab26,99d89eff-e51f-4608-b9eb-d8d73011445a,e9ed9b5d-3f62-4f85-b5e9-2a62911eb4c1
d2b344b0-3f58-48d3-9f56-454969670670,99d89eff-e51f-4608-b9eb-d8d73011445a,428776ff-c521-4d7e-8b1f-e5c91fde93c3
006a3086-8a25-48ba-8194-1f3a30748696,99d89eff-e51f-4608-b9eb-d8d73011445a,19d00715-ba39-45c1-ab64-8a723d5ac410
d47576fb-8257-4a64-8e72-c4ef913e249d,99d89eff-e51f-4608-b9eb-d8d73011445a,64204c46-b55a-453c-a5db-eaf52ff80f4f
f3ed4bf1-d4bc-4689-8d41-ac941b9e0c8b,99d89eff-e51f-4608-b9eb-d8d73011445a,4d290b70-2c84-45bc-a0e3-d007c59bdf43
37c56f8d-b128-4ce6-aa84-4009bd81541e,99d89eff-e51f-4608-b9eb-d8d73011445a,33af19c4-59bb-4e97-89b4-fe741bcbead3
1eb30b25-a9b1-480f-8504-1521bbb1b51b,99d89eff-e51f-4608-b9eb-d8d73011445a,50d0b9bc-2b9a-40c0-a6d2-68bca33c9727
43116523-fa0c-4e02-82c7-0450fba03240,99d89eff-e51f-4608-b9eb-d8d73011445a,c7b05520-f21b-421c-90c1-317e3d9144fb
f171ac7c-0aee-4a72-9d44-2bd037a6dedb,4d10c711-a7f5-4386-b042-110a980dc72d,a3a03560-2b56-4c89-9ddd-66a4a95cf7c4
6205ddc6-309c-4dec-bbb0-cc04ff1faa4b,4d10c711-a7f5-4386-b042-110a980dc72d,9fb30014-75f3-49c9-9fb5-b35e3c070861
21f7edf3-4717-4cee-87d9-28c306e6db7f,4d10c711-a7f5-4386-b042-110a980dc72d,391d3d53-8dac-4e27-b70e-c571cc3ea77c
e134d077-0bae-48d0-85c8-6bc2fd55a8ba,4d10c711-a7f5-4386-b042-110a980dc72d,75424090-1bdf-4eb9-a793-b77ac0fb32ac
dbfac66e-d993-4141-9509-b2cfaf8aab16,4d10c711-a7f5-4386-b042-110a980dc72d,63a1d0ff-5de7-47e0-9a0b-9647d5f3fab2
c4d5340f-0201-47f1-83c2-b1c6f37f1e90,4d10c711-a7f5-4386-b042-110a980dc72d,3eb4475f-e3dc-43d3-8ecd-483368ce8d0f
ea902aae-aea5-4d9b-b8ea-66149a3a87ab,4d10c711-a7f5-4386-b042-110a980dc72d,96d4d50f-f0db-427b-9a0f-6e7c70d5be06
b87cdd2b-e6b3-4405-b052-a793895c7791,4d10c711-a7f5-4386-b042-110a980dc72d,01464b5e-2e0b-4269-b744-ac2d62cf5a54
8228411f-f7ae-4d60-b3ba-b1ed6e0cff0c,4d10c711-a7f5-4386-b042-110a980dc72d,58b220ce-71eb-40eb-a7fa-94daad1f6694
168deacd-9135-476a-9af9-03703599298e,4d10c711-a7f5-4386-b042-110a980dc72d,47cbc1d6-8f5e-4268-9d9a-51bce3c8f227
f5858d63-bac7-47d9-9704-d499e07a3e62,4d10c711-a7f5-4386-b042-110a980dc72d,051dc4b0-da7f-442b-ac6c-d68c074506d1
168f6bd1-f60c-4702-bde7-f23539ccaf86,4d10c711-a7f5-4386-b042-110a980dc72d,521a4ddf-e2ae-4337-99ea-83fbd188625b
3c187d6d-62d5-4922-802c-e19292de5d2f,cca6f920-8dbf-480e-873b-095336471750,a59f002a-d49c-42fd-8b9c-1329321ba5bd
4e8af0f3-b32f-4a12-91f8-42fcd3d0df4b,cca6f920-8dbf-480e-873b-095336471750,46dfcdf9-5685-4227-ba94-35995ccf63a4
0ed7c67b-c731-48ee-80e7-25f2cf41faab,cca6f920-8dbf-480e-873b-095336471750,57e363b5-5417-4376-984f-327138d773a3
8c352363-5c9f-4d03-81f1-8573ffc034f2,cca6f920-8dbf-480e-873b-095336471750,639d0007-e59a-43f2-a19d-20175a5e50c4
c77eebaf-bad3-479a-b21f-e31e3a37776c,cca6f920-8dbf-480e-873b-095336471750,1229302b-cae2-48f5-ac18-8356ce9089de
c62db43a-3782-4e23-936c-01d0c5fcb59e,cca6f920-8dbf-480e-873b-095336471750,e2a5bc52-2616-494e-8c48-98f22e4f068c
88ef97f1-669a-4d8d-a22b-e2a689b67c7a,cca6f920-8dbf-480e-873b-095336471750,70ceb016-ac73-47f4-a993-111d114c62c8
eee29f22-880d-40c5-bd2f-7f6133db1dde,cca6f920-8dbf-480e-873b-095336471750,801f58ae-5db7-428d-904d-55edbbb42cb8
d639fd37-98c1-4704-a46b-954dd1cb4bc6,cca6f920-8dbf-480e-873b-095336471750,b6004fb8-8d05-4407-b4e8-7fed183fb778
87b14752-0e99-41a4-965a-ce23b8ffb002,cca6f920-8dbf-480e-873b-095336471750,50863b93-f18a-4988-a139-b532e88e20a8
07b04db1-d35b-4bfa-90b2-05221c971d14,cca6f920-8dbf-480e-873b-095336471750,a5ed863a-4cd4-4829-9f18-01be9e89fc5e
7161dfbf-d989-48ea-b41a-824c74ebcb29,cca6f920-8dbf-480e-873b-095336471750,6988e912-ea23-4d13-b13f-a01926d90cd1
e1d54b98-3599-427f-9a41-38dc312175dd,cca6f920-8dbf-480e-873b-095336471750,0ca54b7f-d7b0-4dd5-9035-be45e6312b25
50b277aa-0119-4766-9b06-960b2d17d96b,cca6f920-8dbf-480e-873b-095336471750,ab08c170-951c-4619-9a6e-558a339e881e
98815962-8b82-433f-9266-ffa6027753df,cca6f920-8dbf-480e-873b-095336471750,9d16c138-cc99-419f-9e1d-e910d124b80a
982e684b-d9d3-4012-9371-5b586ad23874,cca6f920-8dbf-480e-873b-095336471750,35adfa82-a749-40d0-ae7d-c127555011c2
fe865631-b2e2-48f8-a975-9b335228c75f,cca6f920-8dbf-480e-873b-095336471750,6d9d7d4b-e4c7-4034-af7f-2e7c8551bb69
e8f81e69-f85b-45d5-9b70-f07b691f107f,cca6f920-8dbf-480e-873b-095336471750,111537c5-2236-4659-9b78-7e6368e20e2d
8fc6661f-026a-45cd-8c5d-21abea5ab7b7,cca6f920-8dbf-480e-873b-095336471750,743495fd-9981-4119-9d2b-f48b8f2f82af
effda0eb-711b-4973-bfab-b4ba06e95145,f5f58b03-6cb4-4c52-b798-6adc1b68cc16,2d80451b-0ae9-47be-9c7c-37d6b3d2c983
10eba281-83c7-4084-80ef-a6e5551e8749,f5f58b03-6cb4-4c52-b798-6adc1b68cc16,823c67c2-6e79-4f59-8f9c-e01d98006934
5133bfbb-0399-4568-aa66-eff10c7273d2,f5f58b03-6cb4-4c52-b798-6adc1b68cc16,d24d519f-dfbf-49b4-a981-0dcb241f11a3
eed1d6dd-9730-4a57-9c51-bf058b43684c,f5f58b03-6cb4-4c52-b798-6adc1b68cc16,cb04ac58-0360-4ad0-a5f9-e5eac091e095
9203fb57-f1b0-4329-b826-2b3de4df67e7,f5f58b03-6cb4-4c52-b798-6adc1b68cc16,98900a28-7df9-470a-b372-8c407bbb7ff0
5871a102-0905-4afd-9361-16570eae838b,f5f58b03-6cb4-4c52-b798-6adc1b68cc16,d7c5f79e-4d96-4bdb-b73d-bc21a8066e74
22226665-70b7-471b-8c9a-8fba539a33b3,f5f58b03-6cb4-4c52-b798-6adc1b68cc16,659cb41e-3c49-4c16-81fa-752df29325ce
dbfb331b-1697-433f-b7b7-7230b8dca35b,f5f58b03-6cb4-4c52-b798-6adc1b68cc16,a16cd50c-d010-4cd0-b8f4-1b193195e9a4
e888f82e-5e9e-4aa3-81e1-ef9858eedc62,f5f58b03-6cb4-4c52-b798-6adc1b68cc16,f7909fab-7eea-4f68-85de-f0ffa916cb9f
0dc2353e-2c4b-4f42-a6e6-674455e85e4b,f5f58b03-6cb4-4c52-b798-6adc1b68cc16,e25e457e-5f0b-4669-ac96-9a32812fd4fc
cd5bfa26-97d6-4630-bbd5-069c15b13cd1,f5f58b03-6cb4-4c52-b798-6adc1b68cc16,25a78683-2270-4eea-8e19-386af540685a
98635a3f-442b-4d8e-b954-5f6b5b31b89c,f5f58b03-6cb4-4c52-b798-6adc1b68cc16,c04d4a69-eb1f-4d5e-b17d-a22fd4ce22ab
0e495621-4c97-4dcb-868d-2851a4c05460,f5f58b03-6cb4-4c52-b798-6adc1b68cc16,246c30fb-b278-46b3-97e2-a4a95e0b63d2
0b4a0c77-470e-4c47-b94c-b8a4d2966a5c,f5f58b03-6cb4-4c52-b798-6adc1b68cc16,511b25f4-3b4f-44e5-ac5b-6e069d7b0c75
816cb26e-1244-4ce8-8d4b-27ba261e3cc3,f5f58b03-6cb4-4c52-b798-6adc1b68cc16,789772ad-aded-46c5-adb3-176cf8a4ca63
be3fb7c9-be85-4e03-9a93-6b462c93defb,f5f58b03-6cb4-4c52-b798-6adc1b68cc16,169dfe13-62ed-45a9-a5b8-ce15775024e6
b89d11cb-3e31-4fce-ab29-8ba225d2a908,f5f58b03-6cb4-4c52-b798-6adc1b68cc16,5ae7e0b9-abe2-4771-8242-66de7e45d6fe
3045d550-da4a-4f1a-960c-cb3b361192e8,f5f58b03-6cb4-4c52-b798-6adc1b68cc16,1fede6aa-c190-4e12-b1d4-7348a369a978
e01088c1-2957-4cc7-81fb-246614842b23,7f9c7835-ba67-40ef-be4c-d3ff1cadeb18,bafccd42-51ef-45b5-a444-a7f558057d05
893fa4c8-e775-434f-81b1-f8bfabc37f5d,7f9c7835-ba67-40ef-be4c-d3ff1cadeb18,38178060-1a3b-42be-ba84-2a705ad18d5d
541621f3-0eeb-4043-ae5a-b549793ccafc,7f9c7835-ba67-40ef-be4c-d3ff1cadeb18,a769c5ae-d1ba-4ee8-8eee-766b692c86eb
8499f22f-cd80-48bb-8c08-8b5ac843118c,7f9c7835-ba67-40ef-be4c-d3ff1cadeb18,1b44f106-72f2-400b-aa34-8d7ed26e2dd2
1c16c27e-aaef-481a-ae65-ab7d5a233848,7f9c7835-ba67-40ef-be4c-d3ff1cadeb18,cdad7e87-5475-452c-aeb9-35735f707e5c
e43014dc-fea8-4001-9b67-fdcddda5411f,7f9c7835-ba67-40ef-be4c-d3ff1cadeb18,3ef43600-95b3-4414-81e8-04bb14c6acc2
4527deea-fd36-41d9-980e-edb4802476b8,7f9c7835-ba67-40ef-be4c-d3ff1cadeb18,8b59be57-2eae-4dde-ba70-d4812e2df4d9
9820b14d-05a1-4d9c-8666-65b3b97ce2eb,7f9c7835-ba67-40ef-be4c-d3ff1cadeb18,654bd927-50a5-45cd-a9e0-2838bde15a0c
1b080323-b788-4850-9df9-671bf07b565a,7f9c7835-ba67-40ef-be4c-d3ff1cadeb18,56b5ef0d-1f51-469f-9731-6cc6ab2fc5fa
148d9988-7201-42a9-80ce-1ab9189f4112,7f9c7835-ba67-40ef-be4c-d3ff1cadeb18,c4fd9aad-7f42-4879-a849-9d205b0208c1
0a7e6a43-9873-4d26-8312-baf6f03411fb,7f9c7835-ba67-40ef-be4c-d3ff1cadeb18,c2cbbd8b-acc2-4b8c-8e98-b0ab80351ec3
da40b596-8d16-42c3-9860-13d607935eb4,7f9c7835-ba67-40ef-be4c-d3ff1cadeb18,1802466f-4a4a-43ff-82a5-ac9062c89577
7920e937-45b5-4c0f-8be0-754612d97cdb,7f9c7835-ba67-40ef-be4c-d3ff1cadeb18,738ba018-35e3-41f9-9e93-d06f2afcc520
b5ce8fe8-966d-49e6-91b2-5c5ffe205a33,7f9c7835-ba67-40ef-be4c-d3ff1cadeb18,cb032ab7-715d-47d9-acac-f7bb5843831b
0bea44b0-989c-4952-9616-d724d741d90e,7f9c7835-ba67-40ef-be4c-d3ff1cadeb18,73f376dd-9274-496d-a901-2c1bc85df73b
aebf5788-77fe-4896-8f81-e5ebe3dd3c52,7f9c7835-ba67-40ef-be4c-d3ff1cadeb18,6fc8bf75-5a2a-4a2d-9373-353aa5745090
46e21409-89cb-40c4-9775-193f577081f0,7f9c7835-ba67-40ef-be4c-d3ff1cadeb18,5765367b-7c8a-4102-b86b-a5a9ff912f48
999d5338-e576-426b-80d9-c845784bb9c1,7f9c7835-ba67-40ef-be4c-d3ff1cadeb18,1d365308-05c0-40fa-b765-89cb67127c06
c4993811-dc24-4915-9006-a2fb8a2322f2,7f9c7835-ba67-40ef-be4c-d3ff1cadeb18,9668e86c-e439-40f2-abf8-48d40587ef75
f8c042fd-cea7-4e63-9582-a0380365826e,7f9c7835-ba67-40ef-be4c-d3ff1cadeb18,31b41627-3542-4837-bcf1-59398bdf6671
e66f5d81-0263-4b71-a8a3-084b2f5e28d2,7f9c7835-ba67-40ef-be4c-d3ff1cadeb18,b64fc690-e068-4949-adb0-2f61acaec65a
7bc2c93a-af41-45fb-92a3-42eca798b68b,7f9c7835-ba67-40ef-be4c-d3ff1cadeb18,ae985899-e567-4161-9265-0217edbba164
62f66b72-b824-4e79-8871-615957a2016a,7f9c7835-ba67-40ef-be4c-d3ff1cadeb18,2b34a1c7-eccc-45f1-8233-cff1280567f2
9b26b6ad-fd52-45f0-a694-c2c1c2e184bd,7f9c7835-ba67-40ef-be4c-d3ff1cadeb18,7267a39d-6e6a-4918-8bea-2069b6ac2fb9
66ea7593-eddf-4ab0-9c8b-ff9473b18c6e,7f9c7835-ba67-40ef-be4c-d3ff1cadeb18,f7909fab-7eea-4f68-85de-f0ffa916cb9f
80a0dadc-dd1f-4cb1-85e4-d8b413a0b58c,7f9c7835-ba67-40ef-be4c-d3ff1cadeb18,01bb4d11-a27e-4864-bc37-50a5637b69d0
3b7e2c3c-5f55-4690-9446-9059d6a1eccc,7f9c7835-ba67-40ef-be4c-d3ff1cadeb18,2d6ea2cc-a4b5-4ca2-a725-1d9ccd4e5460
3f500ded-9522-4652-a2c3-1baf974e288b,7f9c7835-ba67-40ef-be4c-d3ff1cadeb18,12267206-b6f0-4e94-8d1f-34fd63782769
36d5272a-8765-4068-a482-3ef2ffa65d0e,7f9c7835-ba67-40ef-be4c-d3ff1cadeb18,f03c0dbf-6a93-4f22-a618-275c960a4687
1b9ad532-c232-41de-af84-b1a34e0f00fd,7f9c7835-ba67-40ef-be4c-d3ff1cadeb18,7d3a1c75-55dc-4c09-b055-c42ff56036ea
2e1388d0-a34a-4fe1-a52b-76627d3556d9,7f9c7835-ba67-40ef-be4c-d3ff1cadeb18,5e37c508-a784-431d-9b52-8708c7d81a76
14a616df-2a4b-4d62-a36e-0574e836bf00,7b13470f-6c49-437b-a374-d393aaa1af3d,9f23ea9a-cd82-4c80-8c06-0ce5893a3b3c
8715709e-efb7-4fc3-bc91-2265e70c24d4,7b13470f-6c49-437b-a374-d393aaa1af3d,f487421c-c02e-4a97-85b7-e77c59050feb
6b3c5e8f-19ea-46ac-84a4-65b7e579d12c,7b13470f-6c49-437b-a374-d393aaa1af3d,f717491e-5092-4533-afdf-109db3d86a94
8686a487-70ec-45fd-9823-b10689d2113b,7b13470f-6c49-437b-a374-d393aaa1af3d,483da293-1809-4a23-9833-34ff4177f640
0a68e563-9ff2-4c7e-bd5b-e28a08ed1def,7b13470f-6c49-437b-a374-d393aaa1af3d,12267206-b6f0-4e94-8d1f-34fd63782769
27b9d3c8-50fb-4754-b920-17862436a376,7b13470f-6c49-437b-a374-d393aaa1af3d,cf19003d-5f83-4984-93e7-d0ca9f12eccb
59d5e7ac-c238-4df0-9f2e-8e33a1f5b945,7b13470f-6c49-437b-a374-d393aaa1af3d,0a534697-76b7-43d8-ba08-2c973b7c7f1d
f6edf4a1-e681-4c7d-8809-e1771d1760ee,7b13470f-6c49-437b-a374-d393aaa1af3d,0dce7f8a-ce69-4310-ad26-80638690417c
007a4aa3-6a99-4130-ace6-4bbc4420f7f7,7b13470f-6c49-437b-a374-d393aaa1af3d,c5015076-06a5-4855-b9b7-1ec2c537b123
e976f8ac-3edc-4781-81dd-040046ceea75,7b13470f-6c49-437b-a374-d393aaa1af3d,fa3b4700-be6e-415a-bfb8-43579e68ac54
6bd0553b-e6a2-4399-8297-859db75f11dd,7b13470f-6c49-437b-a374-d393aaa1af3d,220d8cb7-27a3-4ff1-ad0a-2aded2f2844a
0feebad0-e636-47cb-a8c8-7679f3c206c8,7b13470f-6c49-437b-a374-d393aaa1af3d,c17a29de-a6b8-449e-ae7a-e5fac73d41c6
3c363660-f6b6-48f2-ad57-a62e0be798a6,7b13470f-6c49-437b-a374-d393aaa1af3d,1c9d2328-2d77-4cb4-b672-62daacedc415
2b638696-41e9-42ed-9dba-68e92dcbfadb,7b13470f-6c49-437b-a374-d393aaa1af3d,8d66ebf0-b699-48fb-8efd-e2cfbbdb1a4d
9a3d8ed1-0b15-4227-a1cf-8bae5588dff7,7b13470f-6c49-437b-a374-d393aaa1af3d,415005ee-57ea-4046-8306-10fbd333f062
112eebcb-0cc3-4567-8537-a66007459312,7b13470f-6c49-437b-a374-d393aaa1af3d,d74864d5-7562-489c-9c19-b2d38983ff96
c6fa36f2-ad9a-4504-9780-a4a195928fa9,7b13470f-6c49-437b-a374-d393aaa1af3d,b8b118a2-03fe-4cb8-8f7f-6b02956d5c5b
e8cc350a-848e-40d1-807c-4857dc254ff9,7b13470f-6c49-437b-a374-d393aaa1af3d,30722de1-e474-4bab-89f8-acd6c5fbe03f
78e1d3fd-c621-471d-ad3a-adffad4a6eab,7b13470f-6c49-437b-a374-d393aaa1af3d,d002c591-b7f1-4514-8132-759b3376b758
ff67cbd7-a4c2-4f4c-8374-dccfadcc2257,7b13470f-6c49-437b-a374-d393aaa1af3d,9545c27f-764a-4787-966b-ed15eb8d2bb7
e49ab225-e2af-4859-94a5-386c076ca25c,7b13470f-6c49-437b-a374-d393aaa1af3d,5a865b2f-587e-47f5-90aa-f747ec059d9c
6fa7c5d0-6013-45a8-a74e-9a6e43e03a67,7b13470f-6c49-437b-a374-d393aaa1af3d,a8f4141d-d17a-4dac-879c-6f7da4c0f162
64fccfe3-5ab9-42fd-9a06-54f61151c38b,7b13470f-6c49-437b-a374-d393aaa1af3d,72fe2657-e510-4f2b-a28b-482e579dd144
b12624d0-2ed3-478a-b5df-96cc27c5a12a,7b13470f-6c49-437b-a374-d393aaa1af3d,aab056b0-d693-4c8c-863c-ecccc30c597d
f049e856-c156-4ad2-a856-1d4a9f00a407,7b13470f-6c49-437b-a374-d393aaa1af3d,dcc4bde0-50c2-4df7-8897-31ce91d877ed
7616521b-f9ff-4c64-9546-fa54b329bde0,7b13470f-6c49-437b-a374-d393aaa1af3d,7a3ee3bc-10e8-4e3c-8bb9-f6e7ae70a4d3
93f5b1e3-301d-4d76-8cb3-8ddc6f663bf3,7b13470f-6c49-437b-a374-d393aaa1af3d,297fab2c-64a2-4fb9-bd27-fa6bd8ae20cb
6159d9ba-ac1a-41c6-b6f5-edf4a48e70df,7b13470f-6c49-437b-a374-d393aaa1af3d,e95dd2f8-a78b-411f-bfe4-18b1fe87976f
b7a3a874-6c63-475e-99bc-a348e5c95618,cbc75780-1500-44c8-98a6-5c010a919a68,465f7cf2-5f27-40d2-95b4-6168b161c95a
a130f761-45f2-42f0-8e52-0e67a0018a61,cbc75780-1500-44c8-98a6-5c010a919a68,5a472a28-5113-4b02-bf88-5760f34584e0
827c678d-c537-4d1a-b692-ddbeaec6713e,cbc75780-1500-44c8-98a6-5c010a919a68,0567d889-8106-44c1-b344-8bf38344b055
db3215ab-52bf-4342-90af-c0f9a12feaf7,cbc75780-1500-44c8-98a6-5c010a919a68,d6c6dc66-91ee-4a64-b105-3269f111fa00
96011c67-f047-4186-9906-1af794c08a5c,cbc75780-1500-44c8-98a6-5c010a919a68,dae55109-200c-4104-903f-88b0c3827665
2a0445a3-d6d4-4bd9-83fd-e55e58533829,cbc75780-1500-44c8-98a6-5c010a919a68,f91b6e5e-b4ec-46ad-860a-10238645e489
14f70a44-3d18-4349-b1fa-4aba3d669102,cbc75780-1500-44c8-98a6-5c010a919a68,bd445a43-98ca-40ca-b3e4-22fce3e5aa8b
071802f7-a03b-4600-8052-071fd2a58ee1,cbc75780-1500-44c8-98a6-5c010a919a68,0f1a0c25-ae72-48cf-806d-30b064d5099c
28a72967-2259-46d5-892e-9a03e7a84d4f,cbc75780-1500-44c8-98a6-5c010a919a68,6f71caec-631f-46da-b79b-70955aac40bb
4e62722f-4853-4447-9aa3-0f4c62571406,cbc75780-1500-44c8-98a6-5c010a919a68,a12964e5-87ee-4f96-8dc1-f87b9b6ef866
361032cc-8ced-4d4c-8f5d-60ceeeffddfd,cbc75780-1500-44c8-98a6-5c010a919a68,f9dcdf42-5d4c-4b31-8d82-e0076d5be6cf
a13b0550-e6f0-4238-b217-81cd386d1f2a,cbc75780-1500-44c8-98a6-5c010a919a68,3a535091-f816-467f-9be1-db86a94995b5
23e3b058-20ba-4690-a046-77b1bbf659a3,cbc75780-1500-44c8-98a6-5c010a919a68,752abd6e-19d8-4f90-bd87-6a3e0fd9c5a9
11f6a356-34cc-4a82-873e-5c53f0afe37c,cbc75780-1500-44c8-98a6-5c010a919a68,75b58ced-934a-43c0-b980-068ae6dbbc68
ff0e1521-0eca-46f7-8de6-679680c33e89,cbc75780-1500-44c8-98a6-5c010a919a68,0b69f3bc-d2e2-4aaf-8fe1-47b930752f21
531bb3ef-adaf-4e27-8a3f-e995cd628a13,cbc75780-1500-44c8-98a6-5c010a919a68,259c0d4c-82a5-4935-97e2-0ab1230d997a
6065ebea-1d48-4370-a276-f19c8ff4032d,cbc75780-1500-44c8-98a6-5c010a919a68,12c59f04-d952-41c8-9ed0-e07704f1b189
4ebd46e6-b7ae-4330-ac96-1b225c71a0d3,cbc75780-1500-44c8-98a6-5c010a919a68,933a2537-2d9f-47d1-92a6-5dae7194ca6c
241846f5-b013-4e5e-9b20-8229149ef0a7,cbc75780-1500-44c8-98a6-5c010a919a68,277742f9-3920-451a-86ad-3346456a0006
d4aab471-3988-4020-a09c-3fb99c058ba4,cbc75780-1500-44c8-98a6-5c010a919a68,662d46a0-a567-48ee-91b0-a36e1e5a54db
08ef4d3e-2252-4ace-95b2-63f79d3568c3,cbc75780-1500-44c8-98a6-5c010a919a68,c1fdd5ec-2e9b-413e-b8e8-6c29b78c8e41
72967ec6-6f94-44bc-ae4a-14b3bfedb345,cbc75780-1500-44c8-98a6-5c010a919a68,509edc14-e0b9-4a00-8256-d2d896b1c701
604c6d63-214f-40bf-b436-39894d634f45,cbc75780-1500-44c8-98a6-5c010a919a68,b9b655b3-8c95-4ecd-a5c3-28a1347581fd
1845cc4e-5c45-43ab-99a6-f411b5b90b3e,2c4f96c0-aa16-4fcd-a10a-606a919b018c,4f82bcd0-810a-4f5c-9f0d-78215b2ffe3f
95f390b7-349d-4491-8fbc-c6d5b9819dfa,2c4f96c0-aa16-4fcd-a10a-606a919b018c,ec15f0ca-eb33-49f8-978a-6900b3ecec8c
516f80d6-f00f-45c2-896b-13293d304fd5,2c4f96c0-aa16-4fcd-a10a-606a919b018c,bd4a536e-d166-43f3-a4a5-9d4e47e49e91
050016f0-bc44-41e4-8751-5545e1c424c0,2c4f96c0-aa16-4fcd-a10a-606a919b018c,cf94e50c-a797-486c-9284-22d09be20c12
7cae2da1-5bee-4235-8b3f-460df0e61f5b,2c4f96c0-aa16-4fcd-a10a-606a919b018c,237c3763-a535-4fd0-937d-756b098de194
6abb7a19-6526-4b53-afd8-b9783c86c7eb,2c4f96c0-aa16-4fcd-a10a-606a919b018c,982e5366-9006-4095-9180-6dc5f2a385b4
ccaf87a0-7c27-4465-8a51-e93f536c3cfd,2c4f96c0-aa16-4fcd-a10a-606a919b018c,1987f2c3-b8b5-4fa2-a35a-311fc632176b
6bb9e7b8-4c0a-401d-9795-689278e82147,2c4f96c0-aa16-4fcd-a10a-606a919b018c,1fe18d89-da18-433b-ab10-8117224b98e4
96131aa4-62d6-4259-9e56-7f6ad730e65c,2c4f96c0-aa16-4fcd-a10a-606a919b018c,6e92d5b6-a7e2-4488-93be-adbe02ba4841
6cfa768f-bf07-44c5-b406-4766e369c164,2c4f96c0-aa16-4fcd-a10a-606a919b018c,e827440f-b230-4bcf-ac84-0a3303a48682
2726a933-421b-404d-8dcd-b495dfd31694,2c4f96c0-aa16-4fcd-a10a-606a919b018c,55c1e9a3-3f22-42b7-8c18-a08540ceaddf
40ffd405-19ad-471f-bc4f-5569e4f26e64,2c4f96c0-aa16-4fcd-a10a-606a919b018c,533a8a4c-7bbe-4a78-a73c-2a43285a93c7
7c38928e-a55e-48a5-a2af-46d441a2d7b7,2c4f96c0-aa16-4fcd-a10a-606a919b018c,01d5ed14-573c-43ff-96bb-25c575ea8937
7f262409-9606-448a-866f-2ab00c637517,2c4f96c0-aa16-4fcd-a10a-606a919b018c,dd3cf254-7e57-4255-ac6a-3d7a35edd3bd
ceb0652f-048a-420e-9490-6c040dcbf64b,2c4f96c0-aa16-4fcd-a10a-606a919b018c,3a26e8f3-80cd-4ea2-ace3-86328d1b0808
6901afb4-bcf8-4c33-939a-3b51823c7556,2c4f96c0-aa16-4fcd-a10a-606a919b018c,74b6fb9e-3702-41d7-bcd3-9f689852f254
7bff32a5-78e0-45af-853a-80eb5efcdb11,2c4f96c0-aa16-4fcd-a10a-606a919b018c,69b258d6-9419-4333-9426-32ba1def924d
6acfe420-f495-4d22-8439-a88129777216,2c4f96c0-aa16-4fcd-a10a-606a919b018c,3213efa2-6d4f-4b7f-ba94-6860e4e8b728
377d6efb-7850-43e2-8b09-a26abd7e1790,2c4f96c0-aa16-4fcd-a10a-606a919b018c,25a78683-2270-4eea-8e19-386af540685a
1eefcac9-5579-4c64-8772-c6c8f47a3232,2c4f96c0-aa16-4fcd-a10a-606a919b018c,f97c0a2f-866f-4b0c-bc1b-f07d455b66e5
07202406-adec-41b8-bd91-ae4571e08b74,2c4f96c0-aa16-4fcd-a10a-606a919b018c,d054c9c7-2bb1-4d2e-ba11-7e1f3c90c7e6
ed051069-dff4-4d76-97d4-f0b9a0106777,2c4f96c0-aa16-4fcd-a10a-606a919b018c,e1ca24a2-170d-4e18-9ce3-66d55498a9a7
d66cbf8e-81ed-4db5-945f-bb235841ed7b,2c4f96c0-aa16-4fcd-a10a-606a919b018c,41cf04c7-1378-4dc7-a8ae-0e1b13f2f1a4
80ce847f-e510-4688-bc56-532a42fc9aab,2c4f96c0-aa16-4fcd-a10a-606a919b018c,8e90abb3-e087-444b-814c-4cc9ae57bd38
68f8166d-639f-48cf-ac42-7c27c832c002,2c4f96c0-aa16-4fcd-a10a-606a919b018c,b7b2bca0-b066-4ef1-960c-db39421c9481
b8751864-80e7-4d01-af12-9529d6481666,3601f54d-4c94-4dd0-ad37-805af5a45ba1,654136d7-e60b-497e-a986-419118423a3d
4e7ffb4d-5c9a-44d2-baea-04efa2234c74,3601f54d-4c94-4dd0-ad37-805af5a45ba1,3d33acea-7ac3-4b3b-9a69-51b4da3550e1
539b19b4-a0d5-4a77-9f00-c2c34d17b520,3601f54d-4c94-4dd0-ad37-805af5a45ba1,c0dc4253-d978-4a3b-80bd-7f2340b5c349
428392c6-b87a-41e2-a099-f4d572ec0179,3601f54d-4c94-4dd0-ad37-805af5a45ba1,cd5154c1-96b0-457f-b4e1-6f00a362d345
21185683-0a5f-49b4-b2eb-bbdfd4380ee2,3601f54d-4c94-4dd0-ad37-805af5a45ba1,2dd74fdb-4d55-4b73-b832-87b1545197e4
a1a07e26-3fc6-4528-9c5a-2a8c34f68eac,3601f54d-4c94-4dd0-ad37-805af5a45ba1,d5b89132-af4a-46d5-b3de-a4f4783e6235
feb56c54-e54f-470c-80f9-3d4a77dceadf,3601f54d-4c94-4dd0-ad37-805af5a45ba1,e6c0ffa3-e2a1-43ed-9d54-a95d8e245d26
415a9115-3009-40df-af9a-c87f744d7572,3601f54d-4c94-4dd0-ad37-805af5a45ba1,709f51d3-5df0-4f73-b2b3-f13d78feeb3d
58898c27-e386-49e7-8d86-26c8438ee30d,3601f54d-4c94-4dd0-ad37-805af5a45ba1,c2e46d5c-161f-47d0-bfde-975a9e29d5e8
02be12a5-0e85-4c87-bc55-cd7b556f1f73,3601f54d-4c94-4dd0-ad37-805af5a45ba1,0d954aae-cca5-49fc-a7f8-4bd7901beb73
2fd56135-114a-4aa6-8b42-1abc17e6032d,3601f54d-4c94-4dd0-ad37-805af5a45ba1,ace5e3ae-f1fe-4c7f-8b77-ee3e9619668e
1f154a86-a436-4b82-b8b0-41cb990ddc36,3601f54d-4c94-4dd0-ad37-805af5a45ba1,05e5ca89-b1de-4cb9-85a6-79d82c0d22b7
7c5b7434-b3b8-429b-9e80-88e973db7f93,3601f54d-4c94-4dd0-ad37-805af5a45ba1,f7f4e1b4-f11a-4e7d-b0bd-7a474813249c
82f0ff76-1593-44b7-a863-91199afa8dcd,3601f54d-4c94-4dd0-ad37-805af5a45ba1,5b50fd98-0927-455b-ad43-4c27c36b9d23
849a9c17-ef2e-47f7-9055-9b5f0a5e8676,3601f54d-4c94-4dd0-ad37-805af5a45ba1,7fe23098-177c-472a-8153-5098b1a1a66c
fa0d36e9-d76d-4b77-ba51-6ea9592a1d1b,3601f54d-4c94-4dd0-ad37-805af5a45ba1,6fc5793a-77e0-4753-9b4c-9af68776c1aa
0b3ac525-b080-4b20-8683-16ddd670a136,3601f54d-4c94-4dd0-ad37-805af5a45ba1,10cd0665-87e3-41db-994f-e6590adac7a0
578041a6-dfef-4957-b5cd-37ac5da5a7ad,3601f54d-4c94-4dd0-ad37-805af5a45ba1,922602e9-94ba-4eda-ab61-538c3e0ec9ed
a16004df-feed-4944-88cb-3ec6430e766d,3601f54d-4c94-4dd0-ad37-805af5a45ba1,e9635517-62a7-4ab1-ae78-dc63d1073bef
140699bc-7520-4cbe-aee3-a3f5942059da,3601f54d-4c94-4dd0-ad37-805af5a45ba1,0cfe2cfb-376f-4e73-8260-db40cd9bbc37
0f39d22e-5b8e-48ae-862f-cc466e814e25,3601f54d-4c94-4dd0-ad37-805af5a45ba1,40edddc1-46b9-4f89-84f2-9eafb2319771
a0eff673-a51c-4fc2-ad3c-97542acb3f80,3601f54d-4c94-4dd0-ad37-805af5a45ba1,3539bfe5-c721-40f4-821d-544bd8d52e14
d2b5b14f-114d-4d7a-a3ea-febb03b8f351,3601f54d-4c94-4dd0-ad37-805af5a45ba1,188448e0-92c4-4a2c-b06a-3b9aa73a58d6
0ce30904-e3f4-4359-bf7e-aed2641ccc56,3601f54d-4c94-4dd0-ad37-805af5a45ba1,dc58fd2f-0d82-4c28-99ae-57c1b6816370
f0a238a9-932d-40f6-865b-4807c9f9a6fb,3601f54d-4c94-4dd0-ad37-805af5a45ba1,54970902-3a64-4186-9a81-23f788794745
460c8a92-9f81-46c8-9f80-27d2dd7d77e6,3601f54d-4c94-4dd0-ad37-805af5a45ba1,ebed9368-afc0-48a4-8f67-b95a480c0c59
a822b0ad-c615-4b12-a162-0394013f50f4,3601f54d-4c94-4dd0-ad37-805af5a45ba1,dd57673b-a37e-41f8-8414-0db8fe63061e
92491249-bf34-49e0-9fad-981315134509,3601f54d-4c94-4dd0-ad37-805af5a45ba1,53da9b64-7b61-4e84-8abd-fd229df3450b
f319d42d-7a13-4fa2-a304-8d4d11e8220f,3601f54d-4c94-4dd0-ad37-805af5a45ba1,390db791-20fb-4c71-b3fc-51cdafdde484
98cd3a7e-9689-474b-97f0-e040867bdd1e,3601f54d-4c94-4dd0-ad37-805af5a45ba1,b8b0e2bd-f03a-4685-9c63-b3fff0c7eb87
1e80198f-333e-494c-b7d4-9c19b8cceb3a,3601f54d-4c94-4dd0-ad37-805af5a45ba1,aa26c524-4925-44ed-bbf8-d4fd3556112c
f95c10ca-1571-429d-8906-0d720d3f6c1e,473b7c33-aac8-4a21-bcba-825a8725b3c7,b2987394-31d5-4c42-b299-4248c69fc018
b057520c-af02-48a3-88d6-8595c37f0200,473b7c33-aac8-4a21-bcba-825a8725b3c7,f5d0f75d-ee5c-4524-9914-3ae27cddbf91
38c67d13-b952-48e7-a283-df1aecaded7c,473b7c33-aac8-4a21-bcba-825a8725b3c7,8d9c91af-24f0-41c2-8d88-9948988890f6
96ba3478-940e-43fd-a6fc-1df2a87e180e,473b7c33-aac8-4a21-bcba-825a8725b3c7,38309afd-0e32-4b21-a088-d8a49752f79d
851c93ad-2cd3-4d87-8269-bc1aa2256d2d,473b7c33-aac8-4a21-bcba-825a8725b3c7,d2585544-69aa-44e0-94c5-c78e6eda7abb
f414b4bf-0354-47c0-9f7e-57af1335f5b8,473b7c33-aac8-4a21-bcba-825a8725b3c7,709f51d3-5df0-4f73-b2b3-f13d78feeb3d
fb01e426-7a3e-4539-a27c-8a8296050e67,473b7c33-aac8-4a21-bcba-825a8725b3c7,ca5a6cb6-6ae4-420d-9fac-c8dd0e74f763
b1a72ab0-eb3a-48a1-a467-a508151f547b,473b7c33-aac8-4a21-bcba-825a8725b3c7,5694edd2-dbab-4715-b09b-e6537177a212
453b4a7a-94e4-4ef8-885b-b584b99815b5,473b7c33-aac8-4a21-bcba-825a8725b3c7,679af488-853d-40b8-b766-a288feb13d03
7fb0e99f-d85b-4bb1-ac58-873b571aac9a,473b7c33-aac8-4a21-bcba-825a8725b3c7,b5ca7573-7fb8-4b8e-a315-92755654026b
ac821a41-c94c-4bf9-b1a4-68697eeffe97,473b7c33-aac8-4a21-bcba-825a8725b3c7,45624d46-a777-428f-9be5-91a5435639a7
b4e769ae-e6b9-4375-bca3-e87fda1674e4,473b7c33-aac8-4a21-bcba-825a8725b3c7,2b1d3d4f-7b9f-4e1c-ac12-4058e8c37f88
badb9f33-ab76-4caf-a9d3-2b0baa156e8c,473b7c33-aac8-4a21-bcba-825a8725b3c7,9cf30bbe-1091-423b-b163-211de276744e
e3c86d8e-d381-4090-b324-2eba9461edd5,473b7c33-aac8-4a21-bcba-825a8725b3c7,8577d6d7-7b7a-4982-a853-dd387071f9ea
7c15f13e-d69e-4c4f-989f-e644444d7070,473b7c33-aac8-4a21-bcba-825a8725b3c7,e2062c1b-ab6c-4299-ba00-60d36b910ba0
28d5de60-bf42-4ebc-ac32-1af925db4856,473b7c33-aac8-4a21-bcba-825a8725b3c7,625aa114-6290-4de6-a826-5aca3e2f4788
b177b6cf-9391-46e8-a393-17a95e4b01a0,7a3ffeca-66e4-48fe-b70f-8e857b26b90e,9cfbe616-c1ef-45d1-b8fc-78bbf6ad29dc
77054ac8-6957-440a-98d8-4f134691d4a4,7a3ffeca-66e4-48fe-b70f-8e857b26b90e,443555b9-6122-4777-91ad-b4a521260ae9
19d8c697-4a26-4e8e-8da9-5463c11b4674,7a3ffeca-66e4-48fe-b70f-8e857b26b90e,2eda3699-c65d-4a31-b424-593007abdba0
dbbcacfe-2647-4972-9dc3-81fd5f56ba52,7a3ffeca-66e4-48fe-b70f-8e857b26b90e,df6671c2-3767-4e7a-981f-b69920073b24
a4e58097-b9d1-42b0-9144-4a30e0ca8781,7a3ffeca-66e4-48fe-b70f-8e857b26b90e,28a1daa7-f742-4d85-9ed8-15b033ff4a9a
fb4ceaae-02ce-449f-95a0-cec2ab262ffd,7a3ffeca-66e4-48fe-b70f-8e857b26b90e,66267dd7-6a45-4e48-80d5-0a7f99cbb86e
2100d704-dd59-4ee7-a4ef-cb7bf4f25217,7a3ffeca-66e4-48fe-b70f-8e857b26b90e,1b57b5ee-33cd-4421-b628-5776b6a0c724
dcad1fb4-d7d9-42bf-85d3-2d4d03e40f9e,7a3ffeca-66e4-48fe-b70f-8e857b26b90e,2399c97c-1604-44e4-99dc-df73dae586f1
90b6fd35-0826-4721-93a7-50d95b798f8c,7a3ffeca-66e4-48fe-b70f-8e857b26b90e,d74864d5-7562-489c-9c19-b2d38983ff96
94a7876a-d443-4c75-921e-30f3e08e2ea4,7a3ffeca-66e4-48fe-b70f-8e857b26b90e,4fdf2b36-8ace-4fbd-aa88-88039422fca4
3121c682-32a3-42a4-8e1d-3770e3715fc9,7a3ffeca-66e4-48fe-b70f-8e857b26b90e,c18b1271-5585-415d-88a9-e2b042ae0142
62d6c082-a832-4405-a85d-ad9c432d49ca,7a3ffeca-66e4-48fe-b70f-8e857b26b90e,99fa91e5-dde0-4be4-86df-b69db8f53cca
49d014f9-fe44-4812-9618-52afd5ad6915,7a3ffeca-66e4-48fe-b70f-8e857b26b90e,0b358254-0ff8-47bb-a690-a7d69fddcb56
b64b2528-b076-4fc6-a893-af5ff368a61d,7a3ffeca-66e4-48fe-b70f-8e857b26b90e,e03a3423-98b3-467f-884d-7c6b7f241ca8
9455e6c2-df09-4279-97ab-09cc41aa8a9a,7a3ffeca-66e4-48fe-b70f-8e857b26b90e,f1e3cd92-dc58-44da-aee6-a8d57dd186f7
e9946a31-b1fd-44e4-8e71-72d74e851afb,7a3ffeca-66e4-48fe-b70f-8e857b26b90e,699f7843-c7ea-4d9a-94e9-192e504153ce
c02c1d5b-e4d2-43fd-86e5-2152eda06add,7a3ffeca-66e4-48fe-b70f-8e857b26b90e,cfa5124e-8ff5-403f-b885-e2bfac7e2ef7
beee2436-30ba-4803-b043-c8b7c29febf6,7a3ffeca-66e4-48fe-b70f-8e857b26b90e,04439d17-a3a2-493b-ba51-11d6cdb38c01
8074cbd2-0dfd-41c1-afdd-a1e417b41c56,7a3ffeca-66e4-48fe-b70f-8e857b26b90e,5785a1d5-b2a1-4949-b9cc-d010a84fa304
d4e3c2c4-b976-45eb-8594-a346267e05d0,7a3ffeca-66e4-48fe-b70f-8e857b26b90e,71c4998c-ca8e-4b71-9e67-0d6b81aaf8ab
a730bfbe-a242-4a8b-9ca3-caf5e2ff14b1,7a3ffeca-66e4-48fe-b70f-8e857b26b90e,e14844d6-d907-4a40-964c-2040c4f214f7
3dc93043-79a8-4174-9aff-e12b44906267,7a3ffeca-66e4-48fe-b70f-8e857b26b90e,b9ea6ec5-05d6-4854-ba4c-96c4471fa959
e25ea9e8-73d2-4738-bc64-04266b4b960f,7a3ffeca-66e4-48fe-b70f-8e857b26b90e,e726d6ca-b03c-48d9-a7d3-8c29f0170fa7
5b56ebac-1953-474c-90a1-7dd918f74d54,7a3ffeca-66e4-48fe-b70f-8e857b26b90e,d1c65752-ac9c-4c0e-910e-318d56bb6b1e
f5282b50-ddef-4a4f-9760-4b4b33482ee7,0c817ae1-9f14-45b7-9306-7142f87367bb,62f0f62c-3107-4cfb-91e7-3d0c8843d2ad
2b34b827-be1c-42a7-8719-d0765c2fc318,0c817ae1-9f14-45b7-9306-7142f87367bb,79a07393-473a-48fc-b698-1b4ddc3675bb
f6bb81c9-7404-44c3-a631-5badae73ff18,0c817ae1-9f14-45b7-9306-7142f87367bb,95bc849b-a37b-47e6-a204-28e26682606a
8c825858-9498-4019-bc13-82a743cbfa6e,0c817ae1-9f14-45b7-9306-7142f87367bb,74ddcdde-79db-4d84-85ad-c34a86ef6769
cfc58244-4507-4430-bdc9-071c489d6a29,0c817ae1-9f14-45b7-9306-7142f87367bb,7c5eadec-7d22-4b35-b7f5-90b7447420ec
2869f540-fa7c-4ac1-81d1-a04e1f97934c,0c817ae1-9f14-45b7-9306-7142f87367bb,d8064d6b-ec67-4a01-8e91-d3bebbed158c
71d42184-ec5c-4c07-a56d-daa6258bbfb2,0c817ae1-9f14-45b7-9306-7142f87367bb,612f6fd8-3a11-4120-a701-5ebef766f909
6246e222-0e28-471a-8940-f1fa45178a96,0c817ae1-9f14-45b7-9306-7142f87367bb,d8527575-cb7d-4fd1-af1d-c74dd9ee4c3e
66ef5ac9-02e1-4c3c-bd4b-7d30c6410fe0,0c817ae1-9f14-45b7-9306-7142f87367bb,75de1bf4-8cac-41a8-81af-bbfa5edbf337
bded3e39-9116-449c-9166-c28952a1a999,0c817ae1-9f14-45b7-9306-7142f87367bb,96fd249d-b3f7-4096-8fb8-1ea9cbf25db3
e7764da1-521a-4407-a889-02482eecb71b,0c817ae1-9f14-45b7-9306-7142f87367bb,cce408e7-f107-4f90-804d-a68003ef8829
f1f9deae-3eb4-4309-b2b7-365924dee247,0c817ae1-9f14-45b7-9306-7142f87367bb,8a3722fc-867e-4c22-b46a-ba1a277968b7
0155c1ac-c30c-4e79-9f79-3238d8926d23,0c817ae1-9f14-45b7-9306-7142f87367bb,e3d5e44a-ae91-45a9-acab-df93ba81f1a2
f91880f1-39ae-45c1-834d-965120f58ca3,0c817ae1-9f14-45b7-9306-7142f87367bb,8cedcb16-9028-41a4-969c-6ac06b34d248
467dc220-7880-4a86-a1d8-fbc95c8da6e8,0c817ae1-9f14-45b7-9306-7142f87367bb,af05d181-3510-4661-81db-dd99aa6d46ab
2eb20764-0acf-4d8a-82a8-d590b5dab28e,0c817ae1-9f14-45b7-9306-7142f87367bb,308ba53a-20df-4fa8-b8d7-343a63a3bbf4
e71a52ff-b694-40db-88c1-7bc0a33585cd,0c817ae1-9f14-45b7-9306-7142f87367bb,6e56d61c-e0c6-4915-a188-b82c75af774f
3d90cc17-7d8d-4f97-9140-a75cf681f208,0c817ae1-9f14-45b7-9306-7142f87367bb,9d569181-bba8-4498-be7b-fbf6538b2a25
be75a639-20a8-4cef-99e6-d202e2586003,0c817ae1-9f14-45b7-9306-7142f87367bb,901141da-a298-4e1c-bff9-524a66b8310d
d1d49f42-0675-4a78-a47b-0829f9c9dd07,0c817ae1-9f14-45b7-9306-7142f87367bb,a91db340-b854-47bf-b8e4-4424a9228da2
ddb6a71c-f255-4bd2-b729-3d36d7ae8e82,0c817ae1-9f14-45b7-9306-7142f87367bb,ba444564-754d-423c-966d-64d45871a83c
fa79085d-7fc6-44ef-82e6-7e3b05dd2959,0c817ae1-9f14-45b7-9306-7142f87367bb,7aea0374-62d5-499d-bc73-1e4fac823478
c29b2072-847a-4b80-977e-584d2ea93787,0c817ae1-9f14-45b7-9306-7142f87367bb,30d94f66-5f37-4757-bfc5-26fd2b8f809b
70fb5c8e-e42e-4a76-9820-36503c086c99,0c817ae1-9f14-45b7-9306-7142f87367bb,9f3745ad-3577-4a28-add1-8104c61a15b5
a62bf79f-91ff-424e-acb7-3e36c402f19e,0c817ae1-9f14-45b7-9306-7142f87367bb,737ad391-7e5c-4019-80f7-b1aa49d7f0ba
4565bef0-bfcc-4162-b8c4-65737115cd67,0c817ae1-9f14-45b7-9306-7142f87367bb,5a7cbafa-bce8-4b9b-a812-08e7aff72fa6
915bc0d4-9373-4465-ad41-29394416db6a,0c817ae1-9f14-45b7-9306-7142f87367bb,fc4b9e8f-3078-45af-9be1-172e7608b68c
4a22924f-0b7a-409d-956c-d2e2ff7b5f81,0c817ae1-9f14-45b7-9306-7142f87367bb,acb24a25-29b9-4c0a-9f18-398bab0e65b2
8323aaef-b0dd-4edb-b6e0-b2d0e18d6c58,13900904-6cff-4dcc-b740-be064a11dd5b,c5015076-06a5-4855-b9b7-1ec2c537b123
0d9290de-79d0-4197-aa22-f51ae79eb526,13900904-6cff-4dcc-b740-be064a11dd5b,6a10c6cb-5e23-4e38-981c-10c9914714f9
e5aed826-efdb-40d9-810a-e0fb9f353814,f275a1e5-6ff0-4877-b624-094284a0991a,452a35af-4640-4aaf-8039-49517f3a5d93
0b141506-be43-4f06-bf8e-bfd55fe7a14a,f275a1e5-6ff0-4877-b624-094284a0991a,d680f9b2-91a1-422a-b35c-5326fcb8adda
908a7967-49cf-43d6-ae0b-e7268bae6cce,f275a1e5-6ff0-4877-b624-094284a0991a,c0443f17-187e-497e-91b2-911a4c747021
c27c6def-929b-4ffb-9ba3-19917822c002,f275a1e5-6ff0-4877-b624-094284a0991a,fe68dac3-9eea-4187-9d97-9c3f4ef2bc75
b7505ec3-2a01-4880-ac3c-cdd11e5ae6fe,f275a1e5-6ff0-4877-b624-094284a0991a,1b12b514-63c5-4ad2-99d8-1b4bb2c099d9
c75bfd9f-767e-46e8-bd03-0fd0f481ca16,f275a1e5-6ff0-4877-b624-094284a0991a,801a3bb6-b011-41e3-9401-97e0d75ea228
ff954f73-dd11-47ab-9e1d-495c098e9316,f275a1e5-6ff0-4877-b624-094284a0991a,a87adc5b-3220-4347-b60e-2f09f2d65242
5f4c62ee-e321-4e39-8f9b-deb38488fc2c,f275a1e5-6ff0-4877-b624-094284a0991a,b4d3e604-5add-4cc2-82af-a865a7ecabeb
317fdb40-19ed-4ea0-9733-cfb5e6936c8e,f275a1e5-6ff0-4877-b624-094284a0991a,509edc14-e0b9-4a00-8256-d2d896b1c701
b536a268-d1ae-4290-a8ee-3bd149f452bd,f275a1e5-6ff0-4877-b624-094284a0991a,cdd65afc-0383-4533-9359-0dc7da24ae57
5428c181-d35c-4dd1-96b1-0cc5294ce439,f275a1e5-6ff0-4877-b624-094284a0991a,8ae8a79d-2aa5-41a7-9d5d-56156546a1b9
f94a160f-7f4b-41d6-935f-3f7f3254f090,f275a1e5-6ff0-4877-b624-094284a0991a,f2be7579-5ed8-4eab-bf98-a341c5f5eab5
d30defa3-80df-44f4-b66d-807562da0975,f275a1e5-6ff0-4877-b624-094284a0991a,3c38ced6-2433-4bb3-8419-97c8f341a06f
bbd6b88d-f797-43ba-81ee-32fe834edc0f,f275a1e5-6ff0-4877-b624-094284a0991a,14cad85e-8866-44e6-afe8-a85910fed105
131c1fc5-ed89-4f36-8fd6-77f77a2c1a4b,f275a1e5-6ff0-4877-b624-094284a0991a,091ddbe6-2048-462c-b9cc-2428cc1fefcb
ff050b19-f1d8-4c5f-addd-0969ed59c13a,f275a1e5-6ff0-4877-b624-094284a0991a,35ef23ac-dad8-4f34-9bde-e3e230b35890
d9e3a0d4-04c0-4c7a-9100-68466aaaec44,f275a1e5-6ff0-4877-b624-094284a0991a,bf073037-8003-45a0-96b6-b104d2b9509e
9f53921f-fae8-4441-a378-fc6d8a2981b7,f275a1e5-6ff0-4877-b624-094284a0991a,5a9707d5-905a-45ec-a2e1-08c8a6f260d8
28ba6636-acda-4c69-aac8-bf334ebd4fde,f275a1e5-6ff0-4877-b624-094284a0991a,938ea496-e1b8-409f-b3bc-5fa536591bc3
0106d716-04ee-4967-9698-7ae232689add,1f5ae174-bc2c-41e4-9071-eb875b7e2bee,96dff91f-d5ba-48a8-a026-fe3cf6855aad
6ed888db-000e-4f13-84e1-b42947f2102c,1f5ae174-bc2c-41e4-9071-eb875b7e2bee,ef1f84f8-b44a-481c-aea6-d42d1c333857
d3acbb8c-86f5-4758-a893-3db9e8d317f5,2e751497-e77b-45f1-a25b-cbda1d3f52b9,d0d854c8-dd71-42eb-b1c3-c03a7d4a0c3c
83a52ad7-89e3-4324-b248-35707c6d3d15,2e751497-e77b-45f1-a25b-cbda1d3f52b9,3fbfe8b9-17e6-44ab-a890-5d40ec7c4158
b8c13392-f169-4b6d-ad33-0405eabc71b9,2e751497-e77b-45f1-a25b-cbda1d3f52b9,fb192c8b-084c-4a55-b64e-51dbe70037e4
bf1a0069-5c42-41b6-8146-346896206fd4,2e751497-e77b-45f1-a25b-cbda1d3f52b9,70c8c4b4-b9c5-4d09-9e6b-a5dd0f894007
570e7fd0-015f-4389-9280-6fcc9b8cf574,2e751497-e77b-45f1-a25b-cbda1d3f52b9,bdd3db63-3921-4454-bc0a-81b5365e4075
d5bb6e55-87dd-47a8-a209-4b2ca6df265f,2e751497-e77b-45f1-a25b-cbda1d3f52b9,2f351bcf-658c-401d-bef5-0ede649452f0
aaa2d4d0-8bdb-4d02-beaf-9c2546ab581b,2e751497-e77b-45f1-a25b-cbda1d3f52b9,8bfa3955-7bd7-4e8d-ab97-464ad856701b
840aac97-44e1-43a3-8777-1cf59be22a24,2e751497-e77b-45f1-a25b-cbda1d3f52b9,c21d3c9e-cc1a-4eb0-bfc0-37cd62fd7aa1
a745965f-45e5-4f9a-8001-6733cf6c1023,2e751497-e77b-45f1-a25b-cbda1d3f52b9,2e7ed861-8ac1-4c55-aa4b-6ade0a4bafd5
8962a896-eb03-43e5-bc6f-e381024a7aac,2e751497-e77b-45f1-a25b-cbda1d3f52b9,69a4b513-d1f5-4379-aebd-3e9a9966fa25
e5d480bc-eea5-4ca5-bf99-e4991291e83e,2e751497-e77b-45f1-a25b-cbda1d3f52b9,8b4585d1-3f9a-4c21-8769-e7e6af9c1ddc
d3d5ef99-2e46-4691-adbd-063331c8f731,2e751497-e77b-45f1-a25b-cbda1d3f52b9,4608a5c4-3fe9-4a98-8bfa-237bcd498fc7
68140dde-ade3-4022-96fe-4853bfcc9953,c7ac673f-773b-4579-8647-97236b8042a5,ee4c0edb-be28-4840-b859-a66a704b311d
d07e03b4-4724-4cc3-9c2f-80dbcc854ec5,c7ac673f-773b-4579-8647-97236b8042a5,b17b0268-28e8-43ef-ac5a-7332e46c0c95
4005798d-f373-439d-9381-c1379ff7136d,c7ac673f-773b-4579-8647-97236b8042a5,6f17fa72-c218-425d-a446-8ff30d4d0fee
5cd191fd-5c48-43ca-8509-9e35dacd6efc,c7ac673f-773b-4579-8647-97236b8042a5,d0651de9-8216-4a96-9421-da32e7c79a9d
fee3ae8a-5829-4009-a0c7-13048ef1ad88,c7ac673f-773b-4579-8647-97236b8042a5,509edc14-e0b9-4a00-8256-d2d896b1c701
3f2e8e22-b399-4bf3-8b7d-6e23ecd13f88,c7ac673f-773b-4579-8647-97236b8042a5,89fd5830-4837-43cd-bbd7-46011d9a88bb
c29a78ef-f38c-4e78-8337-74338986cb47,98a9154f-6e50-478b-85f4-34e588794d89,e8c5014e-4f3e-40fc-bd49-1168509cf59c
01dff067-b955-41da-b3ec-618e810fc904,98a9154f-6e50-478b-85f4-34e588794d89,a538a917-5ee5-4bef-80f4-692d8572c3aa
4da19104-d4b2-4754-8d50-63bbe0637576,98a9154f-6e50-478b-85f4-34e588794d89,565b9179-b173-4ae6-9120-d850e7001ed3
55d0b7d3-9453-40bb-9bd9-47dbbf40af86,98a9154f-6e50-478b-85f4-34e588794d89,5af052f8-35f0-4c44-949d-be160fe743c2
1ebc22df-c917-4b48-88d3-8ada2f68ce6b,98a9154f-6e50-478b-85f4-34e588794d89,6279bae0-c29b-4c79-a8c1-1d801e0b5f86
483e4697-5154-4bef-acdd-0733b64be3a2,98a9154f-6e50-478b-85f4-34e588794d89,21c9d5dd-27b4-4b80-8094-68b53535bfb7
71632263-e99d-4c46-8757-ce0688a71fdb,98a9154f-6e50-478b-85f4-34e588794d89,2a962ec4-ae8c-4e38-bdf0-644cb267b9f8
eb865dfd-11a9-4d61-b002-208910d19ec8,98a9154f-6e50-478b-85f4-34e588794d89,c4111127-9afa-4dd4-ba13-d0c3bfa9f7d7
3354651d-4383-4157-83e9-37a984611ed6,98a9154f-6e50-478b-85f4-34e588794d89,1b12b514-63c5-4ad2-99d8-1b4bb2c099d9
93b088a1-a5ec-4138-af60-f6271e0ac4bd,98a9154f-6e50-478b-85f4-34e588794d89,6d7d2132-652b-4ed3-9c5f-15eefe8fff01
baf48750-f164-4c9e-9923-6e478c7022e5,98a9154f-6e50-478b-85f4-34e588794d89,742e5b7a-eea1-4e18-b823-2d02db9fde7c
541530f4-4523-4fc6-8b4a-e09de8814d87,98a9154f-6e50-478b-85f4-34e588794d89,dc370058-e109-4402-8c81-84a59374a613
3a4a370b-85b5-4900-ad2e-eccb5d89dda5,98a9154f-6e50-478b-85f4-34e588794d89,60f19130-31d6-45ba-9c6e-f28b69949061
debbf4cd-ca58-4d85-98f7-be6574443934,98a9154f-6e50-478b-85f4-34e588794d89,84927116-2531-4e79-ba41-2e5f3158c2af
fcbc1039-c71c-4fdd-9140-eb1101f84a30,98a9154f-6e50-478b-85f4-34e588794d89,290b3789-d0c7-42c7-a82c-50ef72d482fd
c2518a5d-3412-4be1-8a7e-e651dd564257,98a9154f-6e50-478b-85f4-34e588794d89,3be51674-7fef-4b70-b83e-f717f56d17eb
407355ed-7610-49c5-9d8e-0434f7410400,98a9154f-6e50-478b-85f4-34e588794d89,86636d1a-e8a9-4473-a63e-f94eac22134e
2da47ec9-e5c3-4b89-9e52-aee344746c5f,98a9154f-6e50-478b-85f4-34e588794d89,125ee29b-925e-4366-a707-bbea19e74a7f
7e7a81e5-4b12-4adf-90b5-c4aede857330,98a9154f-6e50-478b-85f4-34e588794d89,7f6f0266-a85a-42ee-97ad-782259aa9c1e
cb64441e-edf7-419d-b243-306fce409e69,98a9154f-6e50-478b-85f4-34e588794d89,49668c7c-fbf8-4f1c-b380-a5b97dd818ff
dbd8f95b-fc98-4c1b-a1b6-ec447706f8bd,98a9154f-6e50-478b-85f4-34e588794d89,fceaf0ff-48d2-46d7-b499-dac326ab70a5
050bf2e7-bf97-4aa2-86fd-595007de158a,98a9154f-6e50-478b-85f4-34e588794d89,25a1f759-b43d-49af-9265-5d6c66531dbc
fa2e67c8-928b-4f19-9e99-8bc810f2e756,98a9154f-6e50-478b-85f4-34e588794d89,294fefd3-578d-484e-8d16-453b8574f408
0ce2b7b1-926e-47ed-b063-9e413f124c66,98a9154f-6e50-478b-85f4-34e588794d89,0bb68681-5b3d-4c4c-8169-231583bd5bec
252bbd7b-7950-4fe5-ae4e-584ecd6394f5,98a9154f-6e50-478b-85f4-34e588794d89,0b3be677-dd19-4d5c-a3bd-987eecde204c
e1a1eac2-51a9-4e0b-8036-ad3f83673478,98a9154f-6e50-478b-85f4-34e588794d89,7a3ee3bc-10e8-4e3c-8bb9-f6e7ae70a4d3
e3512c21-aebf-4f42-8131-4ae6edbd2574,98a9154f-6e50-478b-85f4-34e588794d89,a19d2ce1-8f53-4b64-bf46-146334e7dbda
cde7f261-bc72-446a-a563-028b097b2bc2,98a9154f-6e50-478b-85f4-34e588794d89,83e3d97b-d46f-480a-8b55-b06d6bb17993
0f6504bf-8593-44c1-a915-22d25959f381,e59450c4-cdbe-4b87-8437-ff8e2bdd21a1,560c5a1f-0515-41f6-af6e-5f066a74ac37
e0c6bda3-a319-40e7-9b3c-3aed739ba591,9793481c-9af2-4eb7-a979-9da4f23515a6,0d746f17-a070-4fde-aa5e-73ada9211be3
f65b3707-a27e-4c36-a0c6-f122e1e01023,9793481c-9af2-4eb7-a979-9da4f23515a6,898d79f0-0d54-4637-ae2f-f883272f55ce
e02487e6-4a15-43cd-90fa-9d079612dc4d,9793481c-9af2-4eb7-a979-9da4f23515a6,6ba499c6-1678-43ac-9825-125d4c3fef6e
5f0cf0ee-d678-4079-a8cb-e525e475b832,9793481c-9af2-4eb7-a979-9da4f23515a6,34c89d0c-5cb0-42af-b7bb-619035caaf88
4656ce43-04e4-47f7-a276-5f652cf7e631,9793481c-9af2-4eb7-a979-9da4f23515a6,dacc4efd-7066-4876-8ef3-593b07b9cee7
27476bd9-79ce-4773-bfaa-a831bbe73785,9793481c-9af2-4eb7-a979-9da4f23515a6,1bdb5496-2d90-434e-b065-59d32e22b629
dba389d9-f7ff-4e11-85bd-e0401b846b84,9793481c-9af2-4eb7-a979-9da4f23515a6,82124844-6993-4fcd-b255-ef205d5f4872
22141b7d-d6c6-4edd-8368-7a8eb5bd8158,9793481c-9af2-4eb7-a979-9da4f23515a6,1000092e-44be-453a-8c91-dfc45aaea5d9
8c410409-0910-4905-bbff-e2ed4a6876de,9793481c-9af2-4eb7-a979-9da4f23515a6,4444b07a-15ef-457f-b23e-a1a40fc567b2
63bfe467-391f-4e92-8f29-b312862b8cdc,9793481c-9af2-4eb7-a979-9da4f23515a6,be59213b-0d32-47dd-b496-ae66877c3ab0
5ab12f11-ba88-4fb4-a57b-7aeba6e572d6,9793481c-9af2-4eb7-a979-9da4f23515a6,040ad012-ef0e-49d5-843b-645fd97de140
0e8a274f-c6eb-4bfb-b68b-f97a584dc7e5,9793481c-9af2-4eb7-a979-9da4f23515a6,ab916870-0f07-4482-8b72-c7a12f822999
82e26b48-47ba-472a-9cdf-6fc2dc56a101,9793481c-9af2-4eb7-a979-9da4f23515a6,0a534697-76b7-43d8-ba08-2c973b7c7f1d
6f5e8ff6-5f2b-42ad-8add-f34b375942d0,9793481c-9af2-4eb7-a979-9da4f23515a6,6df208a2-ba74-4c0b-8727-4917623c315e
200acdb9-d39e-498a-8798-68c0cc966583,9793481c-9af2-4eb7-a979-9da4f23515a6,8d66ebf0-b699-48fb-8efd-e2cfbbdb1a4d
1f5a781c-e77a-4353-b356-32de9c3541b8,9793481c-9af2-4eb7-a979-9da4f23515a6,6838dd0a-e1cf-4771-a397-1562adbfef37
668d7638-1315-4e92-949e-fde488e5541d,9793481c-9af2-4eb7-a979-9da4f23515a6,b1d434f6-b8d4-484f-954f-524659388632
429f161c-0061-4d9c-a388-7b47cba694cd,9793481c-9af2-4eb7-a979-9da4f23515a6,96fd249d-b3f7-4096-8fb8-1ea9cbf25db3
325f5ef8-6d35-4368-a1d4-abf257033993,9793481c-9af2-4eb7-a979-9da4f23515a6,cb778536-3940-489d-b2f6-322ed8eb5426
5d7cc8cd-983a-4e56-8b4a-31b5e9687e17,9793481c-9af2-4eb7-a979-9da4f23515a6,f73fcaf1-dd50-4308-94e2-c1ac367804f7
72e80551-0ffb-4928-9931-a9d459d50c4d,9793481c-9af2-4eb7-a979-9da4f23515a6,b079969c-e4be-44bb-b7c1-20e4c4c14c9a
01537a67-25b3-4318-be6e-77e07581908f,9793481c-9af2-4eb7-a979-9da4f23515a6,00962ccf-efb5-4f0a-bc6e-f64d7a963933
89997e3c-38f6-4ab9-9f41-6b86ebdcf739,9793481c-9af2-4eb7-a979-9da4f23515a6,40348ec2-ab01-40c1-98d9-b42d045f5ed6
704b2be7-1a9f-405c-9dc0-3510b9a8f9c8,9793481c-9af2-4eb7-a979-9da4f23515a6,63e1941a-ee73-4471-a57d-454aa9afe0f3
7f258ed8-7f5b-498c-8bbe-76b29f2e2f2f,9793481c-9af2-4eb7-a979-9da4f23515a6,3c79eb9a-8c4a-4fb3-99b4-550cefc1bed2
c0b6888e-5d9d-411b-953b-0f6513aa36aa,9793481c-9af2-4eb7-a979-9da4f23515a6,58d492e9-d50c-4299-ac84-0a12437b9d4f
d3a46062-8139-4019-b1ac-0d35bae5e7ba,9793481c-9af2-4eb7-a979-9da4f23515a6,eecd7f54-0349-4a1d-89f8-361a92e26cc3
9061ee39-b25b-49f0-8966-1e326fe189c7,9793481c-9af2-4eb7-a979-9da4f23515a6,787453b4-4f8c-42fc-8547-a252280d0769
723b754d-64ee-4ada-942f-d51f2dbc2c2c,9793481c-9af2-4eb7-a979-9da4f23515a6,30e2be34-6ad3-48ea-9484-941732801078
da6db92f-bcb5-46dc-91ce-d4fe9ffc80e5,f85f5456-b9a0-44f1-a348-fdaa35cc7aee,938ea496-e1b8-409f-b3bc-5fa536591bc3
88127406-64b5-46f9-a3dd-98196df00410,f85f5456-b9a0-44f1-a348-fdaa35cc7aee,d70b1d24-f576-494e-9e39-2d0a8f2ff00b
4211e92a-333d-46a8-8cda-24e57442b38c,f85f5456-b9a0-44f1-a348-fdaa35cc7aee,f717491e-5092-4533-afdf-109db3d86a94
c536de75-8022-47d1-8994-2f094fb28082,f85f5456-b9a0-44f1-a348-fdaa35cc7aee,7c4342c0-c4a5-4c1a-9d61-2e9fad194b43
e387e306-2a80-4d6d-9a59-bac93ec350c4,f85f5456-b9a0-44f1-a348-fdaa35cc7aee,16a080df-5c52-4deb-8c12-6130f51546f3
94e02543-0fd4-410b-9375-cf3adbc11e7c,f85f5456-b9a0-44f1-a348-fdaa35cc7aee,8a7bcd15-ab82-438e-b656-da9f882e5e71
4ab8fd59-9cf9-465f-a40b-359fe513455a,f85f5456-b9a0-44f1-a348-fdaa35cc7aee,9effb21c-3d2c-4498-bc43-a0314f2b0103
c51b91d5-d6b9-4b54-acc2-ad2b6535ac4f,f85f5456-b9a0-44f1-a348-fdaa35cc7aee,aea8a4ef-c9b5-4b8a-93bc-dfb78da2c9d5
d2caebfa-4587-4cb0-98ed-460794c6675b,f85f5456-b9a0-44f1-a348-fdaa35cc7aee,91a1ab57-662a-4219-b579-9e98b2bb18e2
b38d3038-b6a5-4a47-b2e3-8264296aefe0,f85f5456-b9a0-44f1-a348-fdaa35cc7aee,d13192a6-2ee6-4cec-a298-4cdbb13efe93
14114d6a-8127-4f62-9deb-ee0143872a17,f85f5456-b9a0-44f1-a348-fdaa35cc7aee,4d24879a-b589-40be-83aa-6da22f32e58a
c0e1a34c-99f8-4bf9-bab4-1d5330c9e405,f85f5456-b9a0-44f1-a348-fdaa35cc7aee,f34c13f2-567b-4d6e-9a41-9f5b38865bd7
0d9d4577-8e52-4908-8cac-6a93a5b7799c,f85f5456-b9a0-44f1-a348-fdaa35cc7aee,59b1e2c8-34db-4a37-9485-56da48cfa6c8
1e5f4d9b-bd09-455b-98c9-98398070748c,f85f5456-b9a0-44f1-a348-fdaa35cc7aee,14cad85e-8866-44e6-afe8-a85910fed105
eaa3ed7c-0a1f-4626-b6bf-0f6009e3f131,f85f5456-b9a0-44f1-a348-fdaa35cc7aee,7365d6ee-5e82-4b03-84a6-ee05fd049934
6658ef9e-77e4-43ea-8b52-9c31ef153e05,f85f5456-b9a0-44f1-a348-fdaa35cc7aee,e486f0a8-c03c-4980-9a1c-5b02bded46c4
4075765d-46a4-457d-b65a-679817af5a7a,f85f5456-b9a0-44f1-a348-fdaa35cc7aee,434abacb-df34-4811-b374-e947f600343e
fedb80a4-763b-4bb8-b273-ad2dcb3cef76,f85f5456-b9a0-44f1-a348-fdaa35cc7aee,8b92498b-b4fa-40aa-ac0a-0b030c81c2d1
cdbf5b30-e20b-4abb-b662-61cf93052f43,f85f5456-b9a0-44f1-a348-fdaa35cc7aee,cc0295a5-0d66-4b5e-ab96-523618acfe89
667095f8-c874-4712-9c79-ce053f60ca4b,f85f5456-b9a0-44f1-a348-fdaa35cc7aee,822e776a-1605-4a71-b5a5-a36346ac9d42
f1bf7e54-9d6f-499b-9713-4ac787e5cd57,f85f5456-b9a0-44f1-a348-fdaa35cc7aee,eb4c56dc-4548-49cc-9220-4e0e96ab8d2e
4aafeec6-d5b0-420d-9c8c-1a36cfa86097,f85f5456-b9a0-44f1-a348-fdaa35cc7aee,f6e277fc-f48d-4347-9e31-e8eade47ab15
040873eb-9fa3-4eeb-b6d3-3ed13738b950,f85f5456-b9a0-44f1-a348-fdaa35cc7aee,eb0dff1f-d48c-44ec-a062-8bec167b5efe
12d8fd7c-becc-4b1d-af4e-b160d1875386,f85f5456-b9a0-44f1-a348-fdaa35cc7aee,3a26e8f3-80cd-4ea2-ace3-86328d1b0808
66b558d9-e82f-403e-bc1d-2acfcf38cddd,f85f5456-b9a0-44f1-a348-fdaa35cc7aee,787379c4-9567-4a7f-aacd-01c7b24fc291
ba25411c-aed7-4a78-aff6-c2046b29d263,f85f5456-b9a0-44f1-a348-fdaa35cc7aee,191ff7dc-7cea-4dde-928c-f5983f90b0a8
ee5cf51c-cf9b-4d27-817c-b65df550bbe0,53382196-d39d-4cdb-bf67-329d63784266,699751b8-4b57-4afa-97a9-444d022ee6ac
bf1d6646-685c-4855-acc9-74e559bf3582,53382196-d39d-4cdb-bf67-329d63784266,f8679f25-6cec-460e-8ec3-17ad8334a0a1
45749871-b851-48ae-a824-8ae614c9037b,53382196-d39d-4cdb-bf67-329d63784266,900734d5-9619-43c7-9f71-a825dd9d4227
e28c8bd3-3923-4616-a5bb-f0ff6cddc0d3,30a151b3-a5b4-4cbe-b812-9d1c19d15a4f,9d6dca0f-1edb-4eca-a96c-b00cb4ec3cbd
019e3423-959b-41af-b54f-cf4ff65bd48b,30a151b3-a5b4-4cbe-b812-9d1c19d15a4f,232cb630-ae7b-407f-a973-9a847c96430c
ac99b09c-3944-4eb6-9643-1b3273ef0ca5,30a151b3-a5b4-4cbe-b812-9d1c19d15a4f,6064eb0c-c396-4d73-bd7f-5d4dc88c5587
05edf69c-9bd8-408d-8ad5-32b15bd23398,30a151b3-a5b4-4cbe-b812-9d1c19d15a4f,4f16b615-1c5b-4194-a11d-57cd08243aa5
240cda2f-2e10-41a2-9449-c6ef7fcfc70c,30a151b3-a5b4-4cbe-b812-9d1c19d15a4f,19853cc6-f1f3-4807-9bdc-0d2f5be22b44
23c0cf86-159a-4537-9f69-39692612e18d,30a151b3-a5b4-4cbe-b812-9d1c19d15a4f,c54df61e-5b50-402b-9d5e-81a48be03e68
e50ff07f-7746-4572-948a-d5eba86ba593,30a151b3-a5b4-4cbe-b812-9d1c19d15a4f,5f9066bd-9813-4682-a60e-c10435e31b1c
bbdcb588-9b40-4080-b174-2a406b95192b,30a151b3-a5b4-4cbe-b812-9d1c19d15a4f,4a3e0b10-de7d-49f2-8003-8adfde1ac8e0
c24edd32-2070-4e15-a276-9214711ba4a3,30a151b3-a5b4-4cbe-b812-9d1c19d15a4f,db28c0bb-d2fa-4f31-ac58-c7fbf43f4d5c
55567893-abde-4124-b74b-edc09d4964ac,30a151b3-a5b4-4cbe-b812-9d1c19d15a4f,df5417f6-e3e7-40d2-9add-f1b80a1e7637
16269981-5d8d-483d-aa89-3c38294fde96,30a151b3-a5b4-4cbe-b812-9d1c19d15a4f,9a2cd20c-deb5-4a2b-8c4c-0ac650c5d5d6
37349ae1-e130-407a-be65-55457a1daa88,30a151b3-a5b4-4cbe-b812-9d1c19d15a4f,a7d69c1b-05ca-4dda-9866-82e6b1ba1ae9
5659b193-fdee-4134-8aee-f556275e6a7b,30a151b3-a5b4-4cbe-b812-9d1c19d15a4f,2447c166-977f-4a5c-82b6-c7a065cf128d
2a84756e-927d-411f-b9d8-c8289028a2e1,30a151b3-a5b4-4cbe-b812-9d1c19d15a4f,0df93c93-3964-4b58-b6ed-4aaa7da5afb4
33103b8c-aee6-480b-b454-96bdead447d7,30a151b3-a5b4-4cbe-b812-9d1c19d15a4f,911f698f-4484-4a48-8694-6e3f8ff675ac
7cb1316e-ea9e-430a-bcf7-7bc905725ed5,30a151b3-a5b4-4cbe-b812-9d1c19d15a4f,b7015c64-9a36-47f1-8ff3-931bf84344b8
9dc7f3a0-07b4-4b55-897d-eeb807b94cbc,30a151b3-a5b4-4cbe-b812-9d1c19d15a4f,b83e9d9f-7771-410c-966f-f982f04ee5b5
ea47f7b1-22fa-49f4-809d-577b94327366,30a151b3-a5b4-4cbe-b812-9d1c19d15a4f,361a855a-8414-4eea-a6c4-49db93dec15c
9cade15e-6108-414d-8505-89f810b19f72,30a151b3-a5b4-4cbe-b812-9d1c19d15a4f,2f502345-c112-4831-aa5a-dc826da91795
e9ebffc5-5837-425c-9ea3-51d14bbb5320,30a151b3-a5b4-4cbe-b812-9d1c19d15a4f,a12964e5-87ee-4f96-8dc1-f87b9b6ef866
37ee2be4-a715-4c5e-a09c-b182f9977dad,30a151b3-a5b4-4cbe-b812-9d1c19d15a4f,812b98e7-a3e0-4dbc-ac73-6c7d913b2bd8
2d5888ff-cf9d-4911-8f28-877675253d28,30a151b3-a5b4-4cbe-b812-9d1c19d15a4f,145b29dc-c622-484a-b234-fff6030bab07
1c5cfa1c-4553-4882-8cd5-507378885afb,30a151b3-a5b4-4cbe-b812-9d1c19d15a4f,787453b4-4f8c-42fc-8547-a252280d0769
bfba384a-d6e0-40b9-8e8e-f03ac6dfd537,30a151b3-a5b4-4cbe-b812-9d1c19d15a4f,c05d5344-c3d3-4a40-a7da-76ada1cba3cd
2e456755-5f94-4baa-9901-48bb979ddf76,30a151b3-a5b4-4cbe-b812-9d1c19d15a4f,58454d59-c547-415c-9a14-0db4ee14d7d0
36c29c34-fab1-4192-b548-0268f4298f2d,30a151b3-a5b4-4cbe-b812-9d1c19d15a4f,6d7d2132-652b-4ed3-9c5f-15eefe8fff01
237dcd6b-e957-4df9-9ee3-175565ba6e47,30a151b3-a5b4-4cbe-b812-9d1c19d15a4f,56a4f97c-9771-4fa2-b5ed-fd29342651f2
0fed1999-ad24-42d6-b400-33e4b1d6622e,30a151b3-a5b4-4cbe-b812-9d1c19d15a4f,145cf8f1-ede5-4bef-817a-c849070dc747
20d73e2f-0bd5-4951-9391-43f12af8bc79,30a151b3-a5b4-4cbe-b812-9d1c19d15a4f,1ac2240a-7bdc-42aa-b7b5-96c1d2bf8c47
6f1c86d6-9128-4106-97dc-cf285a0a10ae,30a151b3-a5b4-4cbe-b812-9d1c19d15a4f,e54ebfa3-e6a0-4282-a06e-b62169bc16ad
740ac288-16ad-4d7a-a3d0-1f49fe0bd95b,30a151b3-a5b4-4cbe-b812-9d1c19d15a4f,9ac9fd70-416a-4c06-bd21-ba024dff69ae
f1ff2f3b-c222-4ab7-92e4-013c291e0366,30a151b3-a5b4-4cbe-b812-9d1c19d15a4f,597b7a30-abc5-463d-b2d3-e915cb5642a8
9655c4b0-9322-4c50-a4e6-6ff36250802d,30a151b3-a5b4-4cbe-b812-9d1c19d15a4f,47e3e517-9dbd-41c5-b0de-1f91abeff499
d77bb546-93dc-4bfe-b866-14c642f0c282,bf063920-930f-4dc4-b2db-dcaf7b96f153,443d66eb-acd4-4c7b-9507-d9a007c7ab00
92e4619b-9c6b-41f0-9116-f6967028c6bc,bf063920-930f-4dc4-b2db-dcaf7b96f153,4f16b615-1c5b-4194-a11d-57cd08243aa5
79b755a5-552b-4e94-8597-ac3dd333bbe7,bf063920-930f-4dc4-b2db-dcaf7b96f153,aac9f323-8873-4838-abaf-0f6f8c218661
286e4af6-000a-4ac6-816d-680de4212f06,bf063920-930f-4dc4-b2db-dcaf7b96f153,c5b34971-9341-41b3-8708-52e7979265bb
9215f3fb-0f2d-48ad-bb5b-59ed5df6a6b8,bf063920-930f-4dc4-b2db-dcaf7b96f153,a3441531-6141-4f9b-8790-2e53833cf925
eb0c55c1-db60-4ee5-a184-6170adfe1bab,bf063920-930f-4dc4-b2db-dcaf7b96f153,e70b0a13-5119-4da6-941e-10307ebdd228
e3baac8b-030f-4f0f-bfd3-e21e82e6a10e,bf063920-930f-4dc4-b2db-dcaf7b96f153,bcb8a997-c356-4444-8b55-adc5540a36eb
3f4e7733-a8d0-4383-a97f-93051c8b2310,bf063920-930f-4dc4-b2db-dcaf7b96f153,a877e82f-671f-4f4b-8282-e6c6159365fd
15c47f8c-8283-45b1-86b1-efd97025978e,bf063920-930f-4dc4-b2db-dcaf7b96f153,9d9f1733-ba80-491f-ad29-75b10ad71e80
53b8f03e-d8b3-4b3f-a0b2-a7e4545156fa,bf063920-930f-4dc4-b2db-dcaf7b96f153,f39f7f0f-3628-4ce6-9c3d-5972946bd171
b6d027ad-a139-4b06-a5b5-52687613c918,bf063920-930f-4dc4-b2db-dcaf7b96f153,67737bc1-e619-4fc5-be0a-6ede8ca18c8f
ee88c635-be6b-45cd-b99b-546b8b52dc54,bf063920-930f-4dc4-b2db-dcaf7b96f153,a5f793b7-01f3-4618-acfb-54b7c16c2bca
f1ab74b2-775f-496f-b6e7-18d89099158b,bf063920-930f-4dc4-b2db-dcaf7b96f153,7a96d22d-c7dd-4286-bbfb-6839cf38c2b2
e2980b97-d863-4efa-82f5-f5b8102616db,bf063920-930f-4dc4-b2db-dcaf7b96f153,5da0d14b-0ece-4fbd-b496-e576a5b73373
3067e15e-0dd3-4d8b-a795-1e49e5fc1bd4,bf063920-930f-4dc4-b2db-dcaf7b96f153,b83e9d9f-7771-410c-966f-f982f04ee5b5
f70aa329-7fa4-438d-beba-72b9a6beb9b9,bf063920-930f-4dc4-b2db-dcaf7b96f153,d36141f2-18b4-4a7c-8125-b6889b0463dd
59c3f09e-8a0f-400f-9c54-9b1446084666,bf063920-930f-4dc4-b2db-dcaf7b96f153,74f228fd-6a1c-41bf-bd68-e5a91b6aa30e
1abcb3ab-ff30-4574-8b20-3f088b837346,bf063920-930f-4dc4-b2db-dcaf7b96f153,2f502345-c112-4831-aa5a-dc826da91795
00029740-7b9b-43d3-b12b-3d8d610c555e,bf063920-930f-4dc4-b2db-dcaf7b96f153,fae04c67-57a4-4de1-88a9-8877fc8cd778
12d37dea-d40c-4d63-aba1-f9ff8d20cdd8,bf063920-930f-4dc4-b2db-dcaf7b96f153,2729d0eb-2cda-441e-bfaf-d80a26680424
be40e727-6028-489e-b238-31f9c9d00811,f0af6476-27ea-459c-8bf4-fb2751570be6,3a7eeca7-252a-4d32-8a05-4f2f64a82a4f
99ce6ff6-560a-467b-bf01-dd23cb7e2185,f0af6476-27ea-459c-8bf4-fb2751570be6,c64fcd92-7993-4117-b2d5-e604468c5b6c
b0954a11-7a10-4424-a9bb-fa713cc22a15,f0af6476-27ea-459c-8bf4-fb2751570be6,30bd1c25-2ccf-4b74-91f6-b45c48d178b3
a8484662-8660-419b-919b-9f3972d9e005,f0af6476-27ea-459c-8bf4-fb2751570be6,78ada6f9-768e-41f2-a162-627def96abf3
c61c0043-d804-4e00-ac24-2baee00de80b,f0af6476-27ea-459c-8bf4-fb2751570be6,8d66ebf0-b699-48fb-8efd-e2cfbbdb1a4d
aaee86ab-8585-4476-a31f-26c07eb36409,f0af6476-27ea-459c-8bf4-fb2751570be6,aebf49cc-1eb0-45ce-b2d8-e57c9cb1995c
519ffe8c-eac7-4640-b85e-11b2855644e4,f0af6476-27ea-459c-8bf4-fb2751570be6,607ed3e2-6960-4923-bec2-fce442fcee71
bd60abc8-ab4d-4001-9cb8-7c1b7849fe04,f0af6476-27ea-459c-8bf4-fb2751570be6,f33af539-fd35-47ce-aa47-7bcf1bd4854f
2aaecde9-6180-4b01-a6c4-af1b6ac32ac9,f0af6476-27ea-459c-8bf4-fb2751570be6,4fba01f4-ce94-4594-bcfb-5b65d8e28e7c
ede6ec07-3e19-4114-a09d-0b162f32af15,f0af6476-27ea-459c-8bf4-fb2751570be6,fea3c1dd-3f5a-40d6-962f-6080b09dc3d2
9514626a-a7cc-4ac4-b062-391f2a9dac09,f0af6476-27ea-459c-8bf4-fb2751570be6,4e52e6c8-9354-4b27-b2cb-691a66026457
7c6ca4f3-303d-4bc5-9840-f92b8757b3f2,f0af6476-27ea-459c-8bf4-fb2751570be6,18aecf00-d4ac-441b-a662-91b240e55a5c
73f083db-b297-46c3-a2a0-a32e1655290d,f0af6476-27ea-459c-8bf4-fb2751570be6,1a9d7c15-804f-455e-82e7-008f53201708
af6e635e-d100-4fb4-ac68-8de34b5a7082,f0af6476-27ea-459c-8bf4-fb2751570be6,b63e3231-0186-425a-b865-a32de8c078c3
305aae42-3e7c-4975-8755-bf65403f83ef,f0af6476-27ea-459c-8bf4-fb2751570be6,a0a4b15b-2c6c-4f31-a952-01589cbc65cd
bebc0f53-f556-4fe1-89fa-f7c74173dd93,f0af6476-27ea-459c-8bf4-fb2751570be6,33b31291-9460-4b42-8619-4dcfad75249e
452aa775-2bb3-41bc-ac9e-567180847f9b,f0af6476-27ea-459c-8bf4-fb2751570be6,a62df79a-db8b-49e2-ab13-f06344ff089a
45ccb750-fa6e-4b96-85a8-ec2246eaad62,f0af6476-27ea-459c-8bf4-fb2751570be6,536bc561-5ba8-41b2-a4a8-44f200e08cad
363f6f44-d5d1-43f3-a8dc-5ceddcd7a206,f0af6476-27ea-459c-8bf4-fb2751570be6,1963780b-4520-4502-a1ea-feb212224db7
90dc579b-3f57-4f5b-ab60-070587c8df3c,f0af6476-27ea-459c-8bf4-fb2751570be6,ba19ccb2-58a8-4669-80f4-bd7822092300
f5e45bcd-cf37-4ef3-8441-a4827c7c2d0c,f0af6476-27ea-459c-8bf4-fb2751570be6,1464812a-719b-47fb-912a-4968611fc2f3
108229d5-33c5-4d13-91e1-ff042fd35fea,f0af6476-27ea-459c-8bf4-fb2751570be6,dfede0d5-4565-4f2e-af71-8278dca71d62
92d18ba7-f92d-4358-a8e1-f634ad0d549f,f0af6476-27ea-459c-8bf4-fb2751570be6,ead596bb-e5dc-475a-a750-20762bf4c1f6
3b7844ad-8ac9-4d34-a24c-80c1846982f7,f0af6476-27ea-459c-8bf4-fb2751570be6,6ac90907-7b5d-45cf-baa8-a5c3530947fc
fb3475a4-6cf2-452a-ae96-3ee63b3016db,f0af6476-27ea-459c-8bf4-fb2751570be6,17c31c10-69b3-4c23-abeb-384ac1171041
a206ad0b-8310-4f01-b28f-b0f4a033c4ed,f0af6476-27ea-459c-8bf4-fb2751570be6,b82b7b13-a398-4f85-8afc-7dae54c1c074
0fd77fbc-0bdc-41a2-98d6-0aa2982c2393,f0af6476-27ea-459c-8bf4-fb2751570be6,a3af4781-7537-486b-8cb0-1389569d7edf
649b6ccb-6b46-4c97-8b91-fe0a2047e0f5,f0af6476-27ea-459c-8bf4-fb2751570be6,c85fbe3a-b921-4fba-b6b8-c677b1b934e8
2e4f02c7-64a0-45bd-b672-f3bc47838f53,f0af6476-27ea-459c-8bf4-fb2751570be6,e043e2a5-c73b-4579-bbc4-d0ddbc927775
7dceadb8-99d3-49a3-9200-54d216d8fb73,f0af6476-27ea-459c-8bf4-fb2751570be6,eb59fa3d-0f88-4a9d-b193-50e1758608c6
62f9fe36-5f26-4cd7-baa2-400bcd3dd1b0,f0af6476-27ea-459c-8bf4-fb2751570be6,a122e25a-78e0-468c-9bc3-50dd75ec8961
82c30b87-3b94-4d03-95eb-689b727a9cb5,f0af6476-27ea-459c-8bf4-fb2751570be6,aef72465-c817-4a0a-8a45-f41227230ebd
3121dd07-1399-4715-8b3c-df56895128fa,f0af6476-27ea-459c-8bf4-fb2751570be6,b5c738a5-1fe9-490e-927c-e2f902840396
513069a1-6933-489f-8dda-6d2c17d14aa5,f0af6476-27ea-459c-8bf4-fb2751570be6,28dc149c-af86-45e0-a6ad-16f6ecf634e2
85feaa2d-88b2-4f7a-aad4-62207d72a179,f0af6476-27ea-459c-8bf4-fb2751570be6,ed95336c-0bec-4d26-946f-0dce04dbe06b
48fbb274-7694-489a-b3f0-84dce37226bb,f0af6476-27ea-459c-8bf4-fb2751570be6,5cb4abff-581b-49d2-833e-6b4582c75ff2
a750b05c-044f-4238-a0d6-97fbcef1d7c1,f0af6476-27ea-459c-8bf4-fb2751570be6,50a6e33d-aa43-4ecd-ab58-ae18f2c20b6c
6d1bb929-5c08-407d-8594-c26381bddf8a,9d07c629-fef0-4453-875f-a541322fd802,3bd377e8-a84d-48d9-9bf3-a26f9f8b46be
844b4c90-0583-4811-b761-395a56e5d732,9d07c629-fef0-4453-875f-a541322fd802,e383c5a6-26c1-4a9a-829d-ddc50d8e6b1e
5cd49c43-6ba0-4084-a78d-ee64dd5a53f1,9d07c629-fef0-4453-875f-a541322fd802,dfa009f0-5e38-429e-afc3-cac2a252a6d3
b27bf62f-9138-4348-b5f5-21e56bad1366,9d07c629-fef0-4453-875f-a541322fd802,445ea404-e7ff-4748-87c0-ee5faca4ad0d
88e656b3-209b-4487-a24b-fdba06860211,9d07c629-fef0-4453-875f-a541322fd802,8ce65d91-d713-42da-9376-4f71f4290a4d
cef4fdb4-54dd-40bc-8557-7e5c5fd622ac,9d07c629-fef0-4453-875f-a541322fd802,c691bb24-2f5b-48b2-9a00-34dc7353657f
5a4c4d76-9203-4647-8176-4826be143075,9d07c629-fef0-4453-875f-a541322fd802,6ce7c432-d7b9-46ea-a3c0-a60cd9208e1b
e7252175-6046-4f94-ab06-3396cb446bd2,9d07c629-fef0-4453-875f-a541322fd802,a95f629b-545d-4983-b218-0805eba6db8c
95fe1a92-6bc3-43ac-996d-d35c28e4594a,9d07c629-fef0-4453-875f-a541322fd802,fd7fd6bc-4e96-4ed4-91c1-b41987edf925
b0914b90-6684-4484-adad-c653d593a96b,9d07c629-fef0-4453-875f-a541322fd802,f89ab912-d707-4a89-b325-00b6dda70e2b
96f575fe-f1d5-4daf-853d-f7df2f7fde4b,9d07c629-fef0-4453-875f-a541322fd802,82f66654-9513-433b-8a8f-78833bcd114e
85ed387a-69e9-456e-9319-cef0676ad8b7,9d07c629-fef0-4453-875f-a541322fd802,df6a0ecb-94d9-4314-ad71-72dfb12c89e7
0b607474-a201-41f6-85c6-4199ab456ac8,9d07c629-fef0-4453-875f-a541322fd802,2139ee73-5322-48e9-9599-18a6f4bedcab
47c05fb4-fd5f-40c4-9241-2edb01c467ae,9d07c629-fef0-4453-875f-a541322fd802,c935e60a-9798-4f53-bc69-673d0b6db43b
43090a75-b9f0-49a2-95ca-007b6301e540,9d07c629-fef0-4453-875f-a541322fd802,252d894c-2624-4373-95b1-5683756dc526
7fa1a613-4dd8-4957-bc7c-df211f28cc59,9d07c629-fef0-4453-875f-a541322fd802,1dfe7530-37ca-48a7-972b-95061e7e80e8
2016d243-4510-47dc-8608-27e541276221,9d07c629-fef0-4453-875f-a541322fd802,ac2880ae-046f-4429-a2d8-3beb83530deb
a3529f55-3318-46d2-82ee-81ab2c8eb9d1,ea6cbee5-095b-426e-a3b1-a6fef71509f9,9cf30bbe-1091-423b-b163-211de276744e
83330cca-5145-4f62-8759-44ec9be77865,ea6cbee5-095b-426e-a3b1-a6fef71509f9,0fa85b7a-8778-48f7-ac19-65dc51c1b78f
8b0939fe-695d-43ae-8f4c-40eeb6241a9e,ea6cbee5-095b-426e-a3b1-a6fef71509f9,eabe19ac-5975-4eba-80aa-98054f30c24c
e1646743-db62-4641-a4a6-f29d1923e638,ea6cbee5-095b-426e-a3b1-a6fef71509f9,85a77233-9c55-4a14-9e15-fac288ce4d88
c64c32ce-2a67-4001-aae0-5bb264903d5f,ea6cbee5-095b-426e-a3b1-a6fef71509f9,42357a96-bcf9-4a94-96f8-7be4cd4c53b1
668849e8-0497-44b2-b4b0-9e719dd7094c,ea6cbee5-095b-426e-a3b1-a6fef71509f9,eaf374bf-d4e0-49f8-9b95-5ea28503a7cc
cd07bdc0-6218-46c0-90b9-85a7c1b06b6c,ea6cbee5-095b-426e-a3b1-a6fef71509f9,737d7eb0-b90d-4bb1-8a85-4ca9f6334a7b
bf602bd9-fc28-4209-80a9-8b80a2613a71,ea6cbee5-095b-426e-a3b1-a6fef71509f9,938ea496-e1b8-409f-b3bc-5fa536591bc3
21004f8f-ce61-43ad-a2dd-265f48ac5992,ea6cbee5-095b-426e-a3b1-a6fef71509f9,d062eee1-9751-4c11-bb0d-08de6af1b375
1be46385-13c7-4375-88b4-ad9a800aceb1,ea6cbee5-095b-426e-a3b1-a6fef71509f9,9bb071cd-60c6-411e-b5a4-42ddc004f750
5cd2af29-787f-4bb6-a691-096e21f5c568,ea6cbee5-095b-426e-a3b1-a6fef71509f9,3fbfe8b9-17e6-44ab-a890-5d40ec7c4158
befdc545-79a4-4483-9d67-e12c1799c21b,ea6cbee5-095b-426e-a3b1-a6fef71509f9,4ac17a2e-262a-4dd4-adcb-5f1c682ce747
7f090e42-d463-4de2-8cc3-2d57a3fdc0dc,ea6cbee5-095b-426e-a3b1-a6fef71509f9,d2211443-3a9d-430b-b19d-8cc9455106bc
197c7913-09c1-4aa3-a99e-d9c1b1b12eb7,ea6cbee5-095b-426e-a3b1-a6fef71509f9,ac554b3a-ba46-4ed8-a500-6a1d9ebfc7e9
0ec62f46-b4be-4c3d-9f84-3c0cda2db88b,ea6cbee5-095b-426e-a3b1-a6fef71509f9,c0fa6704-6f9d-4ea1-b7c2-74f8bf453a9c
e441d1e2-8482-4e42-9408-9f577537bb5e,ea6cbee5-095b-426e-a3b1-a6fef71509f9,beda4602-71da-4821-a354-377b7590d2ef
215adb8d-e046-4834-aaf2-6263fa77dbff,ea6cbee5-095b-426e-a3b1-a6fef71509f9,cbd893f9-3694-457c-baf4-a6688a80cfb3
ab8c3901-7819-4688-9d36-96901a7232c4,ea6cbee5-095b-426e-a3b1-a6fef71509f9,55c1e9a3-3f22-42b7-8c18-a08540ceaddf
0257a417-2b31-4751-acb0-121ed8a48491,ea6cbee5-095b-426e-a3b1-a6fef71509f9,0c7febe4-d60a-419a-956b-8d7271e6f7fd
4edfe8ce-d357-4df0-9b4f-09bc10e19f5f,ea6cbee5-095b-426e-a3b1-a6fef71509f9,a4bf72dc-6ccc-44d4-81fe-cb29a4bf27a7
d80bc250-3de5-4b79-ba3b-6d8756299d4d,ea6cbee5-095b-426e-a3b1-a6fef71509f9,c587ac63-8439-4328-8d78-b437dd8a0c07
8acd77cb-4967-4cdc-a099-af9c96b7c0e9,ea6cbee5-095b-426e-a3b1-a6fef71509f9,620bd95c-d423-4dd9-8f78-6f949f55b097
78e531b0-3b3c-4473-b5fb-31935da68c8b,ea6cbee5-095b-426e-a3b1-a6fef71509f9,636402ed-25a0-4d6a-82ee-3f175aeaacc9
bc3c94f7-4c34-495e-9fb5-93fe531df2fb,ea6cbee5-095b-426e-a3b1-a6fef71509f9,40348ec2-ab01-40c1-98d9-b42d045f5ed6
fa91e325-68a9-4798-97e2-1678586394be,ea6cbee5-095b-426e-a3b1-a6fef71509f9,9dcb8cb5-7848-4eb2-a683-92e2f5ec5926
ee025da4-d482-4e23-b5f4-f9c4856c06de,ea6cbee5-095b-426e-a3b1-a6fef71509f9,6c069aef-f5ef-447f-ab5f-38757770ceb2
ab744457-9c1c-4068-b725-ded6494ac722,ea6cbee5-095b-426e-a3b1-a6fef71509f9,17c31c10-69b3-4c23-abeb-384ac1171041
40bbc143-d4cd-4b90-b68c-38effb0d3823,ea6cbee5-095b-426e-a3b1-a6fef71509f9,047e72a2-acb7-421e-9766-6f10f3aa9e30
3cb62dae-2533-425f-b620-19fe77166fb6,ea6cbee5-095b-426e-a3b1-a6fef71509f9,fa49553b-156a-49bc-88b5-cfaeb519f0e1
7e355901-c29a-4e67-b240-6fbb853d2be1,ea6cbee5-095b-426e-a3b1-a6fef71509f9,b3682f75-caeb-4a5a-8377-f949d9cdec62
48bc70d8-a62b-4733-98e9-b5f1e2170292,4dcda006-b661-440a-869e-19646f2f3ba6,24f63b58-2507-4eb2-be9d-dac38bef18db
f928cd9f-5aba-4ce1-81c2-e522f5e5d5b1,4dcda006-b661-440a-869e-19646f2f3ba6,33b31291-9460-4b42-8619-4dcfad75249e
533f7667-aad4-4f1e-b2cc-c37795281530,4dcda006-b661-440a-869e-19646f2f3ba6,653aaec5-f18f-4466-b95d-c28f4bafacf9
67b9183e-3586-4833-9aca-d5f67b122c1e,4dcda006-b661-440a-869e-19646f2f3ba6,e378ee27-f778-4c32-a773-1287ef568545
7d6fe5ee-bf92-4469-8fb2-618da32367c9,4dcda006-b661-440a-869e-19646f2f3ba6,9153441e-dcbb-4763-a2a5-d9d245f9b829
8d8ab715-d329-4b32-978a-b2d27be1388e,4dcda006-b661-440a-869e-19646f2f3ba6,2a1b9f83-e28b-4884-b111-d4df3c0201f2
4c92dc7d-5384-4724-84e1-32ffa4f49c6b,4dcda006-b661-440a-869e-19646f2f3ba6,9e6c4781-73fe-4a64-9b00-5acaf23df1e4
1b827af3-1b15-4c64-9c1a-b503bbda0947,4dcda006-b661-440a-869e-19646f2f3ba6,96753d9f-7f53-4ab5-ba5b-e79e22e55363
929b2b98-6822-4c69-8793-de28295614dd,4dcda006-b661-440a-869e-19646f2f3ba6,cd3c182d-c908-40d4-b1bd-8cb7c8e7bcc0
ed83a2be-8d72-4aeb-82ee-655aa259e32b,4dcda006-b661-440a-869e-19646f2f3ba6,747b66bc-f23f-43f8-b8ca-4938a51c6f30
007371f5-837c-4f16-8510-8018f78ea39d,4dcda006-b661-440a-869e-19646f2f3ba6,5838eeba-efd1-47f6-ad3e-9d7f64cdfecd
8887bc25-c2cd-4e0f-922d-07622f12f88e,4dcda006-b661-440a-869e-19646f2f3ba6,883851d1-212c-41ea-b45c-41b000134b8a
7c4d1f1a-2d25-41b4-8b99-ccf35653fb0b,4dcda006-b661-440a-869e-19646f2f3ba6,43f179e6-28dd-4eb0-b651-0bdc273e82b3
5233bd47-4892-4370-9f53-8a2482f45d8c,4dcda006-b661-440a-869e-19646f2f3ba6,def18701-b066-42b0-b042-234be0efbb76
b1851082-898f-4a3c-9cb7-3a31733a7eff,4dcda006-b661-440a-869e-19646f2f3ba6,459c3aeb-0287-4ff0-a7bd-10e2dcbcb1d3
279bb47e-327c-4235-a06b-b0cfb6acae59,4dcda006-b661-440a-869e-19646f2f3ba6,46f2a183-2dfd-4ea0-82c2-41509ef798f3
89fe96ba-df50-42a6-a940-c63d9db215da,4dcda006-b661-440a-869e-19646f2f3ba6,1a37e15b-2bd6-42ea-a046-732d59929d12
28cb3c8c-280f-4c33-b2c6-913ab258c9b4,4dcda006-b661-440a-869e-19646f2f3ba6,bae136d1-4cb6-4a2e-955e-9efb122d8669
9d2e8dc5-4216-4936-a0bc-c667756d1708,4dcda006-b661-440a-869e-19646f2f3ba6,dfb78cdc-07eb-43d7-a893-5839ca1adbe0
05bfe2e6-f3d1-4d5d-bb63-9e3c2aa5162c,4dcda006-b661-440a-869e-19646f2f3ba6,5c694e12-072e-4006-b33c-6c4d672a3258
becfef02-79f8-4f3d-8eb5-1326b40df88c,4dcda006-b661-440a-869e-19646f2f3ba6,2be33378-3eb0-4215-accf-e3162ad26ad0
901b7d1a-039d-49d4-b95b-8c4303010c82,4dcda006-b661-440a-869e-19646f2f3ba6,c426b729-6986-4f00-943e-f1820f58d76a
9d669ad1-dea0-4ca7-a68d-149e43b06f2d,4dcda006-b661-440a-869e-19646f2f3ba6,c48fe2b2-8358-4892-ae79-d63d0fa4fd2b
5a997a62-b04d-494f-8bcf-e3606e8ce446,4dcda006-b661-440a-869e-19646f2f3ba6,a350c499-c38f-4a6c-a08b-12e01fc05b13
4e1a4e9c-eaf8-4e2d-9a7e-e5ec0ed6b9c1,4dcda006-b661-440a-869e-19646f2f3ba6,6c92f056-4753-4ca3-a815-37962c9798ff
656eac76-4b7d-413f-9d1d-501b910c4e51,4dcda006-b661-440a-869e-19646f2f3ba6,a370bc33-fbcb-46be-8b8c-c581927899bc
a70c93e6-412f-4e3a-8dd0-5d230207a976,4dcda006-b661-440a-869e-19646f2f3ba6,a5e9bece-aa45-4653-8645-ab1d2eb277d1
1b65dddf-0438-4193-9a2e-82cbcb0dea62,4dcda006-b661-440a-869e-19646f2f3ba6,dcc5e31b-edd0-4df2-ab95-88538b7ac8f4
3e0a5f8c-39e7-498d-845f-4d1da82434d9,4dcda006-b661-440a-869e-19646f2f3ba6,d369a38c-a3ca-4f0d-9e61-cb9faaec083d
53fb1cdd-0589-4455-8e01-38348efaf221,4dcda006-b661-440a-869e-19646f2f3ba6,04b3f0b1-1e0b-4714-90fa-84715b111318
e3aea11c-efa5-4e84-a043-d04fee8d90e9,4dcda006-b661-440a-869e-19646f2f3ba6,68427675-1ee3-498c-a8cb-48b2395468bb
e3c0abac-5e0a-4bea-8c95-bf321ee65fc4,4dcda006-b661-440a-869e-19646f2f3ba6,256f693b-199b-4544-a373-77af73cc1841
4b975c46-a670-498c-a2d8-8f659e82d86a,4dcda006-b661-440a-869e-19646f2f3ba6,cf94e50c-a797-486c-9284-22d09be20c12
39e198d5-d6d7-422d-98fb-a4cacff18b2f,4dcda006-b661-440a-869e-19646f2f3ba6,7140d9f3-bf4c-41db-8f25-6331fafc24be
780f320f-6c75-40c9-a0ba-51c016f7d37d,4dcda006-b661-440a-869e-19646f2f3ba6,f6d7e3b4-4897-443e-990c-33522ce80daf
e35e45e2-a042-4c22-b427-02ed34488786,4dcda006-b661-440a-869e-19646f2f3ba6,fac57f5c-923b-4e08-a7c0-924406f14ed5
907dcb49-a0b8-47b1-b5e3-c1f443859d58,4dcda006-b661-440a-869e-19646f2f3ba6,29ee1843-c2a0-4af1-bdcd-ebcfe077dbc2
b3d468a0-a47f-49fd-851c-fd3fda356a5c,1adac5ca-6180-4187-87a7-23875942ef29,f498a2a1-e24e-4e93-8f9a-47cda6ad8061
3974413c-3c06-4bf7-8ec7-89f96af46fdd,1adac5ca-6180-4187-87a7-23875942ef29,fb192c8b-084c-4a55-b64e-51dbe70037e4
c571d481-ea95-40b6-ad7b-99b73b6f7e56,1adac5ca-6180-4187-87a7-23875942ef29,8eefa240-eaa7-417e-bcc5-930d10ade152
8ef85491-f0a2-4da4-8450-4f89cda08b19,1adac5ca-6180-4187-87a7-23875942ef29,5838eeba-efd1-47f6-ad3e-9d7f64cdfecd
6035dde3-5dd6-4e60-8d70-578d8f97fae1,1dd1ee6c-3be4-4319-bb37-7a0ce262ca57,5f238468-9d1c-4e63-b845-698b6c265998
a826463c-6078-4b70-9172-6d1e90d32cb2,1dd1ee6c-3be4-4319-bb37-7a0ce262ca57,0a8f7c90-0e95-4b96-be1f-a12297b136a6
1fcfb24d-75af-47a3-98fa-81d1482753c4,1dd1ee6c-3be4-4319-bb37-7a0ce262ca57,6df208a2-ba74-4c0b-8727-4917623c315e
0f9f381b-3f42-4904-86a4-6a6f4723b644,1dd1ee6c-3be4-4319-bb37-7a0ce262ca57,42d95f5a-7dd0-4675-a2a5-1d308cbf7034
3c557a7b-b761-478f-b3bd-6c1919c40f36,1dd1ee6c-3be4-4319-bb37-7a0ce262ca57,d563495e-5090-40d9-878c-8bdc2198891b
e2d927ea-5528-4a6c-a206-b8093a735f69,1dd1ee6c-3be4-4319-bb37-7a0ce262ca57,05658156-1e84-461b-a2b6-18adf7aebf16
03c5ef1c-ee17-4b3c-bff6-0badabf4530b,1dd1ee6c-3be4-4319-bb37-7a0ce262ca57,43003c31-b860-449d-84cf-941cde9ac8d5
a5ce74c1-6c7e-4ce9-9178-7ecad72168ec,1dd1ee6c-3be4-4319-bb37-7a0ce262ca57,f239d449-b4d6-43dc-a07d-15b35bca068c
d901ae77-4e6a-4dc3-b90d-90c617f72699,1dd1ee6c-3be4-4319-bb37-7a0ce262ca57,54970902-3a64-4186-9a81-23f788794745
77dde321-a3e5-4f8c-981c-5f709aaa7b8c,1dd1ee6c-3be4-4319-bb37-7a0ce262ca57,79b25f4a-dea4-4ed2-81cd-f8a9b31821db
1f651c73-bc79-466b-b2f7-aa94dae13f46,1dd1ee6c-3be4-4319-bb37-7a0ce262ca57,1b44f106-72f2-400b-aa34-8d7ed26e2dd2
491d50b9-51c3-49ad-b1c4-dd80d8c4eead,1dd1ee6c-3be4-4319-bb37-7a0ce262ca57,3bbf7c93-686f-443f-9bb2-bf8da39a99f3
7362fe29-cf12-49a0-ad2f-2bbe62848243,1dd1ee6c-3be4-4319-bb37-7a0ce262ca57,662d46a0-a567-48ee-91b0-a36e1e5a54db
b055c166-4a29-45df-9541-24d924024dee,1dd1ee6c-3be4-4319-bb37-7a0ce262ca57,f208238f-8e27-4754-8b89-4878da6cd3fa
352e62c6-836f-410d-9e15-61cb7538fa2a,1dd1ee6c-3be4-4319-bb37-7a0ce262ca57,4cfa31f3-06d5-479b-bcbd-92db17ca09a8
728d26ca-c158-4bf5-9bc2-d80f86443720,cc89bf7d-7b00-49d2-8128-0b2707ca6c91,63756a17-1628-4921-a3e6-cad5cce99636
4a33af37-c471-4971-9aa1-5cab9aaf284d,cc89bf7d-7b00-49d2-8128-0b2707ca6c91,b4625480-9246-4006-8417-1a75159d952c
00741579-6488-4f2a-af29-851e37c9043f,cc89bf7d-7b00-49d2-8128-0b2707ca6c91,b63da43c-6eab-4d7d-9d82-797ad996b822
fe0b8ad2-2e4a-4ab1-acbf-5c470dfbf74d,cc89bf7d-7b00-49d2-8128-0b2707ca6c91,fab3434a-04d9-48ac-827b-eda4e911b401
4654309a-2b51-48f7-b5a1-c4909d481842,cc89bf7d-7b00-49d2-8128-0b2707ca6c91,57ac76e8-037f-4e77-9e48-3d3692d150e9
bdd228c8-7ccc-4b10-8962-04633eec5d2c,cc89bf7d-7b00-49d2-8128-0b2707ca6c91,f1ac7cb4-2a40-4267-9d8f-361babe48be7
47d9d26e-1a8b-4c09-82a5-82f778d0a972,cc89bf7d-7b00-49d2-8128-0b2707ca6c91,378e3ee6-4569-40fa-a4ae-288b035d6101
4c75b5fd-8e8a-456a-a330-85d007717195,cc89bf7d-7b00-49d2-8128-0b2707ca6c91,45be3c01-3fb9-4909-ab09-e193338a504d
bc16dc2b-f16b-4908-bc51-93b7a0cc8d7b,cc89bf7d-7b00-49d2-8128-0b2707ca6c91,88749041-c80a-49bc-a650-910cceb244b2
c3b22513-2f9c-4ab5-9a92-9afb8cf95cdd,cc89bf7d-7b00-49d2-8128-0b2707ca6c91,8162bf33-41f2-47f8-870a-a42354a82764
ac3a3b0d-719b-4e34-a920-7bbca273b53a,cc89bf7d-7b00-49d2-8128-0b2707ca6c91,e08d070d-2cf5-4f3b-8d07-e2a8e00fa095
0be8b820-3f4e-4724-a2cc-5a9b92161ea1,cc89bf7d-7b00-49d2-8128-0b2707ca6c91,d02121cd-a03f-4d94-945a-3a72f6383931
fbdb5512-145f-4126-be71-ea5b5a13d4e4,cc89bf7d-7b00-49d2-8128-0b2707ca6c91,7dfa5856-95ab-422d-8452-126fc1a8f5ac
e2ce3120-e9cb-4b89-b739-56f37f2c8ccc,cc89bf7d-7b00-49d2-8128-0b2707ca6c91,c935e60a-9798-4f53-bc69-673d0b6db43b
585b54af-b850-4def-9860-4b650ec7ead1,cc89bf7d-7b00-49d2-8128-0b2707ca6c91,375f00de-ee5d-43cd-8a9f-eb6ffd0f6647
b62157f5-03b5-451a-999c-496f75c4a877,cc89bf7d-7b00-49d2-8128-0b2707ca6c91,2efff75f-df5d-4b60-85ae-68ef9eec572d
564270b2-da3b-411d-a7b7-4c47a164802c,cc89bf7d-7b00-49d2-8128-0b2707ca6c91,d5a92c6f-7726-4869-bbb3-a83625d594af
65b76f40-8aa7-48ad-8141-4ea674e1baf0,cc89bf7d-7b00-49d2-8128-0b2707ca6c91,dfa009f0-5e38-429e-afc3-cac2a252a6d3
d5aa6592-3ba8-4b87-8784-530e682f751e,dd4147cb-de47-40fd-a515-9c67af2edec5,51826a57-a2e1-41aa-99e4-b5c9f4d8b215
4bf7bae6-956d-4e05-8299-9297a8c2d169,dd4147cb-de47-40fd-a515-9c67af2edec5,3b818182-fd6a-44f9-8012-1b769b2ab5e1
7b144fc6-0450-4f88-9057-d6692f9c141c,dd4147cb-de47-40fd-a515-9c67af2edec5,97320290-424e-49b7-ac5f-ae5ca0c91b10
3ee53e62-e8dd-4312-bb63-0133fe8a62a9,dd4147cb-de47-40fd-a515-9c67af2edec5,7a96d22d-c7dd-4286-bbfb-6839cf38c2b2
5790ac24-e197-4add-9896-7306731c0950,dd4147cb-de47-40fd-a515-9c67af2edec5,2af7e466-3db6-4c28-ac3a-aa2b1ccaf01c
cfb61d02-f99a-4dda-80c3-99e7df7b20c2,dd4147cb-de47-40fd-a515-9c67af2edec5,aab53595-751f-41ed-bfe6-09c96e8ba403
0547b127-7a58-4304-8e7a-79d6f6706831,dd4147cb-de47-40fd-a515-9c67af2edec5,ac46dc97-3a21-4f78-9e90-c97447f89234
eadaec03-fc95-498a-b4d5-98b3aad68263,dd4147cb-de47-40fd-a515-9c67af2edec5,4496f485-0b6a-41c4-8de4-ce7013a2ecf8
371785c2-7e78-440c-994a-ea0e5b0b966a,dd4147cb-de47-40fd-a515-9c67af2edec5,b3c78caa-af03-4a91-9e1d-385c5a60aec9
aaf6a660-a512-4eee-bc4c-8ec927a25f90,dd4147cb-de47-40fd-a515-9c67af2edec5,7e3e4fe9-75c1-4923-bb4c-0bb74079324e
97de0340-3794-40a1-ab26-715db071d6be,dd4147cb-de47-40fd-a515-9c67af2edec5,7fe23098-177c-472a-8153-5098b1a1a66c
e674e3f6-ccee-44f0-a727-a84721d29c17,dd4147cb-de47-40fd-a515-9c67af2edec5,0ff94121-c7f2-4a0e-9245-8cad28643aef
214c4326-29e8-4f48-ab65-4e43a36dc813,dd4147cb-de47-40fd-a515-9c67af2edec5,0148c2e4-dc55-428c-8810-9dfee02ee936
4aed36fa-5f5a-4578-b98a-e681f6dfa8a6,dd4147cb-de47-40fd-a515-9c67af2edec5,003ad6d1-6a1a-4c9e-af19-603fdf12cafc
9f8e230c-80f5-4cfe-b567-b91c20ba0123,dd4147cb-de47-40fd-a515-9c67af2edec5,87b9a347-3a8d-41d4-97e4-fe9ff86667a6
1f7c93d4-839a-491f-b10c-784d0052630b,dd4147cb-de47-40fd-a515-9c67af2edec5,27fe0b81-4b5a-49c0-b71e-2fb85290b00e
de4ba7eb-6975-481c-8c36-c8df0185bc61,dd4147cb-de47-40fd-a515-9c67af2edec5,b501856a-0f0a-4a7c-819a-372096c72136
b44973a6-3e78-40e3-b17f-b041bcecac03,dd4147cb-de47-40fd-a515-9c67af2edec5,24d97129-495a-4efb-8c15-0bd7a2340325
91dd38d2-d856-419e-a4c2-6b3c5a946611,dd4147cb-de47-40fd-a515-9c67af2edec5,a415a7a9-0e4f-4f98-b8d8-06eeb0e21171
212038ef-4b33-4a06-8744-f75ac60509c0,dd4147cb-de47-40fd-a515-9c67af2edec5,f065fa4c-7efe-4989-8a1e-460ccc4fb6e8
b4a11f60-6b6c-47d5-a8fa-e611422dd9eb,dd4147cb-de47-40fd-a515-9c67af2edec5,79190b19-5fb0-4e9c-b40f-cfd666337097
e22a7f13-c0b5-46f9-a79f-b65f0d956e75,dd4147cb-de47-40fd-a515-9c67af2edec5,fc5b90e0-1eb0-433a-8e20-447d82e9635a
0350c4d0-c10c-4fe0-b35f-2f41e7736d62,dd4147cb-de47-40fd-a515-9c67af2edec5,f50b62fe-09c6-4718-91cf-3755c429f390
c9a22515-9737-4011-b57a-7d26b59f27d1,dd4147cb-de47-40fd-a515-9c67af2edec5,001c4ca5-8d98-4372-bec5-fb66aba77f9a
82bdfc56-6185-40c2-b897-1e79a5321ea0,dd4147cb-de47-40fd-a515-9c67af2edec5,a940e2a4-d694-4d5b-9b65-2dec62496fae
a1347561-a045-4e46-b0ac-e80c4405c447,dd4147cb-de47-40fd-a515-9c67af2edec5,29f3629a-3c37-4b9a-9f59-6d168f5266bc
1e6f5700-8bf3-4b43-b022-d1c7f3604a4c,dd4147cb-de47-40fd-a515-9c67af2edec5,b4d3e604-5add-4cc2-82af-a865a7ecabeb
0981e22b-4b09-4e6b-a367-4a66b9f20a31,dd4147cb-de47-40fd-a515-9c67af2edec5,f91b6e5e-b4ec-46ad-860a-10238645e489
a12fca25-6b52-46ef-b006-a13c885970ac,dd4147cb-de47-40fd-a515-9c67af2edec5,54c98985-3040-438b-a2fb-91a5d4ea5412
3c345a8c-2b52-48bb-af04-92b1a910fb05,dd4147cb-de47-40fd-a515-9c67af2edec5,c813f0c8-c6db-412b-a3b2-7664f10b84d4
abc1aec5-6fd5-45d8-8574-841d9ea50c7a,dd4147cb-de47-40fd-a515-9c67af2edec5,bc6b6a7c-c7a9-43fe-8c72-2fd9d57e2fa8
b9f296af-4054-426c-905a-98f0808948de,dd4147cb-de47-40fd-a515-9c67af2edec5,4561e477-e1b9-482d-83ec-75e35196b589
e76bd101-ae60-4f29-b09d-69458f9b0fab,4d2e79b0-70c5-473e-9591-9cab06b14656,847c501f-6d73-4a25-8a17-cfd568de2f6e
2d4629fe-dea7-4cdd-ae3c-954a3f99f676,4d2e79b0-70c5-473e-9591-9cab06b14656,09ffcf55-53f0-4f2d-a58c-8a8ba20bc057
3d378101-4d12-46bb-a20d-a7c476837b7a,4d2e79b0-70c5-473e-9591-9cab06b14656,820f56f3-6308-4cdb-98b7-e437f34dcd68
015267fb-7181-427f-ac32-b92e21fc4dc0,b39580c1-ead1-46c0-89fc-469286c5f21b,3ffe2e29-e0c0-4736-9241-5cad12288e2d
a70f2f5b-b80e-476b-a47d-5667387d5628,b39580c1-ead1-46c0-89fc-469286c5f21b,fa59eb91-32ec-4081-ac09-fd2496fba6b9
d02e76ec-900a-44a8-b62b-44438e864d3e,b39580c1-ead1-46c0-89fc-469286c5f21b,9878f4b1-b6f0-4b72-bcfe-6e6d069e3b80
fbdab8cc-5aca-477a-ba2a-3823d0005d38,b39580c1-ead1-46c0-89fc-469286c5f21b,e5b36d75-246a-4fe5-9da8-b053ef7a9607
e4095893-0d0d-4a43-be5b-e304ce169bef,b39580c1-ead1-46c0-89fc-469286c5f21b,3216f2d0-6ea5-429d-a504-bdc2c1fb8244
8717d2a7-cb54-4cb4-bb56-297ab529ca35,b39580c1-ead1-46c0-89fc-469286c5f21b,ad752b3f-90b8-464c-95a2-5dcd9b2b0d9a
2af06164-efbb-4a8b-b909-936fcaef0cce,b39580c1-ead1-46c0-89fc-469286c5f21b,ec15f0ca-eb33-49f8-978a-6900b3ecec8c
0b5ac528-541d-4b78-9366-31a8e879ae46,b39580c1-ead1-46c0-89fc-469286c5f21b,e4e5e577-f708-4090-8cd5-90ba803cbe19
84de27f9-b83b-47a0-b0d9-fedbed262bc4,b39580c1-ead1-46c0-89fc-469286c5f21b,62ebb1d5-c5dc-4133-b2ff-fe0f25b06d32
9a5beaad-f73a-4c35-b6fb-640de539992c,b39580c1-ead1-46c0-89fc-469286c5f21b,c990f5b6-ff29-4ea6-9922-e4e7ec4ce944
ecc1e4c1-78e8-4ed3-aee9-c707d01853ef,b39580c1-ead1-46c0-89fc-469286c5f21b,ca7b5a6a-f360-4f4d-8169-7162e39a98c0
791047b8-8574-4a58-89d2-58569eaf96e0,b39580c1-ead1-46c0-89fc-469286c5f21b,35405862-11a0-4714-94fa-1b7eb1300f94
8bf55268-c38c-447e-b5ca-d3e46164d1d0,b39580c1-ead1-46c0-89fc-469286c5f21b,6bdcefbf-8bab-4310-92bb-b56c15163e33
202b7f99-3762-4f2d-9b43-b48874811e88,b39580c1-ead1-46c0-89fc-469286c5f21b,a1fb80a2-f0ca-4645-8488-513d6d46fcfb
86f1e868-c7c7-4fcf-85fe-5d0b124404fa,b39580c1-ead1-46c0-89fc-469286c5f21b,1c229717-9256-4330-a741-05a8dafaffd0
5bf44992-0b3e-4a69-99b1-c73f60b4ed50,b39580c1-ead1-46c0-89fc-469286c5f21b,477fdb97-4a8b-4024-90ea-21f4684de6be
ccfbe409-b5c4-4d49-9111-0e56bcf2cf87,b39580c1-ead1-46c0-89fc-469286c5f21b,158549f3-a924-4969-ac8b-aef2d7a0ded0
ec057693-0cdd-4918-b931-131f4eaced89,b39580c1-ead1-46c0-89fc-469286c5f21b,c4b892d8-d310-4f35-b821-758f53c6d6fe
7483483b-6a1d-4118-924c-fd8a8236bac1,b39580c1-ead1-46c0-89fc-469286c5f21b,71778d47-9387-4387-ae9b-7ed08c0b7bba
fb1b4bc2-09d4-47fc-8cfe-e7c654abb8af,b39580c1-ead1-46c0-89fc-469286c5f21b,57c180d0-95f5-4b53-a514-6a9399fe758b
7c8fd7a5-5e20-4bdf-9273-c11f0e6ed1f5,b39580c1-ead1-46c0-89fc-469286c5f21b,da7f3bb3-167d-4ac8-b1c6-693c5432a92a
4d5fc165-5b14-46db-a54b-f09275582373,d9e12a05-310e-480e-a689-50889d4ec272,c8357d30-5a30-472b-8699-61532126f261
8c10abe8-df77-4991-9de4-c6b0ba767d51,d9e12a05-310e-480e-a689-50889d4ec272,7f6f0266-a85a-42ee-97ad-782259aa9c1e
22e17416-4daa-473d-a417-19d544617dfc,d9e12a05-310e-480e-a689-50889d4ec272,b373f5c6-a328-44a7-b991-d0abde41d97f
ecd8a4c6-b45a-4825-abdf-13d84f1c6870,d9e12a05-310e-480e-a689-50889d4ec272,e5ef893b-f612-45f8-952b-cf4cd55e21c9
eced78c2-ddfa-4ac2-8fb5-ce0c520281b9,d9e12a05-310e-480e-a689-50889d4ec272,ebad9c22-7240-4b4e-a2e6-91770cea1e90
8c660d14-fece-439f-878f-24864f0e2c26,d9e12a05-310e-480e-a689-50889d4ec272,80881d05-849e-4c0f-92c1-cdf962a20b51
080e5616-1c86-41c7-9592-f23fe14619fd,d9e12a05-310e-480e-a689-50889d4ec272,040c4806-6299-4645-bfc3-717e70b434b0
611ebd0c-ad3a-4f90-abd3-31e397675c80,d9e12a05-310e-480e-a689-50889d4ec272,319cba67-ac5e-4602-8cf0-33d8e6464585
2c0819ff-18ea-4700-9c9d-06f10b284523,d9e12a05-310e-480e-a689-50889d4ec272,8b59be57-2eae-4dde-ba70-d4812e2df4d9
cf238836-4b05-47bb-b232-25b98bdbd7b5,d9e12a05-310e-480e-a689-50889d4ec272,be31cae4-778c-40de-aef1-67887570c7ff
ad0dcdd8-8725-4de6-85c0-36222cc4a94a,d9e12a05-310e-480e-a689-50889d4ec272,6d0eec71-d062-4d90-ba69-c80423c23855
f20407d4-016e-4f9b-9e59-d4b0e60c689a,d9e12a05-310e-480e-a689-50889d4ec272,f3397887-9a10-42d5-8afe-c4fb551ebfa2
9e07c6d6-b124-4225-9b17-4a010f62ed81,d9e12a05-310e-480e-a689-50889d4ec272,d2456efa-2f44-4cf9-a612-d5b4e7606131
eb9e7e0e-2f6e-44d0-a699-5268f2885571,d9e12a05-310e-480e-a689-50889d4ec272,21cac5a9-bd15-44d4-9b63-106e8d359adf
6c00a1b1-402d-463c-945a-b28fdebf9faa,d9e12a05-310e-480e-a689-50889d4ec272,30803bce-347c-4abb-b380-7bb420e81ebf
fb2fade8-b626-4eae-be78-c8a8b4cac45b,d9e12a05-310e-480e-a689-50889d4ec272,e16f9e61-a9e4-4b05-a6be-b089f8a0e4e5
154ef569-0ee1-4b69-8224-2f113a9d6557,d9e12a05-310e-480e-a689-50889d4ec272,c5aa3782-8957-4947-a020-59fcecaebbd8
87506293-c71c-4ccf-8023-7eef002450fc,d9e12a05-310e-480e-a689-50889d4ec272,d13ca83c-2a12-4026-8bad-4cafb310794f
78188ec8-0a26-4faf-a853-66e242163082,d9e12a05-310e-480e-a689-50889d4ec272,6d10f6d0-fc0c-4b18-9892-09694023d9d1
3152e7e2-babd-4235-9c1c-08fea47f07d7,d9e12a05-310e-480e-a689-50889d4ec272,39f0e523-74ef-4707-b21f-722eb89752b4
d00af5f2-bd16-49bb-b546-bbaed0d659dc,d9e12a05-310e-480e-a689-50889d4ec272,86cd4dfd-4119-4993-b18f-76a151a8995b
158101b8-a95b-47af-94cd-2edfb1879484,d9e12a05-310e-480e-a689-50889d4ec272,7d4e9ed9-408a-4976-a3b7-eca110861a0e
be371a69-f7e6-4d31-965c-398e09fc4fdd,d9e12a05-310e-480e-a689-50889d4ec272,9a568ea6-c0ea-40fe-9b20-35dc840fcbfd
b2cbb234-c057-4482-99cf-268c623c5b3b,d9e12a05-310e-480e-a689-50889d4ec272,7f7255e6-bcf8-4661-a24b-d8ec6e9780bb
a157aa4d-4f37-4ad5-96df-cf786824ce3d,d9e12a05-310e-480e-a689-50889d4ec272,dfa4f0cb-ec64-426c-b852-1e913670e0dc
d41205df-27ec-44f5-a9c1-a54c4d384e8d,d9e12a05-310e-480e-a689-50889d4ec272,f37e0984-70c4-4e5c-8384-03145c1a1066
62077683-13ff-4748-bb1f-13026a985ff2,d9e12a05-310e-480e-a689-50889d4ec272,fa78404d-c0a7-4275-a6f8-9dbe4f0a1ac7
4802dc85-b2c9-4ff7-aa5c-85ad02c86b9b,d9e12a05-310e-480e-a689-50889d4ec272,6988eaa4-66cb-4dfe-a75b-3733fd391e44
5a75db9e-cfc6-4428-a9fa-774f47de019c,d9e12a05-310e-480e-a689-50889d4ec272,50122fe8-450e-44de-9fa0-fae0bf05aeeb
ac89cbcc-f400-4db1-9ef5-142936f82f03,d9e12a05-310e-480e-a689-50889d4ec272,dffc4115-f39e-4764-9aa2-6d731207c3cb
f6ffa6c5-7c5b-49e4-bba7-f62363f1e6d9,d9e12a05-310e-480e-a689-50889d4ec272,56513f3f-3f0a-435b-b5fa-82203655877e
84188fe8-7cca-494a-926f-395e06d56cbf,d9e12a05-310e-480e-a689-50889d4ec272,bb511749-f09b-40d7-b331-fd1086f9dc39
0cc60604-2fe3-41f2-ad89-d933ed7988e6,d9e12a05-310e-480e-a689-50889d4ec272,498269e6-de7d-4d11-b727-296870f547f8
8bc5ba02-c125-49a2-9b21-c150ecb537a8,bd4e0f07-4df8-44db-804e-2d3299cb311b,3ac69502-367f-4ed2-b320-2302ecc8a9be
14675de5-027e-4807-a9ee-bdfb7d9e9679,bd4e0f07-4df8-44db-804e-2d3299cb311b,ff104941-f2b2-4de4-8553-65e1a4f4d251
508a1bf9-865c-400f-a678-3f0085148319,bd4e0f07-4df8-44db-804e-2d3299cb311b,a42a32b8-d8de-4d89-abc1-2bd5eac329b6
f228207f-56f8-4661-97f6-8b68a7fd4f62,bd4e0f07-4df8-44db-804e-2d3299cb311b,a2b61de0-7ade-4879-b671-9b0abf0a2910
3ac9f94e-a374-4ca6-a746-938e8b21efb3,bd4e0f07-4df8-44db-804e-2d3299cb311b,c1c87775-a4fd-4367-8f98-d75772abb491
094e7296-7639-4c08-a730-cbe37fe00463,bd4e0f07-4df8-44db-804e-2d3299cb311b,f5b64c3e-8caf-4649-b34a-fe270b40eaf4
8bd8673f-733c-4469-b759-3e3de1b52014,bd4e0f07-4df8-44db-804e-2d3299cb311b,a0ec2d66-600e-4276-8786-33686ef2de84
4f8483df-ab2d-4736-98e2-4834cc0bb04e,bd4e0f07-4df8-44db-804e-2d3299cb311b,07087736-3c4e-4bd2-9842-c108d382e74f
2a0f05fc-b0ad-49d5-a305-68c198be87d9,bd4e0f07-4df8-44db-804e-2d3299cb311b,72ae135f-662f-4030-8cd8-b336b0fb88ea
14b7ad95-7b92-45b2-803f-039ec22dd293,bd4e0f07-4df8-44db-804e-2d3299cb311b,f9a8cf3c-c51b-492f-856c-3c7f68e86221
a10aac53-f4e9-4333-b8ff-338bcbe2265a,bd4e0f07-4df8-44db-804e-2d3299cb311b,828da327-64e6-4892-b471-e02f95ce780e
26c60dd6-529b-494b-a237-6e5ca4462e2d,bd4e0f07-4df8-44db-804e-2d3299cb311b,f895dba9-9802-49c3-b3e2-59640e010fc6
c5cb85fb-6ec8-4f24-b82f-302ba33c4ffe,21284874-a888-4586-a0cb-afadafbf736f,3216f2d0-6ea5-429d-a504-bdc2c1fb8244
80124b89-7e01-46d9-8210-5f389a51bf93,21284874-a888-4586-a0cb-afadafbf736f,81e2c3b0-a621-4ac1-8cbd-d0ed887a6846
12e70079-7fb2-41c6-91e8-6918c69362cd,21284874-a888-4586-a0cb-afadafbf736f,ab936c6c-5103-49b0-b833-1d7f14dde6e4
e348bf33-88a6-42a6-9d17-f16c47277b19,21284874-a888-4586-a0cb-afadafbf736f,8162bf33-41f2-47f8-870a-a42354a82764
53e27f1f-1cb1-443b-9d5e-40fb6f61a52d,21284874-a888-4586-a0cb-afadafbf736f,3d18f48c-f8cb-4f84-b119-7297935339d1
6bd65029-de0e-4b5c-8d09-49290a4034ee,21284874-a888-4586-a0cb-afadafbf736f,945f052d-c806-4d36-b964-fd3b5d1b0898
2567c58c-fd6d-4e71-985f-6c172b208b11,21284874-a888-4586-a0cb-afadafbf736f,3feded73-f8a4-4a85-b31e-0a5e451d7c79
d0a326c5-9efb-4b3b-b880-9202e3107f29,21284874-a888-4586-a0cb-afadafbf736f,c8898229-ebb8-4836-a186-11c9dfeb98db
1027369e-1fd3-4969-8172-8b79f918c8e5,21284874-a888-4586-a0cb-afadafbf736f,c36a2208-f8fd-43c3-ac8f-96875b77894b
2f8b400d-9f94-426c-b44d-e97c0c821b35,21284874-a888-4586-a0cb-afadafbf736f,411bfdb4-0743-450e-95e7-db24f6f9b5ab
5dbcffd6-097e-4db6-8f08-96d145b7ee5f,21284874-a888-4586-a0cb-afadafbf736f,53f724ec-82f5-42fe-9b4c-5d7ba0230a13
411cc6fa-76d6-48cb-b83c-531fe9833dfd,21284874-a888-4586-a0cb-afadafbf736f,2fbdc47b-8eee-47fd-8ac3-d1da7f61e082
3fb7efcf-f5af-4b21-8096-968a882ce94a,21284874-a888-4586-a0cb-afadafbf736f,91fc71c9-0c29-4059-b532-69a26680ef22
9c1ba610-a3f9-4741-9358-31214666b3f2,21284874-a888-4586-a0cb-afadafbf736f,217e20cb-b62a-4076-9afc-869802754e96
73899c9b-fbeb-4226-bf0b-bb0a0bc175a9,21284874-a888-4586-a0cb-afadafbf736f,8ea997e0-8e4c-4734-8627-2b071238d032
8b82965b-b40e-4eba-b5d1-c7bfb7c758ee,21284874-a888-4586-a0cb-afadafbf736f,828da327-64e6-4892-b471-e02f95ce780e
af07bc5c-9d61-405a-8e5c-1b37cac5fcdc,5c0be863-acad-4bbc-a9b6-080deb37bd8b,61655f15-8d80-4b93-a54b-da91312570b9
07659a5f-40b9-46e0-8013-e9e64c27b5a1,5c0be863-acad-4bbc-a9b6-080deb37bd8b,1d2f9196-2e78-4b2e-b893-fe00275df321
22410d1a-d2a5-431e-8d53-d2fdae37bbc3,5c0be863-acad-4bbc-a9b6-080deb37bd8b,078f7f71-3749-4856-b0a7-03dcb65a7878
43bbc68b-e4c7-47fa-b1da-a52ddea55acf,5c0be863-acad-4bbc-a9b6-080deb37bd8b,1090b116-c84d-437d-a783-093fbeb1b537
de2719c2-e742-4b78-b19a-b3364153b7b3,5c0be863-acad-4bbc-a9b6-080deb37bd8b,31b41627-3542-4837-bcf1-59398bdf6671
99293920-56d2-4e5d-8c57-f5dcdefd651d,5c0be863-acad-4bbc-a9b6-080deb37bd8b,d70b1d24-f576-494e-9e39-2d0a8f2ff00b
04e9fd59-59f7-4817-940e-5cc2d998de26,5c0be863-acad-4bbc-a9b6-080deb37bd8b,5215f283-c5ba-4ef9-a59f-92c1de3597ab
cd3dffd0-56af-4596-a155-43c55f3accd5,5c0be863-acad-4bbc-a9b6-080deb37bd8b,c11b8490-78fd-4acd-bd1e-d937b02dda2c
90044d20-0e5c-4c23-85a2-63c7f84bd0d9,5c0be863-acad-4bbc-a9b6-080deb37bd8b,59774b86-4b17-4b3d-bf17-de71386605b2
3fc5ce6f-44e4-41a9-af25-4161de7bf2e8,5c0be863-acad-4bbc-a9b6-080deb37bd8b,857b1187-b102-4eb4-9b6d-a319bb760cde
b76f9cd7-a2d7-4401-ad02-537fcdf5ba50,5c0be863-acad-4bbc-a9b6-080deb37bd8b,be43444e-7144-44ab-b37c-c9c58c5313f4
571a813b-0eeb-44a6-8827-a7dac3689ea0,5c0be863-acad-4bbc-a9b6-080deb37bd8b,c034dcc0-efdc-4924-b2e3-d22a8c3d1db8
73121320-8fb6-4ee0-bc9b-30500686fc0f,5c0be863-acad-4bbc-a9b6-080deb37bd8b,e6ef1bbf-ecbd-47f7-a721-aef645463846
24d2811a-546c-4eb8-afa9-0240cb5a01c1,5c0be863-acad-4bbc-a9b6-080deb37bd8b,1cdb873d-02e0-444b-98fa-6dd244a96022
f273333f-82f5-45a6-8853-bc8e60fec80e,5c0be863-acad-4bbc-a9b6-080deb37bd8b,b65a38d5-42fe-48b8-844b-c07b7a968b22
9d2517f7-5acd-4863-bcf0-0e2b9c2b621b,5c0be863-acad-4bbc-a9b6-080deb37bd8b,71604323-d6b7-408c-aa22-dd95b8ef8176
51aa78f8-8965-43ac-9f8c-b6ef474c35e7,5c0be863-acad-4bbc-a9b6-080deb37bd8b,be5b5293-6a61-4665-b89b-d054be8935e1
de79e712-eea7-49b2-8f86-e555a8f57c21,5c0be863-acad-4bbc-a9b6-080deb37bd8b,4c963b99-3fae-4c87-b8e0-28bcd05399de
3425a304-ad8c-4cac-8e28-6420d9c5e015,8c83d7fd-6a60-4136-bc94-2d31ae3eabdc,db33cfa5-213f-4632-b9b2-2ca3d57e6eeb
654ab1ff-ec0d-4117-85b6-abf574cf7913,8c83d7fd-6a60-4136-bc94-2d31ae3eabdc,a5819e0e-eaaa-4cb3-85ff-bd81dd6f73a7
0ba1db74-874b-4a15-a2a5-7f831645394c,8c83d7fd-6a60-4136-bc94-2d31ae3eabdc,eda298e8-a794-4ef9-880b-02b0eebe9b27
9baf9ddd-f799-4d3a-8352-4d735626e593,089b33e8-c77e-4101-8e80-32f578334a4b,5cef3f56-eaad-4431-b5eb-fdd7a9f07e98
94caf4fc-3e8f-474a-8a61-ef0c68f634da,04dc9af1-5f40-4e4e-aa0e-dc4682c18adc,b373f5c6-a328-44a7-b991-d0abde41d97f
7fb01ab1-8311-4cb5-a9eb-0957f13dee21,04dc9af1-5f40-4e4e-aa0e-dc4682c18adc,f51cf2b0-121c-44ff-be0a-7958ef3eba0f
7d5eb713-3f1b-4c38-95df-04bf7c07654b,04dc9af1-5f40-4e4e-aa0e-dc4682c18adc,ccf17285-5040-47a7-a796-ca772bb3e5f4
4031a978-94df-4399-952c-a00fac8f0c6e,04dc9af1-5f40-4e4e-aa0e-dc4682c18adc,2c615f19-f77d-49fb-93ca-6ec4388b72b6
544a5365-1d43-46ac-89ca-7d50dcf7eaf1,9caecc8f-9e6a-457b-9ef1-6709fd52b41e,feb598df-3cdc-48cc-96b6-f19c1eb09188
655436b1-9072-4ec7-87d0-b9326d787d58,9caecc8f-9e6a-457b-9ef1-6709fd52b41e,d3793cfc-7623-4d17-8953-ba880d733e2e
50d1d65e-86f0-4079-941a-9fa19222b6af,9caecc8f-9e6a-457b-9ef1-6709fd52b41e,215fd3c5-8485-466d-8e1f-1878a0b753bd
e85ffa82-c4fd-4c35-ad38-34e445a36bdd,9caecc8f-9e6a-457b-9ef1-6709fd52b41e,0362a4e4-d372-4b35-9015-c2439b592e52
7fb4d4da-0d99-4010-b811-a09e0fb64797,9caecc8f-9e6a-457b-9ef1-6709fd52b41e,2bc08c56-bae7-4503-8234-7302677a6c3d
fe8c0f06-78ea-40e4-b129-b1f89b4cbe8a,9caecc8f-9e6a-457b-9ef1-6709fd52b41e,42b36493-0c50-4e79-9ee8-bdd4347d644d
51dbcf87-e79c-4272-9e82-dac0df74210d,9caecc8f-9e6a-457b-9ef1-6709fd52b41e,ebed9368-afc0-48a4-8f67-b95a480c0c59
0ad73b57-c0bc-41a0-a0d4-4c4e2e5f6513,9caecc8f-9e6a-457b-9ef1-6709fd52b41e,04b85cd0-1006-4e9c-9f7b-7587c61abdef
d6bac056-22e3-4c43-978e-1532b0cf5c3b,9caecc8f-9e6a-457b-9ef1-6709fd52b41e,2c9f876b-13f4-4639-8a45-39621b9b4159
07998574-ad98-4e5a-aa3f-f17bdfa9eba6,9caecc8f-9e6a-457b-9ef1-6709fd52b41e,f2b0a84e-33b0-4dcb-bc9b-3fe149ddb795
3a959baf-6b23-4537-804e-d6c396d043ae,9caecc8f-9e6a-457b-9ef1-6709fd52b41e,8d93f63c-83ee-480f-a253-7aedd83b932c
79d77719-cdf7-4256-a524-e1537a75e3a4,9caecc8f-9e6a-457b-9ef1-6709fd52b41e,a663b298-2a2d-4565-84d2-fa171b233511
9de9a7df-5a84-421c-82a2-548a00b67d34,9caecc8f-9e6a-457b-9ef1-6709fd52b41e,32bbab28-a510-4b6c-a529-a0f1623e7fab
2d1ced8b-7f94-408c-a0d8-5cc7ae8fba90,9caecc8f-9e6a-457b-9ef1-6709fd52b41e,5a0155be-399a-4243-9ee5-aba418b72875
2a679b64-5181-4c69-916f-499b007d9009,1e3f48cd-195d-4def-a392-edbc938eb3b0,b88eb9eb-2a99-4c2b-9f2a-c10416eab191
f2ce6c2c-ee10-4c41-919b-b66ca9f6007e,1e3f48cd-195d-4def-a392-edbc938eb3b0,ede2b211-4428-4495-927a-c9816d481199
07a8d214-7774-40f9-b36e-6906b6df1d56,1e3f48cd-195d-4def-a392-edbc938eb3b0,e9551b0b-15df-455b-8d66-d98a61da2f96
ae95b538-6a74-407b-bef1-3fe428181ae2,1e3f48cd-195d-4def-a392-edbc938eb3b0,d36141f2-18b4-4a7c-8125-b6889b0463dd
5f3af424-252b-40d2-859a-74990b9f242a,1e3f48cd-195d-4def-a392-edbc938eb3b0,d2c89e41-c973-44c7-b255-8a3e41d55adf
d0aeb3b7-0b18-4ea0-b676-9adbd4fc586b,1e3f48cd-195d-4def-a392-edbc938eb3b0,ed72cde0-38c2-49a8-b70f-af08c39af85f
f090e2e3-3bb7-4034-8640-7a4bbc0892d9,1e3f48cd-195d-4def-a392-edbc938eb3b0,43b7e99b-310a-41d2-821e-9c90f3fe960a
fae6d2d8-b387-4fb9-8980-ec2fc55ca140,1e3f48cd-195d-4def-a392-edbc938eb3b0,e3050890-4ec1-4e3d-bac6-640b3786d132
87c57616-965e-46b2-a0f9-c4681ccfe904,1e3f48cd-195d-4def-a392-edbc938eb3b0,f5771532-d8f4-49f6-a97e-79170083ee09
7dfd5549-b6a5-4309-8305-04cb35533c0f,1e3f48cd-195d-4def-a392-edbc938eb3b0,434abacb-df34-4811-b374-e947f600343e
7a4bfbaf-be2c-4f30-a3a9-e3015ec529ca,1e3f48cd-195d-4def-a392-edbc938eb3b0,59b5d497-9e9c-4a09-ac55-47c821f14129
2a052f6c-10a3-472f-9f66-bf1e36c04ed5,634f6c79-f173-43ef-a639-6df2b01aba13,1ebf509e-5ffb-41d0-8952-bc093accd109
464d8624-d86a-4583-9db7-4fb453646af1,634f6c79-f173-43ef-a639-6df2b01aba13,b0b78cfa-0c26-4e97-b366-185d00d1b167
88195bf8-4512-481b-aada-ff9c5beb4e50,634f6c79-f173-43ef-a639-6df2b01aba13,86469ee0-c138-4330-a391-b17d6f7e3543
14632cfc-72b0-4d8f-9625-460f251d0a47,634f6c79-f173-43ef-a639-6df2b01aba13,65bb5103-80ab-4cc7-8043-9dfd6a225932
95418623-1743-46e9-bed4-99bf84f13bc0,634f6c79-f173-43ef-a639-6df2b01aba13,314b0d9b-3dc8-4633-9a75-f046f336b4db
cf27747a-990e-4fa9-ba61-4bc533c6bbf4,634f6c79-f173-43ef-a639-6df2b01aba13,938ea496-e1b8-409f-b3bc-5fa536591bc3
b2378ef2-8b0d-4e11-beb2-3f9cdafe1e63,634f6c79-f173-43ef-a639-6df2b01aba13,673bfd2f-cc8d-457e-b42d-607be01eccf4
2d9a6b46-f07a-4b79-a51c-f7b31fe54872,634f6c79-f173-43ef-a639-6df2b01aba13,70c8c4b4-b9c5-4d09-9e6b-a5dd0f894007
a24623a1-b09a-4191-9efd-98db813dfdf0,634f6c79-f173-43ef-a639-6df2b01aba13,4050efdd-ac28-4200-88d3-17cf65a3a918
e5f41c18-1a95-4dc2-b0c0-ae8559bd2893,634f6c79-f173-43ef-a639-6df2b01aba13,1b57b5ee-33cd-4421-b628-5776b6a0c724
36f88e0a-ad3c-4fb4-8e54-92bcc73c7705,634f6c79-f173-43ef-a639-6df2b01aba13,1c400527-8615-412c-8641-69e50f00a38c
39e1d514-19ad-40db-b7aa-33027b1a38c7,634f6c79-f173-43ef-a639-6df2b01aba13,e920160d-e6f6-4337-94ac-bffafd0c5b35
25b16a91-34a4-49db-a73a-fc71c81dbe4c,634f6c79-f173-43ef-a639-6df2b01aba13,d84c4e35-6c86-43df-b051-2766e57e5a37
12451425-e397-4c23-a012-ded961c0d984,634f6c79-f173-43ef-a639-6df2b01aba13,f3264806-160d-42cd-a9dd-9b4d7c1141cc
2a76ba3b-39a3-40a2-8b4d-74053f83c219,634f6c79-f173-43ef-a639-6df2b01aba13,d8ca80a0-fe17-49a6-8f2a-b006a0bd3748
7824374c-2782-4c3a-aa98-8e5cc38a5073,634f6c79-f173-43ef-a639-6df2b01aba13,a5abe8d5-20e1-48c6-aed3-3a73ec4781b0
c3acef72-7b3b-412e-af8d-a68d510a362e,634f6c79-f173-43ef-a639-6df2b01aba13,e5630f2c-51d5-45ed-9ce6-af35c19612a3
a8b31ba7-7b8d-42ef-8193-da0d0af0c582,634f6c79-f173-43ef-a639-6df2b01aba13,6ecdade4-36e3-4b11-9762-275470bbb17b
58570c9c-11f6-4615-bc48-57a3d81cc7fa,634f6c79-f173-43ef-a639-6df2b01aba13,cfe4b66a-b899-42d4-8d11-40bde60d05c1
2fcc414a-4c57-40f6-953f-ecb00afbe1d3,634f6c79-f173-43ef-a639-6df2b01aba13,ef3ab09e-a293-4219-bd3c-f78ef7ecd0e2
08296d06-7339-4c25-95c7-883cf233cb1b,634f6c79-f173-43ef-a639-6df2b01aba13,50df8d73-b231-40cb-9826-005228d7a6a5
651ab1f9-5321-4440-8f41-fbfbad2f936f,634f6c79-f173-43ef-a639-6df2b01aba13,2e7c890b-13ed-4310-b667-280b74cdc0a8
f17ffb4f-a6fe-4943-8f03-24731ade3f70,634f6c79-f173-43ef-a639-6df2b01aba13,605e4f94-3812-4a8c-ab3d-6c78f38a92f1
76842613-dfd5-4726-9c35-7285391a6c23,634f6c79-f173-43ef-a639-6df2b01aba13,99216cf7-e02b-4609-86b7-74cb05125570
ed6b90ff-5fcf-4612-9666-62cefb31dd8e,634f6c79-f173-43ef-a639-6df2b01aba13,f4f411a0-0211-4e2b-bd29-c34de96e7bf8
12f67d1e-bdb3-4198-bfb8-d75b1d822b51,634f6c79-f173-43ef-a639-6df2b01aba13,4d116988-c928-41fc-abb1-5cd7885a319c
560724ab-df96-49cf-8747-227cf3b8c01d,634f6c79-f173-43ef-a639-6df2b01aba13,8ea997e0-8e4c-4734-8627-2b071238d032
fe5b1c63-2bc9-403c-88ce-44c740ac8f55,634f6c79-f173-43ef-a639-6df2b01aba13,8e2911e1-3c6e-458a-add7-16210c4ae5aa
dd117d9e-375b-40d6-ab9f-9aae161e6db4,634f6c79-f173-43ef-a639-6df2b01aba13,ea79a9e1-3956-4f3d-aa20-fa66df566133
aa5fe3f0-661e-4cd6-9476-fa1ea747bb5c,634f6c79-f173-43ef-a639-6df2b01aba13,99606f70-12e1-42c2-bfff-d2d487be6735
6a669fed-6f85-46d8-8b49-894304481d71,634f6c79-f173-43ef-a639-6df2b01aba13,6b85ecb7-7236-4a0b-a995-491ddf66dc90
47e6e97c-b98b-4ce2-b923-8d97157e18e4,634f6c79-f173-43ef-a639-6df2b01aba13,c85fbe3a-b921-4fba-b6b8-c677b1b934e8
5be0cd42-9e30-465d-9435-50ccb35d5cb7,69046a96-5b39-4e20-8756-449a8402bd20,ed1146f4-5018-4e55-b277-b77f04b173af
fefd1af5-8797-4d61-9c52-d75f208076b5,69046a96-5b39-4e20-8756-449a8402bd20,933a2537-2d9f-47d1-92a6-5dae7194ca6c
233d5e7a-d117-459d-bccc-3b38c60875bd,69046a96-5b39-4e20-8756-449a8402bd20,befa4ee3-26a0-4b3e-88c6-ce552d73f68f
2fc401e0-9500-4cae-9b73-5f1518bf0216,69046a96-5b39-4e20-8756-449a8402bd20,27c8dc98-4e6e-4a5d-96f8-f909c7e82ab4
c4045cda-54bd-4794-be14-ac75698e93a7,69046a96-5b39-4e20-8756-449a8402bd20,b9a7d5bb-5457-4729-aeca-d98dfd90a785
0b965439-ef7b-4e2f-a2ab-f94a85d7a415,69046a96-5b39-4e20-8756-449a8402bd20,49c67c3b-5b6d-421b-9af3-63715bbf9888
88e2c13e-1433-40cf-bccd-7eb506a17a4d,69046a96-5b39-4e20-8756-449a8402bd20,a88b7d6a-71c9-49a4-b559-aefd08e19c13
8664959d-b316-49f8-9440-2639907d8b3d,69046a96-5b39-4e20-8756-449a8402bd20,3d44b645-c806-4673-b91c-fdfeef0da8e4
e4f07429-004f-4af3-a275-6a3241d6463e,69046a96-5b39-4e20-8756-449a8402bd20,275b296e-a286-4fcd-b505-85f612f3903e
01095cfc-1919-4511-8359-2c0687da2143,69046a96-5b39-4e20-8756-449a8402bd20,aaf0f491-7e19-43e5-9b0d-b4e3a2bade9e
d5882b8e-07c9-4fea-84a1-176826d677f6,69046a96-5b39-4e20-8756-449a8402bd20,a8f2ecd6-defe-44ce-a6a8-3439cfd05102
720d3d00-f435-4c69-80ec-07fb3a3ea97b,69046a96-5b39-4e20-8756-449a8402bd20,c48fe2b2-8358-4892-ae79-d63d0fa4fd2b
98480a38-54b4-4ce1-927e-3e389d965ed5,69046a96-5b39-4e20-8756-449a8402bd20,63ba5dde-8052-4e73-a923-ae0d221b91fc
482b4c7b-abe9-4f98-9f40-ced200d73387,69046a96-5b39-4e20-8756-449a8402bd20,2004ae31-2d1a-4360-858b-b78cf67477d8
5a9ca5ab-27eb-4aa8-b7c6-89b0bb6067a6,69046a96-5b39-4e20-8756-449a8402bd20,717ce7cf-c800-4bc9-bd7a-483176fa33d4
fced4b95-8990-4bf0-9afb-c0a474dc75b7,69046a96-5b39-4e20-8756-449a8402bd20,fceaf0ff-48d2-46d7-b499-dac326ab70a5
ee892e69-f65f-41ba-81ab-4044295acb70,69046a96-5b39-4e20-8756-449a8402bd20,e702fb9a-626a-4d11-830c-3b60107ce05e
c0ccb646-69bd-4786-a768-2d58be46f2f6,69046a96-5b39-4e20-8756-449a8402bd20,dcd9af64-8f2a-4a0f-a39c-ef969909699c
68670ea0-be2a-42f0-830c-bb5edeba8d0d,69046a96-5b39-4e20-8756-449a8402bd20,e91b6db1-093b-4d2f-a701-be7c0f6f4ae4
0dbe5dd5-0553-4f98-b14d-f2c014d0af34,b96ce1b6-6ca3-4273-b1b6-824c5bfef872,8dfcea68-56ef-4cb5-86e1-388c7e527f79
31aa7984-568f-4678-9ef5-06a6a7c2af82,b96ce1b6-6ca3-4273-b1b6-824c5bfef872,e2360b55-ef31-415b-ac45-3be82a4241bf
0676b3c2-a565-4369-90e8-f163318cfead,b96ce1b6-6ca3-4273-b1b6-824c5bfef872,ebad9c22-7240-4b4e-a2e6-91770cea1e90
242be252-9b58-455b-bdd6-f548c0940ce4,b96ce1b6-6ca3-4273-b1b6-824c5bfef872,6e12e620-60e0-4c60-898d-16768ff2ad51
a5fbd3c4-3523-4b41-82c2-de34daac2f5c,b96ce1b6-6ca3-4273-b1b6-824c5bfef872,30bd1c25-2ccf-4b74-91f6-b45c48d178b3
00d84709-17d1-4a10-8a4f-9c33e30f3db7,b96ce1b6-6ca3-4273-b1b6-824c5bfef872,d029f586-fed7-490c-95f8-902ff1968ff1
9b6324cd-c1d1-4a21-9030-b876080e6786,b96ce1b6-6ca3-4273-b1b6-824c5bfef872,108c0a89-1fff-4973-8528-b31af7780d72
95f45b25-0478-4b36-9b8f-3d9ed655a250,b96ce1b6-6ca3-4273-b1b6-824c5bfef872,bb2c27bc-20ac-4515-aba3-6a54c7e04ebf
e795e465-9be3-4e81-881b-f07ed70c4ec0,b96ce1b6-6ca3-4273-b1b6-824c5bfef872,4ff7b8a6-ff24-44b9-9851-0ac7a2d68a5c
06e511fb-78ab-4380-aa85-ed561b1a75d1,b96ce1b6-6ca3-4273-b1b6-824c5bfef872,1c2af365-3c5c-46b6-b681-dbbc8a18eef6
90b71f33-a716-4e00-9443-16f9651d6263,b96ce1b6-6ca3-4273-b1b6-824c5bfef872,2e61ffb0-3d7f-4690-9d9f-ad12dd39717c
6e2ddbc7-d46a-4335-8e4a-9708c127a537,b96ce1b6-6ca3-4273-b1b6-824c5bfef872,870ce8b2-6f63-4042-a73a-df1f1a79b92d
71ba5220-b277-4bdf-a3b3-3a1fd6858ae4,b96ce1b6-6ca3-4273-b1b6-824c5bfef872,93ea8dc5-3a13-49fa-913b-b054835d85a6
0a264ee1-c5aa-43be-bb24-1adc6e5585f3,b96ce1b6-6ca3-4273-b1b6-824c5bfef872,9b14c176-3d67-41fd-82c3-ca6fb1c3bfb0
97385e84-ed95-41ae-9439-ded81c60a7b3,b96ce1b6-6ca3-4273-b1b6-824c5bfef872,f5468e7d-7c12-4327-9805-ea8b54735c6e
ea9786c9-b084-4e53-bc9e-a9748123a6ee,b96ce1b6-6ca3-4273-b1b6-824c5bfef872,12da1de8-43d3-4731-b6c3-aabf83bf41cd
2f2e4145-00b4-4360-9ce5-e697a6033e78,b96ce1b6-6ca3-4273-b1b6-824c5bfef872,cd732cf0-9de8-4d91-8a19-c90bb84ff2b4
3719f0ec-2eb1-4d71-989e-faee6a069281,b96ce1b6-6ca3-4273-b1b6-824c5bfef872,33cbdb64-1a49-4413-a289-cee43a29e29b
2f7ce1ce-814f-4634-b5fa-5a6a6887b20a,b96ce1b6-6ca3-4273-b1b6-824c5bfef872,c610bbba-0987-4200-b571-122157e15988
2349c3d5-c576-4baf-bc8c-ee131d284c5d,b96ce1b6-6ca3-4273-b1b6-824c5bfef872,d73cdda4-2dbc-4d7c-b0fa-6121910a57f2
4ab28697-7a57-489b-b950-6541ce3610ea,b96ce1b6-6ca3-4273-b1b6-824c5bfef872,3cd033de-2e25-4a82-a086-d8b1ef527946
a0a1e1f8-6253-4610-af34-7ca208fce16a,b96ce1b6-6ca3-4273-b1b6-824c5bfef872,2d80451b-0ae9-47be-9c7c-37d6b3d2c983
31853889-c32d-4dd7-b2bb-89bcc73d116a,b96ce1b6-6ca3-4273-b1b6-824c5bfef872,ca630efa-75cc-4c01-b5ac-d2f9e13f7c37
f29f9760-ea64-4d9a-94db-099dd59e85c9,b96ce1b6-6ca3-4273-b1b6-824c5bfef872,e0c6c7f3-b3c5-4006-aad8-2faa68e288dd
a59aff82-430c-4885-8417-a9ad2681a41c,b96ce1b6-6ca3-4273-b1b6-824c5bfef872,3a9309eb-b354-41fb-a368-6fcab9223b7b
288cf329-dfbe-48bf-9ea4-9720a061449c,b96ce1b6-6ca3-4273-b1b6-824c5bfef872,6be54544-1365-402d-adcc-47ac44d4291b
9ec42d0d-fdac-4bdc-8fa8-142e24efa526,b96ce1b6-6ca3-4273-b1b6-824c5bfef872,ac2880ae-046f-4429-a2d8-3beb83530deb
40ea15b9-88a6-409d-a197-d89abde2233c,7f23fe88-1c67-4a6d-b688-2b9c7c91b284,eda9a7ea-59ff-4253-b0af-587de29a8c23
1040b819-041c-4a78-8161-efc75e614f61,7f23fe88-1c67-4a6d-b688-2b9c7c91b284,2947f36a-5ce2-4097-8d08-84c1264aa735
00c3a7e9-eff4-4bc0-a2a7-760959d3533d,7f23fe88-1c67-4a6d-b688-2b9c7c91b284,9ed4a767-7767-4859-adef-c0a6333954dd
d4040255-466d-4bf2-a084-8deab3b2b382,7f23fe88-1c67-4a6d-b688-2b9c7c91b284,4a948672-2a8d-4272-a54a-acf5e262064c
e2c94d7a-a888-4586-bc16-d40f6daf227a,7f23fe88-1c67-4a6d-b688-2b9c7c91b284,c63e0e9a-86b1-4f7b-9543-d56012cdbcef
80429ea5-4835-493d-9389-23ad8af85161,7f23fe88-1c67-4a6d-b688-2b9c7c91b284,f895dba9-9802-49c3-b3e2-59640e010fc6
27945063-f4b7-4918-a6c3-85d069fc8bd8,7f23fe88-1c67-4a6d-b688-2b9c7c91b284,0f1a0c25-ae72-48cf-806d-30b064d5099c
a7d023c2-c74e-4edd-b1fb-46430c835326,7f23fe88-1c67-4a6d-b688-2b9c7c91b284,33a5c19d-91a4-4fb7-9536-16670ba1e5ae
d9a33fe2-7e5c-429d-9689-fd505b8aaae0,7f23fe88-1c67-4a6d-b688-2b9c7c91b284,217e20cb-b62a-4076-9afc-869802754e96
ded39220-80c9-46a7-8447-86bbbc6fd9a2,7f23fe88-1c67-4a6d-b688-2b9c7c91b284,14c13401-ec86-401a-b88d-6e6d61617ea5
460a42c2-4df6-4ec7-ba2b-2f91535f640b,7f23fe88-1c67-4a6d-b688-2b9c7c91b284,40625b37-5849-4d1a-97f4-2c7d1a87a17c
ef137cdc-6730-41f8-9024-c264ce06393d,7f23fe88-1c67-4a6d-b688-2b9c7c91b284,5f238468-9d1c-4e63-b845-698b6c265998
5dc3ac84-251a-4e6b-ae92-721363f02afa,7f23fe88-1c67-4a6d-b688-2b9c7c91b284,a6efa50b-dc5d-4a97-971d-9d5a87215d39
a4123426-d5ae-47e8-b251-067652c0b5ea,7f23fe88-1c67-4a6d-b688-2b9c7c91b284,138a5c3e-a855-4e52-9e4e-90ac7c676313
3199182f-4b98-4d9a-90ad-7600bfbecc5c,7f23fe88-1c67-4a6d-b688-2b9c7c91b284,8d5ed1b2-e87f-4086-b1b6-fd16cbbea825
e4219e1d-bf48-44e5-9366-b064321bb956,7f23fe88-1c67-4a6d-b688-2b9c7c91b284,f01a0963-d716-4a1c-b3eb-29f3e81985e2
be189b47-fcb0-4d20-a7ad-8393c3a136db,7f23fe88-1c67-4a6d-b688-2b9c7c91b284,f1133bd5-1dc8-4394-aaa4-5f6324c274fa
0261c524-d8e2-4aea-a2c6-f7f839005cf1,7f23fe88-1c67-4a6d-b688-2b9c7c91b284,6bfbc426-6018-4b85-92c3-d3a4234e8730
9dc93f5c-e5a3-4d2c-9344-bd39bb4b1b51,7f23fe88-1c67-4a6d-b688-2b9c7c91b284,c108ebea-81b4-4535-8431-9eb274b7d58a
0cd7507e-6cf6-44f8-9d15-353720ac13ed,7f23fe88-1c67-4a6d-b688-2b9c7c91b284,75424090-1bdf-4eb9-a793-b77ac0fb32ac
fc860d71-3d6a-425c-9966-3f24f5bebbc1,7f23fe88-1c67-4a6d-b688-2b9c7c91b284,f16cd3c6-afb1-4450-9c8f-5d00f501b163
8f3b307b-31b8-49d9-8676-e4aa7fcad82e,7f23fe88-1c67-4a6d-b688-2b9c7c91b284,561fe1b8-957c-44ec-84f7-504cdd07fc34
443cdf5e-f7e6-40b9-beac-42cf429ec1d6,7f23fe88-1c67-4a6d-b688-2b9c7c91b284,d30bc76b-08a6-44ef-b4e9-0d1f1778033d
ce076d5a-46e9-46d2-a959-5a45902b8618,69aab52d-c661-43f1-8d01-82f649f93cb8,fcb33a60-9c58-4efd-81aa-2ad8bb50f5d7
53bfa2f7-cd78-4527-9625-8242c54e31fc,69aab52d-c661-43f1-8d01-82f649f93cb8,a66d654a-d1d2-490c-a140-fe923104f4df
c35a1f1a-db5d-4f0b-b5e4-90fdce73944b,69aab52d-c661-43f1-8d01-82f649f93cb8,15e01ecc-8321-44f2-bb28-4fecdeb1654f
93e4432f-91a8-4a65-9778-d5b53ea5e861,69aab52d-c661-43f1-8d01-82f649f93cb8,88115200-98b9-4b99-91bf-5e4763a6f7f4
456a3925-6a22-44e1-b5e6-ffcd9da9f24a,69aab52d-c661-43f1-8d01-82f649f93cb8,19b91be2-2366-445e-a518-f83fd222c7f9
d5db62f8-6790-4c3b-91ed-5ebd37fe3c47,69aab52d-c661-43f1-8d01-82f649f93cb8,75d4bafd-db35-47b3-ab19-5533982cd5fe
b4c9e4f7-2d0b-4e7f-bc32-1ae390281b30,69aab52d-c661-43f1-8d01-82f649f93cb8,f4f411a0-0211-4e2b-bd29-c34de96e7bf8
c956b9ce-5fdd-4b6f-9357-4d936c778d1f,69aab52d-c661-43f1-8d01-82f649f93cb8,b5ca7573-7fb8-4b8e-a315-92755654026b
3028220e-dbe2-4386-a937-367bdbb34be0,69aab52d-c661-43f1-8d01-82f649f93cb8,851ccf9f-7f35-4d69-b2c3-aff49450989a
c0b395c1-ed3a-4074-b037-022cd3b0f1c4,69aab52d-c661-43f1-8d01-82f649f93cb8,822dae85-a083-48bf-b0e5-8136ed80d03a
a3fb94c5-1b2c-4cc4-9906-06d6b8e56fb2,69aab52d-c661-43f1-8d01-82f649f93cb8,c8732773-6366-4f1d-b58c-8112a355dcaf
b4e0d2d1-080e-4b30-a923-985ca773d557,69aab52d-c661-43f1-8d01-82f649f93cb8,4fa2e586-5060-4f35-85af-1e40788a7de0
ab116836-245a-457e-a8e1-eec5ebf595a2,69aab52d-c661-43f1-8d01-82f649f93cb8,b10b9128-7ecc-40af-acc3-caad77035156
29756170-7bbf-4f69-b859-3cb6991d4740,69aab52d-c661-43f1-8d01-82f649f93cb8,f0bbca60-65cd-454e-a119-46d3a65118b4
fe79cc52-a420-42fc-b966-9d6188d31474,69aab52d-c661-43f1-8d01-82f649f93cb8,ed4a79d2-1afc-4f19-bc8a-505862a081cf
9f7d469f-374a-41ec-8470-627be70134cf,69aab52d-c661-43f1-8d01-82f649f93cb8,831410e7-c1d0-47cf-8bd2-698c43ab71f9
8ab77980-462d-4e34-a783-93e6cae0efd0,69aab52d-c661-43f1-8d01-82f649f93cb8,bafccd42-51ef-45b5-a444-a7f558057d05
e2553c8e-0db3-45e1-a564-0062e2bc4131,69aab52d-c661-43f1-8d01-82f649f93cb8,54fba273-fc94-4714-a091-09bc62f99d0d
db43d90e-542f-450c-bb44-27f1872f2035,69aab52d-c661-43f1-8d01-82f649f93cb8,cc03acf8-728a-4536-868e-ea56bf7fd828
2b8d9599-484b-43fc-9754-1856c260cb6c,69aab52d-c661-43f1-8d01-82f649f93cb8,22f310f9-d117-4506-aa23-792b79b66321
991eccde-4435-4934-949e-a3201c49d6b0,69aab52d-c661-43f1-8d01-82f649f93cb8,64204c46-b55a-453c-a5db-eaf52ff80f4f
03907952-20bd-4ca0-bf33-94a1dd1275d4,69aab52d-c661-43f1-8d01-82f649f93cb8,f10f53e0-778c-47fe-87fd-32b61f018acc
a94d3e37-2c2c-4aab-9c37-7d77ad177aa1,69aab52d-c661-43f1-8d01-82f649f93cb8,b7b2bca0-b066-4ef1-960c-db39421c9481
b7d764f7-35fa-4934-84b1-4d18b7191c1a,69aab52d-c661-43f1-8d01-82f649f93cb8,f94a510c-c642-4d50-9897-4a2787b5df87
bc0b4ac2-ea84-4ec6-8d73-24b9e43c1333,69aab52d-c661-43f1-8d01-82f649f93cb8,b40843d1-cbf1-45b0-936b-3c70b1da9324
d428827b-2ea6-4206-a196-177fd360bfd5,69aab52d-c661-43f1-8d01-82f649f93cb8,0a86dbea-e138-4043-9618-68abe0019369
e3ea66e3-68fb-4bd4-bbc0-e83db723fa7c,69aab52d-c661-43f1-8d01-82f649f93cb8,dcc4bde0-50c2-4df7-8897-31ce91d877ed
bc288c25-9356-4c13-b8d5-0a1109878eb2,69aab52d-c661-43f1-8d01-82f649f93cb8,f8fa1993-433a-4f28-8731-d233bc67452c
175a4970-20c8-41e7-b4a6-3f2c720e15b3,69aab52d-c661-43f1-8d01-82f649f93cb8,53be7185-f32b-41ca-8535-730fbe93d7b2
3781ba3d-30c8-4ad7-ab5c-4dc496cf5242,69aab52d-c661-43f1-8d01-82f649f93cb8,530094ce-e8be-4d3d-b50d-11849e63b042
1040c57d-05ef-4107-9d56-50f5dfe590bd,69aab52d-c661-43f1-8d01-82f649f93cb8,12579dce-7e0d-44e8-a36c-8eb92f207127
a90ce930-e5b4-4a19-9c1f-931b42b90030,69aab52d-c661-43f1-8d01-82f649f93cb8,d6090d2d-bedc-4894-9675-f334723a8b4d
3da98cc2-b79f-4f40-8137-021b17c259ea,69aab52d-c661-43f1-8d01-82f649f93cb8,95f9a4c6-8cc4-444d-b053-f8b92844c793
da99d2af-fbcc-4f59-8f92-ff3426ada914,69aab52d-c661-43f1-8d01-82f649f93cb8,9462bff4-3c85-4cf1-a66e-cb227a187d6d
ae0d1a6a-827b-4728-bcf8-53f615a1eef7,69aab52d-c661-43f1-8d01-82f649f93cb8,4eea2df4-4775-43dc-8157-78c4cf0daada
159984b9-86c8-4af3-8c65-ee221e8d19d8,69aab52d-c661-43f1-8d01-82f649f93cb8,402532ee-5b99-4f96-b861-b6ef88afbf5e
0f0a9a34-74a7-4f2b-85cd-ddc4e954e8ea,69aab52d-c661-43f1-8d01-82f649f93cb8,1a27366c-28d0-4984-b8b0-448c62d653b0
4a32a71f-0f98-41eb-98bb-0089b74d8515,69aab52d-c661-43f1-8d01-82f649f93cb8,8079122a-dbb2-4290-821e-86f42db27237
f0b92ca9-37c9-49a3-b709-985824310363,38e9f66d-b7af-4b5f-8861-97c4986cded1,443d66eb-acd4-4c7b-9507-d9a007c7ab00
5fff1530-d196-4919-88fd-ef2f931b9f76,38e9f66d-b7af-4b5f-8861-97c4986cded1,fd1be5d9-42a6-487c-bfe1-365b308e8478
8aa67970-6e0e-4b59-9c70-c47459e96206,38e9f66d-b7af-4b5f-8861-97c4986cded1,4b912a20-728d-4fbc-9bc8-92a1f0341571
b02de65e-8381-4270-b365-32e713437327,38e9f66d-b7af-4b5f-8861-97c4986cded1,21116185-2717-4b99-9801-dc5346f831ef
cdb63bcb-306c-49f1-a270-695d81e20308,dd304be9-d8cc-4278-8e91-fdb652390da8,7ed28127-aa0e-4ed0-85a8-6b82a54bf538
69c1280c-6537-477d-9052-28a3895588a4,dd304be9-d8cc-4278-8e91-fdb652390da8,739424d2-c36a-4c39-8946-85b6a3a10313
6b3ccf47-c641-4f03-813c-deb68b4b12f5,dd304be9-d8cc-4278-8e91-fdb652390da8,bd5fe21d-af93-46b9-8870-b2424e9a295e
4edf049f-aafc-4040-9b1b-221f8634982e,dd304be9-d8cc-4278-8e91-fdb652390da8,e79270fd-211d-4c15-bb7c-e16d8641bb58
1bb15b5e-a7eb-4899-ba63-30cc0b17fd6b,dd304be9-d8cc-4278-8e91-fdb652390da8,3cb0cc37-a55c-47fd-88a8-54c5d8c4b0ab
4fd8480e-fac9-4f72-93f4-99d5f0b7305a,dd304be9-d8cc-4278-8e91-fdb652390da8,0d746f17-a070-4fde-aa5e-73ada9211be3
005748ea-392a-4160-91e2-b6e555f471c9,dd304be9-d8cc-4278-8e91-fdb652390da8,1b12b514-63c5-4ad2-99d8-1b4bb2c099d9
7f270569-918a-49a8-91f6-ac969aef1103,dd304be9-d8cc-4278-8e91-fdb652390da8,25510dc6-49fc-4e37-a3c6-b344ede04944
871c60ff-024b-4bc0-8a28-c9708f760286,dd304be9-d8cc-4278-8e91-fdb652390da8,d0ba4c72-e229-4ec5-876e-a9e54efc4697
ad7a5e22-66a8-4429-9b34-7de9162cb1c0,dd304be9-d8cc-4278-8e91-fdb652390da8,41fba9aa-cf58-4054-84fd-15eb1ec26cd2
a190ab1a-eba1-407a-bf1d-0e940219a8bd,dd304be9-d8cc-4278-8e91-fdb652390da8,70df4b75-ba56-482e-82d2-b2f5261163f9
8cea9a04-c81c-406d-b771-194ba8644786,dd304be9-d8cc-4278-8e91-fdb652390da8,dc78201d-f7e3-44cf-8e67-0839929657c0
67320a80-a029-48b4-8daa-ba06388b3060,dd304be9-d8cc-4278-8e91-fdb652390da8,5d1cfb0b-0b44-4268-918f-0acc22429223
69370436-a220-4cbc-ae02-c6887dafb1fc,dd304be9-d8cc-4278-8e91-fdb652390da8,0c43f592-8049-4619-af0c-2ac4670ad588
321221a0-4e17-4515-9d49-66a504048993,dd304be9-d8cc-4278-8e91-fdb652390da8,fe794bee-4705-4744-bc02-75c1b3ba8579
1cb18596-b8ca-4365-9bbb-ddf9aa5a2473,73973dae-b2fb-446d-ae05-0aa76fad088a,e4fca74e-b6d5-48cc-9ed9-278268378bc1
913dfacc-9751-42f6-8b55-f4071fad0fd0,73973dae-b2fb-446d-ae05-0aa76fad088a,1f83f501-a5ba-4ae4-9eae-272b8dc556f7
d2631805-8d88-4a3c-bfcc-eda53d821ec0,73973dae-b2fb-446d-ae05-0aa76fad088a,079270d0-1aea-414e-8c62-d2b326ab0d5a
f3bed40a-b096-42ec-b06f-8a36f6495a90,73973dae-b2fb-446d-ae05-0aa76fad088a,cb41ff37-fb4b-4575-ad60-15b98405ab61
ef06dd85-7ef3-4f33-8ee9-77358a8f7455,73973dae-b2fb-446d-ae05-0aa76fad088a,99fa91e5-dde0-4be4-86df-b69db8f53cca
09454ab5-83a2-4797-bd48-8137f9dd0d49,73973dae-b2fb-446d-ae05-0aa76fad088a,bda839fe-8f04-4ce0-b9f3-a84a63d9d913
22f1811a-97fd-4435-b851-f94c756e1e05,73973dae-b2fb-446d-ae05-0aa76fad088a,afe912d0-bd10-446b-a7b9-49050ae7a6a2
7ee201c2-43c9-4cab-bbe7-8af18adb9823,73973dae-b2fb-446d-ae05-0aa76fad088a,4c2782b8-e313-47b7-823e-0347a9cef392
c4917927-acad-469b-a5bf-3e96c3e1f05e,73973dae-b2fb-446d-ae05-0aa76fad088a,f8f24277-bdfe-4eeb-bb49-92bc1e4cd51a
f766defd-6c82-44a1-84e0-46cd07742dcb,73973dae-b2fb-446d-ae05-0aa76fad088a,3694e85a-5fb9-4f99-897d-9ecc2df92943
29503b85-6e7d-489c-a675-9cdfd0460529,73973dae-b2fb-446d-ae05-0aa76fad088a,911f698f-4484-4a48-8694-6e3f8ff675ac
3daa133f-15b8-4c5f-a2cf-2ac5931c06d8,73973dae-b2fb-446d-ae05-0aa76fad088a,a8f2ecd6-defe-44ce-a6a8-3439cfd05102
0fbc535f-98ce-43ab-9380-e0e99d1a71f2,3042a6bd-f55b-4783-9c95-433ed72a3741,184e20ca-0e81-4224-9c80-5fcd40f8c684
da88bfcf-d33f-434d-8195-5e07d20a5624,3042a6bd-f55b-4783-9c95-433ed72a3741,7ed28127-aa0e-4ed0-85a8-6b82a54bf538
45932ab5-7200-4637-a779-f0d7cab68860,3042a6bd-f55b-4783-9c95-433ed72a3741,90ef6c23-b7c7-4262-a9cf-c7a8694cd563
e996c03b-b458-4018-8dca-b7c72edb8030,3042a6bd-f55b-4783-9c95-433ed72a3741,adff52a8-3cd1-4dcf-93a9-b8b1dab60c97
dfd7e473-1095-4461-8ceb-77257fb9c690,3042a6bd-f55b-4783-9c95-433ed72a3741,df760ba3-4b25-4e72-aabe-28707b665867
215aef06-e4fa-4418-899c-e4a7cb4584f3,3042a6bd-f55b-4783-9c95-433ed72a3741,96ef0d52-c1f4-41ad-b758-24b480eb001b
7f2c1b6d-7da4-4e06-8deb-40bf9019c984,3042a6bd-f55b-4783-9c95-433ed72a3741,fc473a02-b8fd-4bdb-b9ad-d0893b880a5b
c7baaddc-0180-44ea-b8a3-3847cf9213bf,3042a6bd-f55b-4783-9c95-433ed72a3741,8c7b74e9-38ac-46dd-9a1d-cdc03a9bc42e
349808ae-2524-431d-b043-6806fcddccf8,3042a6bd-f55b-4783-9c95-433ed72a3741,42f65f36-24a4-4584-92d1-c1ba872b36f3
410fe42c-f726-4db0-9d8f-27c2ae7ffe32,3042a6bd-f55b-4783-9c95-433ed72a3741,2de1916b-6818-47b3-9430-b3836acdc916
fa78e62c-4db7-405c-a5be-90adb9e0c834,3042a6bd-f55b-4783-9c95-433ed72a3741,ddd2607d-644f-4be0-9979-9085e2bd7f48
ad08f6db-f4f1-4484-a643-0c5d69455910,3042a6bd-f55b-4783-9c95-433ed72a3741,3052d9f1-051f-4e9f-ad3d-e71aea6304d8
5cd43389-8adf-4c34-8d28-07fe286ef797,3042a6bd-f55b-4783-9c95-433ed72a3741,c034dcc0-efdc-4924-b2e3-d22a8c3d1db8
62153e94-ebef-47d4-844f-d7424dd739af,3042a6bd-f55b-4783-9c95-433ed72a3741,24b4c942-f085-4295-a2b4-f954d9fd431f
c26e1b94-4c05-4818-8a15-d39a0f5e4135,3042a6bd-f55b-4783-9c95-433ed72a3741,d30bc76b-08a6-44ef-b4e9-0d1f1778033d
3ca1022c-5101-4ba1-ad05-fc8ef64c7396,cbc550e8-992f-4bb7-9025-887566cd5e2e,6fda4cbe-ab3b-4dbd-8817-ad92d7398fb9
0627ae51-4c33-4cd0-9b99-2f131fc758d8,cbc550e8-992f-4bb7-9025-887566cd5e2e,ddb845fa-4257-430d-95c4-b188eb8dd894
00499e44-d40e-4954-a818-a8cf4682663d,cbc550e8-992f-4bb7-9025-887566cd5e2e,91a1ab57-662a-4219-b579-9e98b2bb18e2
8a1cfcc7-30eb-4d3e-993b-a2ab37b113ce,cbc550e8-992f-4bb7-9025-887566cd5e2e,63a6e6e5-e474-4ceb-a881-6198f5549f80
986ca9ae-de26-49e7-9ff2-156c8555eb15,cbc550e8-992f-4bb7-9025-887566cd5e2e,642aa821-f78b-4862-a58e-271a76083540
3a100c9e-6752-4d81-a80e-d9a6e623861f,cbc550e8-992f-4bb7-9025-887566cd5e2e,66267dd7-6a45-4e48-80d5-0a7f99cbb86e
099f939d-16d9-4a19-a3fb-1657e553d44f,cbc550e8-992f-4bb7-9025-887566cd5e2e,f3328f1d-3a77-4afd-b092-614f8be3a42b
74b3d3d8-96d7-4333-9938-168e5c7938f6,cbc550e8-992f-4bb7-9025-887566cd5e2e,ee4c0edb-be28-4840-b859-a66a704b311d
f65a4ce1-af5a-44eb-9b14-98fa66b7bbed,cbc550e8-992f-4bb7-9025-887566cd5e2e,da8bcfa3-aa24-435f-9a69-58fcceb27c5c
8ebd830c-8c34-45bc-9078-6e72d1d5c197,cbc550e8-992f-4bb7-9025-887566cd5e2e,e6c7baae-49fd-4299-bca8-0fcdad8197ff
d760ce1a-2e6c-49f5-ab31-ef0f490d4272,cbc550e8-992f-4bb7-9025-887566cd5e2e,a991d05a-a516-4aa8-a70d-2da2b05300b5
283a1cc5-edd1-49d5-bb27-c583572da182,cbc550e8-992f-4bb7-9025-887566cd5e2e,f6ca7146-a069-4558-bc7a-4f7c2eeed427
6b4be03b-87c6-4807-996d-3f3a3a6a0bf5,cbc550e8-992f-4bb7-9025-887566cd5e2e,d38ef758-b7f6-4a5f-8803-2e0eab7e71ba
97c00928-bb00-43a1-824b-740ab45a9b96,cbc550e8-992f-4bb7-9025-887566cd5e2e,ac5c5308-697b-416c-b5f0-2cbbf52b8603
27e464d8-02b2-42bb-a936-c77e48eb9e47,cbc550e8-992f-4bb7-9025-887566cd5e2e,9ac9fd70-416a-4c06-bd21-ba024dff69ae
d2d0b225-447e-4b7d-a392-1145bd849f8a,cbc550e8-992f-4bb7-9025-887566cd5e2e,5a92630f-844f-4afb-a6ee-f1b3e6cfe533
79bd4330-7728-4785-911a-ed5607e66d0d,cbc550e8-992f-4bb7-9025-887566cd5e2e,f7ceb2fb-146e-49e7-b5ea-61a0f2bfd08e
e3c68e03-269c-423a-94ad-cb5960d98f02,cbc550e8-992f-4bb7-9025-887566cd5e2e,e4040cc8-9bf8-4051-95ff-45f4b8846aba
b46ae0b3-3ff0-4351-b1af-fec2d9a77957,cbc550e8-992f-4bb7-9025-887566cd5e2e,6d993b03-f491-418f-8dac-e3b52e1ec3bd
27fc7ed0-dcd5-41a0-aef7-ac8a75fcbbb3,cbc550e8-992f-4bb7-9025-887566cd5e2e,f1cb17c3-9142-4696-b474-927534999be1
2b6d7c14-bb20-4d00-8622-e24bac58e9ef,cbc550e8-992f-4bb7-9025-887566cd5e2e,375f00de-ee5d-43cd-8a9f-eb6ffd0f6647
6b531f66-21fb-41b4-95a4-7a866a2ca3ee,cbc550e8-992f-4bb7-9025-887566cd5e2e,3ad91ec8-7897-4c3c-b4f7-3f7c6f191ede
14e495a8-d9c8-44c7-8ba3-c652c6d068a9,cbc550e8-992f-4bb7-9025-887566cd5e2e,21d4b15b-4bde-4e55-806b-a4080c1ca37f
65e6cd40-03d7-400c-9d3c-d0b0e541ebad,cbc550e8-992f-4bb7-9025-887566cd5e2e,8cf8b316-4bbe-4815-843c-4d3e9b5098bd
4fedd50a-acb1-4ec4-a036-2b9a0ba5caea,cbc550e8-992f-4bb7-9025-887566cd5e2e,96f95fa1-1940-49e2-ad15-0303b727632a
4d71fc76-dae1-49ce-bd66-8b65b3deee4d,cbc550e8-992f-4bb7-9025-887566cd5e2e,c8357d30-5a30-472b-8699-61532126f261
fbc28f13-4587-4e20-871c-f69c9a0e4c24,cbc550e8-992f-4bb7-9025-887566cd5e2e,fb5c1125-953f-4363-828d-07042a9e35ec
0b7f2f31-6f0e-4dab-ab2a-16a3b4b12ebd,cbc550e8-992f-4bb7-9025-887566cd5e2e,e82f5021-ebae-4a4d-bc26-fef4cac4ced4
b39aa67e-c4b1-435c-a9f1-4bc3c22e7a65,cbc550e8-992f-4bb7-9025-887566cd5e2e,ffc47e23-a8be-485b-9b49-bcc7f343e025
bb80b18d-cd2d-405b-8bc5-fd75e1163d12,cbc550e8-992f-4bb7-9025-887566cd5e2e,a37a3d3d-89dc-4617-b6ea-f8d65c997d1d
1c934240-54bd-41c4-9b57-7d77e179157d,cbc550e8-992f-4bb7-9025-887566cd5e2e,c417effb-2fde-43ce-87a9-50ed869ec7d3
3befbbf5-56a0-4f21-b8d8-02e2878886b5,cbc550e8-992f-4bb7-9025-887566cd5e2e,b25bb974-bc73-46c9-8afa-e98ec3cbae08
9acb25da-5a28-4a46-8b18-e91c1ea47605,cbc550e8-992f-4bb7-9025-887566cd5e2e,d1140dee-404b-41cc-9964-fef9a4b92f68
5803956f-c136-4525-afe5-87298452e729,2f60d884-83f3-4d41-8d75-c5e28ac928d8,e70b63f3-bed6-4d79-9ff9-873b5df41d67
106a0782-a3da-4992-b3f9-1ffd602622a6,2f60d884-83f3-4d41-8d75-c5e28ac928d8,ecee504c-10e3-44cf-8eca-9dda01784c69
fc65ad66-bc1c-4800-a8ca-2fc0fe73ad34,2f60d884-83f3-4d41-8d75-c5e28ac928d8,8b92498b-b4fa-40aa-ac0a-0b030c81c2d1
2f5b93dd-33af-47ac-a382-c7fb40b2dc84,2f60d884-83f3-4d41-8d75-c5e28ac928d8,1c2cc3e5-dfc7-460c-be5f-6c124d8705e6
7f4bb113-7696-4d04-b2d5-bd51ac568a14,2f60d884-83f3-4d41-8d75-c5e28ac928d8,445ea404-e7ff-4748-87c0-ee5faca4ad0d
72399d7d-c3a4-4a00-89a8-edd0a91b5dd9,2f60d884-83f3-4d41-8d75-c5e28ac928d8,76216ae2-ca75-4373-9536-efe4cc3c4411
397bcd62-2817-43ab-8b0a-a1946cd3e7e8,2f60d884-83f3-4d41-8d75-c5e28ac928d8,0f6197d9-086c-470b-aae7-9bf3d9b0f8d3
cd613751-ccd9-4431-bb0b-273d1ede4db8,2f60d884-83f3-4d41-8d75-c5e28ac928d8,ad094cce-05a6-44d6-b9ba-cf092bbadb34
ddf31db3-6f3f-437b-9a3c-1005daa93393,2f60d884-83f3-4d41-8d75-c5e28ac928d8,c9e1c945-5f4d-403a-bebb-47e2f0f59262
7f2ba292-5fdd-4bdd-bb49-31a9a1a4a866,2f60d884-83f3-4d41-8d75-c5e28ac928d8,0075d4b2-fb7c-4e8c-9350-24f5565a9040
b8268209-4ca7-4d4e-a8d8-48e674be1845,2f60d884-83f3-4d41-8d75-c5e28ac928d8,e1e4d4ec-7ccc-4a5f-bae6-c2a9e1ce667e
b0e61d46-8280-438f-bb2b-bc9fa9f39afb,2f60d884-83f3-4d41-8d75-c5e28ac928d8,be43444e-7144-44ab-b37c-c9c58c5313f4
65aa7e66-05cb-40cc-b9ee-7fdf033ce0fa,2f60d884-83f3-4d41-8d75-c5e28ac928d8,28a1daa7-f742-4d85-9ed8-15b033ff4a9a
a3fc62f2-7e38-497c-85a6-f93c15dcee46,2f60d884-83f3-4d41-8d75-c5e28ac928d8,0df2ecc9-653d-4e46-ae07-ff275947123a
1784aa26-6946-4958-86bb-8c84378c1c19,2f60d884-83f3-4d41-8d75-c5e28ac928d8,c1a3ace5-b27f-490d-8ca2-2f58665211e6
8eeb1849-aecb-4daa-a09d-d1e4a5112570,2f60d884-83f3-4d41-8d75-c5e28ac928d8,32aeb08a-f7ea-49a9-9577-979250fdfe39
b848cda6-845f-4e21-8ece-384855d05152,2f60d884-83f3-4d41-8d75-c5e28ac928d8,84b57229-49ae-408e-a3b6-bc627cefb4bb
7a19e434-170d-4152-bd13-e7065deb4230,2f60d884-83f3-4d41-8d75-c5e28ac928d8,be4559ef-19c6-497e-bc91-842687a8b3fe
a5a66e9c-5e84-4dc4-a11a-2114d28ef59f,2f60d884-83f3-4d41-8d75-c5e28ac928d8,40348ec2-ab01-40c1-98d9-b42d045f5ed6
f404ed84-a47e-4b7e-9312-3e3ec4b94399,2f60d884-83f3-4d41-8d75-c5e28ac928d8,e72e2c8c-d7e9-4799-b1da-ba314539c829
47a4f9a2-0703-4e2f-bf16-01241d3d1ca5,2f60d884-83f3-4d41-8d75-c5e28ac928d8,812c7d3e-9252-4194-b944-1421b32d1fbc
ddeafc1e-3f4a-41f8-888e-1d1d7cc35868,2f60d884-83f3-4d41-8d75-c5e28ac928d8,c36a2208-f8fd-43c3-ac8f-96875b77894b
5f7a64b0-28cf-46a0-903b-7902d80e4283,2f60d884-83f3-4d41-8d75-c5e28ac928d8,191d3779-938a-4266-9bf2-07352ec684b6
3421cc06-406c-47fd-91b9-bb310bbbd176,2f60d884-83f3-4d41-8d75-c5e28ac928d8,41f3b891-db5b-4017-bad7-ab9fac05a3d6
43e691f1-d437-45c7-8143-040c3786b8c0,2f60d884-83f3-4d41-8d75-c5e28ac928d8,72554706-2b9b-4c54-a558-e0c17863dcf1
6e960f39-89ad-4018-973f-326ff0552f77,2f60d884-83f3-4d41-8d75-c5e28ac928d8,f01a0963-d716-4a1c-b3eb-29f3e81985e2
5190190a-d5c3-4b11-a904-6a3eed059b27,2f60d884-83f3-4d41-8d75-c5e28ac928d8,85d4f8a5-ea51-4101-8225-ce752a74fb42
254f748c-44de-4183-91f2-c6fa0955ca15,2f60d884-83f3-4d41-8d75-c5e28ac928d8,a38f5c80-8606-4584-9fbd-fbd700e42489
7e71e3b9-eb83-4d64-87aa-0a0dc8533ab1,2f60d884-83f3-4d41-8d75-c5e28ac928d8,89f2b2cb-7d6d-4235-bdb5-bd5546c4e554
a687e31d-b2f4-4833-81fd-c35fcd856831,2f60d884-83f3-4d41-8d75-c5e28ac928d8,77764cbd-6d22-466a-adf9-e4769cf3bfb1
0424abc6-63b0-4ff6-9b4d-120351a03dbb,2f60d884-83f3-4d41-8d75-c5e28ac928d8,2d0c2c3d-55d1-499e-abe1-50cc82207331
572095ee-067e-49d9-8151-7cd95b09c703,2f60d884-83f3-4d41-8d75-c5e28ac928d8,a2e4196a-6f84-4d27-8635-8f6b78a2b257
454b2c0a-4fad-492c-b82f-a97e33d0221c,2f60d884-83f3-4d41-8d75-c5e28ac928d8,1bbc19fa-d0c2-4221-bc8e-ca5dc083d128
66aba8b1-8356-414b-bcb3-2cb9fdcc2b68,2f60d884-83f3-4d41-8d75-c5e28ac928d8,b1d434f6-b8d4-484f-954f-524659388632
5260a9fa-9ef3-4669-95a1-a259159cff91,2f60d884-83f3-4d41-8d75-c5e28ac928d8,d1f6554f-bee1-4ac7-aa73-2c25fec0003b
a8dd02de-375b-4553-bc81-e13703cfab3f,2f60d884-83f3-4d41-8d75-c5e28ac928d8,f588e0d0-2c25-4d72-af6d-409f627ce1d7
67fb94fb-adca-471c-a01d-372a1cfe0ad1,2f60d884-83f3-4d41-8d75-c5e28ac928d8,3eb7a16a-7ac7-4722-a0ab-892f96c2ea24
987feb58-1dcb-452a-9035-672773f3b5a1,9a7d82b5-4c55-4896-a1df-934c99eadeb7,73df19c4-c355-4ce1-a0c5-9d587ed0be66
cbb31239-21ee-4c8a-a97d-bd7b723b7569,9a7d82b5-4c55-4896-a1df-934c99eadeb7,56182905-f2c1-484f-9dde-f699358a0e8f
e84b919a-ac25-44e9-9639-3a8ccd21592a,9a7d82b5-4c55-4896-a1df-934c99eadeb7,43acc81a-c97b-478e-9971-2987105841a6
93c0b388-6af1-41c9-9063-2ffdd7282991,9a7d82b5-4c55-4896-a1df-934c99eadeb7,3a1ba9a2-2781-459f-980b-203ef4583633
3b1d4afd-e425-4f84-859e-5848d528ecd1,9a7d82b5-4c55-4896-a1df-934c99eadeb7,be208538-8e0d-4897-b62a-457ffcea0a51
cf4991c2-ce8d-4d34-b00d-d09af9601480,9a7d82b5-4c55-4896-a1df-934c99eadeb7,6ba499c6-1678-43ac-9825-125d4c3fef6e
102efab2-8ed7-4a16-acbe-6b23c4c09702,9a7d82b5-4c55-4896-a1df-934c99eadeb7,35405862-11a0-4714-94fa-1b7eb1300f94
6e0ad460-2af1-49e5-893a-d35266b957e2,9a7d82b5-4c55-4896-a1df-934c99eadeb7,924550b3-21f2-4908-964c-8010489bda18
495b426d-65d2-4852-a78d-5855ab32f2b4,9a7d82b5-4c55-4896-a1df-934c99eadeb7,639a8072-9d37-4647-8d32-aecc55dce023
4893dbb1-8aa8-4709-8acd-f7868bea657b,9a7d82b5-4c55-4896-a1df-934c99eadeb7,35adfa82-a749-40d0-ae7d-c127555011c2
d0941756-f3fe-4bcf-9e88-dab6a5fb9d24,9a7d82b5-4c55-4896-a1df-934c99eadeb7,272f899a-491b-477b-b4a6-5265176bdfbb
66323b57-8ed1-4415-bc50-a89a0612ea0b,9a7d82b5-4c55-4896-a1df-934c99eadeb7,7ed167f8-643e-4b6a-a34e-e4615155e60c
d186e107-57ee-4620-b7de-d446762c2d39,1291a72d-f4e1-45b9-b352-b3b589b70f61,03ce5b75-3e67-47ff-81a5-4c5041b6490e
4accffaf-4edd-40bf-a065-6e19368470ce,1291a72d-f4e1-45b9-b352-b3b589b70f61,ea68aaac-fc77-4415-9cbe-f4ae69ac6118
3eca5a01-ea54-4119-9099-73480dd90a31,1291a72d-f4e1-45b9-b352-b3b589b70f61,1b57b5ee-33cd-4421-b628-5776b6a0c724
d99cbd40-c87c-4172-b912-bba1110ed78d,1291a72d-f4e1-45b9-b352-b3b589b70f61,0bcda77f-7864-4e77-a539-8f9858cc8127
946e5dc4-fefb-4307-b6a0-8cc820124d81,1291a72d-f4e1-45b9-b352-b3b589b70f61,7f15918a-4b00-42a3-bb9f-9c128b510b88
8fb89ee8-928c-4cf6-b265-0d10fd6790fa,1291a72d-f4e1-45b9-b352-b3b589b70f61,87d1e840-7b20-443f-8428-77ac4e5d9b17
b440143d-7a4c-4087-afe6-0a2f41b04602,1291a72d-f4e1-45b9-b352-b3b589b70f61,720b6baa-bf17-459f-b751-526054caa947
d36d3c5d-89e2-43fc-9243-ffb92817985d,1291a72d-f4e1-45b9-b352-b3b589b70f61,8b5e475b-101d-4081-afae-c1a0ea1142ca
2a800320-9a94-40aa-8297-8bb4b5f5320e,9df32706-e79d-4179-95d6-ec2673ca3138,e70b0a13-5119-4da6-941e-10307ebdd228
982141e0-4c41-48d3-ba37-12efb8d5bc5b,9df32706-e79d-4179-95d6-ec2673ca3138,abea2694-8581-47e0-8136-a15f7ca08a75
f6033915-cced-4d1d-969e-91b44e644ca7,9df32706-e79d-4179-95d6-ec2673ca3138,3c09b986-3be9-4e54-8e36-e41f9ed64234
18b3a0d5-983e-4b0b-bb4f-a474d93d088c,9df32706-e79d-4179-95d6-ec2673ca3138,3ff5776f-a5c2-4887-b6d9-75633357c063
29fdc9cb-005e-4af2-a3e6-53bd20c8efd1,9df32706-e79d-4179-95d6-ec2673ca3138,4611436f-a433-4800-a1d0-227a0dec56b0
83ba9d9f-dbf0-4a44-845f-074862b425e6,9df32706-e79d-4179-95d6-ec2673ca3138,a38889e0-86c4-461d-a144-0c7e5cc93013
d785b12b-6183-4e17-b269-7614549cd2cb,9df32706-e79d-4179-95d6-ec2673ca3138,3eb7a16a-7ac7-4722-a0ab-892f96c2ea24
fd252921-d4e9-4265-9d76-a3b5806fb491,93dd5016-c991-490f-8518-92b784eff536,22e34c69-eb54-48e5-a071-84cba2de1726
903d7066-2efe-451e-9387-51f9feb0ab84,93dd5016-c991-490f-8518-92b784eff536,3f1f8c40-04d2-424b-b252-22b2030e2afd
dfa91e4d-6393-4791-8421-5a76792dd3db,93dd5016-c991-490f-8518-92b784eff536,c1fdd5ec-2e9b-413e-b8e8-6c29b78c8e41
27eb6a2a-0846-4c88-8d95-4111952f3dcd,93dd5016-c991-490f-8518-92b784eff536,fe68dac3-9eea-4187-9d97-9c3f4ef2bc75
8b4bb3bb-0c68-4075-af26-3b603c42fc19,93dd5016-c991-490f-8518-92b784eff536,9fc4a415-3b24-4ac5-bc20-974b8d49d52b
0df59e4a-3dec-4f41-8131-26f9da3e0f63,93dd5016-c991-490f-8518-92b784eff536,63043b66-f540-428e-946f-fa654a8affa6
e5958008-7a51-4db4-9da4-b5c41f3c4284,93dd5016-c991-490f-8518-92b784eff536,abc05dc0-c4e8-43b9-870b-2acd604080ca
bf8030ca-52c1-488a-84f9-1cb9eee99692,93dd5016-c991-490f-8518-92b784eff536,d62fe968-70e7-4ba9-8781-c479ee7617af
70615d78-83c8-41cb-971a-a1ae02ffffb6,93dd5016-c991-490f-8518-92b784eff536,c3e0585c-f962-40f9-ab74-19cac2eb0cd0
631dc533-a14e-438c-99c7-59b39743beb5,93dd5016-c991-490f-8518-92b784eff536,e91bb0ec-96a6-4734-a57b-5384286605b4
b88a6151-b71b-4973-afce-e1dc0eb7f15a,93dd5016-c991-490f-8518-92b784eff536,c6b4d81d-7d09-4a11-bb89-c134aa2190a3
9380208b-f25d-4d54-a7d0-8f6fcd577728,93dd5016-c991-490f-8518-92b784eff536,31b41627-3542-4837-bcf1-59398bdf6671
79e53d41-6214-41e8-82a5-ba9a66963538,93dd5016-c991-490f-8518-92b784eff536,1ebd0ab5-a566-464d-aa61-cfef1255e502
6c373632-a8e6-4e4e-a641-5c958dc13ce7,93dd5016-c991-490f-8518-92b784eff536,31e55dae-6dcc-49bf-a26c-f51321d961a5
c53711c0-4499-4d33-abe5-d921ccb8053c,93dd5016-c991-490f-8518-92b784eff536,25bc9b6c-60ac-4621-babe-334ae6f5a4a9
a5bd3b69-ca4b-4fc8-bba0-faf7a044a870,93dd5016-c991-490f-8518-92b784eff536,73caa334-565a-46b7-9778-9a18f39924cc
eef18440-9f2a-4fad-bb70-2865952f28a3,93dd5016-c991-490f-8518-92b784eff536,ebc019a3-a1af-4275-a497-efd4b9f0582a
0c09d58d-805e-405d-abcb-0a1688ec3505,93dd5016-c991-490f-8518-92b784eff536,f239d449-b4d6-43dc-a07d-15b35bca068c
a6e230c2-f752-499f-b1e4-1ee03d74ac1b,93dd5016-c991-490f-8518-92b784eff536,e8a8808b-6a5c-4b5c-82ac-f95f603a39c3
0c82d1d1-edac-462e-b2dc-cff59dacdcb5,77ad56db-8614-4b96-ba62-54e23cf00625,538fcd6a-8cc6-426d-82e7-d5d30c80a2be
4a838536-dc99-4987-a555-7351df02bcb9,77ad56db-8614-4b96-ba62-54e23cf00625,0da051f7-83a2-423e-b19f-36d4654bd5af
e836804e-f8b4-4f28-8595-5300137ef025,77ad56db-8614-4b96-ba62-54e23cf00625,cbee80c5-0991-4d94-b3bc-b59c1c12cb22
d5b9b89e-7221-402c-873e-cfda79f9385f,77ad56db-8614-4b96-ba62-54e23cf00625,f7e0018a-6f42-4b20-9b8b-773dd111e5aa
efca617f-9c79-489e-bece-0dbaed2d48e7,77ad56db-8614-4b96-ba62-54e23cf00625,d7836218-140d-493b-9d7a-f7d2dc1f6507
0105c55c-c85f-473f-884f-df49f75d3ca0,77ad56db-8614-4b96-ba62-54e23cf00625,6710e516-ccbf-4a94-b32d-ff267d2e0dca
a3695d07-d625-465a-b3b8-af400a185395,77ad56db-8614-4b96-ba62-54e23cf00625,fb38a058-79d8-42e0-b2be-cdcfa5140f01
4401d56d-8228-4f9c-b5e7-63935c811570,77ad56db-8614-4b96-ba62-54e23cf00625,5d47fe26-1b8e-4ed4-8807-3ccf0d859fa3
e7090a88-643e-4fb1-9163-114c665c7daa,77ad56db-8614-4b96-ba62-54e23cf00625,966805f6-4c80-4580-b818-d8d2b8a30ee7
c43a817b-ebe4-4664-9ae4-8dbe3ff5c058,77ad56db-8614-4b96-ba62-54e23cf00625,b40843d1-cbf1-45b0-936b-3c70b1da9324
673b5263-8888-4f90-9566-8df9b40c4f31,77ad56db-8614-4b96-ba62-54e23cf00625,752abd6e-19d8-4f90-bd87-6a3e0fd9c5a9
d77e18e3-9385-446e-a0af-b91fb1cebac7,77ad56db-8614-4b96-ba62-54e23cf00625,e441f0db-eebe-424b-9cf7-48845cc7574c
3db67d5f-4356-45b6-af36-cacc6b7e373b,77ad56db-8614-4b96-ba62-54e23cf00625,50b8d573-1153-4af3-99f2-3cd8eba97132
e12c6f29-78a5-4e0d-83c7-c244e3c465d7,77ad56db-8614-4b96-ba62-54e23cf00625,61993e4b-d894-4a3d-b96b-5b5dc5f5ad91
5d960d89-05ec-4b8a-9918-9b7870ddc0ad,77ad56db-8614-4b96-ba62-54e23cf00625,3a0a488d-87e2-431b-87ab-7e44381de87d
1fcc4930-252a-4397-bae3-da1bc5f328e9,27be03dc-e3dd-46bf-a33e-f247bc8c90ed,5f1c497b-eeb5-4886-a035-f3a31aded704
54a39ad4-018f-4c2f-8748-99d9c80ba4e4,27be03dc-e3dd-46bf-a33e-f247bc8c90ed,16f944c5-09ef-4040-887c-ff3f33c20f6e
5ab09c51-94ba-488e-b38d-3cb0223e2291,27be03dc-e3dd-46bf-a33e-f247bc8c90ed,bc026fd4-4199-4666-8d08-575ab4f8be17
698d1f84-75c4-4baa-8e02-412ca09fbe1e,fabe0c6b-96be-414b-925a-7a44e19764a9,5b50fd98-0927-455b-ad43-4c27c36b9d23
b16ea8ae-cb2e-4246-8b6b-03d37c5602e8,fabe0c6b-96be-414b-925a-7a44e19764a9,595e1256-10fd-419d-becb-aab16e1e829a
2d45f731-915a-4830-8ea9-3ce40eec52bc,fabe0c6b-96be-414b-925a-7a44e19764a9,852ceb56-f057-4d83-9565-60dd43a98ed1
9b538cdf-c46c-4593-8101-ab126a90121b,fabe0c6b-96be-414b-925a-7a44e19764a9,390674d3-2497-40d7-ace4-42778bb1a08b
45d47753-f5e7-4122-ab2a-1a1eeb78e5a0,fabe0c6b-96be-414b-925a-7a44e19764a9,2b3dafdd-d73e-46d9-9840-8600c6cb1010
60777553-9801-429c-9891-5f6ca60ee812,fabe0c6b-96be-414b-925a-7a44e19764a9,2a6a42f5-fb81-4773-87b3-5966e3456aab
a6c8a089-5732-43f2-bf78-c77617362e5f,fabe0c6b-96be-414b-925a-7a44e19764a9,a5e9bece-aa45-4653-8645-ab1d2eb277d1
93ee77e3-2947-49fd-ae84-2f8702923eb3,fabe0c6b-96be-414b-925a-7a44e19764a9,3ad91ec8-7897-4c3c-b4f7-3f7c6f191ede
b0227c30-3fef-4276-8bee-5d79b2530058,fabe0c6b-96be-414b-925a-7a44e19764a9,d7108ec7-8ed8-49f2-bbf5-9c05bb7e53fa
65fa3d34-1697-4cb8-8416-5331065a959e,fabe0c6b-96be-414b-925a-7a44e19764a9,e469786d-5e93-4255-a2bc-4465bca70bc8
ae9e266a-240a-428b-9bc9-42d8ac20063a,fabe0c6b-96be-414b-925a-7a44e19764a9,682dc2fa-2df5-4d32-ad50-02b035e2cef5
13b0db25-8b53-44d8-a8a5-4dde32c78c6b,fabe0c6b-96be-414b-925a-7a44e19764a9,b17eaaa5-e446-495f-bd34-402f8f14f6c3
5c6f747e-2497-4ab4-942e-f78cebd22a81,fabe0c6b-96be-414b-925a-7a44e19764a9,97fced49-99df-451c-bb05-e4b326e26af1
97ce1cc6-c2e1-4346-b2dd-0c18d733d0ff,fabe0c6b-96be-414b-925a-7a44e19764a9,2f3c5c34-c0da-4941-9173-0dab34f77acb
6fc167f3-b6a6-4411-9694-265c5c79d736,fabe0c6b-96be-414b-925a-7a44e19764a9,2d0c2c3d-55d1-499e-abe1-50cc82207331
cd870ed7-e2e5-4287-a4a9-4d94e9ae64e2,fabe0c6b-96be-414b-925a-7a44e19764a9,97962443-2954-4504-a77c-fe802c9c198d
33c4c0b4-b845-4d52-9b99-16faebc7eb12,fabe0c6b-96be-414b-925a-7a44e19764a9,c8732773-6366-4f1d-b58c-8112a355dcaf
2f89c8bb-4e86-447b-8337-a30322529a2e,fabe0c6b-96be-414b-925a-7a44e19764a9,a1fb80a2-f0ca-4645-8488-513d6d46fcfb
5fb60c6b-2420-44fa-9d06-55a03ba62ab8,fabe0c6b-96be-414b-925a-7a44e19764a9,c97070be-4991-4e78-b995-272c93c244d7
b5e37359-ed26-415b-97ba-872c5711add3,fabe0c6b-96be-414b-925a-7a44e19764a9,2e6ca536-a5b2-4650-bcac-7b6e16f315d2
9c27181b-c9c0-4a2d-b7a0-7f68ad47050e,fabe0c6b-96be-414b-925a-7a44e19764a9,d6053ce3-5b5c-4bbd-9b86-e8f95108fd93
82a1108c-e785-453a-8f32-d4e90b283a53,b1c40ef1-ff71-4d3d-af0a-47e73634b864,50f546bc-7d31-48eb-933e-fe8bf8624bf0
ad00ef36-8bab-428f-9ff2-e9411613e233,b1c40ef1-ff71-4d3d-af0a-47e73634b864,639d0007-e59a-43f2-a19d-20175a5e50c4
e4c93646-d598-482c-8f0e-abc295d789f2,b1c40ef1-ff71-4d3d-af0a-47e73634b864,dc125d3a-f9a1-4d3b-91c3-612103494940
96f22b48-8a45-4692-a326-a5f30e803c1c,b1c40ef1-ff71-4d3d-af0a-47e73634b864,799e44b2-e4f1-4cd6-9f58-ceb2285c9a6a
20ee786d-e8b6-4eec-b368-63c087ebd1e7,b1c40ef1-ff71-4d3d-af0a-47e73634b864,e13c4b90-1de5-48c5-a979-876b971d26c1
692556fd-e958-42a0-ab58-a0dee0fccb46,b1c40ef1-ff71-4d3d-af0a-47e73634b864,beda4602-71da-4821-a354-377b7590d2ef
120debb4-8196-4277-91b6-84c73a1ec093,b1c40ef1-ff71-4d3d-af0a-47e73634b864,1802466f-4a4a-43ff-82a5-ac9062c89577
07f81b36-62b5-40ed-a6c0-af094d29f4e4,b1c40ef1-ff71-4d3d-af0a-47e73634b864,2fcf9343-34bc-42a7-81df-f9afb9ba9f02
6533c174-3471-47e4-aa99-045d7dc478bc,b1c40ef1-ff71-4d3d-af0a-47e73634b864,146293b5-ca0b-4510-97ae-70693f5be9fe
409480e5-e96f-490c-9138-b6b51737f2da,b1c40ef1-ff71-4d3d-af0a-47e73634b864,e77ed632-bc0a-4f13-979b-0ce83eaa2808
c30032e0-3496-42c9-8343-a8ad997c0eb3,b1c40ef1-ff71-4d3d-af0a-47e73634b864,49094bb0-194f-4e46-ba26-cb1f0497189c
fa16063b-86a1-43de-8560-d8e5f07f0e01,b1c40ef1-ff71-4d3d-af0a-47e73634b864,be702f39-788a-48a3-9f30-5c4d4434663c
f9c4c401-b407-4e6f-b723-d53e819729d8,b1c40ef1-ff71-4d3d-af0a-47e73634b864,ad094cce-05a6-44d6-b9ba-cf092bbadb34
b4ff6ce7-ae20-498d-9986-b762110ac07e,b1c40ef1-ff71-4d3d-af0a-47e73634b864,497ed0f6-8d55-43d4-a03c-18cb06c95b47
062c7a51-2697-4d7b-ae87-bed253d830e3,b1c40ef1-ff71-4d3d-af0a-47e73634b864,e4ba3379-87d2-45ee-82cf-c961c9889ab4
d76016a5-939a-483c-8f11-ef895657c581,b1c40ef1-ff71-4d3d-af0a-47e73634b864,f59dea4d-0758-4fd6-afc5-abc9c6b1e756
d6f59768-8e94-4db7-bbd5-fe39c8777116,b1c40ef1-ff71-4d3d-af0a-47e73634b864,9ba3e12d-84ce-48c4-b855-fa7cccea8b83
cfdc1f41-b5fc-48b7-ac88-2a4542631c51,b1c40ef1-ff71-4d3d-af0a-47e73634b864,d24d519f-dfbf-49b4-a981-0dcb241f11a3
cceae70c-9bb9-4fea-9e32-c2e462879588,b1c40ef1-ff71-4d3d-af0a-47e73634b864,dfb78cdc-07eb-43d7-a893-5839ca1adbe0
17f75d47-039a-43c9-a9f1-4f5a5c1447a1,b1c40ef1-ff71-4d3d-af0a-47e73634b864,d4300a74-ffca-4d3e-9efc-6657799e23e6
6b47ce42-76b0-464b-8f67-51ee2c4f95eb,b1c40ef1-ff71-4d3d-af0a-47e73634b864,0a534697-76b7-43d8-ba08-2c973b7c7f1d
4791b0f9-a908-44d1-a12d-3ee474ba438a,b1c40ef1-ff71-4d3d-af0a-47e73634b864,394a1bfa-0ed5-4cac-8d2e-dbc557b44eb7
789e0253-0d85-47cf-abcf-c50bc3e33074,b1c40ef1-ff71-4d3d-af0a-47e73634b864,3919baa7-6c78-4e3c-8a87-cbfa8e07296c
df229708-22f8-4f0c-ab33-e93254017ca4,b1c40ef1-ff71-4d3d-af0a-47e73634b864,6d1a915a-1c92-454e-a3dd-72b32f8e20ba
a56a5f41-dd70-4bac-a981-28934740992c,b1c40ef1-ff71-4d3d-af0a-47e73634b864,c8b4ece8-ea8a-4a3c-b03b-df09738356ea
7c26bef1-7f17-4ced-89bc-020a05d85dd1,b1c40ef1-ff71-4d3d-af0a-47e73634b864,78de7f85-a888-4054-bfa5-89a86cb753a7
010581ed-0888-4b26-956a-07cec7f0fb16,b1c40ef1-ff71-4d3d-af0a-47e73634b864,be682be9-9e00-46b0-b37b-6e3f44b02ac6
fd3ea976-a617-49bd-9c58-b7f3a8278a8c,b1c40ef1-ff71-4d3d-af0a-47e73634b864,eaddc027-ac7a-4141-830a-72ad9627ffb9
a3ceeeae-6af8-473b-ba1d-cb78e3967029,b1c40ef1-ff71-4d3d-af0a-47e73634b864,94281e3c-b4e4-4ea8-9d4a-26897342ec21
ee90dfb8-8db2-4ded-a6f9-2b9cc3cf4d1f,b1c40ef1-ff71-4d3d-af0a-47e73634b864,8a7d1e66-812c-4a1b-bdbf-379e9db1e777
664dcaed-3551-4c1a-b5dc-afc242923841,b1c40ef1-ff71-4d3d-af0a-47e73634b864,d67b1789-417f-43de-9b33-8f4bf5f22770
d5dd41f8-1ac8-48f4-9d24-b77a4bde4ea8,b1c40ef1-ff71-4d3d-af0a-47e73634b864,f8f78ec6-0eb4-4d9e-8a83-a6b04c7beec5
ca33aba7-a0bf-47fb-8c40-898729ffa793,b1c40ef1-ff71-4d3d-af0a-47e73634b864,c0443f17-187e-497e-91b2-911a4c747021
d5d4691d-750a-4cf6-853d-05bb24233810,b1c40ef1-ff71-4d3d-af0a-47e73634b864,6d41b710-409d-482d-a693-bb0c1db0cba8
4a338d85-466e-4990-b57a-ef5bd9877238,b1c40ef1-ff71-4d3d-af0a-47e73634b864,ad14d062-a8c3-4d49-90da-dc5e47d726dc
88577bb7-91c5-4b20-bb75-e96cff8341a9,b1c40ef1-ff71-4d3d-af0a-47e73634b864,142f8091-c70f-4ecb-9222-262e65ec62c7
98b08e0e-08fb-4b10-96c3-6b83b2d871d8,b1c40ef1-ff71-4d3d-af0a-47e73634b864,b18c0965-39ed-4d6b-8d39-b01b3fe2b8c6
1026c41e-2df0-4a88-954c-a2b241068bfa,b1c40ef1-ff71-4d3d-af0a-47e73634b864,550c851a-f185-4c9a-9a36-bd9c790c9c6a
a7470f3b-9bdf-4057-a878-7697e907e5c4,0dca27a9-1680-4b31-99bb-644318db4197,78ddb5ba-75ce-48bc-8c26-a4c587c6c8e4
dcd5cc71-2068-4e1b-afe5-7329b6d6f2ed,0dca27a9-1680-4b31-99bb-644318db4197,73efd6d8-ccf7-486a-b1bc-b377795a9393
804b9ac8-1487-4aa3-b511-563fb6f86c9b,0dca27a9-1680-4b31-99bb-644318db4197,f5d0f75d-ee5c-4524-9914-3ae27cddbf91
1b8c8d36-1ae4-4082-b9ad-a39a21c71638,0dca27a9-1680-4b31-99bb-644318db4197,d00687dd-3657-4ae8-b217-d477659dd92c
805c05a5-292f-4fe2-a969-da6c8fe6fce8,0dca27a9-1680-4b31-99bb-644318db4197,b1b2613f-2d18-4973-bd80-03b98a927da6
44142c6c-e748-449b-9790-e874b151c0c4,0dca27a9-1680-4b31-99bb-644318db4197,ef0ca5f1-9f5d-4d75-8e82-b8544f4b3b33
e5e5d34f-3e52-4172-9740-f1e47bbffd1d,0dca27a9-1680-4b31-99bb-644318db4197,037a4548-b8a0-4e47-b3a9-fd45791cb5fb
99cf8aeb-bd4e-48eb-8f60-6674aa361561,0dca27a9-1680-4b31-99bb-644318db4197,4f32733d-b056-48d7-84f9-e07cfcee97c2
67c4b4ef-10fb-41d4-ac43-1ae10a74e046,0dca27a9-1680-4b31-99bb-644318db4197,6b85ecb7-7236-4a0b-a995-491ddf66dc90
4451f0fd-d2bf-471d-aed3-bca0eff27bff,0dca27a9-1680-4b31-99bb-644318db4197,30a96f28-822e-4947-8ab9-b3100691556b
3bb220ae-e917-463b-8dc7-d5d62b05d877,0dca27a9-1680-4b31-99bb-644318db4197,fc4b9e8f-3078-45af-9be1-172e7608b68c
2ab90243-c60e-4481-975e-fb119b632b28,0dca27a9-1680-4b31-99bb-644318db4197,c8898229-ebb8-4836-a186-11c9dfeb98db
b900beac-007f-4c12-84fb-8c6799ac5c84,0dca27a9-1680-4b31-99bb-644318db4197,1dc17be0-f882-4cd1-a1c3-2f8b6a79144e
bdc74e3a-91f3-43eb-b78f-44f400725e9d,0dca27a9-1680-4b31-99bb-644318db4197,8f081694-0599-411d-8c6b-ad82fd21eba0
76260963-7a49-4cb3-8153-4f68d1f1ceda,0dca27a9-1680-4b31-99bb-644318db4197,4653dced-14ae-4ef1-893d-33153b045bf2
d6f15bc2-a094-480d-b550-db4401e16763,0dca27a9-1680-4b31-99bb-644318db4197,7e6bb130-aa0d-4c60-9498-b93a084a60a9
24031e81-7bb2-4259-a78f-41a70b9669ae,0dca27a9-1680-4b31-99bb-644318db4197,13298544-983b-4473-9bdc-389ae9557dd0
da6c9a6a-06bc-4dcc-888c-394749f853cf,0dca27a9-1680-4b31-99bb-644318db4197,2c414216-4164-4dc6-9a8a-d8842ce38294
676cf29f-52b7-462a-aa2f-7ed1225b75a4,0dca27a9-1680-4b31-99bb-644318db4197,9347ccbb-38a8-43cf-bfa4-5aa94e754d13
1c4ba134-0c62-4b6a-83ae-8423c43c48c4,0dca27a9-1680-4b31-99bb-644318db4197,1a307ef2-43c8-4587-929e-c4e1a6bbf5b9
56f577a6-f3fb-4751-93e3-f6d52f07180f,0dec213c-71be-4513-b408-5417084364c8,b285aa02-411f-4844-b07e-4f54f5d386b7
e94b97d1-c97d-48db-94a2-b20e5994815b,0dec213c-71be-4513-b408-5417084364c8,0f749dcb-f9fe-4848-8b3a-722f4b8598c4
ad4d32a1-6be3-4cae-bdd8-f92201cd2bb4,0dec213c-71be-4513-b408-5417084364c8,bae06e1b-1f5a-4064-8cb2-25a8667fa7f0
6542bfc2-c165-4efb-a73e-84344afb167d,0dec213c-71be-4513-b408-5417084364c8,4f82bcd0-810a-4f5c-9f0d-78215b2ffe3f
c8939c56-3c28-495e-80a5-236b3c4f66c7,0dec213c-71be-4513-b408-5417084364c8,9124efd1-e660-4b84-9b2c-e4595b6a61bd
1fbc1c11-5019-43d8-81ff-46fb6479e34a,0dec213c-71be-4513-b408-5417084364c8,646fd0ea-150a-416a-920d-3486968258fe
928930af-a8e5-4b4f-a709-a800b062cbd3,0dec213c-71be-4513-b408-5417084364c8,8e00b545-9e41-49f5-91bf-74f05ff31f69
c79279ca-ffc7-41a6-880a-a40d8a5e8d45,0dec213c-71be-4513-b408-5417084364c8,5d7ddc88-ad3c-4e3c-a166-952451cca38d
7bd96f4b-ea10-4350-b4fa-9f7b5a0e08ce,0dec213c-71be-4513-b408-5417084364c8,b1b2613f-2d18-4973-bd80-03b98a927da6
7c584c16-414c-4319-80dd-5b0dfa493c2e,0dec213c-71be-4513-b408-5417084364c8,cce408e7-f107-4f90-804d-a68003ef8829
84c992df-f2b8-47c3-ae24-8d9258548fdd,0dec213c-71be-4513-b408-5417084364c8,94f023b3-f285-47a8-85ef-5fd68a60eb13
86b0c610-b5bf-4f43-a578-bf684ebe4162,0dec213c-71be-4513-b408-5417084364c8,4eea2df4-4775-43dc-8157-78c4cf0daada
ff8ec678-a30a-41cc-9257-8aafe2ceccf7,0dec213c-71be-4513-b408-5417084364c8,66e00777-64d5-4a81-8711-f062cc689890
41df9fd9-250a-4970-b3b5-42fc8c012495,0dec213c-71be-4513-b408-5417084364c8,fd4a54eb-e6ba-4a4b-9f9e-867c8170ab75
20d1a41e-1389-4175-822a-08ffedaad061,0dec213c-71be-4513-b408-5417084364c8,8c61d99d-ff23-4cfb-bfed-1f6d111c221c
34a06f4a-776f-4456-8da2-17f6331213d7,0dec213c-71be-4513-b408-5417084364c8,ab23c7a8-0c4b-4fd4-8496-e2c568188db1
cab1cf27-8342-4132-ad9f-a519e77fbd73,0dec213c-71be-4513-b408-5417084364c8,b89bdbf3-75d8-478c-a444-8e518e044f2f
c0bbb9a7-58b9-4e84-9424-bcb5cde333b4,5b05f898-36fe-4a49-9d0e-f6521a720b84,76d05156-35c5-49a5-a007-cc7f5e276631
dcd914a6-c2b7-4d21-8cf6-576ee9840a3c,5b05f898-36fe-4a49-9d0e-f6521a720b84,89cef88c-8f4a-4f1f-9a97-a95388aedb9a
53299498-004a-41bf-932c-ccfc4697229c,5b05f898-36fe-4a49-9d0e-f6521a720b84,7ab9a6b4-1227-4ff5-a9c6-446d25bac72c
23da733b-f1ce-4ce0-919a-6c7add278e6a,5b05f898-36fe-4a49-9d0e-f6521a720b84,f44ad8be-0cc4-4fd8-a270-1809c22dd7c7
4c25b787-d16b-40a5-a1f1-4ea83edd28c2,5b05f898-36fe-4a49-9d0e-f6521a720b84,80872497-f218-414f-9e10-9f559335f132
4e374652-5eb9-4f19-aa84-3bd3eb7149be,5b05f898-36fe-4a49-9d0e-f6521a720b84,afe2fbb2-3864-474f-a8e3-bb10f260d357
20702935-1ebf-4ad9-b539-2c653ca806ca,5b05f898-36fe-4a49-9d0e-f6521a720b84,8cedcb16-9028-41a4-969c-6ac06b34d248
f14ea74d-8da7-4512-b7c0-327b02ffc573,5b05f898-36fe-4a49-9d0e-f6521a720b84,cb071742-5575-4b30-ab79-c138e260ae76
39491346-854d-4096-b930-a7fa1f09126b,5b05f898-36fe-4a49-9d0e-f6521a720b84,b4635c5b-5e4b-4831-8a2a-c3ba458832e1
94741bad-8815-4c39-971a-7101ccd49313,5b05f898-36fe-4a49-9d0e-f6521a720b84,390a9169-3537-4319-86f3-b55ced007bf5
1fac50db-9ee7-456b-b9c2-a899d8ee61f3,5b05f898-36fe-4a49-9d0e-f6521a720b84,8eaaa10e-3aec-459c-8029-eb171d973261
8c45ed32-cbc0-4c13-956a-b6c5462a1763,5b05f898-36fe-4a49-9d0e-f6521a720b84,c85fbe3a-b921-4fba-b6b8-c677b1b934e8
4b70f4f3-134d-4449-907c-c8b67a49bb0e,5b05f898-36fe-4a49-9d0e-f6521a720b84,60512ece-8219-4550-8424-0f6622856b1b
4219bbb2-34de-472a-9b7e-996170ee9a05,5b05f898-36fe-4a49-9d0e-f6521a720b84,ea21f8c3-eb4d-431d-ad80-65ed253f8e2d
1cc6fa30-9851-4895-8035-65fe8a214e68,5b05f898-36fe-4a49-9d0e-f6521a720b84,7ccd00d7-24ee-4f69-8770-7b25138b31a3
20eb8662-6520-41ab-9831-1edb38919bcd,5b05f898-36fe-4a49-9d0e-f6521a720b84,a4f51b69-8e0e-4d8f-bc0b-b305b6dc4eeb
2bb07a16-93b4-4ead-bdfe-8b294baed4f5,5b05f898-36fe-4a49-9d0e-f6521a720b84,22f310f9-d117-4506-aa23-792b79b66321
2e6cb013-6d07-4ab7-8ded-db57f0693976,5b05f898-36fe-4a49-9d0e-f6521a720b84,73caa334-565a-46b7-9778-9a18f39924cc
37f6b155-2a3a-4be9-b783-24638364cc7e,5b05f898-36fe-4a49-9d0e-f6521a720b84,005490ed-154a-435b-8fee-e717a3d9437f
4e1cbf1e-27c1-4c1c-88e2-5fb5d3e4ab1a,5b05f898-36fe-4a49-9d0e-f6521a720b84,7051ece2-0e27-4d92-9924-db98910c4987
47dfbcb6-b1e8-49b0-8ccf-9fae76760ee1,5b05f898-36fe-4a49-9d0e-f6521a720b84,b18c0965-39ed-4d6b-8d39-b01b3fe2b8c6
441934a2-e0ff-4a9c-b731-590a692e1d4f,5b05f898-36fe-4a49-9d0e-f6521a720b84,74fd3524-f269-489b-85f2-5a0a0da733c5
d37ebff9-f62b-4a63-a305-b3540b831a4b,5b05f898-36fe-4a49-9d0e-f6521a720b84,23cd7041-132b-411a-a478-41e7e45f439b
69304ae1-267b-40a9-8fbe-9d8e1c523930,5b05f898-36fe-4a49-9d0e-f6521a720b84,483da293-1809-4a23-9833-34ff4177f640
5634ee63-8ea6-46b5-b56c-7ee81a2f64f9,5b05f898-36fe-4a49-9d0e-f6521a720b84,06d8ad40-2feb-4ca6-9208-ac1a37480405
f938529d-1940-4a0d-bb07-b86d26ac326e,6f618565-d364-45b4-8687-cba16b6c7756,b4e27b4c-d982-46dc-8de8-612a4da95611
24704a32-9b2b-493e-be7a-dde01f983d77,6f618565-d364-45b4-8687-cba16b6c7756,c1c87775-a4fd-4367-8f98-d75772abb491
3160b0ec-10df-4338-b3c0-0b3ff71122c4,6f618565-d364-45b4-8687-cba16b6c7756,f77f6592-01bc-4382-801e-f54f13450ec4
bb63af09-afde-4d8c-a865-d46763c4d1d3,6f618565-d364-45b4-8687-cba16b6c7756,86125666-acd5-46ee-9fea-69bdde363cae
842ced90-ac11-4e92-9667-240da2494045,6f618565-d364-45b4-8687-cba16b6c7756,34bbfd33-25b3-44af-b941-1f46425b1891
cdb131bb-0e76-4cfd-a7ab-5328a519f8a4,6f618565-d364-45b4-8687-cba16b6c7756,852ceb56-f057-4d83-9565-60dd43a98ed1
01b8a618-11a3-410c-bbe4-ddd9def50198,6f618565-d364-45b4-8687-cba16b6c7756,a6910de9-f7b1-4bc9-9657-4932363ff406
20c7f5c0-d907-400d-919b-5857085a8a8c,6f618565-d364-45b4-8687-cba16b6c7756,fa59eb91-32ec-4081-ac09-fd2496fba6b9
a2c5d474-7098-4834-9014-91a23f222e1f,6f618565-d364-45b4-8687-cba16b6c7756,5a4bb0f8-9833-45a9-87ee-02ac340744f6
c6165cb0-2a3d-4fa0-a641-e4a8dbbf3157,6f618565-d364-45b4-8687-cba16b6c7756,5acf7048-de2c-4203-92e2-0f5917ef9f3d
d82c19f4-63a3-4971-bbe8-f0c64fe96644,6f618565-d364-45b4-8687-cba16b6c7756,a883d77b-80c2-452e-8f20-e54901432bdf
bbb94186-8a18-4ccd-83f4-3d612824f730,6f618565-d364-45b4-8687-cba16b6c7756,bbc5c399-801d-4643-bcfc-124036b7d946
6b92afa1-760c-4f1d-8c1f-f3b06e499e31,6f618565-d364-45b4-8687-cba16b6c7756,97fced49-99df-451c-bb05-e4b326e26af1
62e5b27b-8d1c-4df0-b767-44de9b1cf8fd,6f618565-d364-45b4-8687-cba16b6c7756,14cad85e-8866-44e6-afe8-a85910fed105
c6240cbb-1a7e-4a4b-8808-d8c6573b0be7,6f618565-d364-45b4-8687-cba16b6c7756,658e00cb-63be-480e-9466-5c5613d49312
2ea9a3d8-2383-4cdc-b50c-bba1436be49e,6f618565-d364-45b4-8687-cba16b6c7756,272e3e7d-52c6-4198-9bb9-adabd40e4055
95e0a293-0fdb-49b4-be1e-133a6631abd0,6f618565-d364-45b4-8687-cba16b6c7756,cc0295a5-0d66-4b5e-ab96-523618acfe89
695805c4-05e1-4d0a-a57a-6b68d33b4093,6f618565-d364-45b4-8687-cba16b6c7756,86879dd5-f5bd-478c-8462-d6e2b241d88d
a97a3df8-dc92-4dbc-8208-64b4f1736d1a,6f618565-d364-45b4-8687-cba16b6c7756,78f4d894-9c02-4e3d-8251-9d8d91edfd15
c87c224b-f6a8-4bb7-b6c3-b9ef6b22ab00,6f618565-d364-45b4-8687-cba16b6c7756,b2987394-31d5-4c42-b299-4248c69fc018
0735d42a-4351-4d00-870e-c53a949a64cd,6f618565-d364-45b4-8687-cba16b6c7756,8982b9d9-bf07-4ea4-936f-287f161544af
e7ae32a8-a677-45ed-8ece-bc95919a707a,6f618565-d364-45b4-8687-cba16b6c7756,c7ab4568-7577-4bfc-bb27-0926bec0c3ed
df457ed7-1512-4284-acef-49fecae0d78d,6f618565-d364-45b4-8687-cba16b6c7756,13ef7295-d3ee-4662-ab81-effa3cddb58f
dc11cfb2-4953-4b1b-9bb2-208eceeab854,6f618565-d364-45b4-8687-cba16b6c7756,12267206-b6f0-4e94-8d1f-34fd63782769
2e1a0ec8-2b20-4c34-9169-c85b02951dce,6f618565-d364-45b4-8687-cba16b6c7756,0eb10b99-4548-4d1f-a5df-ba366577000a
47a3fde9-5359-4918-a863-b7f9b63795fb,6f618565-d364-45b4-8687-cba16b6c7756,0563ebc0-d7f9-473f-b72a-84dcfabdd83c
55789629-e156-42bf-8e61-141b41c23757,6f618565-d364-45b4-8687-cba16b6c7756,001c4ca5-8d98-4372-bec5-fb66aba77f9a
baae7b42-17e2-4089-b61f-fcd395ab495e,6f618565-d364-45b4-8687-cba16b6c7756,f2971f7d-54e7-407d-b338-cf8fcf184b2d
fda5168b-9684-4e03-9467-8deb02f36344,6f618565-d364-45b4-8687-cba16b6c7756,33a5c19d-91a4-4fb7-9536-16670ba1e5ae
d7c826a5-2c43-480d-aef8-def7efd51b7d,6f618565-d364-45b4-8687-cba16b6c7756,b2ab313b-cb28-4c78-9974-7ee859fef963
77a40cbf-2543-4178-be8c-8c2128875454,6f618565-d364-45b4-8687-cba16b6c7756,b4f572a8-558a-4f8c-8814-2d4e533c2c4d
d25b2fb5-5af8-4b8d-a1c5-45d6ddda94f0,6f618565-d364-45b4-8687-cba16b6c7756,de697f04-3e6d-4a85-8ec6-6d67751ed8f5
2cee0b55-0070-477a-9dde-6d06e1e0d0f5,6f618565-d364-45b4-8687-cba16b6c7756,111537c5-2236-4659-9b78-7e6368e20e2d
b4a700de-6c00-4b81-b84e-591d21a487e9,6f618565-d364-45b4-8687-cba16b6c7756,0c830d4b-f6e6-41e8-b149-691ecd34ba2e
a243dbc0-c725-46ad-bff5-ced52a41cdb7,6f618565-d364-45b4-8687-cba16b6c7756,44876f17-5ba7-4ae5-ba87-05e0af0bde1a
cfddca3b-780f-41fa-bb10-24bdc3061151,6f618565-d364-45b4-8687-cba16b6c7756,c8732773-6366-4f1d-b58c-8112a355dcaf
c1ac5c76-a8e7-42fb-b5b8-bd935e6eedac,9aa29d10-0d4e-435b-b2ea-b8e1c1435ae1,1c2f76e0-5a6e-4b7b-a556-6fc71f321a12
3f49a71f-558f-43b4-8b73-0e8e5d97cd20,9aa29d10-0d4e-435b-b2ea-b8e1c1435ae1,03b1c2a4-3f70-4956-ab5f-7219e43d3361
c33c3e3e-07b0-48f5-8f70-d7600426b4de,9aa29d10-0d4e-435b-b2ea-b8e1c1435ae1,59bc383e-9c53-444b-b2cb-f054ab9d8cbe
362262fe-7bc1-4f7e-b37f-9caeb1e1c3a9,9aa29d10-0d4e-435b-b2ea-b8e1c1435ae1,43466a65-75b2-4fb1-953c-fd1f5fb672b1
19d35956-3d5c-41ea-9b9f-442a7010af21,9aa29d10-0d4e-435b-b2ea-b8e1c1435ae1,f1d1c71b-abf4-4c2b-891e-533cfe1bf6a6
8271313e-6508-4aa3-b7a5-4fba920e1f22,9aa29d10-0d4e-435b-b2ea-b8e1c1435ae1,9b07a89e-1403-4ceb-b23d-efe790e67fb1
970bc7e8-4fb3-4bde-8a0c-3788ee866ab5,9aa29d10-0d4e-435b-b2ea-b8e1c1435ae1,91fc71c9-0c29-4059-b532-69a26680ef22
18b96079-ef6a-4ae0-a7d6-34e6594404eb,9aa29d10-0d4e-435b-b2ea-b8e1c1435ae1,486b71f3-370d-441d-9110-9e03b8bee4ee
ea3c3dc9-9083-49f8-a96d-8187f5161be8,9aa29d10-0d4e-435b-b2ea-b8e1c1435ae1,5b2a2571-eb5a-4cda-ad5f-197ffd2f7096
5e33d6bf-21ef-41f7-83bc-0c639f5c1b3b,9aa29d10-0d4e-435b-b2ea-b8e1c1435ae1,c1a3ace5-b27f-490d-8ca2-2f58665211e6
7063a0f9-c5c0-42a3-adcb-ce40b6ed8afb,9aa29d10-0d4e-435b-b2ea-b8e1c1435ae1,7fe23098-177c-472a-8153-5098b1a1a66c
278f83a2-61bd-4eb8-a265-4cf90722a4d7,a6d4a7c6-b2f5-47a0-a47a-16173e6bacf9,ee468293-6e2a-40e2-869d-70c6ca4635f3
55c55d02-01d8-4ed4-babb-19e4f2083ea7,a6d4a7c6-b2f5-47a0-a47a-16173e6bacf9,60512ece-8219-4550-8424-0f6622856b1b
456234f3-3379-4509-b2ba-92919e010294,a6d4a7c6-b2f5-47a0-a47a-16173e6bacf9,811e68bc-f161-4b72-aa62-c6941af73350
29008101-796c-4bb9-9e09-eb913f30595e,a6d4a7c6-b2f5-47a0-a47a-16173e6bacf9,9aaa1449-9137-4950-ba51-3cbfa72cc6d7
f7711de3-0b85-4279-b05a-d8d93ef6de17,a6d4a7c6-b2f5-47a0-a47a-16173e6bacf9,fbc4c70c-19e9-4540-a538-59fbbc86309e
5beffe92-05fb-42ec-85a7-70a9de980bff,a6d4a7c6-b2f5-47a0-a47a-16173e6bacf9,8f081694-0599-411d-8c6b-ad82fd21eba0
865c78c7-fc65-4a58-a7a3-9da2c938fbec,a6d4a7c6-b2f5-47a0-a47a-16173e6bacf9,17adb8dc-b7e8-4f7a-a7f2-93bd291b58fc
31171f08-b85c-42f3-af25-c138863b4fd6,a6d4a7c6-b2f5-47a0-a47a-16173e6bacf9,0075d4b2-fb7c-4e8c-9350-24f5565a9040
012967fc-09c9-419e-8ae1-120bc6adca08,a6d4a7c6-b2f5-47a0-a47a-16173e6bacf9,53a8656a-5273-426a-8cfb-b638d0bedc24
7755296c-4d15-4702-b485-bb97e4967edf,a6d4a7c6-b2f5-47a0-a47a-16173e6bacf9,0244fc0d-73ab-4540-b1f7-1503e28eb9fd
6ba4bab2-a2a6-4c46-9f44-d72026fef311,a6d4a7c6-b2f5-47a0-a47a-16173e6bacf9,9c957dfd-1b7f-4a14-b9ae-58ee6c2e4dcf
96175895-ca95-48c8-8470-6b132dead7b5,a6d4a7c6-b2f5-47a0-a47a-16173e6bacf9,bfed9f48-e300-41d0-ab3b-b25aae9b6e59
dd025eb4-8293-4350-86e1-cde3a3786768,a6d4a7c6-b2f5-47a0-a47a-16173e6bacf9,9d6dca0f-1edb-4eca-a96c-b00cb4ec3cbd
c49dbf5b-661b-4467-9751-652b72951663,a6d4a7c6-b2f5-47a0-a47a-16173e6bacf9,729b7344-5ca4-472e-814c-21873e43cced
b6a809e5-6de7-4d9f-b036-a106991d2ff1,a6d4a7c6-b2f5-47a0-a47a-16173e6bacf9,30803bce-347c-4abb-b380-7bb420e81ebf
1d846bbc-cd63-4062-99c2-a137ffe890f8,a6d4a7c6-b2f5-47a0-a47a-16173e6bacf9,fe2ce909-e8f3-4136-ba20-21074019e19a
d803d78a-5f1b-4f2a-b27c-36fabc53b9f9,a6d4a7c6-b2f5-47a0-a47a-16173e6bacf9,6760864f-a0b1-475c-a697-459e88efe01d
7a73a205-fb3a-49c0-a308-69db65af6dac,a6d4a7c6-b2f5-47a0-a47a-16173e6bacf9,db62b66a-f317-4f46-afbe-c58278e58fbb
575212f4-69a3-43e6-8bba-1af412facebd,a6d4a7c6-b2f5-47a0-a47a-16173e6bacf9,5b605aad-b264-4267-8905-22cfada89130
4964a885-1804-4be4-9303-9400377ee508,a6d4a7c6-b2f5-47a0-a47a-16173e6bacf9,e1ccbb7d-b02f-4b06-8939-6b3035b88fac
72dec25d-0562-41cc-b19a-eec7d2e9cf41,a6d4a7c6-b2f5-47a0-a47a-16173e6bacf9,fb334f36-07d3-4421-83fa-bad62dce55f3
6efb5282-d0c6-482c-9ab5-d64e8b1fc104,a6d4a7c6-b2f5-47a0-a47a-16173e6bacf9,66e00777-64d5-4a81-8711-f062cc689890
cf3626ad-a9e3-423f-bb72-30fa4dbb4b11,a6d4a7c6-b2f5-47a0-a47a-16173e6bacf9,bae06e1b-1f5a-4064-8cb2-25a8667fa7f0
0338c108-ef43-4622-b099-d351a67babe2,a6d4a7c6-b2f5-47a0-a47a-16173e6bacf9,ef4fb80d-54c6-4b81-84b5-7aa00e15a62b
e759a034-afa2-477a-a078-fa61437ff981,a6d4a7c6-b2f5-47a0-a47a-16173e6bacf9,15864c72-ddee-445e-b278-a6fe8d5576fa
4078f506-49ab-4e87-b6c2-cae928ccfd3c,a6d4a7c6-b2f5-47a0-a47a-16173e6bacf9,58d6836c-f76b-458d-aa5c-24501e589623
b55bc149-31d1-473b-967a-9cf942349903,a6d4a7c6-b2f5-47a0-a47a-16173e6bacf9,e86baea7-5488-4440-864a-ac3508dc588f
89be1ece-be30-43a0-a634-a3a9832098b5,a6d4a7c6-b2f5-47a0-a47a-16173e6bacf9,499b9be8-d224-4b95-92a8-a38b1e8f74d6
b451276e-f82a-459e-866a-6ee651239d41,a6d4a7c6-b2f5-47a0-a47a-16173e6bacf9,99606f70-12e1-42c2-bfff-d2d487be6735
68fca7f0-e101-4b3d-bdf6-3ed4f78847d6,a6d4a7c6-b2f5-47a0-a47a-16173e6bacf9,fd78c252-8384-48a0-9f15-7207b28737ba
ac528387-1382-48dd-929e-fd4e03e357bb,a6d4a7c6-b2f5-47a0-a47a-16173e6bacf9,01bfa87c-7b58-44db-b7c5-f062962cf03d
4833f06d-ab09-4f14-b4e1-9582513d41d2,a6d4a7c6-b2f5-47a0-a47a-16173e6bacf9,99359d67-0493-4a9d-aa2c-82448da2515d
21fb1b26-d6f2-471e-8543-ba80c0756610,a6d4a7c6-b2f5-47a0-a47a-16173e6bacf9,953486e4-43f5-44eb-a891-59e67f885cdd
43d24a4c-2e48-4282-b591-1b191faeea4b,86061c5f-b4f7-474e-b6af-3a854dea4217,8ed0be13-8247-4f94-8108-8854af4d918b
40b0de01-4ed0-4537-ad1d-17c6e866c26a,86061c5f-b4f7-474e-b6af-3a854dea4217,c5afd297-2560-4255-a6e6-86bc0853ff81
02fa00b6-c439-4c7f-9170-03570c824b06,86061c5f-b4f7-474e-b6af-3a854dea4217,7b5dfbd9-606b-47c6-b773-95755cd9c8d4
512449dd-e54e-4301-b241-ca65b4220382,86061c5f-b4f7-474e-b6af-3a854dea4217,b80fb47a-b918-4fa5-9a65-d96e2e666213
681ef6cc-e877-4616-902b-20df2f400ecb,86061c5f-b4f7-474e-b6af-3a854dea4217,68e8e8f5-9b9e-4f26-b8ff-dd18d343b665
314713aa-4345-42a5-a7fb-cff969048ec5,86061c5f-b4f7-474e-b6af-3a854dea4217,fcb3791e-9b44-4da5-b472-2065d0c8701f
e69f2a45-f029-4b5b-aeee-1cb108489d5b,86061c5f-b4f7-474e-b6af-3a854dea4217,31db2200-074c-40f2-b9f6-8e6f387d6f3f
dc8fd4b2-a316-4646-9d40-03e28f140294,86061c5f-b4f7-474e-b6af-3a854dea4217,737d7eb0-b90d-4bb1-8a85-4ca9f6334a7b
9056d27d-94e2-4eee-8a52-ec3c90651e06,86061c5f-b4f7-474e-b6af-3a854dea4217,fd134262-0cd7-44d9-9884-d2103b133333
2e2c8f66-abbe-42d3-aae0-98ad78defd45,86061c5f-b4f7-474e-b6af-3a854dea4217,5acb4180-bb14-4a9b-8203-3ab77b88771f
b1214ec3-bf17-4714-a0de-6a41859071de,86061c5f-b4f7-474e-b6af-3a854dea4217,3c95b094-a982-439b-93e7-cae40565a88d
0baef9c2-f564-47b5-ba9b-cce51e3147c9,86061c5f-b4f7-474e-b6af-3a854dea4217,27e480d1-23b5-4bee-8cd6-d033c263bc77
393e5410-caa7-46d0-be43-f6d94d2309b5,86061c5f-b4f7-474e-b6af-3a854dea4217,5d3cc74a-a346-483e-9158-27e95fb83bf2
d125791f-7c92-4d33-998f-d29f78ee1bd6,86061c5f-b4f7-474e-b6af-3a854dea4217,a6771068-d16f-4811-8226-1909ea64358a
ac0389ac-e083-4cd8-b8d9-70c501515b38,86061c5f-b4f7-474e-b6af-3a854dea4217,35eb3596-9cb8-4877-8eeb-3aa76b90e169
82a0efa6-c5ca-43ce-b4a8-821561c724e2,86061c5f-b4f7-474e-b6af-3a854dea4217,00765231-1165-4cdd-9ecb-5920efc5dd61
281fe779-a250-4c75-8d9c-4ff56966ac69,86061c5f-b4f7-474e-b6af-3a854dea4217,d6adf849-1e2a-41da-8bd0-9221997e6be8
6cddc6f7-de9c-4956-8c66-b86759e7fcf7,86061c5f-b4f7-474e-b6af-3a854dea4217,8324c137-f3ef-4851-b3fa-5f9928c36ba1
729631ad-6ce8-4358-81c8-afb7a098d790,86061c5f-b4f7-474e-b6af-3a854dea4217,d36141f2-18b4-4a7c-8125-b6889b0463dd
49660608-accc-4776-b585-2319b643d022,86061c5f-b4f7-474e-b6af-3a854dea4217,b3665633-ea12-4553-a648-f5d816b76747
2b58fdee-a163-424e-9f19-64c2c718225c,86061c5f-b4f7-474e-b6af-3a854dea4217,5b18b28f-4e4e-4d6e-9cbf-d536f25d1dbe
e4488d01-4054-42d7-9cc7-8ebedbe64820,86061c5f-b4f7-474e-b6af-3a854dea4217,be59213b-0d32-47dd-b496-ae66877c3ab0
69ce5934-b8a5-4ecc-95ad-5f9e93a494af,86061c5f-b4f7-474e-b6af-3a854dea4217,23092a5a-2c9e-4f6e-a6c5-8a805f9c154a
d9bfebb0-9215-49c4-967e-42ff3cc4c4e2,86061c5f-b4f7-474e-b6af-3a854dea4217,965a5254-0b78-4671-8d87-02d633f9ea12
2af66173-9274-491c-a00a-0cbb2610bbe5,86061c5f-b4f7-474e-b6af-3a854dea4217,f6ca7146-a069-4558-bc7a-4f7c2eeed427
c247b13d-156e-47fd-867c-37ea38d0f890,86061c5f-b4f7-474e-b6af-3a854dea4217,5fd60588-011b-4fae-b316-d5397cff320c
76ba024a-76df-47bb-8e37-eabe61972df7,86061c5f-b4f7-474e-b6af-3a854dea4217,206760e3-0149-4a26-95cc-0e99abace01c
43fb14f6-dac9-4143-8e13-4db9dc223eab,86061c5f-b4f7-474e-b6af-3a854dea4217,0a8f7c90-0e95-4b96-be1f-a12297b136a6
8352ec93-246a-4a35-82a6-e02fd8586ae7,86061c5f-b4f7-474e-b6af-3a854dea4217,c0fa6704-6f9d-4ea1-b7c2-74f8bf453a9c
96c3f083-6fb1-46d5-b9f2-f1fef70a0ab8,86061c5f-b4f7-474e-b6af-3a854dea4217,e3b6100f-1fc7-4b70-99ba-fa69d6858403
18819026-e6de-450c-956f-9c4e9e19f9f7,86061c5f-b4f7-474e-b6af-3a854dea4217,087b9fda-82c3-42b3-8fa9-2ea2f3024369
ccd12577-9fc3-4a60-9c81-6bb0a5b1938f,86061c5f-b4f7-474e-b6af-3a854dea4217,c38bbd31-f889-4d02-ae8b-06f8a2613705
21dab113-1113-4f00-b70f-34865c01ab80,86061c5f-b4f7-474e-b6af-3a854dea4217,cb04ac58-0360-4ad0-a5f9-e5eac091e095
7c33bca2-9176-4589-96ff-48307d7b2c95,39ac38ff-767b-4652-8cc2-02500f514963,91a1ab57-662a-4219-b579-9e98b2bb18e2
47e33572-0da6-48be-85e0-069f04b366b5,39ac38ff-767b-4652-8cc2-02500f514963,673280ee-950d-46b5-99f2-bfefb1db4390
e5abfc4d-1764-4976-8a18-80c5d9845111,39ac38ff-767b-4652-8cc2-02500f514963,41ab20ce-ffb0-4dcd-8417-0edaeb7d172b
dc202cc5-a508-4b7b-aadf-b64b9e3325be,39ac38ff-767b-4652-8cc2-02500f514963,ddfbb729-f532-43da-a5df-f9e77050bb64
8c54dd16-a6e6-4e79-862b-c742e6da8ffb,39ac38ff-767b-4652-8cc2-02500f514963,af6f53fc-47a7-4b36-bf8a-265dcd8c6c54
69a32dce-d729-4e9b-920d-3c76974775c2,39ac38ff-767b-4652-8cc2-02500f514963,256f693b-199b-4544-a373-77af73cc1841
8c793819-cfb1-448c-9c05-7aaf2245938f,39ac38ff-767b-4652-8cc2-02500f514963,60d05181-04f3-4188-8d76-e5ed5354be0b
90fa780b-6509-4c54-8a94-6b1a9d924066,39ac38ff-767b-4652-8cc2-02500f514963,4133136c-ce6c-4403-9668-68b1d3adfeed
24860f9d-4a23-4f0a-84db-414f00a970d9,39ac38ff-767b-4652-8cc2-02500f514963,712d5435-abf4-4a07-bc80-a5296bbb7ded
e01c1eb2-3c95-449f-b514-4ab3dd179538,39ac38ff-767b-4652-8cc2-02500f514963,954bac23-b093-45f2-9134-4c4497323b3a
50e410b6-f427-43cf-abd9-9bb47b24364e,39ac38ff-767b-4652-8cc2-02500f514963,b2caf477-4ce8-4f67-a947-6b461c4639de
6a28fd2e-dd0b-419f-a9de-1cd9189d3306,39ac38ff-767b-4652-8cc2-02500f514963,6425e1a0-c119-48d2-b37a-055090b36830
780d25b2-9906-4264-88e9-228f3ad75df1,39ac38ff-767b-4652-8cc2-02500f514963,b80fb47a-b918-4fa5-9a65-d96e2e666213
e6e0b022-d5ba-4a57-b236-6714c47de318,39ac38ff-767b-4652-8cc2-02500f514963,e637b67a-6b97-442a-93ef-c4fd5318a233
7a2ec3ee-6b3e-4eea-a0b3-1fbe15d5b790,39ac38ff-767b-4652-8cc2-02500f514963,c8b4ece8-ea8a-4a3c-b03b-df09738356ea
996abaf5-f317-4deb-9091-b47148f0139c,39ac38ff-767b-4652-8cc2-02500f514963,36a2dd70-9b12-4c7c-be52-f238891c3a83
617e48d9-3cd4-4121-93ff-90a5ebece94c,39ac38ff-767b-4652-8cc2-02500f514963,7196e043-b167-4bc3-9f8a-bf56697bee03
06acf608-4e26-42d6-8a6c-d6a1685f9ab8,39ac38ff-767b-4652-8cc2-02500f514963,f2f7ee2e-cb04-4aed-b068-73b38fa58970
a0b8874d-b8f4-4a97-b87b-a1aba06d980a,39ac38ff-767b-4652-8cc2-02500f514963,cf014eca-d61c-4994-ad73-4c55233b323a
3c4801c2-b31d-4977-86d2-21a97468a219,39ac38ff-767b-4652-8cc2-02500f514963,bdd3db63-3921-4454-bc0a-81b5365e4075
f8bcbb99-37ec-4124-8d5a-507285c5eadb,39ac38ff-767b-4652-8cc2-02500f514963,73df19c4-c355-4ce1-a0c5-9d587ed0be66
b2cd3f4e-bcc8-40d6-8845-f676e35c934b,39ac38ff-767b-4652-8cc2-02500f514963,2c0caa1d-05f9-4ac5-ac1a-56cfb08806ed
ba983fa7-4f0e-4a89-a014-781a7c0a3f27,39ac38ff-767b-4652-8cc2-02500f514963,6930d658-5e05-46cc-ac8c-4b3581681ab4
6c3bfb3a-6323-4ced-ad66-7ad2e64cb518,39ac38ff-767b-4652-8cc2-02500f514963,7a57d9a6-ac1a-47ea-88b5-4c66789bac3f
372be406-e869-4a86-999a-806ad0b978f4,39ac38ff-767b-4652-8cc2-02500f514963,92e274e0-9edc-47a2-83be-4a47028dcc77
3c96079a-beb7-4d48-8486-09fb5c00e545,7348f47f-3a20-4c4c-94f8-961b425ee247,b2987394-31d5-4c42-b299-4248c69fc018
74cd8e2b-5b64-42cf-af0f-53f0bd445279,7348f47f-3a20-4c4c-94f8-961b425ee247,720b6baa-bf17-459f-b751-526054caa947
2fe476e0-446a-4002-8985-98a48d2c7075,7348f47f-3a20-4c4c-94f8-961b425ee247,e9ed9b5d-3f62-4f85-b5e9-2a62911eb4c1
a89334c1-20b4-44f7-9161-9df3c5773b82,7348f47f-3a20-4c4c-94f8-961b425ee247,1ce509f1-c4c4-49b4-845a-3516e663197c
f5dba5f8-9737-4e13-815c-53b084130999,7348f47f-3a20-4c4c-94f8-961b425ee247,d5420de4-0582-4cf5-99b8-958870b23499
9140ad77-2b22-443a-a96a-5e83ae9b5d05,7348f47f-3a20-4c4c-94f8-961b425ee247,fcead552-4ec4-4881-9108-f85b670bcc55
cfd6da4e-746e-4553-95eb-f98973158d37,7348f47f-3a20-4c4c-94f8-961b425ee247,f6ca383a-3277-416b-a105-0d47139510c2
08305f6a-e73b-4db2-8d55-ce51cf6825d3,7348f47f-3a20-4c4c-94f8-961b425ee247,73efd6d8-ccf7-486a-b1bc-b377795a9393
a19bd532-fa40-4cb2-9663-3904130135ad,7348f47f-3a20-4c4c-94f8-961b425ee247,a4fe6284-39f7-4395-a52f-a421e43c5955
1891a86f-7da1-413f-a5da-83fac8560ada,7348f47f-3a20-4c4c-94f8-961b425ee247,76f3f139-ad6f-4b15-88d3-a71577fb6d3a
7f5eefb1-d97f-4d02-af02-e6a2eee49222,7348f47f-3a20-4c4c-94f8-961b425ee247,fb192c8b-084c-4a55-b64e-51dbe70037e4
d7caf341-1a45-4a83-a0f3-d2dfd2b22931,7348f47f-3a20-4c4c-94f8-961b425ee247,c7909b79-1bda-48eb-bd03-ce54d633305a
14c99f3f-c8ef-4af4-8768-451a9aae1725,7348f47f-3a20-4c4c-94f8-961b425ee247,6bdcefbf-8bab-4310-92bb-b56c15163e33
32840762-4da6-40dd-ae04-e0e060c2a1dd,7348f47f-3a20-4c4c-94f8-961b425ee247,a1395381-663d-48b0-92be-f3f82cd3c8b6
3f5de0ff-cbb9-478e-9f63-d5dde11417ff,7348f47f-3a20-4c4c-94f8-961b425ee247,cf821937-c4c4-4a2b-933d-f72b49b79d6a
f4c77ed7-25aa-42e3-b7f3-90a2de75ada6,7348f47f-3a20-4c4c-94f8-961b425ee247,e42fe8ce-9d8d-446c-8237-1813e2e49461
c1539ef3-18ee-4a28-b2eb-22d3970aa970,7348f47f-3a20-4c4c-94f8-961b425ee247,805371a3-7cdf-4a45-8a6b-17c299ac7430
e6456e2a-9e15-492d-81b0-ed2c37c7f016,7348f47f-3a20-4c4c-94f8-961b425ee247,a1fdcce6-b4e6-457c-9ad1-7a1aa91c0215
8843319b-72c0-44bb-b21a-d9eb89f72adf,7348f47f-3a20-4c4c-94f8-961b425ee247,eabe19ac-5975-4eba-80aa-98054f30c24c
66a0cddd-2706-49dd-99c6-2a2ffed86d43,7348f47f-3a20-4c4c-94f8-961b425ee247,147b1ec2-f414-4141-985d-49b023dad11e
a4e9bd1b-b321-4b66-b91b-8c501375fa65,7348f47f-3a20-4c4c-94f8-961b425ee247,6bb52d96-55a1-4d3f-a5a3-8048e25b95bd
9be28fae-fde9-4ea9-8878-a3171f480c3d,7348f47f-3a20-4c4c-94f8-961b425ee247,227fea47-4c9f-4f57-97a1-ef2e6dd5ae13
99c32b42-94ed-4f26-981d-6528684b4f39,7348f47f-3a20-4c4c-94f8-961b425ee247,33c280e6-8e1c-44da-810d-fa3ae9d125d9
ddf22984-9633-44dd-a59d-d015ae678ec4,7348f47f-3a20-4c4c-94f8-961b425ee247,ac092f65-bc5c-419d-b9ca-2fe643994818
bcd60faa-d460-461c-b66e-9000cc3d9451,7348f47f-3a20-4c4c-94f8-961b425ee247,f2f7ee2e-cb04-4aed-b068-73b38fa58970
35629491-356a-47da-8056-c4d637f2c62d,7348f47f-3a20-4c4c-94f8-961b425ee247,7606433c-4233-4457-98ad-97bdc1b5372e
65df567f-a268-4ff5-be08-f84b996108de,7348f47f-3a20-4c4c-94f8-961b425ee247,58d492e9-d50c-4299-ac84-0a12437b9d4f
02d57f1d-38a4-447f-9889-e3f56fbe925d,7348f47f-3a20-4c4c-94f8-961b425ee247,003ad6d1-6a1a-4c9e-af19-603fdf12cafc
c09f71eb-a174-4419-b3fa-f64e33b3cbab,7348f47f-3a20-4c4c-94f8-961b425ee247,5e932b25-e5cb-4675-ba51-cc7979447408
30ed2eeb-5282-4f36-b9c8-4b429b4da9e8,7348f47f-3a20-4c4c-94f8-961b425ee247,27e480d1-23b5-4bee-8cd6-d033c263bc77
3e7f6507-2119-4ed3-be40-90427139266f,7348f47f-3a20-4c4c-94f8-961b425ee247,6d230d02-d438-4f72-9aee-66b0db1b314b
1c78d9c9-e8a3-4183-a24b-208804e00af4,7348f47f-3a20-4c4c-94f8-961b425ee247,d4c2d79f-33eb-4819-b68f-a7a286ff2261
cb8f2a15-3757-4dd6-a656-a75e8fc4ff91,7348f47f-3a20-4c4c-94f8-961b425ee247,89c11627-7fd0-4db7-ac28-f866ae3c4fff
2d436171-6e90-4494-a12e-e1717c47a7dc,7348f47f-3a20-4c4c-94f8-961b425ee247,b284f220-a6a4-4e6b-9531-3cd7f83083cf
59e1e371-797d-4ab5-a7f6-89faecb66962,7348f47f-3a20-4c4c-94f8-961b425ee247,03e7c6e2-f2fd-4678-9fcb-3297e74f2345
4fa7119c-f14e-4303-9239-18d0c4fc9cf8,7348f47f-3a20-4c4c-94f8-961b425ee247,b0713c8c-2a2f-4388-a325-01c5086348fc
147f272c-d114-4cb0-b52a-962c950c9ccc,c7d947b5-de78-4f66-b1a8-8d10b1b97b45,ba80083b-e531-4b54-8d31-d0177a67ba97
9efb41ef-d63d-4eab-a51a-b4f27488a6c1,c7d947b5-de78-4f66-b1a8-8d10b1b97b45,cc029cd3-2cb5-4767-a90c-4c09fdff11c4
20a41032-f32e-47ee-8225-a52e759b1a1d,c7d947b5-de78-4f66-b1a8-8d10b1b97b45,1956636c-8acc-4b9d-aa05-edbbabc63fb2
668ffb53-6480-43cf-80f7-171c540fb6e6,c7d947b5-de78-4f66-b1a8-8d10b1b97b45,b0713c8c-2a2f-4388-a325-01c5086348fc
4cd7aff0-ad82-48f2-8515-58cd7230dec4,c7d947b5-de78-4f66-b1a8-8d10b1b97b45,7e123c46-3cc7-4d58-8528-c14bf01aa644
e5a704c8-180a-4934-8ead-4c2f7af99aad,c7d947b5-de78-4f66-b1a8-8d10b1b97b45,5f610c69-010f-4362-92ce-88f0e020fe19
5984ac6d-10f6-43ad-92e2-753f32403b84,c7d947b5-de78-4f66-b1a8-8d10b1b97b45,be85df2a-18a4-46d1-8ba3-ae56eacc354f
73f7c5eb-5ea9-4d59-abeb-33084d271aa3,c7d947b5-de78-4f66-b1a8-8d10b1b97b45,a0a4b15b-2c6c-4f31-a952-01589cbc65cd
fc43e65d-3cf7-4c45-8f91-d30815a0b2c2,c7d947b5-de78-4f66-b1a8-8d10b1b97b45,1ddcab20-397d-4652-b505-341a1628f271
e6644315-c5eb-4b3e-a617-93aae1f82d13,c7d947b5-de78-4f66-b1a8-8d10b1b97b45,7ed167f8-643e-4b6a-a34e-e4615155e60c
03102af6-408b-4d59-b11c-1d99b0238ad3,c7d947b5-de78-4f66-b1a8-8d10b1b97b45,e95dd2f8-a78b-411f-bfe4-18b1fe87976f
2f91e5c9-9948-435c-86f2-a27028425b1f,c7d947b5-de78-4f66-b1a8-8d10b1b97b45,f399e104-6763-4ec6-bc13-8e77ccefe408
6187819c-2115-4d82-9cbc-4575e24be8b5,c7d947b5-de78-4f66-b1a8-8d10b1b97b45,72fc9f60-7bd2-45ef-a092-bd89589d96b5
ceb3f0cb-105a-4a7e-9b7f-adfde0d25d93,c7d947b5-de78-4f66-b1a8-8d10b1b97b45,994c0c13-075b-4a8d-adcd-b0a756818ce9
432b10ae-127c-4b7c-bf85-d6bf89f736f4,c7d947b5-de78-4f66-b1a8-8d10b1b97b45,3380274d-a218-461c-9004-9e1ea994f042
bfd724f9-5303-4ff1-b59d-b167e4daeef4,c7d947b5-de78-4f66-b1a8-8d10b1b97b45,e51b5c43-d02e-417d-babc-66c8eb0e4bc1
8d70bbdb-7281-41e6-a068-c96898ba3299,c7d947b5-de78-4f66-b1a8-8d10b1b97b45,511b25f4-3b4f-44e5-ac5b-6e069d7b0c75
35db995f-977d-4bfc-944d-73d23b1c7f02,c7d947b5-de78-4f66-b1a8-8d10b1b97b45,6988e912-ea23-4d13-b13f-a01926d90cd1
d973f308-b25a-490b-8921-fd6d7f9e4859,c7d947b5-de78-4f66-b1a8-8d10b1b97b45,17adb8dc-b7e8-4f7a-a7f2-93bd291b58fc
aaadcbd5-d8ec-47b0-b63c-0d7afc5e0080,c7d947b5-de78-4f66-b1a8-8d10b1b97b45,5c71b9a2-9a53-4366-a577-88f13417c090
2f404dc3-4b40-4f62-be00-2f1ca00b51df,c7d947b5-de78-4f66-b1a8-8d10b1b97b45,bfed9f48-e300-41d0-ab3b-b25aae9b6e59
b3dd2a0e-dc29-4498-abb0-7202af7e2d59,c7d947b5-de78-4f66-b1a8-8d10b1b97b45,22e34c69-eb54-48e5-a071-84cba2de1726
849e0fa4-1b82-44ad-b87a-6d3b39d36b88,c7d947b5-de78-4f66-b1a8-8d10b1b97b45,34d69f7b-626a-4d45-9ed3-90ceaef8663e
719ccad7-3202-4398-a42f-ace73732e6a3,c7d947b5-de78-4f66-b1a8-8d10b1b97b45,74b1ed9c-70ce-414f-bfea-5aa288e4e9e1
d68d050c-df6b-4a9f-b026-eb1d60b440cf,c7d947b5-de78-4f66-b1a8-8d10b1b97b45,75531163-4b19-4251-bdb9-69e7831d5765
23cac1bf-6d24-4d30-8894-dbc95fd95a1e,c7d947b5-de78-4f66-b1a8-8d10b1b97b45,a2562f28-08ac-41de-a04d-15a60db78116
9d624ad1-e175-4141-84fc-9bf0763138f4,c7d947b5-de78-4f66-b1a8-8d10b1b97b45,a3e9df9d-2564-46f1-af11-18b1c2c89a06
43cc3ae7-655c-40cc-8586-cb774fbcbe3e,c7d947b5-de78-4f66-b1a8-8d10b1b97b45,0db7f1ab-2861-489d-b031-ded94918f748
a51b7185-33f6-4977-93f0-858a74fdf55a,c7d947b5-de78-4f66-b1a8-8d10b1b97b45,79282b5f-f01c-47d7-836a-1c165c2abffe
2d0dd333-b6c3-4910-b853-cec57553cdbc,95fce37d-5b12-4377-82c4-0b18bfb238a3,1f04b601-e5af-4940-89c1-23ffae97556c
06340b53-2423-4603-82c6-87e3af201e2a,95fce37d-5b12-4377-82c4-0b18bfb238a3,4acb22c9-9606-4724-befa-12e145f50887
94da3797-556e-4c0c-af0e-ba8ecbe9025d,95fce37d-5b12-4377-82c4-0b18bfb238a3,e64427ab-a502-4d99-ac27-1663d4c84b65
7c59d6f4-77fe-4781-94e3-d5a2cf449934,95fce37d-5b12-4377-82c4-0b18bfb238a3,e4491fb3-0897-4d48-a976-3c8c32b50c74
ffce38e2-0cfa-4a6a-a164-8cf3ac6a4c27,95fce37d-5b12-4377-82c4-0b18bfb238a3,e8a8808b-6a5c-4b5c-82ac-f95f603a39c3
76918f78-0ab9-4e38-bcf4-52b89d773230,95fce37d-5b12-4377-82c4-0b18bfb238a3,659cb41e-3c49-4c16-81fa-752df29325ce
4a39e46f-b54a-4fb8-aa87-59930a06ad3a,95fce37d-5b12-4377-82c4-0b18bfb238a3,ae5ddab2-4edd-4e5b-8092-db64a41e8cbc
e8e5b3ab-6113-4dff-9152-2bc60288c3ee,95fce37d-5b12-4377-82c4-0b18bfb238a3,aa035cf2-45b4-417b-8dcc-187294c91eba
46db0d6e-26dd-4da7-9fbd-99ce09df9da1,95fce37d-5b12-4377-82c4-0b18bfb238a3,0785c909-23bd-4ac9-8657-0390fa65bf31
39331881-b75c-48fc-8fbd-1f4ff748588d,95fce37d-5b12-4377-82c4-0b18bfb238a3,8be3c2e3-2849-41d8-a808-16290191a2c0
2befe057-5497-4d3c-890d-60487c1ce443,95fce37d-5b12-4377-82c4-0b18bfb238a3,25e0d260-67b4-40a5-84b5-c9daceae96e4
2950fc25-5987-4501-9895-a5fc35e7279f,95fce37d-5b12-4377-82c4-0b18bfb238a3,72554706-2b9b-4c54-a558-e0c17863dcf1
a37c4fa9-da7d-4839-9c32-19c0acb5d763,95fce37d-5b12-4377-82c4-0b18bfb238a3,7ed8c960-04fb-405d-bc66-dcd786611b09
3725f884-899e-42ab-8ba0-88484b781c51,95fce37d-5b12-4377-82c4-0b18bfb238a3,c032296d-ba63-4142-9339-9bbd09fe946d
90474829-787b-47a5-9be5-34bb6da59068,95fce37d-5b12-4377-82c4-0b18bfb238a3,99fa91e5-dde0-4be4-86df-b69db8f53cca
e65682f5-d16c-4416-a3ab-2c81d8daf549,95fce37d-5b12-4377-82c4-0b18bfb238a3,3d44b645-c806-4673-b91c-fdfeef0da8e4
f35e9d55-e10e-4419-b8dd-d95a3e691934,95fce37d-5b12-4377-82c4-0b18bfb238a3,bae06e1b-1f5a-4064-8cb2-25a8667fa7f0
663d4e53-7401-409a-8c05-6cf03451c9e0,95fce37d-5b12-4377-82c4-0b18bfb238a3,aefa1044-54bf-46e6-b4e5-5545ab1804d4
91aa71ea-07e8-4f9a-a048-59950aca6516,95fce37d-5b12-4377-82c4-0b18bfb238a3,a8161794-84fe-4052-a5ba-fbf18fe9d196
e8c00bf1-8e28-4102-8197-11f2a0ab70df,95fce37d-5b12-4377-82c4-0b18bfb238a3,8dd298dd-456e-4d0f-8a2f-c03ee635026c
1a8a55a4-2b81-4879-9810-f2f2428a2e25,95fce37d-5b12-4377-82c4-0b18bfb238a3,38f9cb5b-9da7-4f75-959c-66e8afc9ae3c
4484e094-b029-479d-871b-b82b96864bf5,95fce37d-5b12-4377-82c4-0b18bfb238a3,c08648e5-88aa-45d0-8d63-a8a08fb44f72
11ddc79c-848c-4f7f-a79e-f5b0580fcd5c,95fce37d-5b12-4377-82c4-0b18bfb238a3,7ea1cd36-484d-4a94-b9e1-c64afa848ed9
61f7a040-4428-4184-be82-e21b59178729,95fce37d-5b12-4377-82c4-0b18bfb238a3,9fc4a415-3b24-4ac5-bc20-974b8d49d52b
127944ed-586a-4136-ba31-3d66b6a06167,95fce37d-5b12-4377-82c4-0b18bfb238a3,206f4236-2d3d-4db0-b562-355122d26c4a
b75eb800-982d-4044-8ae4-709b14971bb2,95fce37d-5b12-4377-82c4-0b18bfb238a3,ea68aaac-fc77-4415-9cbe-f4ae69ac6118
ec6bcde8-31c9-4213-9245-12333b101dc9,10effbd8-0d74-4711-bbb4-92e440ede1ab,b89bdbf3-75d8-478c-a444-8e518e044f2f
26476678-280f-40a6-a038-7471f90c1880,10effbd8-0d74-4711-bbb4-92e440ede1ab,a41306f8-6675-4c33-9fce-3d122d5357e4
a35af0e3-34ef-4a2f-8cac-f55cae3a8c30,10effbd8-0d74-4711-bbb4-92e440ede1ab,ee1e026a-5cc8-439f-8fac-2d410547cc06
e82d862d-bc3a-419d-9035-3ae12a4eed9c,10effbd8-0d74-4711-bbb4-92e440ede1ab,e4731fcd-62b8-41fb-b40a-d33a723318f8
5130e4ce-951c-40b2-b95a-7bbcb0d2ff56,426123df-d424-40e7-9d38-c3193f166742,159ccf20-808e-44ba-b243-59f93551915a
498d2540-525d-4658-a725-54f983863595,426123df-d424-40e7-9d38-c3193f166742,f515f99e-9539-49c0-90bb-19d527e28af4
3787a3a0-4638-47aa-b261-bf920a033731,426123df-d424-40e7-9d38-c3193f166742,ccb4d77b-78a0-4aa9-b46f-31ee6dc769b1
0051392c-100e-46f3-b4df-cfecae8a2120,426123df-d424-40e7-9d38-c3193f166742,1deadaa1-3081-49a1-9cef-97ac988c5774
bd2d206c-ed76-4f00-93fd-467e3adf53e3,426123df-d424-40e7-9d38-c3193f166742,4081194c-f72d-4e8d-bcca-0dd75c6bc121
931b11db-befc-4c32-9d7c-87a9f3fb19c6,426123df-d424-40e7-9d38-c3193f166742,30e2be34-6ad3-48ea-9484-941732801078
b2ac3c8b-e9b5-4e62-949f-74269c7b6600,426123df-d424-40e7-9d38-c3193f166742,4133136c-ce6c-4403-9668-68b1d3adfeed
b112b410-2316-4fcf-b778-8bafa0ab75fb,426123df-d424-40e7-9d38-c3193f166742,efada913-92b6-4fba-a0be-1fe4360c7725
12978b39-96e3-42d6-9556-0052e23a69c2,e8aba31d-3650-44e4-8d20-6b0f559a8846,f95a90b4-1e8d-43d6-a382-98ed757194fd
d0103ba5-7e6d-4f12-a548-096dc8c7296c,e8aba31d-3650-44e4-8d20-6b0f559a8846,f5ec2cbf-c6e5-43be-a72d-fe5e6a0f4cdc
b318de45-7e40-402b-8b53-14113beb091d,e8aba31d-3650-44e4-8d20-6b0f559a8846,342cfc37-ebc4-4a07-8972-e440dff74f8e
168e2c22-9d0b-4534-bd56-ab5a6547d982,e8aba31d-3650-44e4-8d20-6b0f559a8846,25e0d260-67b4-40a5-84b5-c9daceae96e4
2f5ecbeb-b46c-41f5-b72e-5e4ebe01b750,e8aba31d-3650-44e4-8d20-6b0f559a8846,7417fda3-23a1-4573-828c-f7f438bde64d
155f52ea-7aa9-485e-968f-5c96dd1f2327,e8aba31d-3650-44e4-8d20-6b0f559a8846,ac5011ca-15ef-4d33-b812-4ed99e8f4f8f
c62682bb-47c6-428a-9b26-8acfbac26682,e8aba31d-3650-44e4-8d20-6b0f559a8846,90e55ad0-d628-4381-91c4-725d501b6fc2
5c29ab85-f49e-43bf-9c50-55803087ccbb,e8aba31d-3650-44e4-8d20-6b0f559a8846,dc663186-3dd8-4bf4-9709-b0066fda6da5
27171f65-d6bb-49cc-b5b7-554a73c21eeb,e8aba31d-3650-44e4-8d20-6b0f559a8846,6384f756-ddf9-4d24-99b1-651a6a85890d
b4c4de5b-3aca-4b06-ae99-b605f993b7b7,e8aba31d-3650-44e4-8d20-6b0f559a8846,79043697-dbee-4b06-b181-730d9e26d2c9
ce51da9a-524e-46cd-aa92-4d277aef7d71,e8aba31d-3650-44e4-8d20-6b0f559a8846,aa263c42-9ba6-4ff9-bf61-f309409a5768
8005e713-afbf-41d3-bb3f-4b5bf84e912e,e8aba31d-3650-44e4-8d20-6b0f559a8846,014345f9-8951-45ef-aea6-0b51b20bf655
68dcdd76-745b-4252-8d0a-6e329298bcd6,e8aba31d-3650-44e4-8d20-6b0f559a8846,3af4ca3c-50c8-467b-9eed-3a197b415fc3
a5eec9e4-38bb-4be9-85e6-bb63afb4df5e,e8aba31d-3650-44e4-8d20-6b0f559a8846,9db2be29-8dbd-47be-b8f1-20348d8b49db
4cc3fdbe-6444-42b5-8c1f-c3f8f5c15ba3,e8aba31d-3650-44e4-8d20-6b0f559a8846,f960572c-b8b9-44c3-8e61-9155f56d8368
9480c1ee-9466-4e05-99d2-13b590f8ab29,e8aba31d-3650-44e4-8d20-6b0f559a8846,797f8d91-4aa0-4ab5-a03b-a7e232df324f
a55735a0-64e9-42dd-9c63-ed4b5adff999,e8aba31d-3650-44e4-8d20-6b0f559a8846,370e600c-1f2c-4726-8cca-5241fca2d22e
0c66f8f1-5c07-458d-877c-1c6c9c80feb6,e8aba31d-3650-44e4-8d20-6b0f559a8846,fb192c8b-084c-4a55-b64e-51dbe70037e4
726f5d81-cfdc-4558-a7cf-a15f9b312a75,e8aba31d-3650-44e4-8d20-6b0f559a8846,3919baa7-6c78-4e3c-8a87-cbfa8e07296c
69843424-b858-406b-91ba-d1254540229a,e8aba31d-3650-44e4-8d20-6b0f559a8846,fa56f21b-e9d2-4b49-9d65-3f04ff174bb2
d8f876d5-a4b1-458f-af13-a1b88c41e351,e8aba31d-3650-44e4-8d20-6b0f559a8846,76a3193d-df5b-4ebe-9aa8-58647847c96d
d8d3f6b6-42c6-4514-a5b5-ce56c20a659d,e8aba31d-3650-44e4-8d20-6b0f559a8846,3a535091-f816-467f-9be1-db86a94995b5
6fc0bc59-9443-480e-a565-804eccd2b9f5,e8aba31d-3650-44e4-8d20-6b0f559a8846,bbddc622-6918-499e-8299-c1180fd17476
007a20fb-424d-42a0-8527-3949bb34df5b,e8aba31d-3650-44e4-8d20-6b0f559a8846,6988eaa4-66cb-4dfe-a75b-3733fd391e44
5038e2c0-c124-4231-9ccb-098596121a86,e8aba31d-3650-44e4-8d20-6b0f559a8846,bf073037-8003-45a0-96b6-b104d2b9509e
363c3648-731f-4307-9a29-0b8ca5bc83df,e8aba31d-3650-44e4-8d20-6b0f559a8846,4eb0b021-d62a-4cc9-9f84-341131436c40
e7d8d2fc-d810-4107-874e-b07f1ad3c503,e8aba31d-3650-44e4-8d20-6b0f559a8846,ee4c0edb-be28-4840-b859-a66a704b311d
c54718ca-b0f9-4185-92dd-d2f38e6b7277,e8aba31d-3650-44e4-8d20-6b0f559a8846,6c9f38b5-f548-47b1-9535-cde57b38fc2a
1b0231bf-02ed-4f12-b736-f34666e1089f,e8aba31d-3650-44e4-8d20-6b0f559a8846,16148406-819e-4115-bcda-0ecda267e41d
edb948a9-9dff-4e3e-9f1c-9ba79b0fcc2c,e8aba31d-3650-44e4-8d20-6b0f559a8846,4a5d3990-f13e-4898-88c9-1f33f0117a26
01ba8220-1ee9-465f-9142-9b1d05282c96,e8aba31d-3650-44e4-8d20-6b0f559a8846,7aea0374-62d5-499d-bc73-1e4fac823478
c9dff04d-e0d4-4692-a5ae-d5926414ee8a,e8aba31d-3650-44e4-8d20-6b0f559a8846,299e08df-7de4-4a28-a99b-442aea8b80da
148a3e3c-2743-4f41-9b1b-fc14cead44f6,e8aba31d-3650-44e4-8d20-6b0f559a8846,94f023b3-f285-47a8-85ef-5fd68a60eb13
aaded594-b39a-4c59-8371-395973e71c70,e8aba31d-3650-44e4-8d20-6b0f559a8846,406b9bd8-236b-414b-b853-6ff1f805998f
8ecf307a-6bf7-40f5-8d37-0fec8cbfc91e,e8aba31d-3650-44e4-8d20-6b0f559a8846,a745635f-671c-4820-8c3e-7631757bf56c
639d50ac-156f-4256-8ced-f4006fca0e5a,e8aba31d-3650-44e4-8d20-6b0f559a8846,1345931e-9a7b-45bc-9d8b-02087e5d8197
b7059a7d-9aa1-414f-b6d9-b3b1005d928a,e8aba31d-3650-44e4-8d20-6b0f559a8846,4acb22c9-9606-4724-befa-12e145f50887
74e1f611-ac37-4326-9b1a-6b44aeadc27e,b3ad2753-b9d3-43f1-a7f4-ed14388a6521,e1a04689-c73a-4132-a187-b4f1509b477c
7d2b07b2-d0e3-4333-bf5a-e7c2f5e25ca4,b3ad2753-b9d3-43f1-a7f4-ed14388a6521,35ee300b-bded-48f2-a958-dcd800dc4451
15c586e7-567b-4cda-9031-84675c0bc431,b3ad2753-b9d3-43f1-a7f4-ed14388a6521,1d7214f8-e624-44dc-b778-7f289cedf7da
e7a90eda-ca5f-406f-a86d-edfaea86adf3,b3ad2753-b9d3-43f1-a7f4-ed14388a6521,afd63413-7378-4a51-9a92-3ae346233d71
6ddb309d-63e5-4a82-a559-b9855357f38a,35bf0f4d-7e4f-44e4-81f1-09748b01c27f,d608462b-c97f-4417-aacd-41689c839e94
673f65d6-f474-4df9-be4c-a3ec497e5994,35bf0f4d-7e4f-44e4-81f1-09748b01c27f,fbc4c70c-19e9-4540-a538-59fbbc86309e
7881f94c-7f8c-4484-b0eb-b6fd6e6c97d5,35bf0f4d-7e4f-44e4-81f1-09748b01c27f,0ed74f50-f273-44e6-b39f-ce2c4c465cd8
ce331f86-08aa-40d4-9ce4-32d6d5d7cfa7,35bf0f4d-7e4f-44e4-81f1-09748b01c27f,2f3c5c34-c0da-4941-9173-0dab34f77acb
beefc4b7-5376-4d50-8e3a-f652d8f226f6,35bf0f4d-7e4f-44e4-81f1-09748b01c27f,23ae4b94-b4d2-42c1-9710-bdd064778c29
160b85ed-ddb1-4dd4-b0db-7bfc596adbc1,35bf0f4d-7e4f-44e4-81f1-09748b01c27f,4745e0b4-c5df-4dc7-af6b-2f1adc3fdb2c
1d817553-8894-49e0-b2b4-aec0ddaf6f3a,35bf0f4d-7e4f-44e4-81f1-09748b01c27f,640044cb-c014-44ca-9d2a-ce62122df86d
079a8277-cb8d-4ed9-a1bd-dbcbc416fdbc,35bf0f4d-7e4f-44e4-81f1-09748b01c27f,e685fe68-9bb2-48cc-9a28-4607f8f987ee
2b82a999-d6cb-4f8d-9777-225712a8edc7,35bf0f4d-7e4f-44e4-81f1-09748b01c27f,281a712e-9b29-4ac8-87ae-bc730f4cc4c6
f49f2964-b163-4f54-9402-56774abf33fa,35bf0f4d-7e4f-44e4-81f1-09748b01c27f,6c00d31e-68cc-47ec-ac63-20b9e8d94059
1e821ad9-33dc-4d8a-beb4-4e4ff004f24c,35bf0f4d-7e4f-44e4-81f1-09748b01c27f,6de81a5c-fb54-4fd7-a12f-2009e13ad926
fc006557-0712-4b62-9baf-7cd33825985f,35bf0f4d-7e4f-44e4-81f1-09748b01c27f,9aeebf6b-ce24-4e68-a4e4-7eeb3f05f3fb
db20435d-5b08-41e2-a34a-48fcb91723ba,35bf0f4d-7e4f-44e4-81f1-09748b01c27f,6e37d4a9-11d6-4c31-9dfd-945709c9961e
7b95403b-63c1-4d78-b2e0-9024372623c7,35bf0f4d-7e4f-44e4-81f1-09748b01c27f,07948a86-900c-4796-a82a-5c01e958708c
31a3c4a0-4723-4f3d-8555-4321fa24a476,35bf0f4d-7e4f-44e4-81f1-09748b01c27f,402c6647-af32-42c2-94f5-e999181e0a00
e763b022-fde1-46d1-aa0c-a739cdf0637c,35bf0f4d-7e4f-44e4-81f1-09748b01c27f,a38f5c80-8606-4584-9fbd-fbd700e42489
03565736-4c7f-4a81-a0c3-fb8908ede1d3,35bf0f4d-7e4f-44e4-81f1-09748b01c27f,4134058a-940f-4815-9a8f-9e4b61fa518c
94e145c6-f0f3-455d-8439-9c440d6ad786,35bf0f4d-7e4f-44e4-81f1-09748b01c27f,1e35feeb-a0cf-4871-85b0-8d205320dc98
395168e6-aeec-4493-b00f-010cea9607d3,35bf0f4d-7e4f-44e4-81f1-09748b01c27f,6e57a0db-db99-41ca-81d1-7908165c1832
b0b8856c-fdfb-43ac-a035-a50d517583bd,82159e48-8459-45f1-8dfe-6e4c6e37224f,19114407-c4b3-4a3c-a169-ef1d7b6adf1e
3fc49b02-60df-4810-84f2-55aba305bb48,82159e48-8459-45f1-8dfe-6e4c6e37224f,a7f365eb-00dc-4bca-8ca0-3d4fc68a9ec9
3196ecba-c907-4d89-bc4f-0ad6eedcc417,82159e48-8459-45f1-8dfe-6e4c6e37224f,d8670538-9e3d-46bb-abda-6ae3f688a09c
fd3c23fc-4997-47b5-b3fd-e194d63c8869,82159e48-8459-45f1-8dfe-6e4c6e37224f,6d1a915a-1c92-454e-a3dd-72b32f8e20ba
d854f5bb-4471-4fce-b64d-e9dcf95522da,82159e48-8459-45f1-8dfe-6e4c6e37224f,df2f4dd3-dfd8-4c7e-b84f-1f492554fbd1
ab1afb1e-4d22-4937-af42-21190b33cfc1,82159e48-8459-45f1-8dfe-6e4c6e37224f,da41d6be-9eee-43e2-bf94-5d6ff98e30ed
e023e0b8-1a7e-443e-8e2d-6706d1c03fbe,82159e48-8459-45f1-8dfe-6e4c6e37224f,2b3dafdd-d73e-46d9-9840-8600c6cb1010
10633ac6-93b5-496c-8971-ca55c97870c4,82159e48-8459-45f1-8dfe-6e4c6e37224f,74b10390-5642-4ceb-b04b-be9dca4e69ba
9250a4ff-4eed-4b2e-8eba-356fc8acfd83,82159e48-8459-45f1-8dfe-6e4c6e37224f,37bafbea-1b76-4d61-8890-0d753e1e0e5c
2f26a3b3-4988-486d-b17d-4549fb593152,82159e48-8459-45f1-8dfe-6e4c6e37224f,857b1187-b102-4eb4-9b6d-a319bb760cde
93955a6f-5aad-4274-8231-457544a80a60,82159e48-8459-45f1-8dfe-6e4c6e37224f,dd3f0197-b36c-410e-915b-c45b9ba436c4
fa17751f-1866-48a0-bb6a-fd677b877505,82159e48-8459-45f1-8dfe-6e4c6e37224f,6b41fc67-b1d9-448d-ba35-9c4bf30e21ec
961dab5b-9d68-43d9-8b2b-a654e997e7f0,82159e48-8459-45f1-8dfe-6e4c6e37224f,e858b708-63aa-4b16-a3e5-a31f24c7fa9e
97ee2d41-8fba-4908-a98b-9a96def1f057,82159e48-8459-45f1-8dfe-6e4c6e37224f,0ac281c2-0ede-40c5-bc60-efe47b1ce910
df5edb72-8f0f-49e7-8759-1b560aef46ef,82159e48-8459-45f1-8dfe-6e4c6e37224f,8e90abb3-e087-444b-814c-4cc9ae57bd38
86e9657a-e69f-4d61-9d82-ce18ff5ad7c1,82159e48-8459-45f1-8dfe-6e4c6e37224f,eabe19ac-5975-4eba-80aa-98054f30c24c
05a8f255-e7f3-443a-89af-11a1b54776b5,82159e48-8459-45f1-8dfe-6e4c6e37224f,cbee80c5-0991-4d94-b3bc-b59c1c12cb22
e728585b-2c97-4650-8ef1-155ad10e6bf0,82159e48-8459-45f1-8dfe-6e4c6e37224f,8736efc9-f817-4e91-a8c2-579d1445819b
cb63377d-6b11-46c4-a504-933759afd25c,82159e48-8459-45f1-8dfe-6e4c6e37224f,e043e2a5-c73b-4579-bbc4-d0ddbc927775
c391bb01-f05a-4e66-8ab7-0383b05691be,82159e48-8459-45f1-8dfe-6e4c6e37224f,638636e2-e586-44b8-8ae4-06333daf9ca7
76389bda-54ec-423a-a2f7-09a393d2d022,82159e48-8459-45f1-8dfe-6e4c6e37224f,750118e7-21d1-4db2-a0b6-a38ba9795b2a
d661c1b6-10d0-45a0-bd57-461190a1a7a0,82159e48-8459-45f1-8dfe-6e4c6e37224f,c1c4bd62-888f-4e53-a685-ea6298d91b5b
17c714f7-c71c-4ea3-8b63-ebb32be6142c,82159e48-8459-45f1-8dfe-6e4c6e37224f,1000092e-44be-453a-8c91-dfc45aaea5d9
df397f68-f75c-4b73-8e1d-8a40a0d06670,82159e48-8459-45f1-8dfe-6e4c6e37224f,35bab81c-0108-4035-8a66-0a34f0442593
b0e07033-b206-4b20-adc1-78d109838bc2,82159e48-8459-45f1-8dfe-6e4c6e37224f,952a998a-7527-43a5-bb73-4bcfe5d34f2d
e5364843-acd9-4909-8c74-eccb0cf66216,82159e48-8459-45f1-8dfe-6e4c6e37224f,3e96b808-ce58-41b3-89f0-a7b89e49e87b
883f96c5-ecf3-4d0c-9eef-798c0700033c,82159e48-8459-45f1-8dfe-6e4c6e37224f,b7b2bca0-b066-4ef1-960c-db39421c9481
cbe2e36d-4414-4723-b6ee-b06fb8229846,82159e48-8459-45f1-8dfe-6e4c6e37224f,1bc0dc2c-4099-4ad2-bb63-259c3a810e13
839396b0-c9a1-482b-abb7-ba45682f8c1a,82159e48-8459-45f1-8dfe-6e4c6e37224f,cb84fe5e-e84d-408d-b11a-c500e33db6e5
2aca7edf-848c-492c-8421-eff9fa3a55e7,82159e48-8459-45f1-8dfe-6e4c6e37224f,06a49add-29bb-45c2-b77e-7c32191b2328
e74bcad5-8bdd-4e73-bd1f-637109097a96,b1c321dd-954f-49fb-8812-a8e2c59b8ff8,0b1431b1-b4ca-4a57-b0fd-651af4885ff2
4aac9c71-d0c4-4448-8015-49efc5dc898d,b1c321dd-954f-49fb-8812-a8e2c59b8ff8,049d3cf2-39be-48d6-aea9-e57ec5c402e6
9a30f1e3-f8f0-4ce5-85ae-b1911840809f,b1c321dd-954f-49fb-8812-a8e2c59b8ff8,7d4e9ed9-408a-4976-a3b7-eca110861a0e
7884b8b9-92b0-4d98-ab79-ea90838714e5,b1c321dd-954f-49fb-8812-a8e2c59b8ff8,4f2c11ed-4e5d-4aac-9527-d10d9dbcec78
55338eb7-66cd-40a0-94d0-6fd5f03e659e,b1c321dd-954f-49fb-8812-a8e2c59b8ff8,1c096ca4-9b66-41d8-9193-5ccd0efebc7d
2be05f4c-1294-4b55-b0b5-2a4043448e1c,bafbb53f-8d58-4e86-9050-02a36e634aa7,76ae1782-38f7-4d42-b32d-ec4c97217458
23ed09b8-a3cb-44d2-9d84-9da63d464334,8257ec78-5aaa-40f3-a15b-73fb1c97a885,9f23ea9a-cd82-4c80-8c06-0ce5893a3b3c
e0f5245f-38e2-47a1-90bb-bce909d02a4d,8257ec78-5aaa-40f3-a15b-73fb1c97a885,8dd298dd-456e-4d0f-8a2f-c03ee635026c
f67e29eb-b184-44ed-b895-9dfb981ced26,8257ec78-5aaa-40f3-a15b-73fb1c97a885,352af63f-4f63-4f27-957e-b460e4817088
d62ce72e-87a4-40e8-8c11-cf40b8ac494e,8257ec78-5aaa-40f3-a15b-73fb1c97a885,c5c3fdf7-ec3f-431a-9b47-b7046120d45a
c12f652a-4a25-4683-8715-9c04c8d38312,8257ec78-5aaa-40f3-a15b-73fb1c97a885,388eac24-e927-4d6d-8eab-e4d914cc76b9
a838927c-9548-4066-8c79-26fb9d17c6be,8257ec78-5aaa-40f3-a15b-73fb1c97a885,f1ac7cb4-2a40-4267-9d8f-361babe48be7
1bad6423-4ffb-4ee8-bc01-8ee14cbcb6c7,8257ec78-5aaa-40f3-a15b-73fb1c97a885,9ee08b8c-e4e6-40fa-924f-977705ecc4de
42ed1b94-021d-44e9-bf41-e219844c6b62,8257ec78-5aaa-40f3-a15b-73fb1c97a885,b53a8d88-58c0-4b97-beb4-4acbdf37e4d3
d3842acd-2375-4852-8ba2-02569d451be3,8257ec78-5aaa-40f3-a15b-73fb1c97a885,3b9a5889-84e5-4b4b-b1f2-27e76b5d81dd
a1c3da28-2c40-4848-b476-4cc122593324,8257ec78-5aaa-40f3-a15b-73fb1c97a885,5f9066bd-9813-4682-a60e-c10435e31b1c
e4f3a09e-6a01-483e-a48e-1902afc209c8,8257ec78-5aaa-40f3-a15b-73fb1c97a885,6d9d7d4b-e4c7-4034-af7f-2e7c8551bb69
2a75eb4e-63ab-47e4-ad0f-b3e908deea8b,8257ec78-5aaa-40f3-a15b-73fb1c97a885,ec15f0ca-eb33-49f8-978a-6900b3ecec8c
6435cad8-fdba-4d4d-a1f5-2107245183e9,8257ec78-5aaa-40f3-a15b-73fb1c97a885,58ecf512-3b03-466c-9d53-7b7e706e9b3e
63860842-bf6d-4220-9396-9f30ecab5698,8257ec78-5aaa-40f3-a15b-73fb1c97a885,95e1f8e8-5cfd-4abb-a34c-354f485eaaec
ad518d28-21cb-4bc5-82c7-8094ea9eadac,8257ec78-5aaa-40f3-a15b-73fb1c97a885,d0baf411-751c-4462-803b-8e4d319e25fd
3b202c2c-83b1-4e3e-b102-94aa855702f1,8257ec78-5aaa-40f3-a15b-73fb1c97a885,9a568ea6-c0ea-40fe-9b20-35dc840fcbfd
22bedba0-9f07-435d-8147-0e59d4120001,8257ec78-5aaa-40f3-a15b-73fb1c97a885,18c7793e-5a2d-4dc7-8ea8-e4d9f9dbe5db
c503bf4b-e5f5-48fc-b8e0-c7a28cb289a1,8257ec78-5aaa-40f3-a15b-73fb1c97a885,b2732cdd-4df1-4d1e-9946-e5c336dffc28
c9b9df6d-f2b9-4115-bcf5-db7df0bc8d4a,8257ec78-5aaa-40f3-a15b-73fb1c97a885,5667d847-aa73-451d-b34e-a65d42031289
512c194a-e52b-4ab3-b900-727607a43b53,8257ec78-5aaa-40f3-a15b-73fb1c97a885,eaddcc22-5fb4-447a-9dae-42b5608270a9
2897b01e-1b36-4874-8659-d244237051bf,8257ec78-5aaa-40f3-a15b-73fb1c97a885,ba444564-754d-423c-966d-64d45871a83c
356abecf-389d-46da-8cdc-fffa51c76903,8257ec78-5aaa-40f3-a15b-73fb1c97a885,158549f3-a924-4969-ac8b-aef2d7a0ded0
a6c5924f-7c90-4b10-ad46-3edfab8b6d9a,8257ec78-5aaa-40f3-a15b-73fb1c97a885,1345931e-9a7b-45bc-9d8b-02087e5d8197
9c8fe312-3ac2-4835-bd48-168204a3629d,8257ec78-5aaa-40f3-a15b-73fb1c97a885,1c400527-8615-412c-8641-69e50f00a38c
7bc874a4-3eaf-4167-9179-38ba02d7d592,8257ec78-5aaa-40f3-a15b-73fb1c97a885,e5b36d75-246a-4fe5-9da8-b053ef7a9607
12b4f4bc-3c20-445c-b090-4255d6ea183d,8257ec78-5aaa-40f3-a15b-73fb1c97a885,950635dc-a23d-4736-b8e4-7668bb5ec1d1
3f16d478-01f7-4652-b130-cd15b6afe40b,8257ec78-5aaa-40f3-a15b-73fb1c97a885,f960572c-b8b9-44c3-8e61-9155f56d8368
3e4649c4-2711-4035-973b-e96092f71cee,8257ec78-5aaa-40f3-a15b-73fb1c97a885,f208238f-8e27-4754-8b89-4878da6cd3fa
4bf12b06-6e96-49dd-ba19-d542d18106da,8257ec78-5aaa-40f3-a15b-73fb1c97a885,16f944c5-09ef-4040-887c-ff3f33c20f6e
30cde78a-dda0-432e-b28c-c6203be1bca8,8257ec78-5aaa-40f3-a15b-73fb1c97a885,73369551-9580-41e2-8983-1e7b1b072a3c
f9a2c18b-fab7-4e5e-a1ca-5dce471818eb,8257ec78-5aaa-40f3-a15b-73fb1c97a885,21d4b15b-4bde-4e55-806b-a4080c1ca37f
2df5cc85-5b79-46e0-899b-8d462c7dd631,8257ec78-5aaa-40f3-a15b-73fb1c97a885,8324c137-f3ef-4851-b3fa-5f9928c36ba1
3c14e0bd-3719-4e07-950e-8856d79364b9,8257ec78-5aaa-40f3-a15b-73fb1c97a885,49fbecd8-4bf9-4a07-ac50-6654a840f280
62588b09-441f-4380-8f2e-acfb9943e0b7,8257ec78-5aaa-40f3-a15b-73fb1c97a885,1f522ffa-81fa-423b-b6a9-96e06af18af3
c3c8de6f-de32-4c65-b380-61adeca6014f,8257ec78-5aaa-40f3-a15b-73fb1c97a885,cc48a793-a82b-4edf-87ed-92ad2cd88773
2368bb91-09a0-4d18-beaf-e774649c21ae,8257ec78-5aaa-40f3-a15b-73fb1c97a885,fac57f5c-923b-4e08-a7c0-924406f14ed5
