id,order_id,product_id,product_name,quantity,price,notes,created_at,updated_at
4bbf85ab-82c4-4bc3-852d-81d6ee8cb61d,8ee8326c-6f16-4826-a374-78f687bb3782,80f8baf5-2c59-460a-8567-20235ec28b28,Estele Rose Gold Plated Stylish black ...,5,6,,2026-02-28 18:29:38.416882,2026-02-28 18:29:38.416882
afc93e92-04f6-4395-a4d0-4ebd15fb6584,8ee8326c-6f16-4826-a374-78f687bb3782,0d8fd89f-d811-418b-af5c-ef1676712ac5,LANCER Men's Running Sports Shoes ACTIVE-47 ...,4,15,,2026-02-28 18:29:38.416882,2026-02-28 18:29:38.416882
c226ee0d-9a86-4a41-b39c-1be3859feeb0,8ee8326c-6f16-4826-a374-78f687bb3782,38309afd-0e32-4b21-a088-d8a49752f79d,Ethnic Junction Women's Woven Jacquard Banarasi ...,2,26,,2026-02-28 18:29:38.416882,2026-02-28 18:29:38.416882
e02b2258-04b9-4d54-906c-99a10a161b0c,8ee8326c-6f16-4826-a374-78f687bb3782,2b20150b-42f8-493a-912b-5c61d6b3c7f2,SVM Sports World Cup Football Full ...,2,31,,2026-02-28 18:29:38.416882,2026-02-28 18:29:38.416882
efe2cbe4-07b8-4ab8-8e88-0f07517c8217,8ee8326c-6f16-4826-a374-78f687bb3782,447333b7-a6b1-4a56-8ad5-1df31428a5b8,WELLON ORP Meter Oxidation Reduction Detector ...,2,95,,2026-02-28 18:29:38.416882,2026-02-28 18:29:38.416882
8466f596-d569-45b3-bcfc-7ae1aad08d62,c70a8d13-ea67-4dca-a7df-b0d5ec914840,a6325cc9-e1bf-4614-bc7d-d3dc9802c428,Amazon Brand - Solimo Back Cover ...,2,4,,2026-04-01 13:26:24.416882,2026-04-01 13:26:24.416882
fafcc6f4-a930-4c55-80f1-fc5414db1df8,c70a8d13-ea67-4dca-a7df-b0d5ec914840,465f7cf2-5f27-40d2-95b4-6168b161c95a,TEXTURED POLO SHIRT,4,36,,2026-04-01 13:26:24.416882,2026-04-01 13:26:24.416882
b8273617-1081-4d93-82d6-355337438054,d700370a-01a6-40f6-9943-a20a030e427b,639d0007-e59a-43f2-a19d-20175a5e50c4,Organic 100% Papad Moong Dal Special ...,4,4,,2026-04-23 15:08:29.416882,2026-04-23 15:08:29.416882
bfe3dc96-6ea0-4ac1-b253-be940118c318,d700370a-01a6-40f6-9943-a20a030e427b,01bfa87c-7b58-44db-b7c5-f062962cf03d,Faber 60 cm 6 way Silent ...,3,345,,2026-04-23 15:08:29.416882,2026-04-23 15:08:29.416882
e5f62e3e-2f8f-490a-b6b3-336488b1c120,d700370a-01a6-40f6-9943-a20a030e427b,43460d69-9c9d-4e87-b85a-90c91b58ff3f,NYLON MULTI-POCKET BAG,4,34,,2026-04-23 15:08:29.416882,2026-04-23 15:08:29.416882
43750f30-5a90-44dd-b6c1-1451b651d4c2,d700370a-01a6-40f6-9943-a20a030e427b,7e5a79a0-711c-44f3-9867-bd8cb86ac52e,ONKAR Unique Umbrella Design Mosquito Net ...,4,6,,2026-04-23 15:08:29.416882,2026-04-23 15:08:29.416882
23f2c576-71d5-48da-9999-e4cc622f9745,d700370a-01a6-40f6-9943-a20a030e427b,ef53398c-6562-4937-a485-21f47967a169,AHC Baby Boy Baby Girl Cotton ...,4,4,,2026-04-23 15:08:29.416882,2026-04-23 15:08:29.416882
e6c35014-6b2e-45a3-8d9f-f1920dac1e6c,9d9de7c7-3708-4226-8d9f-ec19aa04baea,7c2dd31a-b5ed-451e-ba86-a7466b082e9a,DENIM SANDALS WITH BUCKLE,3,59,,2025-12-10 07:04:13.416882,2025-12-10 07:04:13.416882
0a9c8e8d-cdba-41ce-9dd5-2deb170e4385,9d9de7c7-3708-4226-8d9f-ec19aa04baea,0da2e658-1329-4759-a4a0-370f4ba48638,Nature's Crest Green Aventurine Faceted Dowsing ...,5,5,,2025-12-10 07:04:13.416882,2025-12-10 07:04:13.416882
652613ff-8750-4e32-9d95-43e27525aa5c,10965ed5-88f8-41ea-b7b0-42bd00bfe031,0911386b-0ac9-45cc-a7df-19c438b46705,OYO Baby Infant Product All | ...,4,4,,2026-01-28 16:09:41.416882,2026-01-28 16:09:41.416882
7d23b32f-01ce-4cf5-99a0-28e487720680,10965ed5-88f8-41ea-b7b0-42bd00bfe031,d0b56d7d-23d0-4711-91cf-cd100e08fdd6,SDG Frameless Oval Wall Mount Mirror ...,3,24,,2026-01-28 16:09:41.416882,2026-01-28 16:09:41.416882
61fdb35e-c3fd-4962-973e-18feb287e48a,10965ed5-88f8-41ea-b7b0-42bd00bfe031,8162bf33-41f2-47f8-870a-a42354a82764,Vernier Caliper slide caliper ...,5,4,,2026-01-28 16:09:41.416882,2026-01-28 16:09:41.416882
c879f5c6-e456-4002-88cd-91518b53b8f1,86c84ed4-20a2-40a1-a995-e50bbc6b121b,6e38404c-9c5d-4ce1-8feb-c98677d37f48,2'' Inch Tweeter Speaker Max Power ...,3,5,,2026-02-28 10:00:37.416882,2026-02-28 10:00:37.416882
83d129ee-4cb2-44da-b054-8dff7355dc57,86c84ed4-20a2-40a1-a995-e50bbc6b121b,09ad6d88-9c3b-466a-b1a1-1f531ee9c872,global desi Women's Rayon Regular Tunic ...,3,29,,2026-02-28 10:00:37.416882,2026-02-28 10:00:37.416882
a948053d-65f0-4f71-98b0-b9f607d4765e,7c182e8c-9499-4fdb-b42a-6dc0be48253e,96cf9e99-4426-46b4-9d95-9b19122a1d22,House of Marley EM-JE083-SB Wireless Earphones ...,1,256,,2026-03-26 06:46:27.416882,2026-03-26 06:46:27.416882
d630a067-cf62-42c4-9209-85dc7531e57d,7c182e8c-9499-4fdb-b42a-6dc0be48253e,d1bd4998-ac1b-4372-8dcc-d7cf391415de,GADGETS WRAP Premium Vinyl Laptop Decal ...,3,12,,2026-03-26 06:46:27.416882,2026-03-26 06:46:27.416882
b819bd3b-d790-4d3f-9b46-416f7c212847,7c182e8c-9499-4fdb-b42a-6dc0be48253e,75ec7d74-f0e9-4d3a-a974-5c6b064ee749,Allen Solly Men Shirt ...,2,39,,2026-03-26 06:46:27.416882,2026-03-26 06:46:27.416882
b12037cc-470f-4d54-8ff8-d988158f92a1,7c182e8c-9499-4fdb-b42a-6dc0be48253e,1d1a630b-445d-4ee5-a002-cf03b6308427,FAUX LEATHER JACKET,3,90,,2026-03-26 06:46:27.416882,2026-03-26 06:46:27.416882
64177321-49bc-4666-92ee-008f3c169ebe,7c182e8c-9499-4fdb-b42a-6dc0be48253e,2490c78c-9dc8-4cf1-9a0d-089195cf44ef,Bajiu 8Pcs Fridge izer 4 Large ...,5,195,,2026-03-26 06:46:27.416882,2026-03-26 06:46:27.416882
ee8bf6be-88dc-4094-ba65-3900240325b5,71c92470-752d-43c1-b894-892263b8bad1,95e1f8e8-5cfd-4abb-a34c-354f485eaaec,Walktrendy Women's Ballet Flat (wtwb459_Navy_36) ...,4,5,,2026-01-21 21:44:33.416882,2026-01-21 21:44:33.416882
f29b9f71-1a10-4f0a-9661-69a7352e31b8,71c92470-752d-43c1-b894-892263b8bad1,626fec2f-4191-4173-b992-e56ec5b3fb12,AGEGIC Mini Foldable Washing Machine | ...,5,71,,2026-01-21 21:44:33.416882,2026-01-21 21:44:33.416882
ad1fb82a-482b-4ad7-ac35-964db545b35a,71c92470-752d-43c1-b894-892263b8bad1,e637b67a-6b97-442a-93ef-c4fd5318a233,LEO PLUS Champ Double Seat 14T ...,1,51,,2026-01-21 21:44:33.416882,2026-01-21 21:44:33.416882
cc17b433-5a72-4d15-b1f9-173c8958062e,a737daf6-1bc2-4221-81c8-c123eb8b441b,07f78911-210d-4023-aecd-a893e0746626,USL Leather Men's Wallet (URF WT-01_Brown) ...,3,15,,2025-11-30 22:12:56.416882,2025-11-30 22:12:56.416882
750fb6c3-c48a-4bfa-966c-91c7389bf866,c94c7f5a-ab30-4a4b-88ea-85fde827948b,e504378c-eda7-4631-b1f0-70290d75ee32,Mylo Essentials Buddy Ultra-Light Stroller | ...,4,69,,2026-02-23 12:10:09.416882,2026-02-23 12:10:09.416882
1e83f6ee-4f3e-4d4f-a506-bebc55e20b70,c94c7f5a-ab30-4a4b-88ea-85fde827948b,dd0d5095-226d-49dc-bc17-d17249d24bea,Doctor Logo Printed White Collar T-Shirt ...,5,14,,2026-02-23 12:10:09.416882,2026-02-23 12:10:09.416882
e23450e5-54b3-46ea-981c-1e7b247a0c3a,c94c7f5a-ab30-4a4b-88ea-85fde827948b,394a1bfa-0ed5-4cac-8d2e-dbc557b44eb7,USI UNIVERSAL THE UNBEATABLE Balance Step ...,4,125,,2026-02-23 12:10:09.416882,2026-02-23 12:10:09.416882
c29e0dac-a85b-43ae-8aa5-016073889a18,c94c7f5a-ab30-4a4b-88ea-85fde827948b,600cb1fa-e14f-4ee7-8fa3-128f6875e57a,Western & Traditional sling bag For ...,1,19,,2026-02-23 12:10:09.416882,2026-02-23 12:10:09.416882
646f9a4e-ff81-4222-9317-86a00af47eaa,9d173020-557c-4bcb-9d68-5d47f10f86a9,e9557eea-86ee-425d-baea-e4e31743f616,Cockatoo Premium Range Auto Incline Series ...,3,655,,2026-04-12 19:20:20.416882,2026-04-12 19:20:20.416882
c53c2ea3-fa77-4ff8-aae3-7c1045680ebc,9d173020-557c-4bcb-9d68-5d47f10f86a9,6bdcefbf-8bab-4310-92bb-b56c15163e33,1952 Coffee Instant Coffee Powder - ...,1,5,,2026-04-12 19:20:20.416882,2026-04-12 19:20:20.416882
81d850eb-45bc-4e9f-8cf7-ef55c5a83ea0,026b1478-b32a-4bd2-b3e1-e5de7db8b526,58b220ce-71eb-40eb-a7fa-94daad1f6694,SAN Sports Man_UTD Third Kit 2021-22 ...,2,24,,2025-11-04 23:50:37.416882,2025-11-04 23:50:37.416882
29c1f26c-1708-4868-958d-ee04047218d9,026b1478-b32a-4bd2-b3e1-e5de7db8b526,1467fb96-6343-451a-9d45-f9c4183edfbc,Just rider Calf Compression Sleeve - ...,5,8,,2025-11-04 23:50:37.416882,2025-11-04 23:50:37.416882
837b9066-cc8d-4b73-9840-8e76a27ba429,026b1478-b32a-4bd2-b3e1-e5de7db8b526,57d1b91a-7b56-447f-a1cf-1e130978c578,SP 3 inch 10 watt sub ...,5,5,,2025-11-04 23:50:37.416882,2025-11-04 23:50:37.416882
ffc4aecc-116d-4cd2-aa4e-0096c412298f,63ac111c-e186-4518-8214-86828e3fd776,a9f7bb96-a39d-4a52-8dc8-bfcc071fca8f,Kyari Blue PVC Miami Nozzle Bib ...,3,5,,2026-02-06 23:59:07.416882,2026-02-06 23:59:07.416882
9b550829-a5cd-41a3-b8a6-b2f57c96310f,63ac111c-e186-4518-8214-86828e3fd776,847c501f-6d73-4a25-8a17-cfd568de2f6e,Haau Backdrop Photography 8x12 Polyester Wrinkle ...,5,11,,2026-02-06 23:59:07.416882,2026-02-06 23:59:07.416882
eac2722e-acdd-4d20-b8f4-6d5083899b4a,63ac111c-e186-4518-8214-86828e3fd776,683be802-fee8-42f7-be12-b46901073dee,Kirti Sales Natural Lab-Certified 12.25 Ratti ...,1,58,,2026-02-06 23:59:07.416882,2026-02-06 23:59:07.416882
d3f5cd81-3ce4-49b6-b1a6-dbc0219e91fa,63ac111c-e186-4518-8214-86828e3fd776,8ff3846d-f4d1-4367-bec5-500f398312fa,CableCreation Short Micro B to USB ...,1,38,,2026-02-06 23:59:07.416882,2026-02-06 23:59:07.416882
63bc2465-3c57-4af6-9bf7-632fad90c2a5,63ac111c-e186-4518-8214-86828e3fd776,c97070be-4991-4e78-b995-272c93c244d7,"Ayucine Forever Dhanvantari Rasayan Churna 80gm, ...",1,1,,2026-02-06 23:59:07.416882,2026-02-06 23:59:07.416882
ea7d67db-97e8-46b0-8e8a-228ccf13f519,42439a15-648a-4450-a552-4eab332d5100,5751775c-7604-49ec-bcdb-00a8601d072d,Super Absorbent 2 Ply Kitchen Printed ...,5,3,,2026-04-27 23:56:42.416882,2026-04-27 23:56:42.416882
21711cd0-a2cd-463c-9cc3-eab4d4955734,99871ef9-42e0-4dd2-b379-dc54bf4ae174,cfaa7439-37dc-48eb-9888-ead5c490af76,"YOKIVE 50 Pcs Silicone Rubber Stoppers, ...",4,48,,2026-04-11 15:10:58.416882,2026-04-11 15:10:58.416882
49baa649-87df-4a18-aa96-1513ad05110a,82fa4023-2054-4b49-8714-5e313a39e722,e64427ab-a502-4d99-ac27-1663d4c84b65,"Mechanix Beginner Racers, DIY Stem and ...",2,4,,2026-01-22 22:54:21.416882,2026-01-22 22:54:21.416882
06319915-1936-4033-bea3-9309767ce43e,82fa4023-2054-4b49-8714-5e313a39e722,51d9051f-47f9-415e-bc07-76d285cb51df,FOXYFOOT Men's Tan Chelsea Formal Shoes ...,2,24,,2026-01-22 22:54:21.416882,2026-01-22 22:54:21.416882
8d81079d-6678-4998-906a-1b0d9e11935a,70509f54-cdd8-487a-9f74-5beae48fcd46,50df8d73-b231-40cb-9826-005228d7a6a5,Shure RPW112 Replacement Microphone ...,4,232,,2026-03-31 18:22:50.416882,2026-03-31 18:22:50.416882
6b2efff0-2834-4f51-b686-f4c965bd021c,70509f54-cdd8-487a-9f74-5beae48fcd46,2eb72dea-3444-4c76-ae21-a7e89632ffb5,Tender Care 5 in 1 Baby ...,4,25,,2026-03-31 18:22:50.416882,2026-03-31 18:22:50.416882
5184e633-ed3d-435b-8cad-af46b2152413,70509f54-cdd8-487a-9f74-5beae48fcd46,3136f7d7-a836-435a-8466-9d2817768775,Master Electronics Provides 1 Ton 3 ...,4,591,,2026-03-31 18:22:50.416882,2026-03-31 18:22:50.416882
615813e6-3990-4ef0-855e-bcf54fa291e9,d097fdac-abfa-40ce-be87-171372f0f9ba,91d09844-c5fe-41ba-83ab-d9ed89dc4496,Aarke Ritu Kumar V-Neck Half Sleeves ...,3,35,,2025-11-08 03:32:08.416882,2025-11-08 03:32:08.416882
f4f4cafb-3d39-4c39-9123-2edad9c368f5,d097fdac-abfa-40ce-be87-171372f0f9ba,d5420de4-0582-4cf5-99b8-958870b23499,"AGARO EXTEREME Car Vacuum Cleaner, 5 ...",2,24,,2025-11-08 03:32:08.416882,2025-11-08 03:32:08.416882
8f42d6d7-36a9-493d-93b2-7dace64253c0,d097fdac-abfa-40ce-be87-171372f0f9ba,b2732cdd-4df1-4d1e-9946-e5c336dffc28,addixon Canvas 10 Ltrs Multicolor College/Casual ...,3,21,,2025-11-08 03:32:08.416882,2025-11-08 03:32:08.416882
e429dd0a-d96f-454a-917d-1b25f3b077e3,d097fdac-abfa-40ce-be87-171372f0f9ba,2767267a-114e-4d68-8d3f-644895b70821,1st Step BPA Free Hard spout ...,1,3,,2025-11-08 03:32:08.416882,2025-11-08 03:32:08.416882
1ab225fb-0b98-4fe9-92af-00128a08c542,443a6b4a-4150-4ec7-843c-7c5bb39908b2,3ef43600-95b3-4414-81e8-04bb14c6acc2,Neska Moda 6 To 12 Months ...,4,8,,2025-11-26 17:57:09.416882,2025-11-26 17:57:09.416882
f33fc6ef-1fb8-49d6-86c4-6be428edc51a,443a6b4a-4150-4ec7-843c-7c5bb39908b2,8ea9659e-83af-4275-b8f0-d95113bcab66,"MamyPoko Pants Extra Absorb S102, Unisex ...",2,18,,2025-11-26 17:57:09.416882,2025-11-26 17:57:09.416882
6691820a-ad21-4e24-8084-829033d3a887,443a6b4a-4150-4ec7-843c-7c5bb39908b2,60512ece-8219-4550-8424-0f6622856b1b,SunRobotics 24V/36V/48V EBike Twist Throttle Grip ...,2,11,,2025-11-26 17:57:09.416882,2025-11-26 17:57:09.416882
34a313cd-d8e6-48ca-bd8a-df66b2bd3d1d,a6e7df63-02f2-4855-a21d-7ab6a514f8fa,0670da31-175c-4c32-918f-febf97cb83ce,Nike ACG AW84,1,28,,2025-11-22 09:49:12.416882,2025-11-22 09:49:12.416882
e20c2842-ffdf-4396-9ac6-d197668d5125,a6e7df63-02f2-4855-a21d-7ab6a514f8fa,77dfd4f3-6edf-4af5-b1ca-ee5f652cc9b7,LYOCELL SHIRT WITH A STAND-UP COLLAR,4,36,,2025-11-22 09:49:12.416882,2025-11-22 09:49:12.416882
9e7b8a5e-bc5d-4fe9-b8e5-808c7a7f5f9e,a6e7df63-02f2-4855-a21d-7ab6a514f8fa,d4cbf21b-2f8d-411b-b55d-97500e95cb11,Tiny Tycoonz Silicone Baby Tooth and ...,1,4,,2025-11-22 09:49:12.416882,2025-11-22 09:49:12.416882
9af94f43-03fa-403d-af3a-c786b0b6fd4b,a6e7df63-02f2-4855-a21d-7ab6a514f8fa,3001b5a3-145e-49a7-a2e3-891dbbc5a4d4,NOFALL Women's Ankle Length Cotton Socks ...,2,4,,2025-11-22 09:49:12.416882,2025-11-22 09:49:12.416882
bf1c7172-92af-4bda-b01c-269fd9d3eb76,a6e7df63-02f2-4855-a21d-7ab6a514f8fa,b4d02f1c-8078-44fe-9565-332f657cc3fd,KASSY POP Organic Bamboo Breastfeeding Pads ...,5,12,,2025-11-22 09:49:12.416882,2025-11-22 09:49:12.416882
315f5910-236b-446d-b188-d38244310786,c38c2c20-a4e6-4b6a-9e0d-41673b227333,dd75ed9d-3897-44bc-a7a5-812d00b268ad,Peter England Men's Solid Slim fit ...,3,17,,2026-01-12 00:21:37.416882,2026-01-12 00:21:37.416882
cfce8cf0-1a97-464f-bdf8-41dbe50609d7,c38c2c20-a4e6-4b6a-9e0d-41673b227333,cc5b54ee-a9af-46b0-a468-e54567659321,Nike Sportswear,5,32,,2026-01-12 00:21:37.416882,2026-01-12 00:21:37.416882
d3d1d090-8d25-44e8-8f8c-12f31e10e503,c38c2c20-a4e6-4b6a-9e0d-41673b227333,d4c6b0fc-4fa0-46b7-808a-8375bce38868,FABRIC CROSSBODY BAG,4,34,,2026-01-12 00:21:37.416882,2026-01-12 00:21:37.416882
131d80ff-2684-40d6-a232-8cc2b04e7ecf,c38c2c20-a4e6-4b6a-9e0d-41673b227333,0c43f592-8049-4619-af0c-2ac4670ad588,Kenvi US Fan Heater || Heat ...,3,27,,2026-01-12 00:21:37.416882,2026-01-12 00:21:37.416882
7fbe9ba3-865e-4ab4-9035-3aedcd005296,c38c2c20-a4e6-4b6a-9e0d-41673b227333,7e00d8e3-922b-4c32-944a-6d490077b11d,Levi's Men's 511 Slim Fit Jeans ...,3,44,,2026-01-12 00:21:37.416882,2026-01-12 00:21:37.416882
fb9b9a55-8470-4159-8bec-f17740781f13,0eae9ccf-5e47-461a-bddf-d5de892bc981,7417fda3-23a1-4573-828c-f7f438bde64d,Dennis Lingo Men's Cotton Printed Slim ...,3,27,,2026-02-06 23:51:14.416882,2026-02-06 23:51:14.416882
c023aa5a-e69f-47bc-82ab-d740c6c5f2d2,0eae9ccf-5e47-461a-bddf-d5de892bc981,a4612158-8e48-4fb7-9505-9cb6f6598c7d,DENIM HIGH-HEEL SANDALS WITH RHINESTONES,1,39,,2026-02-06 23:51:14.416882,2026-02-06 23:51:14.416882
5535364a-9fdd-4c53-81dc-779fdd082afd,0eae9ccf-5e47-461a-bddf-d5de892bc981,a122e25a-78e0-468c-9bc3-50dd75ec8961,LINEN - COTTON OVERSHIRT,3,71,,2026-02-06 23:51:14.416882,2026-02-06 23:51:14.416882
8739785f-9919-4cc2-99b4-a59539e04ca7,0eae9ccf-5e47-461a-bddf-d5de892bc981,955579e1-213d-45ac-9d5d-84c947101de6,Daily Men's G String Sheer See ...,1,7,,2026-02-06 23:51:14.416882,2026-02-06 23:51:14.416882
810bba45-8460-4422-9437-7ed1d786c758,0eae9ccf-5e47-461a-bddf-d5de892bc981,e12dcb53-017a-488a-84dc-056da7b9f6b4,UE Elite All Shine & Protectant ...,4,17,,2026-02-06 23:51:14.416882,2026-02-06 23:51:14.416882
9806c9cd-2306-4859-a734-ec6e30921df5,edb8af8e-a55a-439e-98e3-75bb66bc1bd9,1c2f76e0-5a6e-4b7b-a556-6fc71f321a12,Anuj Sales 13.25 Ratti Natural White ...,1,36,,2025-12-03 06:41:20.416882,2025-12-03 06:41:20.416882
e8944a68-bcf8-4370-8345-b703d55f114e,eb8fce37-2dff-4737-8176-fe926d4dd537,1deadaa1-3081-49a1-9cef-97ac988c5774,PATCHWORK PRINT MIDI DRESS,1,48,,2025-12-22 19:14:48.416882,2025-12-22 19:14:48.416882
8a236758-f4dc-417e-866f-a32ac1dbb0e0,eb8fce37-2dff-4737-8176-fe926d4dd537,491f7892-6267-4784-9383-01066a033c59,Flora Women's Clutch (Set of 2) ...,1,13,,2025-12-22 19:14:48.416882,2025-12-22 19:14:48.416882
4e9c6e16-c492-4f34-bca1-e2f36708cd20,eb8fce37-2dff-4737-8176-fe926d4dd537,819ef1ef-9856-4d8a-a893-7c84cc639ff9,CROSSOVER TOP WITH RUFFLES,3,36,,2025-12-22 19:14:48.416882,2025-12-22 19:14:48.416882
d013542d-3aac-4dd2-a220-474d9902c23d,cdfaa8e3-494b-48d6-aa36-fa4000ee7669,ed19f634-1b19-421d-9829-d5d2320e93b4,KAPIDA Multi Layer Kids Cloth Mask ...,4,8,,2025-12-11 02:52:22.416882,2025-12-11 02:52:22.416882
d69b60cf-5bcc-4c78-8fc4-f2878ec109ef,cdfaa8e3-494b-48d6-aa36-fa4000ee7669,8b460071-8d1e-42a4-b1a6-502c4918ad6b,Shaya by CaratLane Slick Mode Necklace in 925 ...,3,19,,2025-12-11 02:52:22.416882,2025-12-11 02:52:22.416882
ae1c4b83-3ad1-4b2d-9407-6aaa27936525,cdfaa8e3-494b-48d6-aa36-fa4000ee7669,87b9a347-3a8d-41d4-97e4-fe9ff86667a6,Fisher-Price Ultra Care Regular Neck Feeding ...,4,2,,2025-12-11 02:52:22.416882,2025-12-11 02:52:22.416882
1d84eff4-3e25-4569-8e4c-34fe0c0b33b6,cdfaa8e3-494b-48d6-aa36-fa4000ee7669,f7e6d77c-9165-46db-a298-b2383373ae27,Neska Moda 6 To 12 Months ...,3,8,,2025-12-11 02:52:22.416882,2025-12-11 02:52:22.416882
54bc51d7-b4a1-4496-8dba-116496cc1313,ebb1cd1c-2391-4a40-9047-cdb412cde60c,f570b15c-1ab3-4001-9857-267e3261a296,Total Led Light Angle Bulb Holder ...,1,5,,2026-02-19 04:05:36.416882,2026-02-19 04:05:36.416882
4254f567-b9e0-4abe-8c28-253b3c71aafa,ebb1cd1c-2391-4a40-9047-cdb412cde60c,1f04b601-e5af-4940-89c1-23ffae97556c,WorldCare® Baby Crib Seat Mosquito Net ...,2,22,,2026-02-19 04:05:36.416882,2026-02-19 04:05:36.416882
68dde254-b63f-44ea-b89d-42abb12420d8,ebb1cd1c-2391-4a40-9047-cdb412cde60c,8aa9830a-831d-4d6e-8273-615b59a6e0df,LEATHER PENNY STRAP LOAFERS,5,90,,2026-02-19 04:05:36.416882,2026-02-19 04:05:36.416882
3cce6fec-8cea-4382-a643-f285493b55dd,ebb1cd1c-2391-4a40-9047-cdb412cde60c,712d5435-abf4-4a07-bc80-a5296bbb7ded,DTM in Microfiber Cloth - 4 ...,4,8,,2026-02-19 04:05:36.416882,2026-02-19 04:05:36.416882
260e0ccc-b266-4877-b6f2-92c3c53df566,bc717d6e-006f-4750-99da-15bcccf11bd9,57e363b5-5417-4376-984f-327138d773a3,Silti ES-300L 1300W 220V Electric Steam ...,4,60,,2026-02-04 14:46:49.416882,2026-02-04 14:46:49.416882
9b591d73-2da2-4151-ac80-24c3c883a135,bc717d6e-006f-4750-99da-15bcccf11bd9,9dcb8cb5-7848-4eb2-a683-92e2f5ec5926,LG 164 cm (65 Inches) 4K ...,1,1548,,2026-02-04 14:46:49.416882,2026-02-04 14:46:49.416882
8380b75b-b5f1-441d-bbfa-d89253af4760,5850bfcf-26ff-4513-8e96-4a90f6b9618f,824389be-9cf1-43e1-b347-a7131215aaab,STRAPPY HIGH-HEEL LEATHER SANDALS,5,59,,2026-02-01 04:49:21.416882,2026-02-01 04:49:21.416882
70d9db75-c745-4128-8735-a293bfa76341,5850bfcf-26ff-4513-8e96-4a90f6b9618f,9bac89b9-a299-4e66-8c7e-7c64a053de22,Van Heusen Women Jeans ...,1,26,,2026-02-01 04:49:21.416882,2026-02-01 04:49:21.416882
5d40ee90-24af-45d5-b51a-708a9f8846f8,d9c50b21-a0a9-4dc4-b434-2bbb0ac1abd2,587cb36a-d900-45b2-8eeb-d252fbbc4c7e,S10 Men's Casual Running Shoes for ...,1,18,,2025-11-19 06:57:05.416882,2025-11-19 06:57:05.416882
2ab767b7-efff-4a7f-a0bd-e0b9067e8846,d9c50b21-a0a9-4dc4-b434-2bbb0ac1abd2,9c0b66d4-c70f-4b56-bd6b-5cf4164c87c5,DHS Mart Sleeping Eye Mask Slip ...,2,12,,2025-11-19 06:57:05.416882,2025-11-19 06:57:05.416882
c3bc985a-1b45-4f62-9dce-3667de63b937,d9c50b21-a0a9-4dc4-b434-2bbb0ac1abd2,4ff7b8a6-ff24-44b9-9851-0ac7a2d68a5c,Men's Slim Fit Denim Mid Rise ...,1,10,,2025-11-19 06:57:05.416882,2025-11-19 06:57:05.416882
33f1b08c-52df-4d20-a366-5b1f5dee7765,d9c50b21-a0a9-4dc4-b434-2bbb0ac1abd2,5047a435-ec18-4de8-bcb3-b3f1ab36fa38,global desi Women's Rayon Regular Kurta ...,4,30,,2025-11-19 06:57:05.416882,2025-11-19 06:57:05.416882
c728b5e0-ff2c-4ddb-92a5-1ae8a69c7b5b,a920fabb-a74e-4461-8346-cdbac6460210,24b97ffe-71df-4a21-ad90-9a7c2d808124,JUMPSUIT WITH BRAIDED STRAPS,4,59,,2026-04-30 03:44:14.416882,2026-04-30 03:44:14.416882
250497e5-bde7-49bf-beff-5bebd5d75037,a920fabb-a74e-4461-8346-cdbac6460210,dc14341b-03d1-41db-b2a5-4d7c9ca9b0d3,LEATHER SNEAKERS,2,59,,2026-04-30 03:44:14.416882,2026-04-30 03:44:14.416882
d4b9c302-7b55-45f0-b36d-30246fda7cb1,a920fabb-a74e-4461-8346-cdbac6460210,532df9d7-0056-44ff-8d8d-1b19dae25ff3,Plantex Stainless Steel Folding Towel Rack ...,2,126,,2026-04-30 03:44:14.416882,2026-04-30 03:44:14.416882
8d8591ba-f987-4cae-9325-d69190e90923,9d168f28-f1a3-46ad-bd99-8b5415fea589,6a8877bd-94b4-470d-9d3f-8ee1323174fc,LEATHER BELT,5,36,,2026-03-29 02:44:10.416882,2026-03-29 02:44:10.416882
1f32585f-db6b-4f98-bdd4-7995c3f9b8df,9d168f28-f1a3-46ad-bd99-8b5415fea589,7c95e772-c753-43aa-86cc-17bdd476bbae,EZVIZ Camera WiFi 1080P Standalone Smart ...,2,131,,2026-03-29 02:44:10.416882,2026-03-29 02:44:10.416882
dac0c1bf-7dfa-48d4-87b5-6756c643d6cc,9d168f28-f1a3-46ad-bd99-8b5415fea589,60012103-8706-4880-ae86-eecce73830d6,Solly Jeans Co. Men's Solid Slim ...,1,8,,2026-03-29 02:44:10.416882,2026-03-29 02:44:10.416882
6b5f5803-74a1-461c-a161-bd02e2726bf0,29d8c84a-b591-4c28-ad85-51efad2085aa,86dd903b-9b33-4a71-ba13-89bb054fc516,SHOPEE Car Motorcycle Bike Truck Replacement ...,3,6,,2026-01-07 00:37:31.416882,2026-01-07 00:37:31.416882
546d6721-d194-4d95-8203-c39ecae8c308,29d8c84a-b591-4c28-ad85-51efad2085aa,a3f1dc77-1a88-4809-bab8-9ad455a33646,ZOXOWA B-O-T-01 Wireless Bluetooth in-Ear Neckband ...,1,11,,2026-01-07 00:37:31.416882,2026-01-07 00:37:31.416882
b0eb1739-9ede-4be5-b8b2-59bbb148f6c9,29d8c84a-b591-4c28-ad85-51efad2085aa,c813f0c8-c6db-412b-a3b2-7664f10b84d4,Samsung 11 Kg Inverter 5 star ...,2,554,,2026-01-07 00:37:31.416882,2026-01-07 00:37:31.416882
0a3f21c6-7e4b-4d37-ae73-5b542072bcd2,2eb5dfe8-326d-4eb5-b960-29778d15ecaa,a8883814-e0e2-4523-99dc-54c95464d67d,THIN LEATHER BELT,5,36,,2026-04-10 17:56:41.416882,2026-04-10 17:56:41.416882
c7fced30-0172-4a7b-b20e-0f2bbd0cbfa9,2eb5dfe8-326d-4eb5-b960-29778d15ecaa,c24df9a9-3878-414d-aaae-f5a89a1cf52e,GJ Baby Baby-Boy's Regular fit Jacket ...,5,15,,2026-04-10 17:56:41.416882,2026-04-10 17:56:41.416882
3a7dc51f-638b-4f80-95fa-31782e64055d,2eb5dfe8-326d-4eb5-b960-29778d15ecaa,8efcc1f9-d0a6-44c5-8b96-9a15bc7de77c,CHUNKY SANDALS,2,21,,2026-04-10 17:56:41.416882,2026-04-10 17:56:41.416882
f7a7dae8-6c2e-465b-a4e2-bf5a881ba409,c35669f6-43c4-4eb9-9e0f-9898dfa5fdb9,3b731360-da4d-461d-a571-079f670df002,WORKOUT T-SHIRT,2,27,,2025-11-04 16:08:28.416882,2025-11-04 16:08:28.416882
9974b8c4-41ce-4ca9-a243-b338994fc78e,c35669f6-43c4-4eb9-9e0f-9898dfa5fdb9,1f83f501-a5ba-4ae4-9eae-272b8dc556f7,VTS Studio Home Umbrella Stand Setup ...,1,101,,2025-11-04 16:08:28.416882,2025-11-04 16:08:28.416882
61abd196-ffaa-4c71-8ed8-17d1b966d26f,c35669f6-43c4-4eb9-9e0f-9898dfa5fdb9,a21dd717-f197-4376-92b7-e7b20bde1aa1,AFJ GOLD Copper Gold Plated Bangles ...,5,22,,2025-11-04 16:08:28.416882,2025-11-04 16:08:28.416882
1f01d91e-1958-4c22-a0b3-ae4fd270dd92,c35669f6-43c4-4eb9-9e0f-9898dfa5fdb9,b7ee222a-de62-41e1-8fde-7657d3f1353f,POINTELLE KNIT TUNIC,1,39,,2025-11-04 16:08:28.416882,2025-11-04 16:08:28.416882
9bc7a317-a2f5-485b-8ddd-9e0bf9e97209,c35669f6-43c4-4eb9-9e0f-9898dfa5fdb9,07da200f-4c1e-4507-8ca7-b3977ffe1f86,FITNESS WORLD - 2 in 1 ...,2,1536,,2025-11-04 16:08:28.416882,2025-11-04 16:08:28.416882
843c7d51-3545-46c8-b72d-e0a97abcd6fb,d3e5e62a-8ab7-4e8b-9429-ab2bf6ecdb9f,0a8da499-83c3-4672-9803-98928858edd3,LG 8 Kg 5 Star Inverter ...,4,619,,2026-03-09 03:02:03.416882,2026-03-09 03:02:03.416882
821761a3-ce68-4acf-b0c4-d7eb79cee4fe,cc66290f-40ef-4738-b0ce-d82b8f2c3f9b,7fe23098-177c-472a-8153-5098b1a1a66c,AONES Pack of 2 Magnetic Loop ...,1,12,,2025-12-28 01:38:11.416882,2025-12-28 01:38:11.416882
a8b7e13c-b9d2-46c0-8e7b-15bb326f81eb,cc66290f-40ef-4738-b0ce-d82b8f2c3f9b,5461812d-45c3-42ff-8936-e40f5162ebcf,WATER AND WIND PROTECTION RUBBERISED RAINCOAT,5,71,,2025-12-28 01:38:11.416882,2025-12-28 01:38:11.416882
5277934f-2fa8-4be1-9069-efb9cd3381d1,cc66290f-40ef-4738-b0ce-d82b8f2c3f9b,f95a90b4-1e8d-43d6-a382-98ed757194fd,RaajaOutlets New Lantern Shape 20Led String ...,3,12,,2025-12-28 01:38:11.416882,2025-12-28 01:38:11.416882
73b6cf7f-f08c-4694-9a85-eb7dca132b89,cc66290f-40ef-4738-b0ce-d82b8f2c3f9b,1cdb873d-02e0-444b-98fa-6dd244a96022,Orient Electric 1200 mm I Tome ...,1,62,,2025-12-28 01:38:11.416882,2025-12-28 01:38:11.416882
78f3ad82-1f29-4dac-b023-beb425e3a95f,adb5a695-f53c-46d9-9c95-b38c74742832,601d9e3d-30ab-4d75-8965-e46d06e885c1,SPUNN Women's Cotton Lightly Padded Wirefree ...,1,12,,2026-04-04 19:01:08.416882,2026-04-04 19:01:08.416882
c2505e25-347c-4a5d-8197-555a90ecb1ed,adb5a695-f53c-46d9-9c95-b38c74742832,f5a2d587-3df1-4d92-84ea-98285b209881,Axter Multicolor Casual Stylish Sneakers Shoes ...,4,18,,2026-04-04 19:01:08.416882,2026-04-04 19:01:08.416882
d2a70fef-2163-4c50-a5e7-847cdbd1b592,adb5a695-f53c-46d9-9c95-b38c74742832,c6afc4d9-c654-4eab-9930-86c9141be58e,"Samsung WindFree Inverter Split AC AR18CY5AQWK, ...",4,881,,2026-04-04 19:01:08.416882,2026-04-04 19:01:08.416882
54b7f6a5-c07e-415c-81b0-74cb50e457f3,adb5a695-f53c-46d9-9c95-b38c74742832,e4495af1-5a02-4bf5-96f0-67b78bc0523b,NPRC Baby Plastic Evil Eye Protection ...,4,2,,2026-04-04 19:01:08.416882,2026-04-04 19:01:08.416882
7c79c410-0b81-460d-89e1-4f034d5aea5c,adb5a695-f53c-46d9-9c95-b38c74742832,3a26e8f3-80cd-4ea2-ace3-86328d1b0808,Einstein Box for 2 Year Old ...,5,12,,2026-04-04 19:01:08.416882,2026-04-04 19:01:08.416882
2bcdd7ff-8962-45d3-babe-0b4b5420fee7,ea9a6f19-7114-48ab-a4af-fa8e842eccdc,03465ee7-c70e-415c-b155-99e579cb256d,RUBBERISED BACKPACK WITH FLAP,4,36,,2026-04-13 11:36:21.416882,2026-04-13 11:36:21.416882
ed88e725-d66b-48b4-bcbc-246adaea1f29,ea9a6f19-7114-48ab-a4af-fa8e842eccdc,af9426b7-331a-44e5-b4e9-20acf1696255,Nike Therma Crucial Catch (NFL Atlanta Falcons),5,85,,2026-04-13 11:36:21.416882,2026-04-13 11:36:21.416882
4619388d-42b4-4691-92ce-ad4628fb7c0f,ea9a6f19-7114-48ab-a4af-fa8e842eccdc,7f15918a-4b00-42a3-bb9f-9c128b510b88,MIDI DRESS WITH CROCHET WAIST,1,59,,2026-04-13 11:36:21.416882,2026-04-13 11:36:21.416882
14673906-adcc-4794-acf7-a52c5bd1712f,3815736e-ed2b-4b30-ba02-a92b3c04a048,601d9e3d-30ab-4d75-8965-e46d06e885c1,SPUNN Women's Cotton Lightly Padded Wirefree ...,3,12,,2026-03-12 07:38:49.416882,2026-03-12 07:38:49.416882
47468035-ac43-4c30-9ede-4eaef0995d5a,3815736e-ed2b-4b30-ba02-a92b3c04a048,5751775c-7604-49ec-bcdb-00a8601d072d,Super Absorbent 2 Ply Kitchen Printed ...,4,3,,2026-03-12 07:38:49.416882,2026-03-12 07:38:49.416882
f66d8713-f33d-4bca-a900-9fe04dff5ce7,4a1347c6-9c3f-4387-8ace-0d9a554ecfe4,6d0eec71-d062-4d90-ba69-c80423c23855,WOOD ART STORE Decorative Round Wooden ...,3,12,,2025-11-29 01:08:40.416882,2025-11-29 01:08:40.416882
9a63816a-49c3-41fd-9ac5-b100acf50f22,4a1347c6-9c3f-4387-8ace-0d9a554ecfe4,54b2320d-e659-4e99-863c-d3630fc735dc,Apnisanskriti Black Rudraksha Mala with Golden ...,5,10,,2025-11-29 01:08:40.416882,2025-11-29 01:08:40.416882
d517627f-5212-4015-abe6-91883bff8579,4a1347c6-9c3f-4387-8ace-0d9a554ecfe4,feb8156f-1de2-4158-bf26-38f3083ecdb4,WASHED EFFECT HOODIE,4,39,,2025-11-29 01:08:40.416882,2025-11-29 01:08:40.416882
9c7d53e7-8756-410f-96d6-af3133bfbccf,4a1347c6-9c3f-4387-8ace-0d9a554ecfe4,fe9f83ae-cb6e-41f6-985c-76d8fe0ffd28,hotfits Men's Trackpants (Pack of 3) ...,3,18,,2025-11-29 01:08:40.416882,2025-11-29 01:08:40.416882
16bf1052-f60c-412f-ac63-d03543d6980a,1651418e-0d3d-4ae9-a30b-4a9491441ea8,dc125d3a-f9a1-4d3b-91c3-612103494940,Mom's Lap Stainless Steel Feeding Bottle ...,5,5,,2026-04-20 13:50:59.416882,2026-04-20 13:50:59.416882
f336bcf9-0b0c-4b46-b9ff-5ee953e36104,1651418e-0d3d-4ae9-a30b-4a9491441ea8,a38889e0-86c4-461d-a144-0c7e5cc93013,Munchkin Twisty Mix & Match Animals ...,3,14,,2026-04-20 13:50:59.416882,2026-04-20 13:50:59.416882
cd1c1e97-f277-49a3-9f34-578029017f71,1651418e-0d3d-4ae9-a30b-4a9491441ea8,3575ea16-8dc2-4287-87e3-b32b6775202b,Levi's Men's Slim Fit Shirt ...,2,37,,2026-04-20 13:50:59.416882,2026-04-20 13:50:59.416882
261f4919-fd85-447a-825f-34fee67c0cc7,1651418e-0d3d-4ae9-a30b-4a9491441ea8,410fa28c-0999-40fe-b6ae-6750502fe2b8,HAPPY HUES Kid's Cloud ECart Little ...,3,7,,2026-04-20 13:50:59.416882,2026-04-20 13:50:59.416882
9953424c-3b88-415c-a5e2-c5863238ecd4,1651418e-0d3d-4ae9-a30b-4a9491441ea8,a6a33336-cf3e-49e4-a286-5250246b7159,Effingo: Yoga Mat with Carry Strap ...,4,12,,2026-04-20 13:50:59.416882,2026-04-20 13:50:59.416882
b259de4e-0b3a-49cf-9424-d30677468e91,b1b88ae1-435e-473e-96eb-0167f401e415,2e052190-9d0c-4efc-bb2e-0dc8cf94dc2b,Plum 15% Vitamin C Face Serum ...,1,7,,2025-12-03 21:43:46.416882,2025-12-03 21:43:46.416882
eb1d99c6-7dd1-4f05-86d4-e52937073900,b1b88ae1-435e-473e-96eb-0167f401e415,dc370058-e109-4402-8c81-84a59374a613,Healthex Exercise Cycle For Weight Loss ...,5,143,,2025-12-03 21:43:46.416882,2025-12-03 21:43:46.416882
87828b72-4cc6-4979-bb89-495f38dc0970,b1b88ae1-435e-473e-96eb-0167f401e415,d5b89132-af4a-46d5-b3de-a4f4783e6235,Home Stylish All Season Miltipurpose Polar ...,5,10,,2025-12-03 21:43:46.416882,2025-12-03 21:43:46.416882
64eb6dd0-721c-4e3d-a553-475d5376e49e,b1b88ae1-435e-473e-96eb-0167f401e415,dde984bf-8323-450b-b999-a4f5cefb290a,Gnawlers Digest More Plus Prebiotics Dental ...,1,4,,2025-12-03 21:43:46.416882,2025-12-03 21:43:46.416882
13d5c547-9fbf-41ea-aa85-049d49f89ad2,04afd61b-5ad4-4f14-bc53-61d984eb2771,e9635517-62a7-4ab1-ae78-dc63d1073bef,Imagimake: Mapology World with Flags & ...,2,10,,2026-01-23 03:32:08.416882,2026-01-23 03:32:08.416882
88dbf6e5-bf99-4efc-8b55-6a59be9b51f0,04afd61b-5ad4-4f14-bc53-61d984eb2771,b84447bf-3574-4a08-80e3-0d3ba39383fb,XENILLA Women's Satin Embroidered Semi Stitched ...,5,24,,2026-01-23 03:32:08.416882,2026-01-23 03:32:08.416882
2181d5a8-13fc-4b4b-bfec-aedc9e5372fc,04afd61b-5ad4-4f14-bc53-61d984eb2771,01fefa02-e537-4bea-a602-09ccf5d7adad,"Rdc Round Lamp Shade (10 Inches, ...",2,7,,2026-01-23 03:32:08.416882,2026-01-23 03:32:08.416882
36dc3caf-847b-47df-b95c-4ce229e900c0,04afd61b-5ad4-4f14-bc53-61d984eb2771,1682f33f-2f6a-4e53-b1b8-30d21b27f3a2,"Scotch-Brite Plastic Kitchen Wiper Wipes (Grey, ...",4,2,,2026-01-23 03:32:08.416882,2026-01-23 03:32:08.416882
bc957918-35ca-4923-b12b-2c1e468a1b13,04afd61b-5ad4-4f14-bc53-61d984eb2771,51f7974f-e9b7-4cc9-b76a-d6178c86b6cd,Cyruss USB 3.0 to HDMI HD ...,4,85,,2026-01-23 03:32:08.416882,2026-01-23 03:32:08.416882
7b37f862-cb5f-44f5-ae8b-534570bfad16,c20010df-750f-4104-a190-5a3edacc1117,b87e685c-42c5-4360-a330-668be97eb6d4,"MAY TREE Clear Bag Stadium Approved, ...",1,12,,2026-04-28 14:44:19.416882,2026-04-28 14:44:19.416882
c8ca8d35-3515-4bf9-915e-5feffdd2a143,c20010df-750f-4104-a190-5a3edacc1117,d8527575-cb7d-4fd1-af1d-c74dd9ee4c3e,LH Ent Humidifiers Essential Oil Diffuser ...,5,11,,2026-04-28 14:44:19.416882,2026-04-28 14:44:19.416882
c0077ef8-f34e-40f1-b66b-f84bd2d040cb,c20010df-750f-4104-a190-5a3edacc1117,1108ed58-9414-46f0-a3d4-249214e95554,SYSKA Iron Press | 2 Year ...,4,10,,2026-04-28 14:44:19.416882,2026-04-28 14:44:19.416882
81d74979-841f-407f-b64f-9bdc5c69405d,c20010df-750f-4104-a190-5a3edacc1117,3906dcb5-0a66-4b11-9f07-fd872f1af028,OmniMount MOD1 1-Shelf Modular Wall System ...,3,518,,2026-04-28 14:44:19.416882,2026-04-28 14:44:19.416882
1bff6e42-c02d-4fb9-8aae-9e05d986eefe,c20010df-750f-4104-a190-5a3edacc1117,7f6f0266-a85a-42ee-97ad-782259aa9c1e,Flat n Heels Womens Beige Loafer ...,5,36,,2026-04-28 14:44:19.416882,2026-04-28 14:44:19.416882
54b5f7cb-1f99-4eaf-b16f-765df0690348,b4695817-90d3-43e6-b9d7-831cf887cd58,dca747e7-f8f2-4fba-83b9-97542deaac77,Samsung 10.5 kg / 7.0 kg ...,4,930,,2025-11-04 08:24:17.416882,2025-11-04 08:24:17.416882
dbf835dd-02e6-49e6-9282-983e2c8e6713,b4695817-90d3-43e6-b9d7-831cf887cd58,f8fe70cd-d058-4fdb-817a-c22c7652c8bb,Pro Gym Men's Compression Full Sleeve ...,4,12,,2025-11-04 08:24:17.416882,2025-11-04 08:24:17.416882
48b2a9e9-ed75-4df5-a61a-196c6da12e6d,38f1ca64-17ee-47e9-aaf1-ac82680c5512,78080c7e-de94-4194-93c3-8e08868f5507,Jolly's Men's Cotton Blend Full Sleeve ...,5,24,,2025-12-10 23:57:51.416882,2025-12-10 23:57:51.416882
e9688b1a-5a07-442b-a709-237b0777bdba,e009a9f9-d678-462b-820b-8544e7a3c810,a1528950-ce11-4b09-afd2-5a387bfa41a1,OYO BABY Badam Rogan Oil for ...,5,8,,2026-01-20 23:45:56.416882,2026-01-20 23:45:56.416882
9ea1c9a0-f45c-4f94-9cc3-4cd57c1cab3b,e009a9f9-d678-462b-820b-8544e7a3c810,857b1187-b102-4eb4-9b6d-a319bb760cde,Khelni Professional Palette Eyeshadows -Combo Set ...,4,12,,2026-01-20 23:45:56.416882,2026-01-20 23:45:56.416882
98db869b-b20f-41a0-853c-627c0081762c,9b4ec4ef-5d26-49de-92e4-3cdf59ae8d0b,5d87d379-804f-4831-8938-4b2dfd50875e,FURIOZZ Women and Girl's Stylish Strap ...,1,12,,2026-01-07 18:18:22.416882,2026-01-07 18:18:22.416882
276495bd-edc4-4008-833b-68157da0fc0d,9b4ec4ef-5d26-49de-92e4-3cdf59ae8d0b,967f9d62-bec1-41cc-b065-28822cdf0bc0,Babyhug Daily Moisturising Milk Wipes - ...,2,5,,2026-01-07 18:18:22.416882,2026-01-07 18:18:22.416882
15241e5c-de70-4813-85f2-36f03de81e34,9b4ec4ef-5d26-49de-92e4-3cdf59ae8d0b,3dbcbf01-3f69-4703-b2ae-d0d72790e433,PATCHWORK MIDI DRESS,1,59,,2026-01-07 18:18:22.416882,2026-01-07 18:18:22.416882
0f269400-5b69-4400-8227-1cd96f9934bb,58ead9c4-3780-428e-884b-1dc74915a20b,94c5c1b8-af8c-450b-9e44-41023dd99d5f,Baba & Baby Girls Round Neck ...,2,18,,2026-02-04 14:03:40.416882,2026-02-04 14:03:40.416882
3c70cbce-1fc0-4e19-9bd6-aff7eafb49e8,58ead9c4-3780-428e-884b-1dc74915a20b,d809cf60-8a38-4e1b-b46b-269e4e4cc02b,UA0014/G/S 0MVU/IC 57MM Azure / Grey ...,2,146,,2026-02-04 14:03:40.416882,2026-02-04 14:03:40.416882
c6d5f1e9-19ec-4f54-bb70-957fa4141ca9,58ead9c4-3780-428e-884b-1dc74915a20b,2e0a8a9a-5cad-4abc-953f-e049d16c0247,BETUU Enterprises Automatic clamp Car Mobile ...,4,10,,2026-02-04 14:03:40.416882,2026-02-04 14:03:40.416882
e57528df-8cc7-4c06-b3cf-7f5fe6cafa38,a2197e8f-6ece-411b-97aa-f16f85a16ae3,41fba9aa-cf58-4054-84fd-15eb1ec26cd2,Kirti Sales Gems Certified Emerald Panna ...,1,48,,2025-12-19 19:03:03.416882,2025-12-19 19:03:03.416882
748160cb-1b9a-472c-8a33-7fb6a33d716a,a2197e8f-6ece-411b-97aa-f16f85a16ae3,467747e4-e81e-4a2b-b742-48e856e739c3,AONES Ocean Silicone Watch Strap Compatible ...,5,12,,2025-12-19 19:03:03.416882,2025-12-19 19:03:03.416882
86b1bf97-7712-46a1-9e1d-2e2fea82dc22,a2197e8f-6ece-411b-97aa-f16f85a16ae3,0c830d4b-f6e6-41e8-b149-691ecd34ba2e,Bourge Womens Micam-z113 Sneaker ...,3,20,,2025-12-19 19:03:03.416882,2025-12-19 19:03:03.416882
b70d815e-5580-47e8-9963-828116816ffd,35526e66-a660-4f50-a788-197727bc1ce3,79b25f4a-dea4-4ed2-81cd-f8a9b31821db,Type-C to 3.5 MM Jack for ...,3,7,,2026-01-21 06:55:28.416882,2026-01-21 06:55:28.416882
31248f37-ce98-4728-8707-aa2b639064d5,35526e66-a660-4f50-a788-197727bc1ce3,3575ea16-8dc2-4287-87e3-b32b6775202b,Levi's Men's Slim Fit Shirt ...,4,37,,2026-01-21 06:55:28.416882,2026-01-21 06:55:28.416882
b2ffada2-394b-4fb1-a0f0-e50cf2549795,35526e66-a660-4f50-a788-197727bc1ce3,19d00715-ba39-45c1-ab64-8a723d5ac410,255 LTR Refrigerator ...,3,333,,2026-01-21 06:55:28.416882,2026-01-21 06:55:28.416882
66370394-0af3-49c9-9167-405f68a55019,24882723-c54f-46d6-9b3f-a2daeeb9fe3c,116435e7-54ef-493e-a983-101941f875b5,RIBADIYA BROTHERS Digital Printed Readymade Lehenga ...,3,40,,2025-12-09 02:03:31.416882,2025-12-09 02:03:31.416882
3b525b0c-c9b2-4b2c-b2a1-65b2692edfcd,24882723-c54f-46d6-9b3f-a2daeeb9fe3c,f3637aca-bf68-4e8e-9097-df0ed8cfee55,awesome Science City Stainless Iron Nickel ...,2,4,,2025-12-09 02:03:31.416882,2025-12-09 02:03:31.416882
38f940cb-a557-40f0-af57-635421a2b5d4,24882723-c54f-46d6-9b3f-a2daeeb9fe3c,dd3cf254-7e57-4255-ac6a-3d7a35edd3bd,Emma Creativity & Customization Embroidered Box ...,5,23,,2025-12-09 02:03:31.416882,2025-12-09 02:03:31.416882
e59f4b00-ca55-4468-94f6-390b128e567c,24882723-c54f-46d6-9b3f-a2daeeb9fe3c,dd94e326-1780-498d-bb25-91f50ee671ae,PREMIUM SQUARE SUNGLASSES,1,59,,2025-12-09 02:03:31.416882,2025-12-09 02:03:31.416882
37d7d7bc-de9a-47bf-a608-31dfc7427fcd,24882723-c54f-46d6-9b3f-a2daeeb9fe3c,7814586f-e2ca-459c-8259-5562d44015ee,"Sony SRS-NB10 Wireless Neckb& Bluetooth Speaker, ...",3,167,,2025-12-09 02:03:31.416882,2025-12-09 02:03:31.416882
a5eff363-3512-496a-b802-83f85ffa510b,8593eb32-58a7-44af-b46d-8d98d6642f29,2a7f6f51-752d-46d3-bc49-48965648bca1,Men's Slim Fit Denim Mid Rise ...,1,16,,2026-01-05 01:19:26.416882,2026-01-05 01:19:26.416882
fe53042a-03d3-4a71-ae80-b27e8800021c,8593eb32-58a7-44af-b46d-8d98d6642f29,39571f7e-ee4e-46a4-a0d8-4454310ae529,T2F Boy's Loose Fit Track pants(Pack ...,4,15,,2026-01-05 01:19:26.416882,2026-01-05 01:19:26.416882
2ffced0b-bba1-441d-8f45-b2fc2732a6ba,8593eb32-58a7-44af-b46d-8d98d6642f29,589880d8-7de8-48f5-8461-e52872d85657,Safari Polycarbonate Hard Trolley Bag (20 ...,1,60,,2026-01-05 01:19:26.416882,2026-01-05 01:19:26.416882
1a79bf06-f07c-4076-91de-c928079787a5,8593eb32-58a7-44af-b46d-8d98d6642f29,f14ad8ba-ead3-4e0d-92ce-a20b436acfff,BOLTZ Bath and Deshedding Brush for ...,3,4,,2026-01-05 01:19:26.416882,2026-01-05 01:19:26.416882
2d504c97-b617-4bc6-bcb7-ad086ec34d6b,ff684706-1ea6-4acf-8a05-e1eab5a89bd2,c28651f9-569d-4b47-b65d-8dd24b6ea93a,Mikaasa Mens Genuine Leather Desert 8.0 ...,5,30,,2026-02-04 16:23:06.416882,2026-02-04 16:23:06.416882
db999bdc-d5ef-485d-bc80-c121c254f444,ff684706-1ea6-4acf-8a05-e1eab5a89bd2,2fe9cf68-5465-4417-b915-92e5c8147895,HOLRY Women's Plain Solid chiffon/Nazneen Dupatta ...,5,15,,2026-02-04 16:23:06.416882,2026-02-04 16:23:06.416882
9ee8782d-3892-4110-a089-b3479b546d98,ff684706-1ea6-4acf-8a05-e1eab5a89bd2,18d17b4a-2157-4267-a138-78559811d9fc,LONG LINEN BLEND COAT,4,71,,2026-02-04 16:23:06.416882,2026-02-04 16:23:06.416882
204508d4-172f-4dfa-b0e3-83246adc7d2f,f681e255-f38d-420e-8bda-5b466a37697e,a9c84282-84e8-4544-9da8-fc2e381f24fa,Pack of 2 Piece Badminton Racket ...,2,8,,2026-01-27 20:40:43.416882,2026-01-27 20:40:43.416882
a3e42e50-ec86-4e16-99d9-6ce8aac6361d,f681e255-f38d-420e-8bda-5b466a37697e,47938792-72ee-4578-92c0-cd8903758b32,myaddiction Women Fashion Vintage Sunglasses Large ...,3,12,,2026-01-27 20:40:43.416882,2026-01-27 20:40:43.416882
e2251f4e-0af8-43f5-b5b5-1f601ce2907a,f681e255-f38d-420e-8bda-5b466a37697e,dd01770c-e984-4575-bfd6-84cddbaf72e8,Orce Bath Article 304 Stainless Steel ...,1,13,,2026-01-27 20:40:43.416882,2026-01-27 20:40:43.416882
710aa01a-8a49-4829-b7a6-3848796032fd,f681e255-f38d-420e-8bda-5b466a37697e,a66d654a-d1d2-490c-a140-fe923104f4df,PAANSMITH DRY PAAN 170g - HEALTHY ...,1,2,,2026-01-27 20:40:43.416882,2026-01-27 20:40:43.416882
9fdf19fc-a634-421a-bc25-0005bce96327,f681e255-f38d-420e-8bda-5b466a37697e,b262dc43-d86c-47fa-b943-f1af23ed942c,EMBROIDERED TOTE BAG,5,34,,2026-01-27 20:40:43.416882,2026-01-27 20:40:43.416882
ee28745e-3f18-438b-a480-224e4cbd85cf,dc8e2eff-a8c3-43bb-b48a-ebc78b3aa7b9,3a26e8f3-80cd-4ea2-ace3-86328d1b0808,Einstein Box for 2 Year Old ...,2,12,,2026-03-27 21:17:04.416882,2026-03-27 21:17:04.416882
be069f6d-0f54-41a7-85ec-a8a63c59cf99,dc8e2eff-a8c3-43bb-b48a-ebc78b3aa7b9,24d1246a-551d-40ff-83cd-194565ec1aa3,"Silakiva Women's Maternity Dress, Side Zipper ...",1,26,,2026-03-27 21:17:04.416882,2026-03-27 21:17:04.416882
8f4ad766-6458-40c0-bcb0-23583098c456,dc8e2eff-a8c3-43bb-b48a-ebc78b3aa7b9,c409db80-ec73-4450-b3d7-56027fb93006,Kodak 108 cm (43 inches) 4K ...,2,476,,2026-03-27 21:17:04.416882,2026-03-27 21:17:04.416882
0cc14598-c697-4aaf-952e-6f01705db896,dc8e2eff-a8c3-43bb-b48a-ebc78b3aa7b9,395fbf46-1fa7-490d-b48f-b3779f92ef4b,STRAPLESS DRESS WITH SLITS,4,39,,2026-03-27 21:17:04.416882,2026-03-27 21:17:04.416882
2fe9424b-2fff-4d33-a89d-9f9bd67f9521,aaf60eff-f48d-4e77-8cd9-959dfa7418f9,601d9e3d-30ab-4d75-8965-e46d06e885c1,SPUNN Women's Cotton Lightly Padded Wirefree ...,4,12,,2025-11-11 07:34:40.416882,2025-11-11 07:34:40.416882
ee4ce022-27ad-46c9-90ee-2c0cb66566ab,aaf60eff-f48d-4e77-8cd9-959dfa7418f9,8d5ed1b2-e87f-4086-b1b6-fd16cbbea825,WorldCare® 30PCS/lot Steel Wire Leader Fishing ...,2,30,,2025-11-11 07:34:40.416882,2025-11-11 07:34:40.416882
a46aa895-fbb8-4d80-a8d2-f6f445aa456b,aaf60eff-f48d-4e77-8cd9-959dfa7418f9,c91e03fd-3859-4f26-a750-fce837f21eb4,AFTERSTITCH Cat Bobble Head Toy for ...,2,12,,2025-11-11 07:34:40.416882,2025-11-11 07:34:40.416882
df04920f-687d-40e0-864e-e27795249019,5040b5c2-26d9-4ba1-964d-3b4d725b30f6,880dfd3b-984e-452a-979f-ff69bff9c4a3,RSINC Taslim/Tilasmi/TLISMI Moti for Baby New ...,1,6,,2026-02-16 06:35:14.416882,2026-02-16 06:35:14.416882
b85add68-22d2-4ef6-a101-f6e538248f0e,5040b5c2-26d9-4ba1-964d-3b4d725b30f6,2eda3699-c65d-4a31-b424-593007abdba0,EMBELLISHED LEATHER HEELED SANDALS,5,71,,2026-02-16 06:35:14.416882,2026-02-16 06:35:14.416882
a698e03d-b341-4937-8ca3-1886e8b5ec86,5040b5c2-26d9-4ba1-964d-3b4d725b30f6,1fe18d89-da18-433b-ab10-8117224b98e4,RELAXED-FIT RIPPED JEANS,3,59,,2026-02-16 06:35:14.416882,2026-02-16 06:35:14.416882
a6357dfa-2822-4d3b-8ec9-a737b5fccd59,5040b5c2-26d9-4ba1-964d-3b4d725b30f6,4bcf029d-f0a1-48ca-8f93-a95c9b417c7e,CK INDIA Professional and Stylish Hair ...,2,24,,2026-02-16 06:35:14.416882,2026-02-16 06:35:14.416882
8df7f9f0-1ea9-495b-ac18-9c01d93f9b5a,5040b5c2-26d9-4ba1-964d-3b4d725b30f6,96b5041b-9c17-4669-b6e3-218fd5bf2c27,Alan Jones Clothing Mens Cotton Track ...,5,36,,2026-02-16 06:35:14.416882,2026-02-16 06:35:14.416882
b58b63a3-d77e-4c0c-8d48-278f20bf7fa0,a48c1f39-5d1d-4779-881f-7fddd5539a5e,1306d813-3301-44ce-8f1d-a7413775493b,Customised Number Plate Keychain in 4D ...,1,11,,2026-01-01 16:29:07.416882,2026-01-01 16:29:07.416882
8d5b2689-8096-4f53-b964-74236bf35184,a48c1f39-5d1d-4779-881f-7fddd5539a5e,3706bfbe-0679-49ba-aee8-8a797ac280a1,ShopAmz Compact Wireless Camera | FHD ...,3,60,,2026-01-01 16:29:07.416882,2026-01-01 16:29:07.416882
ebecc542-44bf-4fd2-8948-5487c5671094,4bdbe135-081e-4934-9824-223a374f27c1,6d10f6d0-fc0c-4b18-9892-09694023d9d1,PRIYA FASHION HUB Jewellery Set for ...,2,10,,2025-11-23 00:32:10.416882,2025-11-23 00:32:10.416882
7f0df347-4f85-40f8-a093-9d12e322c730,111919b3-7196-4671-863b-5a65d3bf3c9f,f5ec2cbf-c6e5-43be-a72d-fe5e6a0f4cdc,CUTWORK EMBROIDERY MIDI DRESS,3,59,,2026-04-20 13:47:20.416882,2026-04-20 13:47:20.416882
930ed016-badc-4c02-8580-e08979639a2e,111919b3-7196-4671-863b-5a65d3bf3c9f,c4ee9822-87ff-479e-bf3d-31fdbef041b7,SKYBAGS 49.53 L Hand Duffel Bag ...,2,27,,2026-04-20 13:47:20.416882,2026-04-20 13:47:20.416882
5dda72b1-764a-42f2-9a07-7bc8746b1fdf,111919b3-7196-4671-863b-5a65d3bf3c9f,f403b59e-d489-4655-853a-8242928da36f,"Zinley Outdoor Picnic Blanket, Foldable Waterproof ...",4,13,,2026-04-20 13:47:20.416882,2026-04-20 13:47:20.416882
a150c4a5-7cb4-4e24-9d83-ac97a8d06930,111919b3-7196-4671-863b-5a65d3bf3c9f,dcd918bc-e48e-41b9-8f28-77c9e8a00345,ElectroSky Easy Handy Washing Machine with ...,3,60,,2026-04-20 13:47:20.416882,2026-04-20 13:47:20.416882
b5e9a9bd-0479-4d55-91ab-ccd8b730a8a5,111919b3-7196-4671-863b-5a65d3bf3c9f,6bfbc426-6018-4b85-92c3-d3a4234e8730,Blue Star 2.0 Ton 3 Star ...,4,762,,2026-04-20 13:47:20.416882,2026-04-20 13:47:20.416882
6381e9ee-0188-4603-8c88-79da74c08f36,7ab5456d-a08c-49ad-b13f-53c51623a90c,b950c3a1-5eb2-4e15-8c78-c22d8712c9f4,Dry Fruit Wala Dried Prunes / ...,5,7,,2026-04-09 11:49:43.416882,2026-04-09 11:49:43.416882
463a88ab-7ef7-47d1-b01f-9fa941b3ae67,7ab5456d-a08c-49ad-b13f-53c51623a90c,4cfa31f3-06d5-479b-bcbd-92db17ca09a8,PC Jeweller The Cormac 22k (916) ...,1,538,,2026-04-09 11:49:43.416882,2026-04-09 11:49:43.416882
fc9391a9-6d8a-4e39-b0ee-e4d940943245,7ab5456d-a08c-49ad-b13f-53c51623a90c,2fcf9343-34bc-42a7-81df-f9afb9ba9f02,PROCLUES Realistic Dummy Fake Security CCTV ...,3,8,,2026-04-09 11:49:43.416882,2026-04-09 11:49:43.416882
f9714fea-5789-4ab7-811c-1eae58b27bd3,6dc4b540-4a26-4f10-9f0b-1339f31e8c29,5c2cd070-4456-498c-9cd2-2ee80a85e2ec,Clovia Women's Mid Waist Dot Print ...,1,6,,2026-02-08 12:44:09.416882,2026-02-08 12:44:09.416882
23358be0-fc07-4fd9-8e14-9ada5fbf8056,6dc4b540-4a26-4f10-9f0b-1339f31e8c29,0ba433a0-e9c5-49cc-ae54-8e1ba2ad6fca,3D mat car Foot mat car ...,2,24,,2026-02-08 12:44:09.416882,2026-02-08 12:44:09.416882
d92dd080-651e-40b8-8f13-61609df59e39,6dc4b540-4a26-4f10-9f0b-1339f31e8c29,87c9ced1-224f-4820-876d-a2e815e36621,Opticalskart ᵀᴹ Sunglasses Combo with Jockey ...,5,11,,2026-02-08 12:44:09.416882,2026-02-08 12:44:09.416882
e9f17adc-f469-4a64-8892-041025904315,3966b282-1c45-4b59-9792-c9bebcf534eb,4bcf029d-f0a1-48ca-8f93-a95c9b417c7e,CK INDIA Professional and Stylish Hair ...,1,24,,2026-01-10 11:02:07.416882,2026-01-10 11:02:07.416882
69d73471-1ede-4232-a144-95b117d2ed19,3966b282-1c45-4b59-9792-c9bebcf534eb,dc1bf402-bb97-4495-afab-83137c5b82e4,Lavie HYPATIA LG EW TOTE ...,1,49,,2026-01-10 11:02:07.416882,2026-01-10 11:02:07.416882
bcd6bea2-e68f-43fa-9c75-1e198026e27b,3966b282-1c45-4b59-9792-c9bebcf534eb,2e255bd6-9eb4-4b0d-9056-1ba9f2fb7ae7,Ashaway X Lite Strung Racquet with ...,2,100,,2026-01-10 11:02:07.416882,2026-01-10 11:02:07.416882
28b75ecb-5f33-4ddb-b1d6-add98711c7b1,3966b282-1c45-4b59-9792-c9bebcf534eb,4ac9d266-c246-4437-8112-d63474d7610b,"Wireless Bluetooth in Ear Neckband Earphone, ...",4,5,,2026-01-10 11:02:07.416882,2026-01-10 11:02:07.416882
16cfd8ac-3616-4ea2-abfb-5f06138590f0,5f3566ab-4fcc-4811-843b-1b424b738eef,d8ca80a0-fe17-49a6-8f2a-b006a0bd3748,WorldCare® Fishing Lures Penci LLong Top ...,3,37,,2026-02-26 17:03:01.416882,2026-02-26 17:03:01.416882
fdf4e798-19ae-4a55-bf96-762ca9bc27f1,5f3566ab-4fcc-4811-843b-1b424b738eef,0080eb3f-95a0-429c-8a15-7ec16ff78902,calldrishe Shopping Trolley with Rolling Wheels ...,4,60,,2026-02-26 17:03:01.416882,2026-02-26 17:03:01.416882
8b160c69-ee00-4454-aa49-50b6a0e8f805,17794602-363e-4d5f-8a0f-d5b031462333,0f2d9b31-c774-468e-aeff-cda0df0772b6,ANIMAL PRINT SLINGBACK SHOES,2,39,,2026-01-17 21:47:12.416882,2026-01-17 21:47:12.416882
abe8fa87-a1fb-44ea-8f06-f0f0f0716024,17794602-363e-4d5f-8a0f-d5b031462333,0d7a6e7b-c3ce-4901-95a4-29a0720e3f53,"Coke ChefsNeed Fanta Grapes 320ml , ...",3,25,,2026-01-17 21:47:12.416882,2026-01-17 21:47:12.416882
7dbaa0c4-cecc-427e-a142-ea170a13f8cd,17794602-363e-4d5f-8a0f-d5b031462333,26be5740-f442-498f-921a-55e645b09d21,Vaibhav Jewellers 18K Yellow Gold and ...,1,117,,2026-01-17 21:47:12.416882,2026-01-17 21:47:12.416882
7191ded1-cf87-4f42-b294-11b5a45144bf,babcc960-d89d-487a-a660-9818dd1efd94,fc9631b7-12f3-477e-86e8-679d75237edb,Handicartz Handcrafted Embroidered Women's Clutch (HA0118B) ...,3,15,,2026-03-15 06:57:37.416882,2026-03-15 06:57:37.416882
70cbc3a4-c6fc-4981-a83a-542b3a1b275a,babcc960-d89d-487a-a660-9818dd1efd94,8ed18dc9-c2b6-47b7-a6df-20fecc670d73,Cloud 2 in 1 Smart Cooling ...,1,147,,2026-03-15 06:57:37.416882,2026-03-15 06:57:37.416882
a97e4fd2-101d-436d-93ad-aa01e3e35235,babcc960-d89d-487a-a660-9818dd1efd94,227fea47-4c9f-4f57-97a1-ef2e6dd5ae13,blackberrys Men T-Shirt ...,3,29,,2026-03-15 06:57:37.416882,2026-03-15 06:57:37.416882
854acabb-a871-44c5-86b9-cdb929f1bd4e,18b96bde-72e6-4528-a715-985406009eac,075155a6-f62e-4e53-a8a9-28485b8171aa,FASHIONABLE DURABLE FANCY MARY JANE SHOES ...,3,7,,2026-02-25 08:27:45.416882,2026-02-25 08:27:45.416882
c34b7f82-af53-4a6b-a842-19633d1afab8,215b7756-e86e-481b-89db-75d5c9a89264,b03c44b2-e9ae-4edf-9811-b594fee8881f,set pet Round Small Food Bowl ...,1,2,,2026-04-27 17:07:44.416882,2026-04-27 17:07:44.416882
1b2f0b90-cf9b-44a0-89fa-b290fbe8954a,bbb897c8-e4ad-4b1e-9e40-cd61aad853e5,b90a4444-0055-4f4d-96e2-d6585089789f,3NH® Pram Gate Check Travel Bag ...,4,194,,2026-03-08 23:27:47.416882,2026-03-08 23:27:47.416882
0cae1099-62eb-49c5-a6ee-de0e9d2a3f31,bbb897c8-e4ad-4b1e-9e40-cd61aad853e5,85ac2879-5605-4cfd-b188-fefe94bde99b,REVERSIBLE LEATHER BELT,4,36,,2026-03-08 23:27:47.416882,2026-03-08 23:27:47.416882
938062cb-6e1c-4fab-aaad-856ccde52589,ebf80824-f4e6-454d-82a7-d222218c4dde,2e39b6de-27e4-464a-a601-7f9dbc7a6195,HAIM Organic wholegrain Brown Rice Cakes ...,4,7,,2026-01-25 05:56:37.416882,2026-01-25 05:56:37.416882
dce06d46-0a2e-4e92-94f6-b64d2a970b79,ebf80824-f4e6-454d-82a7-d222218c4dde,923cf9c0-0af3-4e19-bc0d-c12d195e0086,Softx Premium Ergonomic Breathable Two Side ...,3,10,,2026-01-25 05:56:37.416882,2026-01-25 05:56:37.416882
f868e3a2-27be-41b7-871b-f016f28cbb9a,ebf80824-f4e6-454d-82a7-d222218c4dde,5a92630f-844f-4afb-a6ee-f1b3e6cfe533,TRAVELCITY for Hiking Trekking Camping | ...,5,20,,2026-01-25 05:56:37.416882,2026-01-25 05:56:37.416882
708f073d-cbfa-4a71-a9cd-5e9a7f04f684,ebf80824-f4e6-454d-82a7-d222218c4dde,463a0063-7f76-4eb5-ace4-785431c80378,The Flyers Bay Rc Stunt 360° ...,5,12,,2026-01-25 05:56:37.416882,2026-01-25 05:56:37.416882
85cacfaf-daa3-4a93-969f-5da776dc53e5,ebf80824-f4e6-454d-82a7-d222218c4dde,90b4fee7-2e18-4830-8784-ee9218da0032,Proscenic *A8 SE* Air Purifier H13 ...,2,36,,2026-01-25 05:56:37.416882,2026-01-25 05:56:37.416882
2597f26f-5cc4-478b-b1bb-f45b8349a6a1,8696de3c-d559-4494-ba6c-91adcced6bb6,589bc712-cbed-4237-8914-81815c997f5c,TIE-DYE PRINT SWIMMING TRUNKS,4,31,,2026-04-28 19:47:12.416882,2026-04-28 19:47:12.416882
51336173-8a7d-48d0-8a29-3399b95033f1,8696de3c-d559-4494-ba6c-91adcced6bb6,4662861c-306e-4703-829b-880238f4ecf4,CW Indoor Yellow Ball Yellow Cricket ...,4,56,,2026-04-28 19:47:12.416882,2026-04-28 19:47:12.416882
937e6a80-a172-4160-b236-a867ed24635d,8696de3c-d559-4494-ba6c-91adcced6bb6,e68fd7df-ad72-4e9b-be80-0140f6adaeed,Nike Air Pegasus 83 Premium,1,89,,2026-04-28 19:47:12.416882,2026-04-28 19:47:12.416882
5cbca388-fc8e-406a-9624-74dc3048a351,633d7ceb-8fbe-444f-8401-3eefbfd4deb7,a802db2b-2f12-4e72-a5f8-aa3d54640c27,The White Willow HR Foam Coccyx ...,4,48,,2026-01-08 04:00:11.416882,2026-01-08 04:00:11.416882
98fa1e9f-9695-418e-9d85-937dca8e8ebe,633d7ceb-8fbe-444f-8401-3eefbfd4deb7,a9dc9960-aa84-474a-b138-5acef6325629,Nanak Bicycle Rim axle (8inch) Back ...,3,5,,2026-01-08 04:00:11.416882,2026-01-08 04:00:11.416882
c64454a6-c9bf-4a2f-ba61-8cca8cd9142a,a2f5ec3d-14d7-47a6-bae6-2e2d0b258b5b,f6124c49-0bc9-49a5-9729-d724a8bf78ba,RAJANYA JEWELS Lord Krishna 10 gm ...,2,18,,2026-01-20 23:55:16.416882,2026-01-20 23:55:16.416882
c3365df1-43c8-4d30-a930-a8cd9414e1f6,a2f5ec3d-14d7-47a6-bae6-2e2d0b258b5b,919af107-dac1-4626-8e84-06dc5dc57703,AND Women's Regular Fit Tunic Shirt ...,4,30,,2026-01-20 23:55:16.416882,2026-01-20 23:55:16.416882
c1c59d8a-2ae1-4b81-8417-a4f431da24b3,a2f5ec3d-14d7-47a6-bae6-2e2d0b258b5b,8abdb7d2-537b-4f71-8fca-cfe642c50494,Rabhnoor Damask Microfiber Fitted Elastic Queen ...,4,12,,2026-01-20 23:55:16.416882,2026-01-20 23:55:16.416882
97682c41-0f95-4127-92ce-36a66c5eee05,a2f5ec3d-14d7-47a6-bae6-2e2d0b258b5b,b73d81ee-b106-4607-8121-e70658cea5d8,UBH Profession Of Quality Led Car ...,5,10,,2026-01-20 23:55:16.416882,2026-01-20 23:55:16.416882
dafc75ca-fc6c-4dd6-a20a-8178fa311b18,a2f5ec3d-14d7-47a6-bae6-2e2d0b258b5b,1ddcab20-397d-4652-b505-341a1628f271,AND Women Tunic Shirt ...,3,25,,2026-01-20 23:55:16.416882,2026-01-20 23:55:16.416882
e90c6978-d297-41cd-8857-7c2ce3ddd2e5,f13cd5a1-3893-4e05-9dd4-e56b8112c925,6c3bc43c-cab9-4bc2-8927-7f9d2cde2e4f,Macaso Electric Straightening Irons Hair Straightener ...,3,47,,2025-11-23 16:34:54.416882,2025-11-23 16:34:54.416882
81d825d7-d652-4ff6-a978-a7a3250aa918,f13cd5a1-3893-4e05-9dd4-e56b8112c925,ab1f23e1-4017-4a3f-a5de-e07db1302def,HIKEN Stainless Steel Coated with Epoxy ...,3,17,,2025-11-23 16:34:54.416882,2025-11-23 16:34:54.416882
77f7a7ef-6617-491f-b17e-6cb27ef012aa,f13cd5a1-3893-4e05-9dd4-e56b8112c925,38c755fe-5c21-45cc-ac5f-5cb1df13895c,Bajiu Camping Bonfire Tripod Portable Triangle ...,4,68,,2025-11-23 16:34:54.416882,2025-11-23 16:34:54.416882
ab8decde-3979-460d-ae43-56ac244396b5,f13cd5a1-3893-4e05-9dd4-e56b8112c925,dc1a7172-782f-4acc-b27c-62f1a9f5d109,SLINGBACK SHOES WITH BOW,4,39,,2025-11-23 16:34:54.416882,2025-11-23 16:34:54.416882
30c65d60-1a32-4d85-a9c6-3a2dcad103a9,0ecc4233-b507-4525-8ad6-edae0ac231fc,a2fc3b3f-8c10-41c8-ab69-c096d0b9c8e2,TEXTURED TWILL SHIRT,1,39,,2026-03-25 16:40:32.416882,2026-03-25 16:40:32.416882
6f13f8bc-b6f7-4081-8ba8-4b9d9a209c44,0ecc4233-b507-4525-8ad6-edae0ac231fc,9f529377-0ce2-48d5-83ee-21b3f6a30673,Denill Women's Pointed Ballet Flats ...,4,12,,2026-03-25 16:40:32.416882,2026-03-25 16:40:32.416882
028fa3dd-b954-4628-8ac4-7f32a118d80c,0ecc4233-b507-4525-8ad6-edae0ac231fc,d0b56d7d-23d0-4711-91cf-cd100e08fdd6,SDG Frameless Oval Wall Mount Mirror ...,5,24,,2026-03-25 16:40:32.416882,2026-03-25 16:40:32.416882
7dfc93bc-bf9b-4a25-aa3b-e859d79b987e,b4b6dbc8-9e99-47b0-83e1-7708bf8b5a91,8e3a8f2c-26f9-436a-b26e-85418d3ae781,FIKA Genuine Leather 6 Slots RFID ...,1,12,,2025-12-02 11:11:57.416882,2025-12-02 11:11:57.416882
43fc81df-ba4a-425c-a69b-fe24ce01347e,b4b6dbc8-9e99-47b0-83e1-7708bf8b5a91,9dd66d6a-e776-4239-b50f-59b38ce1d83b,Reebok Men's Smoothflex Flyer RS 2.0 ...,3,123,,2025-12-02 11:11:57.416882,2025-12-02 11:11:57.416882
4184fefc-1fb7-4b70-8fac-e45cd6e92d1a,b4b6dbc8-9e99-47b0-83e1-7708bf8b5a91,38aa525d-f687-44dc-b5c0-d569d538208b,METALLIC-EFFECT JEANS,3,71,,2025-12-02 11:11:57.416882,2025-12-02 11:11:57.416882
5a4d1c05-56c2-47ca-a5a4-b660e2a4ccf3,bebfa788-c893-4068-93ac-6f966f2fa8af,548ca9a5-42de-4878-aa97-f7ed4f54bb21,ZYCOON School Bag for Children 16 ...,2,77,,2026-03-23 08:56:08.416882,2026-03-23 08:56:08.416882
bed64af0-321d-415c-a197-e80aaf2de2e3,bebfa788-c893-4068-93ac-6f966f2fa8af,ed5164e0-ac05-4286-92e0-a4710d528f9e,"Asevi Bathroom cleaner spray 750ml,for all ...",1,5,,2026-03-23 08:56:08.416882,2026-03-23 08:56:08.416882
18d08c7b-e742-46dc-9e36-085db2a8cc94,62abc007-2625-4c38-bb76-86775248e5ea,0b3be677-dd19-4d5c-a3bd-987eecde204c,"Lab Junction Potentiometer, Auto Potentiometer LJ-1118 ...",4,186,,2026-01-17 03:17:40.416882,2026-01-17 03:17:40.416882
db289a8e-3e12-4034-99e3-b1e824c6cf2f,5eea3bf6-9d72-40b1-8f73-baf2fc06584f,d3beb6a9-f216-4bfc-bcbc-1a2166e83970,NU INVENTION Metal Plant Stand Indoor ...,2,43,,2026-01-26 06:48:27.416882,2026-01-26 06:48:27.416882
d6483763-be00-490d-8b4c-458d21b9295c,5eea3bf6-9d72-40b1-8f73-baf2fc06584f,739424d2-c36a-4c39-8946-85b6a3a10313,XOYA Women's Cotton Solid Night Pants ...,1,14,,2026-01-26 06:48:27.416882,2026-01-26 06:48:27.416882
4e986895-6f96-4dba-bdef-5a8939d48cd4,8fb6ce60-ec86-469c-9a35-0634fd501ccc,24b97ffe-71df-4a21-ad90-9a7c2d808124,JUMPSUIT WITH BRAIDED STRAPS,2,59,,2025-12-31 07:51:55.416882,2025-12-31 07:51:55.416882
3250d7ed-fb05-4ce6-b7c4-9a2479067a93,8fb6ce60-ec86-469c-9a35-0634fd501ccc,6e859c3f-900d-4b63-b8cb-628d8047c3cd,PALAUTOLIGHTS Acrylic Right Side Mirror Cover/Cap ...,4,10,,2025-12-31 07:51:55.416882,2025-12-31 07:51:55.416882
d02aca38-bc44-4ac1-8745-d0f4dfa048c2,8fb6ce60-ec86-469c-9a35-0634fd501ccc,40625b37-5849-4d1a-97f4-2c7d1a87a17c,STRIPED SHIRT,1,59,,2025-12-31 07:51:55.416882,2025-12-31 07:51:55.416882
78dc1bc5-3927-4968-9dc7-0540d883b35a,8fb6ce60-ec86-469c-9a35-0634fd501ccc,bae09afe-eaa1-447e-b891-b4df867eed63,BASIC KNIT SWEATER,2,22,,2025-12-31 07:51:55.416882,2025-12-31 07:51:55.416882
2be478b6-0bc9-4855-8e77-a03c66df8db3,8fb6ce60-ec86-469c-9a35-0634fd501ccc,f9a88979-cc06-4b82-8bd7-47ada74e9650,OnePlus 138 cm (55 inches) Y ...,3,595,,2025-12-31 07:51:55.416882,2025-12-31 07:51:55.416882
bf594939-7c43-4069-aba7-383368d303fc,2a677227-2929-48b5-8394-2e81d7b6ed34,61993e4b-d894-4a3d-b96b-5b5dc5f5ad91,MYSKAA Women's & Girls Ribbed Square ...,5,8,,2025-11-19 16:43:11.416882,2025-11-19 16:43:11.416882
93ff3784-4ea8-492c-a860-ef42e37ddcea,bc71c05a-1b20-4ce9-b964-4d9c2e3f27b8,7ed8c960-04fb-405d-bc66-dcd786611b09,VELVET FLAT SHOES,2,39,,2026-02-02 10:12:49.416882,2026-02-02 10:12:49.416882
18863310-6b99-4233-a110-18438485bff6,bc71c05a-1b20-4ce9-b964-4d9c2e3f27b8,3c09b986-3be9-4e54-8e36-e41f9ed64234,WRINKLED-EFFECT JUMPSUIT,3,48,,2026-02-02 10:12:49.416882,2026-02-02 10:12:49.416882
c0e3939d-1b0c-4d05-a713-f85157517d1c,bc71c05a-1b20-4ce9-b964-4d9c2e3f27b8,361a855a-8414-4eea-a6c4-49db93dec15c,Wayona WK Design WDC-039 Alloy Steel ...,5,15,,2026-02-02 10:12:49.416882,2026-02-02 10:12:49.416882
7f9fc944-47b0-485c-8d13-9635166d5d58,7ebb7079-f2e6-42ce-8f68-158c8938b79f,d24d519f-dfbf-49b4-a981-0dcb241f11a3,Joker & Witch Pitti Pisa Gold ...,5,15,,2025-11-07 04:28:43.416882,2025-11-07 04:28:43.416882
637e34f9-eeed-41ee-8020-a3a181cf4f9a,7ebb7079-f2e6-42ce-8f68-158c8938b79f,073da496-47f3-42ec-aab4-05794f18f421,CROSSBODY BAG WITH FOLDOVER FLAP,2,34,,2025-11-07 04:28:43.416882,2025-11-07 04:28:43.416882
e27418f1-a685-4687-94e4-14ab578a242a,080cc04b-7be7-4473-877a-c685d59b5907,6c069aef-f5ef-447f-ab5f-38757770ceb2,Slay Day Men Hoodie ...,5,27,,2026-01-09 05:32:46.416882,2026-01-09 05:32:46.416882
5d19edb3-c387-4b0f-9099-bb917c4aa55f,080cc04b-7be7-4473-877a-c685d59b5907,a538a917-5ee5-4bef-80f4-692d8572c3aa,Pmw - Ceiling Fan Canopy - ...,2,5,,2026-01-09 05:32:46.416882,2026-01-09 05:32:46.416882
b72773f4-c824-4c0b-991f-abb11daa2cc7,080cc04b-7be7-4473-877a-c685d59b5907,37257ebd-d9b3-43b6-a37e-6047818cc0c5,Riyan Latest Mini Washing Machine Portable ...,3,83,,2026-01-09 05:32:46.416882,2026-01-09 05:32:46.416882
074ee683-2193-4ff5-9e33-eea46c9cf58f,080cc04b-7be7-4473-877a-c685d59b5907,2dd74fdb-4d55-4b73-b832-87b1545197e4,Dratal Car Key Case Holder Leather ...,3,24,,2026-01-09 05:32:46.416882,2026-01-09 05:32:46.416882
b3749f12-8660-4947-88fa-75a018d548fc,9cca99c1-692d-4152-9679-08aeb361b7b4,05c655fa-4bb2-4732-bf31-285db3f7fc49,MINISO Foldable Fabric Storage Box with ...,1,4,,2026-02-12 07:31:08.416882,2026-02-12 07:31:08.416882
f103006a-2757-4552-9ef7-eac2ce5790ad,9cca99c1-692d-4152-9679-08aeb361b7b4,084aa2a7-a063-4b7c-8ede-a4ace009136c,ASYMMETRIC RHINESTONE SWIMSUIT,3,39,,2026-02-12 07:31:08.416882,2026-02-12 07:31:08.416882
8b978e75-bb71-4f0c-a434-9f8412f54353,a2fcd084-b5d8-46f3-9ecc-4731dc911f08,08f0d77c-ae4d-4ad0-8b20-2a43e58effce,Sleepy Owl Premium Instant Coffee Sachets ...,5,6,,2025-12-10 12:06:57.416882,2025-12-10 12:06:57.416882
00a01c26-eb69-45af-980f-3af5f3eaa541,a2fcd084-b5d8-46f3-9ecc-4731dc911f08,e72e2c8c-d7e9-4799-b1da-ba314539c829,Scampi 50w Led Driver for Street ...,5,11,,2025-12-10 12:06:57.416882,2025-12-10 12:06:57.416882
a84ee5dc-dc2d-415e-996e-f84208c5fdb9,a2fcd084-b5d8-46f3-9ecc-4731dc911f08,8f944734-104f-476c-a80f-0d5d01752856,SPLIT SUEDE CLOGS WITH BUCKLE,1,48,,2025-12-10 12:06:57.416882,2025-12-10 12:06:57.416882
5c1cc291-afd5-4f34-ae78-b3582e19a36e,a2fcd084-b5d8-46f3-9ecc-4731dc911f08,432b9be9-2291-40e8-b68f-fa60fc2280fd,AKAI 108 cm (43 Inches) Full ...,5,500,,2025-12-10 12:06:57.416882,2025-12-10 12:06:57.416882
6fc2a8cf-dc35-4cf7-96c8-277a5f3adc8d,a2fcd084-b5d8-46f3-9ecc-4731dc911f08,1c2f76e0-5a6e-4b7b-a556-6fc71f321a12,Anuj Sales 13.25 Ratti Natural White ...,3,36,,2025-12-10 12:06:57.416882,2025-12-10 12:06:57.416882
6198d5de-6a3a-44b1-964e-2b356dcd6b25,09be03e6-8092-4124-8430-11c72b9d6bb9,9ed53466-d8bc-427d-9ce9-6264c5aebb2f,Hidesign Women's BETH 05 Handbag ...,5,67,,2026-04-03 19:46:23.416882,2026-04-03 19:46:23.416882
5d3e6a9e-3127-4be3-8254-5684de06b310,09be03e6-8092-4124-8430-11c72b9d6bb9,17adb8dc-b7e8-4f7a-a7f2-93bd291b58fc,VINIIGLOW BOTANICS Glutathione Capsules 1000mg - ...,4,23,,2026-04-03 19:46:23.416882,2026-04-03 19:46:23.416882
51c8b5ba-f716-4dab-8ffb-7d8c76835257,91533ac8-28b5-400c-a5dc-e430302bd2f1,9211c981-f620-41bc-a319-8ebf77677a36,"Pampers Diaper Pants, Born, 10 Count ...",2,1,,2026-03-05 00:43:14.416882,2026-03-05 00:43:14.416882
e31e9008-7c74-4285-a898-474010e359ff,91533ac8-28b5-400c-a5dc-e430302bd2f1,1ca676e0-a374-43fe-beaf-bc16b9091c1e,"Voltas 1 Ton, 4 Star, Inverter ...",4,762,,2026-03-05 00:43:14.416882,2026-03-05 00:43:14.416882
27fdae06-3792-44ab-b292-4cf4756c9ee6,dbeb68b6-aa27-4724-86be-af2230960cf5,5893cff2-93fa-498e-ac87-97bae73136be,ATHLETICZ RUNNING TRAINERS,1,71,,2026-04-03 11:52:22.416882,2026-04-03 11:52:22.416882
80422e7b-eec0-4599-95ff-374b457d1e15,dbeb68b6-aa27-4724-86be-af2230960cf5,618ede7e-1335-4736-916c-bce6141d59ea,STAR FLOWER EARRINGS,4,22,,2026-04-03 11:52:22.416882,2026-04-03 11:52:22.416882
b0edaf05-6304-449d-8097-ce1916566345,7c7044fc-ff67-4d66-99b5-c6fa84f987fd,1854759e-5d64-47f7-9d5c-e1091cc0b28d,GARYVIZ 32GB Full HD Pen Wired ...,1,54,,2026-04-03 16:03:28.416882,2026-04-03 16:03:28.416882
7f7a5fcb-39b5-400a-b38d-12c4c830cc03,b5b9d8ae-f4ad-41f2-a985-f3a9e4249172,58864d76-aeaf-4b92-b741-c945cab5b46f,Neska Moda 12 To 18 Months ...,4,10,,2026-01-17 09:45:33.416882,2026-01-17 09:45:33.416882
ea5aac86-b1a0-4ea9-9acf-fdbbc320c8c8,b5b9d8ae-f4ad-41f2-a985-f3a9e4249172,27922911-6111-4ca7-bfcd-1563f3473ae5,Sukkhi Graceful Pearl Gold Plated Wedding ...,1,19,,2026-01-17 09:45:33.416882,2026-01-17 09:45:33.416882
77db2608-8df7-4026-b487-8bad6e53261f,b5b9d8ae-f4ad-41f2-a985-f3a9e4249172,e22b65f0-c024-432a-a217-0b868055e4ee,AUTO SNAP 5pcs Car Cab Roof ...,4,48,,2026-01-17 09:45:33.416882,2026-01-17 09:45:33.416882
6588bd13-7815-480f-9b4b-ee7d5c24459c,f7508d0e-25b0-498e-980f-2aa48ef25035,aff30a9f-619b-478b-9e46-ead25401d670,The Pets Company Pet Sprayer Bathing ...,1,4,,2026-04-25 19:17:03.416882,2026-04-25 19:17:03.416882
f7ff2c26-4c3d-453d-802c-4986daba9155,f7508d0e-25b0-498e-980f-2aa48ef25035,d6703df0-6333-4057-8626-504c5fc8756d,Paco Rabanne Lady Million Deodorant Spray ...,1,30,,2026-04-25 19:17:03.416882,2026-04-25 19:17:03.416882
fd628c76-32dc-4d47-883f-2ffa791c3dc4,52c198b7-a80f-471f-9012-3b9d03adc78f,ef1f84f8-b44a-481c-aea6-d42d1c333857,Philips BRE235/00 Corded Compact Epilator (White ...,3,33,,2025-11-12 22:15:54.416882,2025-11-12 22:15:54.416882
c235baac-5a90-4b75-9216-a7b869b815ce,52c198b7-a80f-471f-9012-3b9d03adc78f,800ff447-39c4-4b50-9b08-d6dfd9da17cb,Satya Paul Pink Orchid Silk Pocket ...,2,29,,2025-11-12 22:15:54.416882,2025-11-12 22:15:54.416882
94218ba5-f2ba-4ccc-9421-54af6770eca0,52c198b7-a80f-471f-9012-3b9d03adc78f,f487421c-c02e-4a97-85b7-e77c59050feb,Shadow Securitronic Happy Night Mosquito Repellent ...,1,5,,2025-11-12 22:15:54.416882,2025-11-12 22:15:54.416882
34d4638a-27cd-438b-8efb-f78c63556405,cb604705-1777-45f5-9f61-0305d2e63054,ddeb7c45-87d3-40ea-8ec8-32a4d1e91e44,SIGHTBOMB Ribbed Heart Neck Spaghetti Corset ...,3,14,,2026-02-19 03:31:54.416882,2026-02-19 03:31:54.416882
588b2cf4-8661-487c-8a4e-d2cb22da9f21,312eb3a7-a236-47cd-bd59-747ccb7b735e,3f4b3cdf-b53a-4fef-ab32-418708ce95c7,Lucky Women s Genevie Dress Sandal ...,1,110,,2025-11-29 21:59:36.416882,2025-11-29 21:59:36.416882
90bce725-a666-4a86-a1bc-9e57641711ea,312eb3a7-a236-47cd-bd59-747ccb7b735e,4bcf029d-f0a1-48ca-8f93-a95c9b417c7e,CK INDIA Professional and Stylish Hair ...,5,24,,2025-11-29 21:59:36.416882,2025-11-29 21:59:36.416882
d137f067-e75d-434f-beea-b67dd76a8468,312eb3a7-a236-47cd-bd59-747ccb7b735e,b1d434f6-b8d4-484f-954f-524659388632,TEXTURED RUSTIC TROUSERS WITH PLEATS,1,59,,2025-11-29 21:59:36.416882,2025-11-29 21:59:36.416882
6eec5ea2-062a-4d4c-a157-8791daee3547,312eb3a7-a236-47cd-bd59-747ccb7b735e,8450e747-1633-4b8b-a8f9-3a7eca2a2b5b,Van Heusen Men Briefs - Tactel ...,4,7,,2025-11-29 21:59:36.416882,2025-11-29 21:59:36.416882
ae028ef1-b8f9-401c-80b4-9313db28f98f,966d98f9-64d5-4a31-9fcc-f60a4e4c6774,1d7bc58f-8e77-4646-b993-a6e1ce33f9b8,"Baby Carseat Headrest, Bear Print, Baby ...",1,42,,2025-12-31 16:45:29.416882,2025-12-31 16:45:29.416882
73dc5e9e-3fea-441c-8831-1eefd4014352,47cc461f-9084-4bc7-915e-ddd5956afc27,4d5f8b5d-6a42-4f54-bdf6-210d8356ee62,INNOVQARAJ Car HSRP | IND Number ...,3,6,,2026-01-23 17:13:10.416882,2026-01-23 17:13:10.416882
a8d68a9c-d092-4682-996b-309bd7339a02,0e2f92be-36f0-48e6-8d91-be27e7f3ad72,79b25f4a-dea4-4ed2-81cd-f8a9b31821db,Type-C to 3.5 MM Jack for ...,1,7,,2025-12-14 02:45:25.416882,2025-12-14 02:45:25.416882
2c5e1034-6199-40ea-882c-a3889aa4884f,0e2f92be-36f0-48e6-8d91-be27e7f3ad72,c7e9a495-f8ee-48a1-a49c-ce6a7e74174b,ANNI DESIGNER Women's Cotton Blend Straight ...,2,31,,2025-12-14 02:45:25.416882,2025-12-14 02:45:25.416882
8c3692db-c173-448c-823e-a80afe744f38,0e2f92be-36f0-48e6-8d91-be27e7f3ad72,ceca672a-34a3-45f1-9b41-db8473a8ceac,Duckfeet Women's Fashion Sandal | Faux ...,5,7,,2025-12-14 02:45:25.416882,2025-12-14 02:45:25.416882
beed2cff-e846-4f32-a208-c9a3f59c61f0,5d5c4a30-3f0c-4029-9d97-9497cdf82b2b,54c98985-3040-438b-a2fb-91a5d4ea5412,siddhmurti Slique Eyebrow Face and Body ...,3,11,,2025-12-22 16:40:27.416882,2025-12-22 16:40:27.416882
e0214965-ebbf-4474-af6b-9feab474c936,dacb2e4c-4611-4826-972e-832a1fd7136b,e22b65f0-c024-432a-a217-0b868055e4ee,AUTO SNAP 5pcs Car Cab Roof ...,5,48,,2026-01-12 18:20:54.416882,2026-01-12 18:20:54.416882
ce59b98e-2fff-402b-a90a-c1ccf1b390fe,dacb2e4c-4611-4826-972e-832a1fd7136b,e6d2beaf-c8eb-44f8-8e75-f58357f6fe68,Styleville.in Women's Plain Regular fit Shirt ...,2,24,,2026-01-12 18:20:54.416882,2026-01-12 18:20:54.416882
1d7bed20-7f52-4eb8-93ac-e96e6c73014a,dacb2e4c-4611-4826-972e-832a1fd7136b,ef7e1d0a-87ab-4c09-9051-1b12c9f41341,"AGARO Alpha Magnetic Crosstrainer, 8 Magnetic ...",1,667,,2026-01-12 18:20:54.416882,2026-01-12 18:20:54.416882
15e4e71f-9335-41a2-8987-55a9a568f8fa,dacb2e4c-4611-4826-972e-832a1fd7136b,bc16ed59-c45f-4ccc-9612-e8ada6dd9601,KANCHNAR Women's Maheshwari Cotton Saree With ...,4,28,,2026-01-12 18:20:54.416882,2026-01-12 18:20:54.416882
fc7af8ed-6723-4580-9244-3b7a87c93567,4836850d-2cfa-4a10-9227-345fd425aad3,a6325cc9-e1bf-4614-bc7d-d3dc9802c428,Amazon Brand - Solimo Back Cover ...,1,4,,2026-03-10 01:26:57.416882,2026-03-10 01:26:57.416882
05e2ec84-2814-4af3-9b15-4acaee347bbd,4836850d-2cfa-4a10-9227-345fd425aad3,e2360b55-ef31-415b-ac45-3be82a4241bf,WorldCare® DW40 Fishing Hard ArtificialCrankbait Lures ...,1,47,,2026-03-10 01:26:57.416882,2026-03-10 01:26:57.416882
69efc3dc-4933-436b-bd54-baa5d01ba609,4836850d-2cfa-4a10-9227-345fd425aad3,fe21c6c3-ec48-4f59-8583-c8c39c00c20b,HMP Fashion women coco silk embroidery ...,4,18,,2026-03-10 01:26:57.416882,2026-03-10 01:26:57.416882
27ea5fad-ef99-4394-acba-b28d9cd4061e,4836850d-2cfa-4a10-9227-345fd425aad3,43f179e6-28dd-4eb0-b651-0bdc273e82b3,MOTHER DAIRY Cow GHEE CEKA Pack ...,3,10,,2026-03-10 01:26:57.416882,2026-03-10 01:26:57.416882
5e24e82a-86f8-40ed-a870-837c62a32185,2537f7c0-a67e-422f-9355-b9c992e0ac80,7b0fe4ef-6fd9-4ac5-925f-5daab6456f51,SHAYONAM Leakage Repair Waterproof Tape For ...,5,4,,2026-01-16 02:02:55.416882,2026-01-16 02:02:55.416882
32748203-0f30-4ad9-8f58-a9c3ac6c266f,35386955-cfa0-4cc4-bd30-596e5c5c4e1a,b9b655b3-8c95-4ecd-a5c3-28a1347581fd,ASYMMETRIC DRESS WITH TIES,1,36,,2026-02-28 18:54:47.416882,2026-02-28 18:54:47.416882
6acccea7-ac98-4bf3-a20a-301696ed86df,35386955-cfa0-4cc4-bd30-596e5c5c4e1a,a40587d5-a80a-4a15-9d35-1e4c6293e558,CONTRAST JOGGING BERMUDA SHORTS,3,36,,2026-02-28 18:54:47.416882,2026-02-28 18:54:47.416882
21025a93-daa2-4674-8b29-d1e86a3ee407,35386955-cfa0-4cc4-bd30-596e5c5c4e1a,6fab6cd0-a0b8-4d81-9a5d-f47f6256f4a8,PLUMETIS SHIRT WITH RUFFLES,4,36,,2026-02-28 18:54:47.416882,2026-02-28 18:54:47.416882
318d84d6-d1d2-4a64-aad0-7d1bd749179a,35386955-cfa0-4cc4-bd30-596e5c5c4e1a,69222f3e-b50e-428d-a294-079e306ded81,FEMME 30 ML,4,9,,2026-02-28 18:54:47.416882,2026-02-28 18:54:47.416882
d2f98630-1172-4b30-a285-50aa33b262f6,4bd21bd5-feb7-42ec-8897-44e822045558,547fcdc2-d4b4-4ea7-9799-fc39c3639eb1,Watch City Watch for Girl's and ...,3,12,,2025-11-25 06:39:34.416882,2025-11-25 06:39:34.416882
8f261cc0-66f6-4c08-b9fe-918c2997c172,4bd21bd5-feb7-42ec-8897-44e822045558,dedc9da9-8ec9-4b0e-8e36-b9c3e401e46e,CROSSFINGER Men's Black Velvet Loafers Casual ...,2,11,,2025-11-25 06:39:34.416882,2025-11-25 06:39:34.416882
bf2a02bd-722b-4806-bc01-225c0836c408,4bd21bd5-feb7-42ec-8897-44e822045558,78de7f85-a888-4054-bfa5-89a86cb753a7,Mamaearth Natural Insect Repellent for Babies ...,2,4,,2025-11-25 06:39:34.416882,2025-11-25 06:39:34.416882
3de39e36-5bb8-4994-a801-d13e50972fc6,4bd21bd5-feb7-42ec-8897-44e822045558,c11b8490-78fd-4acd-bd1e-d937b02dda2c,2pcs Bad nton Racket Load Spreader ...,1,14,,2025-11-25 06:39:34.416882,2025-11-25 06:39:34.416882
f7de739d-8dec-4cf7-a87c-1f1db39f445c,4bd21bd5-feb7-42ec-8897-44e822045558,adff52a8-3cd1-4dcf-93a9-b8b1dab60c97,"In-Ear Headphone For Google Pixel,Google Pixel ...",2,10,,2025-11-25 06:39:34.416882,2025-11-25 06:39:34.416882
15a5286d-c31c-43f1-aa85-9f2efb117576,6b80b47d-4ba4-4ab2-be47-5e06c829599f,922f3c26-7f79-42eb-9cd1-9a3e00c2aaae,Nivia Hydra-6 Round Neck T-Shirt for ...,2,6,,2025-11-03 03:36:19.416882,2025-11-03 03:36:19.416882
16b0b808-e4b3-49f9-95fb-9fef78cc4ce5,6b80b47d-4ba4-4ab2-be47-5e06c829599f,5f1c497b-eeb5-4886-a035-f3a31aded704,TRASE Bellies for Women ...,1,19,,2025-11-03 03:36:19.416882,2025-11-03 03:36:19.416882
f3619b8b-5a4e-4acb-b842-fe732c983358,6b80b47d-4ba4-4ab2-be47-5e06c829599f,3ddabb33-73ce-4ea7-9e86-e063c32ced58,PURL KNIT POLO SHIRT,2,36,,2025-11-03 03:36:19.416882,2025-11-03 03:36:19.416882
e5643380-e2e9-4992-86e4-e9587c66c569,6b80b47d-4ba4-4ab2-be47-5e06c829599f,6ecdade4-36e3-4b11-9762-275470bbb17b,HiLEDER 100% Pure Genuine Leather Designer ...,5,55,,2025-11-03 03:36:19.416882,2025-11-03 03:36:19.416882
8b84e24b-f683-4bdc-ab1f-aacbefe00de8,e8ea0c8c-2737-41c6-8796-f291b0374518,85e47141-f17a-426e-a31c-b1b26547ff95,Nayasa Funk Plastic Tub 19Ltr for ...,1,6,,2025-11-10 13:15:41.416882,2025-11-10 13:15:41.416882
6a8439d0-f73e-45f0-b050-2c9768a8ce8e,e8ea0c8c-2737-41c6-8796-f291b0374518,ebbe7dff-e92a-460f-8e80-08e5b8a282ba,SAULT Airplugs On The Go True ...,2,36,,2025-11-10 13:15:41.416882,2025-11-10 13:15:41.416882
6363ea65-aa54-4d25-9d55-bf8c8cdedfaf,e8ea0c8c-2737-41c6-8796-f291b0374518,e685fe68-9bb2-48cc-9a28-4607f8f987ee,Shredded prophysique Cricket Bat Tape Pack ...,5,2,,2025-11-10 13:15:41.416882,2025-11-10 13:15:41.416882
44c49861-5344-4683-9d02-0a2c2963edba,e8ea0c8c-2737-41c6-8796-f291b0374518,879a2774-47b9-4bec-85ae-20ed98ca2c95,Comet Busters Round Red Velvet Bindi ...,2,5,,2025-11-10 13:15:41.416882,2025-11-10 13:15:41.416882
040b540c-327e-4729-a9a1-e6811b3284e9,e8ea0c8c-2737-41c6-8796-f291b0374518,1a02b63e-d0c5-4c5f-b2ed-156857cf455d,F Gear Lattitude Navy Red Sports ...,5,12,,2025-11-10 13:15:41.416882,2025-11-10 13:15:41.416882
63a38a04-c7ff-41af-a35d-834929f6b97d,57ab443c-efdb-42ef-b0e5-21e979141712,654136d7-e60b-497e-a986-419118423a3d,"Pril Perfect Dishwash Liquid, 2 Liter ...",5,6,,2026-01-23 11:01:02.416882,2026-01-23 11:01:02.416882
ad618d41-1510-42e9-b397-2ce319e59f88,57ab443c-efdb-42ef-b0e5-21e979141712,01f3cce2-b947-448e-8100-9cab145f2128,Macroman M-Series Men's Solid Regular Fit ...,5,8,,2026-01-23 11:01:02.416882,2026-01-23 11:01:02.416882
cc8b787e-5cca-4fa7-b95d-579f30db97ff,57ab443c-efdb-42ef-b0e5-21e979141712,746898bb-edd3-44a1-a3b3-90f94f36e4f5,RUBBERISED MINI BOWLING BAG,2,34,,2026-01-23 11:01:02.416882,2026-01-23 11:01:02.416882
7faa4b1d-030a-4e18-943d-a59f659d1f4b,57ab443c-efdb-42ef-b0e5-21e979141712,956745a6-7528-4b4c-95b8-5f8d857ee840,Acnos Black and Orange dial and ...,5,24,,2026-01-23 11:01:02.416882,2026-01-23 11:01:02.416882
51e9cf3d-e3ec-4f7e-a881-75edfb29c0df,57ab443c-efdb-42ef-b0e5-21e979141712,0d6ac274-478b-41ad-b165-c71ff5e28f5f,Ikea RINNIG Kitchen Utensil Rack ...,5,6,,2026-01-23 11:01:02.416882,2026-01-23 11:01:02.416882
2002e239-6061-4932-ad3f-68e274c181ce,8efdfde6-1d84-42b6-b804-f5dc13b0faa5,280b39b2-80a8-4f68-a9b4-0f83ace0932b,Amazon Brand - Jam & Honey ...,5,30,,2026-04-03 00:57:26.416882,2026-04-03 00:57:26.416882
9ed9f22c-fd9b-4a1c-9b0c-4c19fdf66899,8efdfde6-1d84-42b6-b804-f5dc13b0faa5,812b98e7-a3e0-4dbc-ac73-6c7d913b2bd8,CLUTCH BAG WITH STUDS,4,24,,2026-04-03 00:57:26.416882,2026-04-03 00:57:26.416882
df90be81-44a6-4547-bd1d-a751d6822bbf,8efdfde6-1d84-42b6-b804-f5dc13b0faa5,ef45fdcd-d467-4c4d-9553-ad9861c9ab01,VENCHO? Mne's/Women's Tummy Trimmer-Waist Trimmer-Abs Exerciser-Body ...,2,7,,2026-04-03 00:57:26.416882,2026-04-03 00:57:26.416882
fff97172-2fe0-453d-8e93-916a07487634,8efdfde6-1d84-42b6-b804-f5dc13b0faa5,60d05181-04f3-4188-8d76-e5ed5354be0b,"Samsung Ls27Am501Nwxxl, 27 Inch (68.6 Cm) ...",3,476,,2026-04-03 00:57:26.416882,2026-04-03 00:57:26.416882
3d01b394-4a8e-460f-8eff-5d81b765c56a,6c3a5fb1-6385-4554-afdd-78ce68b35b1b,9ac9fd70-416a-4c06-bd21-ba024dff69ae,Field Care Men S-20 Sports Casual ...,1,24,,2025-12-09 09:02:34.416882,2025-12-09 09:02:34.416882
24bfcb79-3824-4a02-adfb-1b15ed63edd0,6c3a5fb1-6385-4554-afdd-78ce68b35b1b,7866d72c-ebb3-400b-88d6-87531a24743a,PRINTED MINI DRESS,2,39,,2025-12-09 09:02:34.416882,2025-12-09 09:02:34.416882
aa88b03f-6267-44a8-90d2-019be5519d08,6c3a5fb1-6385-4554-afdd-78ce68b35b1b,fb334f36-07d3-4421-83fa-bad62dce55f3,T-S-WING Kashmiri Kahwa Tea Leaves | ...,1,7,,2025-12-09 09:02:34.416882,2025-12-09 09:02:34.416882
6602582e-df52-48ec-ac19-5b6ab616fe83,6c3a5fb1-6385-4554-afdd-78ce68b35b1b,1747dba3-7209-42c1-acf1-b85ca6f14c88,AONES Silicone Belt Watch Strap Compatible ...,4,12,,2025-12-09 09:02:34.416882,2025-12-09 09:02:34.416882
2147bdba-b3c9-4d8a-89c1-d44941adea04,f6370f27-5047-41e8-905f-d32a630c80dd,c89a3192-afa9-4e1f-ad1a-0c03422f5251,AANIJ® Multi Purpose Re-Usable Transparent Zip ...,3,12,,2026-01-26 03:44:49.416882,2026-01-26 03:44:49.416882
3406b983-ff12-44e7-83cb-064993a77851,f6370f27-5047-41e8-905f-d32a630c80dd,8bf9e5a4-35f7-4bdf-b576-22553efff64e,Bombay Dyeing SAGE 180 TC 100% ...,5,53,,2026-01-26 03:44:49.416882,2026-01-26 03:44:49.416882
bd1b44e7-7beb-4ff4-8dd8-bfc7ce3c1d99,994326ea-63f5-4723-afb9-a30f21736482,73caa334-565a-46b7-9778-9a18f39924cc,Surf Excel Matic Front Load Detergent ...,2,15,,2026-01-02 09:06:43.416882,2026-01-02 09:06:43.416882
08d247ec-4428-404f-816c-dd7ce2b8d642,994326ea-63f5-4723-afb9-a30f21736482,ae985899-e567-4161-9265-0217edbba164,Peter England Men's Skinny Jeans (PJDNJSKFN29778_Navy ...,1,27,,2026-01-02 09:06:43.416882,2026-01-02 09:06:43.416882
6d216bb5-2ab2-48bb-bee0-70e1ae1b51e4,59ab4c69-d826-4e6d-8626-ec5e8b9e6a3b,73f0656a-c900-4751-9889-84137a1a3555,Karigaari India Ganesha Murti Idol Murti ...,4,7,,2025-11-13 15:48:51.416882,2025-11-13 15:48:51.416882
9759bca4-b7db-4f87-aa65-ea29c8e69109,59ab4c69-d826-4e6d-8626-ec5e8b9e6a3b,cb41ff37-fb4b-4575-ad60-15b98405ab61,U.S. POLO ASSN. ALCOR Men's Casual ...,2,51,,2025-11-13 15:48:51.416882,2025-11-13 15:48:51.416882
02510516-1d94-405b-9973-d5b48e787aff,59ab4c69-d826-4e6d-8626-ec5e8b9e6a3b,5f683c31-e55f-4634-b1e0-6aa37bc04a83,SHORT FITTED RUFFLED DRESS,3,24,,2025-11-13 15:48:51.416882,2025-11-13 15:48:51.416882
1048bdf6-a204-4711-be4a-a2a246d6ff5d,33235f8b-4681-4e69-a9a3-0d7cdd8235fa,06f03253-c4c0-415c-a95c-a42542089696,Cello Novelty Compact Plastic Shoe Rack(Orange and Brown) ...,3,47,,2025-12-23 22:43:05.416882,2025-12-23 22:43:05.416882
71ceb09b-b185-42dc-8404-e9bb70b4e775,33235f8b-4681-4e69-a9a3-0d7cdd8235fa,12579dce-7e0d-44e8-a36c-8eb92f207127,GEOMETRIC JACQUARD KNIT POLO SHIRT,4,39,,2025-12-23 22:43:05.416882,2025-12-23 22:43:05.416882
b7d02445-74f3-48f1-91ab-f1b1609755dc,33235f8b-4681-4e69-a9a3-0d7cdd8235fa,802c8b7c-0b3e-4dad-a046-9e178952f774,FOOT STAIR Men's Sports Walking PVC ...,3,12,,2025-12-23 22:43:05.416882,2025-12-23 22:43:05.416882
36e9daba-f645-4ad9-bc73-e3c85e51e2fb,33235f8b-4681-4e69-a9a3-0d7cdd8235fa,0d6144fc-fbf4-4a6a-938f-65bd02c6ef85,WELLA Professionals Invigo Nutri Enrich Deep ...,4,15,,2025-12-23 22:43:05.416882,2025-12-23 22:43:05.416882
7ae26cf4-8a16-4f52-ba72-7a8d08086e05,33235f8b-4681-4e69-a9a3-0d7cdd8235fa,051dc4b0-da7f-442b-ac6c-d68c074506d1,Babymoon Headbands Flowers Soft Synthetic Hairbands ...,5,9,,2025-12-23 22:43:05.416882,2025-12-23 22:43:05.416882
e7bbcdc7-9dec-4c2c-9314-1f68e38aa24a,cf7531a0-ef5e-4280-bcae-e37b48edad2b,6d1b5ffb-a959-4efe-9c9f-c00c6cd732e7,Kama Ayurveda 3 Step Skincare Gift ...,2,16,,2025-11-07 15:33:16.416882,2025-11-07 15:33:16.416882
6dfab4ab-a1a9-40a8-b896-fe3d1bb96125,cf7531a0-ef5e-4280-bcae-e37b48edad2b,b9ea6ec5-05d6-4854-ba4c-96c4471fa959,TRAINING TANK TOP,1,24,,2025-11-07 15:33:16.416882,2025-11-07 15:33:16.416882
00aac5b9-692c-49b4-8017-8bfa1335b83e,b618ae7b-ba39-485b-8faa-a253b8513edd,d78058a5-2579-448c-8109-8c09d76a8ef2,MANNOL 9887 Copper Spray 250 ML ...,1,8,,2025-12-09 03:14:47.416882,2025-12-09 03:14:47.416882
c8ec8762-241d-42fc-ae30-095b360d5666,b618ae7b-ba39-485b-8faa-a253b8513edd,b552529f-7c1c-4cdf-98ae-75241a9b6b74,KNIT DRESS WITH GOLD BUTTONS,1,39,,2025-12-09 03:14:47.416882,2025-12-09 03:14:47.416882
580daee8-9ee6-403b-a7b9-cd389995b830,b618ae7b-ba39-485b-8faa-a253b8513edd,c3bb7ee2-3574-40a9-acdb-584e100b4939,Denon DHT-S217 Sound Bar ...,5,511,,2025-12-09 03:14:47.416882,2025-12-09 03:14:47.416882
658ff61e-ce61-4840-9374-7cfebdeadec0,b618ae7b-ba39-485b-8faa-a253b8513edd,30803bce-347c-4abb-b380-7bb420e81ebf,pTron Volta FC12 20W QC3.0 Smart ...,2,20,,2025-12-09 03:14:47.416882,2025-12-09 03:14:47.416882
8fe01a94-7a0b-4dd9-9628-9ae2351f55bc,6a3fb5ec-cada-4071-82c9-9e142bafb43d,db4a45e5-77f4-4434-918f-e3956be2fbac,"Lining Airforce 80 Lite Badmintonracquet,Blue/Violet Red ...",4,67,,2026-01-26 01:47:18.416882,2026-01-26 01:47:18.416882
ec814155-3563-4031-9469-5ace137588c5,909bbb9c-2804-4c7f-8b16-bf1965b11629,1a307ef2-43c8-4587-929e-c4e1a6bbf5b9,"StarAndDaisy 360° Baby Walker Adjustable Height, ...",1,54,,2025-11-01 22:02:20.416882,2025-11-01 22:02:20.416882
c025c093-e0d3-4585-b568-ba02c720b8c8,909bbb9c-2804-4c7f-8b16-bf1965b11629,557f757a-5d1b-4ba0-96eb-8b7d61c221e9,We Bare Bear Cartoon Network Low ...,4,6,,2025-11-01 22:02:20.416882,2025-11-01 22:02:20.416882
b97bc277-6e38-4295-bdb8-6d3f1700bb77,909bbb9c-2804-4c7f-8b16-bf1965b11629,89ade8f1-5bb5-4b32-8086-55a1665f1684,"FootStreet Women's Cross Strap Sandal, Transparent ...",3,12,,2025-11-01 22:02:20.416882,2025-11-01 22:02:20.416882
479495fc-94d7-49fb-956e-e7d871e3daa9,909bbb9c-2804-4c7f-8b16-bf1965b11629,806ac8dd-adcd-4104-ba9a-70a431a72780,CONTRAST RUNNING SNEAKERS,1,48,,2025-11-01 22:02:20.416882,2025-11-01 22:02:20.416882
efcf957f-9641-4fe7-9bd9-2e3b0fdbc2c7,909bbb9c-2804-4c7f-8b16-bf1965b11629,51f587f3-3a3c-4419-b0ac-a5303d5bc60f,"POND'S Magic Freshness Talcum Powder, Acacia ...",5,2,,2025-11-01 22:02:20.416882,2025-11-01 22:02:20.416882
aaabdc22-bd36-4c81-b721-8a805fe2e7ee,d8e4c5c1-f902-4693-b2d3-4b820aaab698,05b23d76-0fe9-4c93-ba9c-dc5b5791a871,Rakhi Pillow Microfiber Soft White Pillows ...,1,12,,2026-01-19 11:47:21.416882,2026-01-19 11:47:21.416882
0378a798-20af-4e73-b3c8-173e2f2f94bf,d8e4c5c1-f902-4693-b2d3-4b820aaab698,ac172499-c577-4d94-b6ff-a392a6521f46,"Urban Platter Sunflower Lecithin Powder, 200g ...",4,8,,2026-01-19 11:47:21.416882,2026-01-19 11:47:21.416882
759369f0-9260-4cd9-951a-0c987b9ff349,d8e4c5c1-f902-4693-b2d3-4b820aaab698,57fb6b34-8b92-4a7f-b8d8-216bf9efdec8,DOTMOM Newborn Baby Girl's and Boy's ...,3,12,,2026-01-19 11:47:21.416882,2026-01-19 11:47:21.416882
002856f8-dcd0-4669-add7-19550da82b09,1852236b-7ced-4c7c-891d-568dd834b43b,cce408e7-f107-4f90-804d-a68003ef8829,LINEN/COTTON TROUSERS,2,48,,2026-02-02 10:54:55.416882,2026-02-02 10:54:55.416882
38370496-3d7a-4bea-8a65-1bce6ed66069,1852236b-7ced-4c7c-891d-568dd834b43b,e5ef893b-f612-45f8-952b-cf4cd55e21c9,Moon Light Decorative Wooden Tripod Floor ...,5,36,,2026-02-02 10:54:55.416882,2026-02-02 10:54:55.416882
58fab3ab-a101-43a3-86ff-4ccbf58bea5a,bd23e164-7f20-4882-99b7-85995b01ab28,45174604-20d4-421a-9035-8625b1ef8693,Stylista Top Load Fully Automatic Washing ...,5,11,,2025-12-22 18:43:05.416882,2025-12-22 18:43:05.416882
17181741-422d-445d-9513-635eb1f8cc62,bd23e164-7f20-4882-99b7-85995b01ab28,6e12e620-60e0-4c60-898d-16768ff2ad51,Kinderkraft Grande Plus Stroller (Black) ...,1,310,,2025-12-22 18:43:05.416882,2025-12-22 18:43:05.416882
3c4eb193-7470-4e87-9eb0-c5b257b2179b,bd23e164-7f20-4882-99b7-85995b01ab28,e093a8ab-9b75-4c0f-8bd7-9e49cd3c5691,Electro Wolf Dust Blower Rubber Air ...,5,8,,2025-12-22 18:43:05.416882,2025-12-22 18:43:05.416882
a6395795-1ac5-476d-885c-68af0e88516f,65483b2b-d776-40ad-a442-539d0e03db95,74f74895-2cbc-41af-966b-2e56dbd48340,Accupressure Twister - BIG DISC (Blue) ...,5,8,,2026-02-02 14:41:24.416882,2026-02-02 14:41:24.416882
0a2e686f-800b-4819-acb3-d5357c41d49d,65483b2b-d776-40ad-a442-539d0e03db95,154c65e4-e561-40b5-bda3-9e1ab0c15c0d,VINTAGE FADED DENIM T-SHIRT,1,31,,2026-02-02 14:41:24.416882,2026-02-02 14:41:24.416882
43ee41d6-6ac3-4c94-a6b6-84a8c7defc5f,efad8c7e-3f5e-43ef-989b-a16f020ed8e3,aa21b466-c9f3-46ef-8339-f81497c2285d,Younky Unisex Winters Woolen Thermal Wear ...,1,24,,2025-11-08 00:37:45.416882,2025-11-08 00:37:45.416882
7a5ee166-2d35-47e2-8bc6-d098f740ad03,efad8c7e-3f5e-43ef-989b-a16f020ed8e3,f515f99e-9539-49c0-90bb-19d527e28af4,Lify Water Shoes Barefoot Aqua Yoga ...,2,7,,2025-11-08 00:37:45.416882,2025-11-08 00:37:45.416882
63db36d0-c6ea-43ac-b8b3-8479ad31b030,efad8c7e-3f5e-43ef-989b-a16f020ed8e3,655c80cf-b8ce-442b-9e28-2ede5cff0a0f,Lino Perros Faux Leather Women's Handbag ...,2,59,,2025-11-08 00:37:45.416882,2025-11-08 00:37:45.416882
18cb441e-966c-4cdb-b5c4-5364db8d83a7,efad8c7e-3f5e-43ef-989b-a16f020ed8e3,01bfa87c-7b58-44db-b7c5-f062962cf03d,Faber 60 cm 6 way Silent ...,5,345,,2025-11-08 00:37:45.416882,2025-11-08 00:37:45.416882
28619e95-3509-4988-bf15-1088cb9fc99f,efad8c7e-3f5e-43ef-989b-a16f020ed8e3,aebf49cc-1eb0-45ce-b2d8-e57c9cb1995c,"Braun 32B Replacement Head, Black ...",3,60,,2025-11-08 00:37:45.416882,2025-11-08 00:37:45.416882
b6af4173-c06e-4b3c-b535-e6adfd93549b,993c0a31-1cd8-4a36-b415-420a76a02abd,e83f7ec6-869e-4d8a-bfd8-59829b99a4c6,Newish : Powerful Red Chilli Spray ...,1,12,,2025-12-10 05:35:31.416882,2025-12-10 05:35:31.416882
60b487aa-a8f9-40b1-84ef-c239f839227a,e3f14c59-7f5a-4345-8350-e62f405b7116,5a61aafe-1e6c-4566-9012-66505d7fe1dc,ShiBui indigo Nylon Polyester 50 Litres ...,5,36,,2026-02-22 00:53:58.416882,2026-02-22 00:53:58.416882
713c9092-bb23-4ab1-9bbb-14ea9137af0e,e3f14c59-7f5a-4345-8350-e62f405b7116,355f08c2-8732-47d6-b3c5-e68ffcaf9e3b,Godrej 192 L 3 Star Direct-Cool ...,3,280,,2026-02-22 00:53:58.416882,2026-02-22 00:53:58.416882
3a1b2def-846b-47bc-af4b-f7c1a4051708,e3f14c59-7f5a-4345-8350-e62f405b7116,88a6f92a-a25f-4995-a731-562d61aaabc0,Pack for Your Next Adventure with ...,5,33,,2026-02-22 00:53:58.416882,2026-02-22 00:53:58.416882
855e7cb4-e6fb-446b-8eed-254b0f84b374,e3f14c59-7f5a-4345-8350-e62f405b7116,e6263734-3efb-4a70-9253-40eb28cdcf79,CREATURE Casual Tri-fold Clutch For Women/Girls ...,3,30,,2026-02-22 00:53:58.416882,2026-02-22 00:53:58.416882
56092353-103c-4b3d-87fc-ce1b6ecf3b06,e3f14c59-7f5a-4345-8350-e62f405b7116,86cefb9f-15a8-4fa4-991c-9d16a34ce711,"E Shopping Glossy Plastic Gift Wrappers, ...",5,5,,2026-02-22 00:53:58.416882,2026-02-22 00:53:58.416882
b4340935-c338-4778-b3d1-720f45ba1bc1,2382bf35-3109-4edb-acd8-af3e11d7167c,7d15c5bf-9e17-4e9b-86c4-148601b896ef,LINEN BLEND SLIP DRESS WITH KNOT,1,39,,2026-03-26 01:03:29.416882,2026-03-26 01:03:29.416882
2be83b0c-0614-4ddc-a168-fe5390d31797,2382bf35-3109-4edb-acd8-af3e11d7167c,13bed201-005e-4a14-8618-46316fc9ba8a,FABTEC Car Door Opening Warning Flasher ...,3,12,,2026-03-26 01:03:29.416882,2026-03-26 01:03:29.416882
b0f8e68f-b1a2-42e0-97a9-6708b870dcfe,2382bf35-3109-4edb-acd8-af3e11d7167c,d2656900-9dae-4260-ac82-e8ec97532182,100% LINEN BERMUDA SHORTS,5,36,,2026-03-26 01:03:29.416882,2026-03-26 01:03:29.416882
e08c561c-bd49-4ee1-b0b5-7193321acd00,064a67e9-dd0b-4ee3-bb17-5a43e071b8f9,be59213b-0d32-47dd-b496-ae66877c3ab0,RUFFLED MIDI DRESS,5,71,,2026-02-27 20:48:38.416882,2026-02-27 20:48:38.416882
1c3d9934-3daf-4781-8b6c-7f0cff2d1cbe,064a67e9-dd0b-4ee3-bb17-5a43e071b8f9,74ddcdde-79db-4d84-85ad-c34a86ef6769,COTTON T-SHIRT WITH SEAM DETAILS,5,19,,2026-02-27 20:48:38.416882,2026-02-27 20:48:38.416882
077ab71c-a3c9-4be0-900b-4b0788da9456,064a67e9-dd0b-4ee3-bb17-5a43e071b8f9,bad0fb04-af56-41a1-a36f-95f5a77adcd0,Men Blue Washed Fit Mid-Rise Stretchable ...,3,16,,2026-02-27 20:48:38.416882,2026-02-27 20:48:38.416882
77166d0d-ce9d-4214-a277-1d9ce7369f1d,064a67e9-dd0b-4ee3-bb17-5a43e071b8f9,fb4627c5-d588-43b0-8ff2-a47d7061a108,AUTOVEA® Rear View Mirror Glass (Right/Driver ...,3,7,,2026-02-27 20:48:38.416882,2026-02-27 20:48:38.416882
08b29bc6-1c10-40f0-9f8c-059e98040b4c,064a67e9-dd0b-4ee3-bb17-5a43e071b8f9,d67b1789-417f-43de-9b33-8f4bf5f22770,Miss rose Bb Cream Long Stay ...,1,8,,2026-02-27 20:48:38.416882,2026-02-27 20:48:38.416882
70926a50-bbbf-4497-af31-84aacfeef55d,cb88678e-a80e-4bf9-b3a3-cc2cefdf26c2,2ad55789-da66-4cf5-a79f-ca5ba3e29c89,PACK OF 3 STRIPED SOCKS,5,12,,2026-03-24 03:24:07.416882,2026-03-24 03:24:07.416882
f2ca7d10-24e6-4a02-a832-f34612350213,cb88678e-a80e-4bf9-b3a3-cc2cefdf26c2,9ab3c04e-fe0e-4c74-b0df-69c2114e6484,Women's Flayersoul Fashion Bellies || Daily ...,3,11,,2026-03-24 03:24:07.416882,2026-03-24 03:24:07.416882
950653a8-bcbe-4384-b9c0-67015dc92cb2,cb88678e-a80e-4bf9-b3a3-cc2cefdf26c2,89f2b2cb-7d6d-4235-bdb5-bd5546c4e554,INFISPACE® Ultra-Thin Transparent Nylon Summer Socks ...,4,3,,2026-03-24 03:24:07.416882,2026-03-24 03:24:07.416882
f5ef6b74-b3f4-4888-9208-c0c024a571b1,cb88678e-a80e-4bf9-b3a3-cc2cefdf26c2,3a42d345-f509-4768-9bb9-d83c89c3f8f9,"Voltas 2 Ton 5 Star, Inverter ...",2,1119,,2026-03-24 03:24:07.416882,2026-03-24 03:24:07.416882
2e09b70d-0a6a-4947-a02d-909d90b41717,cb88678e-a80e-4bf9-b3a3-cc2cefdf26c2,50f546bc-7d31-48eb-933e-fe8bf8624bf0,Uno Minda RR-7003 RR - Aluminium ...,3,3,,2026-03-24 03:24:07.416882,2026-03-24 03:24:07.416882
eb88c905-a060-4769-a865-dba6fc46897e,ab2dd861-7d0b-4890-bbc1-e6524d190e02,631b02f0-5a3c-4214-9f14-994cc92c7a59,Groviva Wholesome Child Nutrition for Growth ...,1,8,,2026-01-27 02:14:15.416882,2026-01-27 02:14:15.416882
1ac17cf6-08aa-48f0-a94d-724708d9abcd,ab2dd861-7d0b-4890-bbc1-e6524d190e02,aacdfedc-333c-4340-802f-ccba329a4c17,Signature Acoustics SA Genuine Leather Earphone ...,2,6,,2026-01-27 02:14:15.416882,2026-01-27 02:14:15.416882
ab651495-2333-4ddf-b882-ca4d0f3ae32d,ab2dd861-7d0b-4890-bbc1-e6524d190e02,cff00695-eec1-4edb-9ebc-ca77303aeed3,DOUBLE-STRAP SANDALS,5,36,,2026-01-27 02:14:15.416882,2026-01-27 02:14:15.416882
34e826fd-53b6-42e3-89db-e038c2325b17,a8438188-8807-4dff-ae1b-806f93d0cd7e,2b0bcbc4-3000-4573-936c-6bc4ee011b18,OhhSome Indoor Plant Air Purifier Peperomia ...,4,2,,2025-11-29 14:27:27.416882,2025-11-29 14:27:27.416882
b7b50cfc-2eba-4136-91ea-deaf9fd22238,753a562e-c03a-4f21-a69f-cfade6e48d69,d1b54a31-2555-4368-a1dc-59b32ca4f434,Fashion My Day Treadmill Speed Sensor ...,2,14,,2026-02-01 19:36:01.416882,2026-02-01 19:36:01.416882
13b0d7d6-5a18-4846-a26b-237e4b69817a,753a562e-c03a-4f21-a69f-cfade6e48d69,dc663186-3dd8-4bf4-9709-b0066fda6da5,BATA Women's Riva Sandal ...,4,7,,2026-02-01 19:36:01.416882,2026-02-01 19:36:01.416882
a3523274-49d7-424d-aed0-4065c08d2c41,753a562e-c03a-4f21-a69f-cfade6e48d69,f9e353a4-6649-410e-a00f-e5e3e80d73e1,Frank - 10202 The Jungle Puzzle ...,1,1,,2026-02-01 19:36:01.416882,2026-02-01 19:36:01.416882
8df447b7-e158-43ad-b4b6-8977578ac752,753a562e-c03a-4f21-a69f-cfade6e48d69,ee27de85-3318-4f92-a505-6cd38432a903,Underjeans Men Cotton Blend Brief ...,5,5,,2026-02-01 19:36:01.416882,2026-02-01 19:36:01.416882
9d62223f-7039-47c4-8709-e06c65aa7102,753a562e-c03a-4f21-a69f-cfade6e48d69,1d9cd2c6-8a0b-47f3-85a7-ece9d405e1ce,VIMAL JONNEY Girl's Slim Fit Track ...,5,11,,2026-02-01 19:36:01.416882,2026-02-01 19:36:01.416882
14507851-72a3-4f6a-91a7-1268468cf970,17e9adc6-1c66-44bd-9d05-134e8f8a3718,2a110f09-95bd-4b4b-a827-462fa79c7d37,Kama Ayurveda 3 Step Skincare Gift ...,2,16,,2026-01-29 05:00:14.416882,2026-01-29 05:00:14.416882
37dc6b33-fbab-4bcc-ba58-6a121d3fd496,17e9adc6-1c66-44bd-9d05-134e8f8a3718,11539943-55e5-445c-985c-5786c6c2afca,Teper SAHzB Metar 601 Digital SMD ...,2,12,,2026-01-29 05:00:14.416882,2026-01-29 05:00:14.416882
52c65a23-1849-4d3d-92eb-6058700c0668,17e9adc6-1c66-44bd-9d05-134e8f8a3718,d4c2d79f-33eb-4819-b68f-a7a286ff2261,TSAR BOMBA Watches Men Watch Strap ...,1,714,,2026-01-29 05:00:14.416882,2026-01-29 05:00:14.416882
3bc3981a-f860-4758-b1fb-43765a070459,6fa57e41-6f29-4b2c-90dd-3cc5aa28b0eb,c52d715c-3f5d-4009-946a-1ee1f6e3ab75,Beauté Secrets Detangler Hair Comb Brush ...,2,5,,2026-01-18 18:45:40.416882,2026-01-18 18:45:40.416882
f4be488b-852f-4e4d-865f-7c32f1d25dc8,6fa57e41-6f29-4b2c-90dd-3cc5aa28b0eb,9d25973d-2e7b-4fc5-954d-794990023113,Boy's Regular Fit Shirt Pant Set ...,1,21,,2026-01-18 18:45:40.416882,2026-01-18 18:45:40.416882
16b5f440-9f8e-4f27-b2ab-02cf905dcc89,6fa57e41-6f29-4b2c-90dd-3cc5aa28b0eb,e534b163-5548-428e-8017-5a2b7649f8ab,Oriley 2111C Ultrasonic Cool Mist Humidifier ...,2,29,,2026-01-18 18:45:40.416882,2026-01-18 18:45:40.416882
8595188b-8ac8-45b4-82d2-cefd3a228022,06d66fea-5679-4852-8b8b-9bebb2046b18,e504378c-eda7-4631-b1f0-70290d75ee32,Mylo Essentials Buddy Ultra-Light Stroller | ...,1,69,,2025-11-10 19:45:38.416882,2025-11-10 19:45:38.416882
dfc8900b-8577-4c89-9912-66f97bfafc17,06d66fea-5679-4852-8b8b-9bebb2046b18,e22b65f0-c024-432a-a217-0b868055e4ee,AUTO SNAP 5pcs Car Cab Roof ...,5,48,,2025-11-10 19:45:38.416882,2025-11-10 19:45:38.416882
a9aadc8c-cbb1-46d0-813e-db475d78c7f5,06d66fea-5679-4852-8b8b-9bebb2046b18,61d43601-db35-4445-874f-f6bbb954404e,"KYARA ARTS Big Size Multiple Frames, ...",3,77,,2025-11-10 19:45:38.416882,2025-11-10 19:45:38.416882
66b195b5-d0da-4a1f-87a4-5ca34f0d489f,06d66fea-5679-4852-8b8b-9bebb2046b18,d5c0758a-bca7-449e-8061-171c4f511451,KAYU™ Boys Snowfall Solid Regular Fit ...,1,8,,2025-11-10 19:45:38.416882,2025-11-10 19:45:38.416882
19720466-f948-4ab7-b242-86a1d8442f8b,7b8b7a36-d60f-417c-8cf4-aeb0b7a15f27,c5b34971-9341-41b3-8708-52e7979265bb,DARSHRAJ JEWELLERS 925 Sterling Silver kada ...,2,36,,2026-04-01 08:39:53.416882,2026-04-01 08:39:53.416882
059c4e7d-b37a-4a29-80c8-f147d3072556,7b8b7a36-d60f-417c-8cf4-aeb0b7a15f27,b9f03c3d-67f3-4af5-ac5b-6aa39dff4217,100% WOOL SUIT TROUSERS,1,71,,2026-04-01 08:39:53.416882,2026-04-01 08:39:53.416882
0264f5dd-43b8-4fb4-a608-bb6101667e96,7624ebe4-3cde-4476-b4bd-52463567b5de,f7909fab-7eea-4f68-85de-f0ffa916cb9f,Bello Casual Shoes for Mens and ...,1,5,,2025-11-21 20:33:29.416882,2025-11-21 20:33:29.416882
9c2b383d-3628-4771-878a-c15db2d952c3,7624ebe4-3cde-4476-b4bd-52463567b5de,7818f167-ef0e-40ca-98a0-9e7e1686aa74,Oriflame Milk and Honey Bar Soap ...,1,11,,2025-11-21 20:33:29.416882,2025-11-21 20:33:29.416882
b0cc02e2-1712-412c-b25e-43267c3d3735,7624ebe4-3cde-4476-b4bd-52463567b5de,96cf9e99-4426-46b4-9d95-9b19122a1d22,House of Marley EM-JE083-SB Wireless Earphones ...,5,256,,2025-11-21 20:33:29.416882,2025-11-21 20:33:29.416882
5184cdbb-d3a0-4fee-8d31-61aa01b1eb0c,7624ebe4-3cde-4476-b4bd-52463567b5de,116435e7-54ef-493e-a983-101941f875b5,RIBADIYA BROTHERS Digital Printed Readymade Lehenga ...,3,40,,2025-11-21 20:33:29.416882,2025-11-21 20:33:29.416882
23594bb8-5746-4a9e-9529-7facb328af6b,c6cf5fdd-7d61-41a8-94a5-71c48be7c2e7,5677a94e-97d6-46d5-aa69-eded741cbf0e,"Mont Marte Acrylic Paint Set , ...",2,10,,2025-12-03 03:20:45.416882,2025-12-03 03:20:45.416882
4d46bfa7-c1c4-4b21-90f3-f624c35f251f,c6cf5fdd-7d61-41a8-94a5-71c48be7c2e7,4c5dc092-8b8e-4b36-beb9-9da26879e2dc,PLUMETIS SHIRT WITH RUFFLES,1,36,,2025-12-03 03:20:45.416882,2025-12-03 03:20:45.416882
f4f86fec-9417-42e6-a2eb-f44ef17fcbcc,c6cf5fdd-7d61-41a8-94a5-71c48be7c2e7,d3e474a0-d8e8-46a3-9968-c30f8b04a888,Amazon Brand - Solimo Borosilicate Glass ...,4,10,,2025-12-03 03:20:45.416882,2025-12-03 03:20:45.416882
449d2781-82fa-46ba-87ea-dda25541a655,c6cf5fdd-7d61-41a8-94a5-71c48be7c2e7,382181ce-a949-4d44-9906-7b147e4ee3d3,Phoenix M Fold Tissue Paper (1300) ...,4,6,,2025-12-03 03:20:45.416882,2025-12-03 03:20:45.416882
468109a5-8dc6-4a9c-9b8f-bf61d977fca5,d2c5aff2-f36d-46be-af25-528cdf08d444,b92f825a-67db-43a6-bc31-63abe82e0aa8,SKY TECHONOLOGY STI-470 Digital Dissolved Oxygen ...,2,101,,2026-01-07 16:49:34.416882,2026-01-07 16:49:34.416882
8e6408ac-6be9-4a4d-876e-4ee426814437,c01435a6-07e9-456e-b464-bcc996627365,e74bf756-e833-4c7f-a24b-4289d0cf8e23,UNIKORN Electric Eyebrow And Facial Trimmer ...,4,18,,2026-04-18 03:29:44.416882,2026-04-18 03:29:44.416882
2af0d9f3-f850-4fbe-97f4-b682cc57dcc0,e86b1ab6-2eb2-4106-8d31-dba725b52f73,8bfa3955-7bd7-4e8d-ab97-464ad856701b,XENOTY Stainless Steel Iron Coating Self-Adhesive ...,2,12,,2025-12-25 02:45:47.416882,2025-12-25 02:45:47.416882
728b55dd-d7f3-4462-87d0-95c44997b3f0,e86b1ab6-2eb2-4106-8d31-dba725b52f73,91316fd6-7d9f-4f0b-91d7-c97f56c931b4,JL 50 Pcs Golden Bullet Clutch ...,4,2,,2025-12-25 02:45:47.416882,2025-12-25 02:45:47.416882
12a491ef-42db-4b78-841d-e7314e847012,a5b363df-04a0-45e6-9859-482d0b2d2a46,ac03d21a-a1ce-4080-b372-a6b8bdb72498,ARADHYA ` Fashion Jewellery Antique Silver ...,3,24,,2026-04-10 00:59:03.416882,2026-04-10 00:59:03.416882
071667c3-0d9f-411b-9582-a955efbb3fa2,a5b363df-04a0-45e6-9859-482d0b2d2a46,e6cabecf-6d16-43bb-87d3-211230f13da8,LADY CHOICE Women Sports Bra Combo ...,4,12,,2026-04-10 00:59:03.416882,2026-04-10 00:59:03.416882
beb50eb0-2ff1-4a55-8240-9f06f10f4a07,a5b363df-04a0-45e6-9859-482d0b2d2a46,dadcff69-97c9-4926-8d6a-adff7ad98a17,"SoilMade 5 Copper Coin, Round Shape, ...",3,9,,2026-04-10 00:59:03.416882,2026-04-10 00:59:03.416882
5e3b07ae-9bd3-47e1-b566-a4907e127c32,a5b363df-04a0-45e6-9859-482d0b2d2a46,01bb29c8-f2c7-4b52-9e20-16f3aa45dd8d,Jordan,4,75,,2026-04-10 00:59:03.416882,2026-04-10 00:59:03.416882
0ae5989e-d00f-4eaf-a906-bdf0b70b1906,a5b363df-04a0-45e6-9859-482d0b2d2a46,3041aedf-6d62-4c73-9b8c-13ce04aa051e,"Tombow Mono Zero Eraser, Round 2.3mm ...",2,4,,2026-04-10 00:59:03.416882,2026-04-10 00:59:03.416882
a2bbb4c8-4894-4691-a519-8a6ff2278bb2,3aecd510-25b7-4068-b6eb-fdd4cf9f793f,d809cf60-8a38-4e1b-b46b-269e4e4cc02b,UA0014/G/S 0MVU/IC 57MM Azure / Grey ...,4,146,,2026-02-08 01:04:55.416882,2026-02-08 01:04:55.416882
1b8b372b-5784-48db-82cc-2236c0b2957c,3aecd510-25b7-4068-b6eb-fdd4cf9f793f,147b1ec2-f414-4141-985d-49b023dad11e,BATA Mens 3D Oxygen Olive Casual ...,5,42,,2026-02-08 01:04:55.416882,2026-02-08 01:04:55.416882
8ad8e7e1-4181-4adc-a212-580e0102e1db,3aecd510-25b7-4068-b6eb-fdd4cf9f793f,b93e1c38-1417-4bea-99d5-a38359e8df96,Zeya Yellow Gold Ring ...,2,346,,2026-02-08 01:04:55.416882,2026-02-08 01:04:55.416882
7282cd06-0d4f-4903-a95f-2a1845547133,3aecd510-25b7-4068-b6eb-fdd4cf9f793f,e3a45fbb-2fac-4b9f-ada4-8c9d0396d365,All Things Desi - Cushioned Hand ...,1,12,,2026-02-08 01:04:55.416882,2026-02-08 01:04:55.416882
3053bf11-3917-4aa0-a321-1f97396af4da,3aecd510-25b7-4068-b6eb-fdd4cf9f793f,fa56f21b-e9d2-4b49-9d65-3f04ff174bb2,Aswadh 1 Pair Tennis Rackets with ...,2,26,,2026-02-08 01:04:55.416882,2026-02-08 01:04:55.416882
1829764f-18df-4e49-80c8-a731460b7d99,d75dc6e4-d3db-4953-bd5e-eb0536f410b6,df5c51fe-22e9-4bcd-93a9-54a46575da10,BSB HOME Premium Cotton Elastic Fitted ...,2,15,,2025-11-10 11:10:44.416882,2025-11-10 11:10:44.416882
81392ce2-c1bc-4a69-be53-4eb94154da1c,d75dc6e4-d3db-4953-bd5e-eb0536f410b6,e378ee27-f778-4c32-a773-1287ef568545,RETRIX Lazy lipstick Apple shape matte ...,2,5,,2025-11-10 11:10:44.416882,2025-11-10 11:10:44.416882
3f7e7764-a3e0-4a0e-b869-8e1aa5f8fa25,d75dc6e4-d3db-4953-bd5e-eb0536f410b6,03254544-d492-4914-823c-1ed1187f7698,"MADSWAS Hair Straightener, Hair Straightener Comb ...",4,12,,2025-11-10 11:10:44.416882,2025-11-10 11:10:44.416882
98c60b57-163a-4fc1-91c5-5b112e9380d0,d75dc6e4-d3db-4953-bd5e-eb0536f410b6,325224f2-a9d8-42f4-801a-5018112ea925,DOSJNI 6 Set Travel Luggage Organizer ...,4,10,,2025-11-10 11:10:44.416882,2025-11-10 11:10:44.416882
97f941f1-9aee-4722-b4c8-9b4d60fb4e6c,1843cd5b-b795-4649-bf3c-adc84627e388,4fa3242c-831c-41ca-95f6-4a10074b65a1,CHUNKY TECHNICAL SLIDE SANDALS,5,31,,2026-03-08 06:31:13.416882,2026-03-08 06:31:13.416882
369f6c9b-d395-4642-839b-3f2b3e4f3243,1843cd5b-b795-4649-bf3c-adc84627e388,1e950950-bc0e-4c69-878c-facd9784fb3a,INKMILAN Men's Slim Minimalist Smart AirTag ...,1,36,,2026-03-08 06:31:13.416882,2026-03-08 06:31:13.416882
77e47a14-a593-4d5b-aa93-646806d242cc,1843cd5b-b795-4649-bf3c-adc84627e388,8e90abb3-e087-444b-814c-4cc9ae57bd38,Boldfit Gym Gloves for Men with ...,4,10,,2026-03-08 06:31:13.416882,2026-03-08 06:31:13.416882
cd2a8997-2e50-4678-98a1-2426607bc619,e1ad19f7-15a3-4945-9c7f-42c388c4c5b0,23272930-6e1b-4e14-a2fc-727adb4d46f2,MIRACLES IN HAND® Remote Compatible with ...,1,18,,2026-01-03 11:57:46.416882,2026-01-03 11:57:46.416882
89d9fabe-ba3b-4019-b2fb-ac0f1647f3e0,e1ad19f7-15a3-4945-9c7f-42c388c4c5b0,8b92498b-b4fa-40aa-ac0a-0b030c81c2d1,4-PACK OF NO-SHOW SOCKS,5,12,,2026-01-03 11:57:46.416882,2026-01-03 11:57:46.416882
35167ac6-c2b8-4a39-8acd-2a06c5aec180,e1ad19f7-15a3-4945-9c7f-42c388c4c5b0,8bfa3955-7bd7-4e8d-ab97-464ad856701b,XENOTY Stainless Steel Iron Coating Self-Adhesive ...,5,12,,2026-01-03 11:57:46.416882,2026-01-03 11:57:46.416882
b2ce276a-eae8-4565-84aa-df2b64ffac6e,e1ad19f7-15a3-4945-9c7f-42c388c4c5b0,217e20cb-b62a-4076-9afc-869802754e96,UJEAVETTE 14 inch Small Suitcase Case ...,3,90,,2026-01-03 11:57:46.416882,2026-01-03 11:57:46.416882
11ae00fc-a04f-4d95-84ee-29d121ced5c5,2aa5344f-4385-419e-9e8a-b6570c67bf91,e685fe68-9bb2-48cc-9a28-4607f8f987ee,Shredded prophysique Cricket Bat Tape Pack ...,4,2,,2026-01-10 06:13:44.416882,2026-01-10 06:13:44.416882
d44bb884-efa7-4020-903b-f220c98e48cc,2aa5344f-4385-419e-9e8a-b6570c67bf91,7805b574-bccc-4775-8e42-a7934cfa0a0b,Nike Team First (MLB Houston Astros),4,35,,2026-01-10 06:13:44.416882,2026-01-10 06:13:44.416882
51a499c2-d6c3-4d36-b9da-5b3db8dd668c,21c71dc5-0ba1-4007-8597-ed881e8a0855,f8fa1993-433a-4f28-8731-d233bc67452c,"COMET WASH BOTTLES (500ML, 6) ...",1,8,,2025-12-12 12:39:34.416882,2025-12-12 12:39:34.416882
ef1f93f2-4de8-4fbb-9775-09009224328b,21c71dc5-0ba1-4007-8597-ed881e8a0855,91a1ab57-662a-4219-b579-9e98b2bb18e2,HVG TRADERS Pedal Exerciser Mini Exercise ...,4,30,,2025-12-12 12:39:34.416882,2025-12-12 12:39:34.416882
ab1f6aec-b73c-4e66-ab37-3cf1ca47be5a,fc50a285-8b79-4e29-b739-487b79def5e4,3ef43600-95b3-4414-81e8-04bb14c6acc2,Neska Moda 6 To 12 Months ...,4,8,,2025-12-12 10:35:40.416882,2025-12-12 10:35:40.416882
5a78dbdf-d853-48bf-821b-4b4e56203344,b91db107-3dd5-42ac-b1eb-d51118cab597,38a95826-5480-4659-9411-211f2b3fb213,SHINY SHOULDER BAG,4,39,,2025-11-11 22:28:38.416882,2025-11-11 22:28:38.416882
07167457-9c86-4a11-8bf1-7fa10244a7e9,b91db107-3dd5-42ac-b1eb-d51118cab597,41109ade-3f42-45e4-a483-d86f383fb04e,axys Women Top Thermal Three Fourths ...,1,8,,2025-11-11 22:28:38.416882,2025-11-11 22:28:38.416882
044dc572-f028-4485-a609-c140d3e4c8ad,b91db107-3dd5-42ac-b1eb-d51118cab597,fb4627c5-d588-43b0-8ff2-a47d7061a108,AUTOVEA® Rear View Mirror Glass (Right/Driver ...,5,7,,2025-11-11 22:28:38.416882,2025-11-11 22:28:38.416882
4fe71d85-ab92-4b16-a461-8eba6917e98d,b91db107-3dd5-42ac-b1eb-d51118cab597,138a5c3e-a855-4e52-9e4e-90ac7c676313,SCA OEM Type Non Breakable Plastic ...,3,9,,2025-11-11 22:28:38.416882,2025-11-11 22:28:38.416882
0d2b595f-2de0-4ac6-a2c8-e8868b7eabe2,b91db107-3dd5-42ac-b1eb-d51118cab597,6d515529-783e-4e7c-8cc3-90fbd5d773c8,Kamz Beauty 4pcs/Set Professional Eye Brushes ...,1,4,,2025-11-11 22:28:38.416882,2025-11-11 22:28:38.416882
5336303c-eac7-4635-8ac2-46bad88f97c0,1a030174-bbea-445e-9325-a3f553382fd0,a6bb4547-f255-4a6a-a5bb-3e8e09f372dc,Yellow Chimes Ear Lifters for Women ...,4,16,,2025-12-21 11:36:34.416882,2025-12-21 11:36:34.416882
3a42f07e-bf8f-4df3-80d7-bab4939593ae,1a030174-bbea-445e-9325-a3f553382fd0,091ddbe6-2048-462c-b9cc-2428cc1fefcb,Cason -Premium 2 x 1350 mAh ...,2,36,,2025-12-21 11:36:34.416882,2025-12-21 11:36:34.416882
51baa270-d580-45fc-aafe-c1615cac6368,4bcc6dea-3644-4c2c-88c3-e7a8c19082a5,f6be6ceb-3063-4883-a4f0-da01d1fd5917,The Baby CRY Cotton Front Open ...,3,12,,2026-01-08 19:42:20.416882,2026-01-08 19:42:20.416882
d2b40531-b2c7-4936-99c4-24c4c0fbf3ca,4bcc6dea-3644-4c2c-88c3-e7a8c19082a5,595e1256-10fd-419d-becb-aab16e1e829a,Dr Smith Sofa Cums Bed - ...,1,119,,2026-01-08 19:42:20.416882,2026-01-08 19:42:20.416882
30936414-0962-4ee4-ab5b-243fc4779183,4ede784e-b68f-409a-9fca-a730f68dfd62,1a124387-997c-495f-8c4b-edb765d480d7,Chip Chops Chicken Burger Gourmet Dog ...,3,3,,2026-03-26 08:12:36.416882,2026-03-26 08:12:36.416882
345dae19-5b68-4d06-9d2b-fb1e225c762e,c73cc253-969d-47e9-a5eb-459250d374cc,5ba89902-d91e-44c7-8cbc-45e4836ff33b,WAVE TRADERS Metal Nautical Brass Telescope ...,1,11,,2026-04-17 00:10:32.416882,2026-04-17 00:10:32.416882
f9550952-c763-45a1-a25e-dd9845b0b121,c73cc253-969d-47e9-a5eb-459250d374cc,86c2513c-7fd7-4487-b3da-49f9fec534f6,FLITE Women Flip-Flops ...,3,4,,2026-04-17 00:10:32.416882,2026-04-17 00:10:32.416882
05814d7e-edbe-4e9e-bf87-6c6f462b84be,c73cc253-969d-47e9-a5eb-459250d374cc,c48d7903-00f7-4f57-86f5-9bb1216ce04c,SLCHEM® BLEACHING POWDER 500GM ...,2,3,,2026-04-17 00:10:32.416882,2026-04-17 00:10:32.416882
e78a35be-db08-4d5f-840e-85d695d6b924,02702350-cd0d-47bd-9526-d76c1ba275d9,73f376dd-9274-496d-a901-2c1bc85df73b,Clothing Set Half Sleeve Dresses for ...,2,7,,2026-03-24 15:08:38.416882,2026-03-24 15:08:38.416882
a8aa4035-a29d-4722-bf10-14eb5a338837,02702350-cd0d-47bd-9526-d76c1ba275d9,0eb10b99-4548-4d1f-a5df-ba366577000a,Hopscotch Girls Navy Polka Print Blouse ...,2,13,,2026-03-24 15:08:38.416882,2026-03-24 15:08:38.416882
b2c83b63-ba28-4b09-974e-3c57e4f477f4,02702350-cd0d-47bd-9526-d76c1ba275d9,52daef6c-2b76-4964-91f9-a162c1bbe388,Reebok Mens Austin 2.0 M Running ...,3,27,,2026-03-24 15:08:38.416882,2026-03-24 15:08:38.416882
b0eb814b-7fad-4e1d-b805-0bae71295a7f,b93dd280-5633-424d-934b-4d96e9be8248,36a2dd70-9b12-4c7c-be52-f238891c3a83,COSMUS Grove Foldable Travel Tote Bag ...,2,15,,2026-01-31 09:05:01.416882,2026-01-31 09:05:01.416882
ec58d44d-101f-4bbf-97b6-491585c589f6,b93dd280-5633-424d-934b-4d96e9be8248,abc2e26a-df53-4f4f-81fc-b84c77507e4c,StyleStone Women's Knee Length Skirt (Blue) ...,3,17,,2026-01-31 09:05:01.416882,2026-01-31 09:05:01.416882
b6ea0a7a-71c9-4d59-bdfa-001ecadefc2c,d523b73c-1170-4410-8d1c-c2bccd992a86,53be7185-f32b-41ca-8535-730fbe93d7b2,Royal Canin Medium Adult Dry Meat ...,2,10,,2025-12-27 16:00:27.416882,2025-12-27 16:00:27.416882
352c1565-c70c-4851-9400-00d70395a3db,d523b73c-1170-4410-8d1c-c2bccd992a86,5103f663-44b2-4a11-9edb-792de949cea0,PATENT-FINISH BLOCK HEEL SHOES,3,39,,2025-12-27 16:00:27.416882,2025-12-27 16:00:27.416882
307fd47f-c8b8-4be5-9ada-53ec779d9cf5,d523b73c-1170-4410-8d1c-c2bccd992a86,bf073037-8003-45a0-96b6-b104d2b9509e,JUST RIDER Men's Sports Running Set ...,2,12,,2025-12-27 16:00:27.416882,2025-12-27 16:00:27.416882
da21f518-4f57-474a-94e7-0c9384d9257f,135ec40d-1075-4749-b9d7-9880989575fd,a3e4a8a7-5c9c-4c55-aea9-d28b02c59496,DUCHESS Women's Black Box Clutch ...,5,26,,2025-11-24 23:42:44.416882,2025-11-24 23:42:44.416882
709f7e88-29c5-4e29-98c5-9c9b60dcf4f2,135ec40d-1075-4749-b9d7-9880989575fd,486b71f3-370d-441d-9110-9e03b8bee4ee,VMS INDIA Waterproof Foldable Large Travel ...,2,51,,2025-11-24 23:42:44.416882,2025-11-24 23:42:44.416882
aa8d0d18-5dc3-433a-88d0-d3f7c033f85d,135ec40d-1075-4749-b9d7-9880989575fd,c8fd1c5a-4a5d-4706-9a84-2e11fe5e87cb,FINWIN Women's Cotton Blend Hooded Neck ...,2,24,,2025-11-24 23:42:44.416882,2025-11-24 23:42:44.416882
3ed0d032-a8a5-48e8-9f45-8ea7b9883216,135ec40d-1075-4749-b9d7-9880989575fd,322d76b8-2ae1-4079-8941-60b1c0318897,YELLOW VELVET 90 ML / 3.04 oz,3,15,,2025-11-24 23:42:44.416882,2025-11-24 23:42:44.416882
cda3b9ee-ab00-4ceb-820f-cd7f6ea613eb,135ec40d-1075-4749-b9d7-9880989575fd,2194712c-469d-4e82-966a-ca3a354db640,Casio Edifice Chronograph Multi Colour Dial ...,2,167,,2025-11-24 23:42:44.416882,2025-11-24 23:42:44.416882
d68a5e48-bda6-41b3-aa5d-69347d2e6aa8,c8e73d51-2188-4d8a-a314-333604344f16,2dd74fdb-4d55-4b73-b832-87b1545197e4,Dratal Car Key Case Holder Leather ...,5,24,,2025-11-18 08:18:07.416882,2025-11-18 08:18:07.416882
169e8cdf-3f03-45f8-9330-dc4708d99990,c8e73d51-2188-4d8a-a314-333604344f16,01f3cce2-b947-448e-8100-9cab145f2128,Macroman M-Series Men's Solid Regular Fit ...,5,8,,2025-11-18 08:18:07.416882,2025-11-18 08:18:07.416882
d558f7ab-df22-4df9-bbbf-ef66203979c5,c8e73d51-2188-4d8a-a314-333604344f16,5a44becf-b53f-4468-8ba8-993fb1aa8c67,Lee Men's Relaxed Jeans (LMTS003058_Khaki ...,4,19,,2025-11-18 08:18:07.416882,2025-11-18 08:18:07.416882
d1c97465-9d1a-4140-8ad8-c354b426ebe6,c8e73d51-2188-4d8a-a314-333604344f16,0b358254-0ff8-47bb-a690-a7d69fddcb56,"NOW Foods Super Antioxidants, 120 Veg ...",1,130,,2025-11-18 08:18:07.416882,2025-11-18 08:18:07.416882
a665e9cf-1cf9-4fe3-8ae6-1c7a6d6d1803,b0eeea1e-db32-467e-9a55-71024cb7cfa1,1ed31118-d1b9-4fa4-b1df-f99d4feba76a,JUMPSUIT WITH ASYMMETRIC RUFFLES,5,67,,2026-04-24 05:57:06.416882,2026-04-24 05:57:06.416882
33564743-c63a-49c6-8261-ae144d9b88f1,b0eeea1e-db32-467e-9a55-71024cb7cfa1,f6fad6e3-e11f-40bb-b56c-fa25de028dd4,FADED-EFFECT PLUSH TROUSERS,3,24,,2026-04-24 05:57:06.416882,2026-04-24 05:57:06.416882
423376e2-7a0c-402d-ba96-341a269b6e3f,b0eeea1e-db32-467e-9a55-71024cb7cfa1,2290efe5-0c4b-43b5-9e5f-4fb864fa1c98,CLEMATIS Flexible Kitchen Tap Head | ...,3,10,,2026-04-24 05:57:06.416882,2026-04-24 05:57:06.416882
948da58e-cb65-4551-8d7a-48f3f132ca5e,b0eeea1e-db32-467e-9a55-71024cb7cfa1,ee57bbc9-5e83-4e81-9584-fefcf05cb799,Woodland Mens G 40777cma Sneaker ...,1,46,,2026-04-24 05:57:06.416882,2026-04-24 05:57:06.416882
8cc89fce-1fdf-422a-aa0a-a2e87855c2ba,b4caa038-d9ef-4202-a6d0-0cfd1c400b12,b2987394-31d5-4c42-b299-4248c69fc018,Voylla Brass Silver Oxidised Plating Mandala ...,1,7,,2026-02-27 08:07:06.416882,2026-02-27 08:07:06.416882
b912b749-4e4b-4dd5-a9b6-a7c1aa43eded,b4caa038-d9ef-4202-a6d0-0cfd1c400b12,65bfdbb9-ba99-4158-8283-d609711712a3,Panasonic 1 Ton 4 Star Wi-Fi ...,3,602,,2026-02-27 08:07:06.416882,2026-02-27 08:07:06.416882
2fe08b09-b232-49fb-82b9-7d6346085de1,116754bc-9b4e-4ed6-9090-65537733838e,64c12445-0a51-4404-8a92-86d8b89ff96f,RELAXED-FIT STRIPED TROUSERS,5,59,,2025-12-09 15:06:42.416882,2025-12-09 15:06:42.416882
cf882d07-1b80-42ea-8ce3-4444f7be6e33,116754bc-9b4e-4ed6-9090-65537733838e,a8a5234a-dc22-455d-8e71-32a11b6659c4,"CamelBak Eastman Tritan Copolyester Chute Mag, ...",4,105,,2025-12-09 15:06:42.416882,2025-12-09 15:06:42.416882
07c973ff-ef24-4687-89bc-35e1f4bfff20,1d9e53fa-f3b1-4c7d-905e-9c265fc7f3cd,fd79d851-3375-4d6a-9cb3-5f2d980b4d25,FLAT STRAPPY SLIDER SANDALS,5,31,,2026-03-24 03:31:36.416882,2026-03-24 03:31:36.416882
746a7eec-357a-43f1-85ce-7898de74ce81,995060a8-e2e5-43e3-af0d-06caa76797d2,e91b6db1-093b-4d2f-a701-be7c0f6f4ae4,Eufy RoboVac 11S Remote Control ...,3,7,,2026-03-31 12:25:44.416882,2026-03-31 12:25:44.416882
ae6318d3-e809-4f1a-8b23-e3dbb0becbc2,995060a8-e2e5-43e3-af0d-06caa76797d2,a0cbe2f4-b022-4d0b-ab69-10a2acf09ea5,linenaffairs Swaddle for New Born Baby ...,1,12,,2026-03-31 12:25:44.416882,2026-03-31 12:25:44.416882
5cf7a665-ce90-45cf-a163-5f7987fdb6ad,995060a8-e2e5-43e3-af0d-06caa76797d2,29577cba-fe39-4511-84da-fffd550202d1,HOKIPO Magic Sticker Series Plastic Kitchen ...,3,17,,2026-03-31 12:25:44.416882,2026-03-31 12:25:44.416882
2d30b15d-2cf6-4c3e-8a8c-fd363908253f,995060a8-e2e5-43e3-af0d-06caa76797d2,2d657f91-016c-40f6-ab9b-c589757a64bc,Massi Miliano Genuine Leather Men's Wallet/Genuine ...,3,8,,2026-03-31 12:25:44.416882,2026-03-31 12:25:44.416882
95cd3f27-abb1-4f2c-b1bf-258697771fde,329dc5f0-5838-41e0-837c-3be7e59a204b,ee57bbc9-5e83-4e81-9584-fefcf05cb799,Woodland Mens G 40777cma Sneaker ...,2,46,,2026-01-23 21:50:35.416882,2026-01-23 21:50:35.416882
c1f26eb8-9296-4111-a36c-9f9594c889bd,329dc5f0-5838-41e0-837c-3be7e59a204b,e3fe5949-6fac-457d-92e2-937339ac9348,"Gloglamp, Fancy and Stylish Black Bellies ...",5,12,,2026-01-23 21:50:35.416882,2026-01-23 21:50:35.416882
9a873fec-c8f8-4c1b-9e3b-5f0088205713,329dc5f0-5838-41e0-837c-3be7e59a204b,8663f2b2-5ccc-490f-8c77-212591645a64,"Encanto Skipping ropes, skipping rope for ...",1,7,,2026-01-23 21:50:35.416882,2026-01-23 21:50:35.416882
f4a79453-c5f4-4f82-8b3d-5db59c30026b,329dc5f0-5838-41e0-837c-3be7e59a204b,595e1256-10fd-419d-becb-aab16e1e829a,Dr Smith Sofa Cums Bed - ...,3,119,,2026-01-23 21:50:35.416882,2026-01-23 21:50:35.416882
2aed3157-14d8-4a83-820c-cc15cb0fc037,329dc5f0-5838-41e0-837c-3be7e59a204b,5f238468-9d1c-4e63-b845-698b6c265998,Qunan Outdoor Camping Stove Windshield Foldable ...,3,57,,2026-01-23 21:50:35.416882,2026-01-23 21:50:35.416882
850e2ab1-fe7c-4ba7-a569-d7ab4af7663e,994a639e-fb67-46e4-a20a-16a0d9b12cd7,911c13df-6243-4112-ba03-ffa8892c0824,myaddiction Fashion Dripping Heart Sun Glasses ...,5,16,,2026-01-23 12:15:52.416882,2026-01-23 12:15:52.416882
e67421ce-879a-4a5e-91c4-44a429f845e7,994a639e-fb67-46e4-a20a-16a0d9b12cd7,a995340e-e5f2-48c7-918c-d54161d3b6e9,PACK OF METALLIC BRACELETS,5,19,,2026-01-23 12:15:52.416882,2026-01-23 12:15:52.416882
6bcf9185-4aa5-4094-a854-6974a6e95385,994a639e-fb67-46e4-a20a-16a0d9b12cd7,d76a13f4-7a13-436a-8beb-9fc1fc736a71,Shopnet Wireless Bluetooth Speaker TG113 For ...,1,19,,2026-01-23 12:15:52.416882,2026-01-23 12:15:52.416882
23079861-0576-4797-9d89-8359a09f2f68,4f614f4b-6c15-43c1-9fbc-1199de1b5f9c,a8b99b71-1126-410b-a386-3200e7b2810e,PRINTED TULLE DRESS,5,36,,2026-01-14 04:39:09.416882,2026-01-14 04:39:09.416882
f237cee7-37db-4fa2-b585-653d15e71e77,4f614f4b-6c15-43c1-9fbc-1199de1b5f9c,e05590f9-38a9-49b1-8c6d-804904403b1b,Bowiemall 2Pcs Side Bang Clip in ...,2,12,,2026-01-14 04:39:09.416882,2026-01-14 04:39:09.416882
4eb02bff-9364-4e02-a87a-ecd383d84646,e5de5610-4a2f-4e2b-bd30-f39dff09f526,6279bae0-c29b-4c79-a8c1-1d801e0b5f86,HEERA MOTI CORPORATION Sample TV Stand ...,3,89,,2025-11-25 05:04:03.416882,2025-11-25 05:04:03.416882
40c16a42-f9f6-48b6-be2b-b727a89a594f,e5de5610-4a2f-4e2b-bd30-f39dff09f526,e5fc2986-e635-4e83-83bb-f75f81a0acf1,UTILITY SHIRT WITH POCKETS,2,48,,2025-11-25 05:04:03.416882,2025-11-25 05:04:03.416882
de500614-d62e-43fb-af7e-936ae968550e,e1f10b70-6b62-4871-9be2-c650e0a01273,001646ee-444d-4374-9786-b49b300b52f5,Herschel Classic Mini ...,2,185,,2025-12-06 04:57:00.416882,2025-12-06 04:57:00.416882
8e29edeb-daeb-4621-9c3c-f4c3ddb8751f,e1f10b70-6b62-4871-9be2-c650e0a01273,e6a867d7-e6dd-4955-89ae-fe888b56ab95,Infiprises Plumeria Flower String Lights 20 ...,1,18,,2025-12-06 04:57:00.416882,2025-12-06 04:57:00.416882
230841c2-6ab2-4d0c-8b51-738fede06952,e1f10b70-6b62-4871-9be2-c650e0a01273,c8bc0c05-0ede-4c2d-aa08-0ef8a28eb1d0,Ceuta Retails HOJI Car Mobile Phone ...,3,19,,2025-12-06 04:57:00.416882,2025-12-06 04:57:00.416882
8a9c961f-3914-4676-bb24-e447839a5d39,e1f10b70-6b62-4871-9be2-c650e0a01273,58b220ce-71eb-40eb-a7fa-94daad1f6694,SAN Sports Man_UTD Third Kit 2021-22 ...,4,24,,2025-12-06 04:57:00.416882,2025-12-06 04:57:00.416882
120b18e3-a2a0-4c30-b2fc-09040420479e,e1f10b70-6b62-4871-9be2-c650e0a01273,0ff94121-c7f2-4a0e-9245-8cad28643aef,"HASTHIP® 5Pcs Silicone Straws, 9.8Inch Straws ...",1,8,,2025-12-06 04:57:00.416882,2025-12-06 04:57:00.416882
5f84b50f-4ee2-4174-b4b1-8d0846ad0471,a0813d52-11f2-46a3-9f64-8541ddee6c7f,f3397887-9a10-42d5-8afe-c4fb551ebfa2,LINEN BLEND DRESS WITH BEAD DETAIL,1,39,,2025-11-17 19:16:23.416882,2025-11-17 19:16:23.416882
c54b1d56-3285-4f80-9560-f33f12a5c361,a0813d52-11f2-46a3-9f64-8541ddee6c7f,6cb13b81-870a-421d-858b-52ccecd3d193,QIPS by HMI Marvel Captain America ...,1,6,,2025-11-17 19:16:23.416882,2025-11-17 19:16:23.416882
7b2f0bf6-bc1c-46fa-9599-2a28c975cd93,a0813d52-11f2-46a3-9f64-8541ddee6c7f,ecc4592a-0841-43db-8ad4-b48cb37d810c,Puma Womens Softride Ruby Luxe WN's ...,2,83,,2025-11-17 19:16:23.416882,2025-11-17 19:16:23.416882
fa15afe3-7eff-47ff-8f24-d40d9bc9f113,94ea25e3-8d75-4f57-808b-37f1a1118517,82f270c9-9a9c-49d7-850e-799ee8c7ee9a,Kobo WTA18 Heavy Duty D-Ring Ankle ...,4,5,,2025-11-28 16:04:56.416882,2025-11-28 16:04:56.416882
a3c3affc-dc3e-420f-bfe4-15895426b8e2,951b0b84-ca8d-4a74-acb3-c3d6184a2701,215fd3c5-8485-466d-8e1f-1878a0b753bd,BATA Womens UTMY Black Ballerina ...,2,13,,2025-12-23 00:25:22.416882,2025-12-23 00:25:22.416882
18bbc327-0923-4374-a6ed-f279cbfd1208,951b0b84-ca8d-4a74-acb3-c3d6184a2701,b8336a15-4d94-4f6f-96b4-17cb538e84a8,NeuVin Plain Cotton Polo Tshirt for ...,5,12,,2025-12-23 00:25:22.416882,2025-12-23 00:25:22.416882
8263dab3-bbb3-4071-8660-6c0a763677d5,951b0b84-ca8d-4a74-acb3-c3d6184a2701,a2b61de0-7ade-4879-b671-9b0abf0a2910,iSTAR Stainless Steel New Half Square ...,5,11,,2025-12-23 00:25:22.416882,2025-12-23 00:25:22.416882
231db2c8-33f4-4e98-9cc1-428623a094b0,951b0b84-ca8d-4a74-acb3-c3d6184a2701,6652982a-fd92-48be-8320-7dc635cee1f0,Cloth Theory Boys Shorts ...,5,13,,2025-12-23 00:25:22.416882,2025-12-23 00:25:22.416882
6e4ade7e-21c7-49f4-ab2d-9bab40bd7e88,951b0b84-ca8d-4a74-acb3-c3d6184a2701,9d3a4740-4919-454c-9edf-8a583d7b9c3e,PERSONALITEE Pocket Avengers Logo Printed Cotton ...,4,12,,2025-12-23 00:25:22.416882,2025-12-23 00:25:22.416882
d0c240eb-e948-46c1-a770-0556e7821c28,bbac029a-9fb9-41de-a318-67abc0ab6c0c,eda9a7ea-59ff-4253-b0af-587de29a8c23,Hopscotch Girls Skirt Set ...,3,12,,2026-03-14 06:42:37.416882,2026-03-14 06:42:37.416882
cd4ccea4-4878-4892-8173-398bb62f08e1,bbac029a-9fb9-41de-a318-67abc0ab6c0c,e05590f9-38a9-49b1-8c6d-804904403b1b,Bowiemall 2Pcs Side Bang Clip in ...,3,12,,2026-03-14 06:42:37.416882,2026-03-14 06:42:37.416882
ad5ee9d9-5ffd-4d06-b8fe-039711c3afa7,bbac029a-9fb9-41de-a318-67abc0ab6c0c,09d901da-b9aa-42e6-8087-eaeff64d9675,Panasonic CR-2032/5BE Lithium Coin Battery - ...,1,3,,2026-03-14 06:42:37.416882,2026-03-14 06:42:37.416882
23ce22ce-c5d4-4d0b-9f7b-4b307a7cb12c,044c8ccc-7634-43d8-a190-b88536a41725,1ce049c1-4e94-457a-b59f-bd6a84e84a24,METALLIC LEATHER SANDALS,2,39,,2025-11-06 14:19:43.416882,2025-11-06 14:19:43.416882
cb9b968b-724d-4a4b-ab27-ed5bbf0e75ca,455ad7d7-dfdc-440e-ac07-2708565dd4e3,43b08883-fdcd-4089-9c61-c94763bdfe69,"Lucky Brand Men's Linen Pocket Crew, ...",3,58,,2026-02-25 03:31:28.416882,2026-02-25 03:31:28.416882
2b292db2-d8dc-4989-a102-088e9e9685dd,455ad7d7-dfdc-440e-ac07-2708565dd4e3,aea9e3b3-b0be-4872-9496-60d74d1aee5d,RAMIE SHIRT WITH KNOT DETAIL,2,39,,2026-02-25 03:31:28.416882,2026-02-25 03:31:28.416882
b8b3108e-89f6-4834-a9d8-cbb99287f03e,455ad7d7-dfdc-440e-ac07-2708565dd4e3,38a95826-5480-4659-9411-211f2b3fb213,SHINY SHOULDER BAG,2,39,,2026-02-25 03:31:28.416882,2026-02-25 03:31:28.416882
6b36324a-64c5-4d39-b419-14c53a8edce7,455ad7d7-dfdc-440e-ac07-2708565dd4e3,c78f7675-ed54-4b93-8e6c-dc55ad259661,M.G.R.J Soft TPU Front Protection Case ...,1,12,,2026-02-25 03:31:28.416882,2026-02-25 03:31:28.416882
0e31ceda-10f3-4c11-afc7-cbd142263a0a,455ad7d7-dfdc-440e-ac07-2708565dd4e3,2fb9b3b9-c573-4b2f-95b7-84bf13350753,Sakshi Enterprises 255 litres 2 Star ...,3,321,,2026-02-25 03:31:28.416882,2026-02-25 03:31:28.416882
822d31bd-25a2-4952-8267-54b0a162ecff,b6396e46-a709-45ea-9ff5-74af89457392,6bab11d9-d7fb-403f-9be2-fa367e87003a,CARGO BERMUDA SHORTS WITH CONTRAST TOPSTITCHING,4,39,,2026-02-08 12:53:48.416882,2026-02-08 12:53:48.416882
0694d10a-a7c5-4279-b60c-58353865b841,b6396e46-a709-45ea-9ff5-74af89457392,c74baf9b-7249-4542-896f-9c264c957bbe,SM sai Musicals Brass Cymbals Brass ...,1,20,,2026-02-08 12:53:48.416882,2026-02-08 12:53:48.416882
03ba6007-d6d8-4417-ac34-9141a3045dc8,b6396e46-a709-45ea-9ff5-74af89457392,c5015076-06a5-4855-b9b7-1ec2c537b123,LipiWorld® EN-22654L LED352 Led LCD Smart ...,3,6,,2026-02-08 12:53:48.416882,2026-02-08 12:53:48.416882
43da1857-2a58-457a-85d0-b9e1d84c3ce8,b6396e46-a709-45ea-9ff5-74af89457392,596310ab-d2f2-4883-9f41-bd968f6dc787,TECHNICAL BOMBER JACKET,3,71,,2026-02-08 12:53:48.416882,2026-02-08 12:53:48.416882
a3abfbe6-d2a8-488e-b342-d73d267ed3ad,b6396e46-a709-45ea-9ff5-74af89457392,c8357d30-5a30-472b-8699-61532126f261,DESI COLOUR Mojari Punjabi Jutti for ...,3,24,,2026-02-08 12:53:48.416882,2026-02-08 12:53:48.416882
b1025420-3dca-44d2-b7b5-0603b8076ed5,fbd3a4b0-e6ab-4326-8c55-d204ca15d4bb,0911386b-0ac9-45cc-a7df-19c438b46705,OYO Baby Infant Product All | ...,1,4,,2026-02-25 13:55:06.416882,2026-02-25 13:55:06.416882
81d4cb44-f6ef-4dde-9ab9-d80e9c8a6d4b,fbd3a4b0-e6ab-4326-8c55-d204ca15d4bb,ed5164e0-ac05-4286-92e0-a4710d528f9e,"Asevi Bathroom cleaner spray 750ml,for all ...",4,5,,2026-02-25 13:55:06.416882,2026-02-25 13:55:06.416882
7d61e588-1d2c-4080-a26c-9145364254b8,1ecf90dc-88f2-49ff-9e7b-64f85a60c77e,1a307ef2-43c8-4587-929e-c4e1a6bbf5b9,"StarAndDaisy 360° Baby Walker Adjustable Height, ...",3,54,,2026-03-31 11:40:20.416882,2026-03-31 11:40:20.416882
d9a6e68b-5a01-45cd-9abd-40964bdc91fc,1ecf90dc-88f2-49ff-9e7b-64f85a60c77e,2a3f38ae-9fbf-411e-8715-d66588cf0771,ishin Women's Chanderi Silk Embroidered A-Line ...,3,73,,2026-03-31 11:40:20.416882,2026-03-31 11:40:20.416882
416a0dff-1fad-4471-9eb1-b8f70eb35b79,1ecf90dc-88f2-49ff-9e7b-64f85a60c77e,d36141f2-18b4-4a7c-8125-b6889b0463dd,Raptor Air Conditioner Motor 55 W ...,4,21,,2026-03-31 11:40:20.416882,2026-03-31 11:40:20.416882
e2819943-86b7-4a22-b7b4-f37169ff7b6e,1ecf90dc-88f2-49ff-9e7b-64f85a60c77e,45443bfa-87ff-4c24-a99a-89f7fb977d81,The Aroma Factory Organic Incense Sticks ...,2,4,,2026-03-31 11:40:20.416882,2026-03-31 11:40:20.416882
738a593e-7619-40b2-958b-13eb77cf8b4f,1ecf90dc-88f2-49ff-9e7b-64f85a60c77e,43299a9b-c21b-49c6-956d-b150d7cae4bf,ABSTRACT PRINT SHIRT,5,39,,2026-03-31 11:40:20.416882,2026-03-31 11:40:20.416882
1d12082b-d24c-44a2-8b95-8cb07a4a8198,32e710e3-4b9a-4409-92c1-ad6f3a51153a,22e34c69-eb54-48e5-a071-84cba2de1726,Homenique Artificial Leaf Money Plant Greenery ...,5,16,,2025-12-04 00:10:23.416882,2025-12-04 00:10:23.416882
2403b254-c89d-4a0c-a13d-ca31a8b6cb1c,32e710e3-4b9a-4409-92c1-ad6f3a51153a,4608a5c4-3fe9-4a98-8bfa-237bcd498fc7,Upix® Set Top Box Remote Combined ...,5,4,,2025-12-04 00:10:23.416882,2025-12-04 00:10:23.416882
ddaa42ef-be0a-485b-ae05-2fb3b3bd4780,32e710e3-4b9a-4409-92c1-ad6f3a51153a,c405ca66-8833-4561-b6b8-7f3eaaa78d4b,Voltas Split Air Conditioner SAC 185V ...,3,857,,2025-12-04 00:10:23.416882,2025-12-04 00:10:23.416882
4ba40e8f-5666-49e4-ad1a-37facf527673,0c721090-9489-4c2a-bb9f-9b309eedd85e,c9e1c945-5f4d-403a-bebb-47e2f0f59262,Nike Offline Pack,5,92,,2026-02-16 04:36:40.416882,2026-02-16 04:36:40.416882
3a8c38c5-8f59-495c-a758-b6c060618f3f,0c721090-9489-4c2a-bb9f-9b309eedd85e,1db2888d-db2f-4e9e-87ac-b6e99f7d074e,Jaguar Car Mobile Phone Holder| Mount ...,1,12,,2026-02-16 04:36:40.416882,2026-02-16 04:36:40.416882
6f366ab3-7cd6-4004-aaa5-7d351abfddd1,0c721090-9489-4c2a-bb9f-9b309eedd85e,487fc3d0-6721-489d-bbfe-742ea0694656,Automaze Portable Air Compressor Smart Tire ...,2,51,,2026-02-16 04:36:40.416882,2026-02-16 04:36:40.416882
6e3706c7-e410-4079-99e1-3731efcbffcb,0c721090-9489-4c2a-bb9f-9b309eedd85e,a3f1dc77-1a88-4809-bab8-9ad455a33646,ZOXOWA B-O-T-01 Wireless Bluetooth in-Ear Neckband ...,2,11,,2026-02-16 04:36:40.416882,2026-02-16 04:36:40.416882
bf4f4b9f-6ae5-47ad-91b6-bbf6a7f9f681,493b4360-feba-452b-a4c9-a71a61897277,d19d8a22-0a27-4baf-b881-212dc6acdfed,Electronic Spices Bluetooth 6'' inches HI-FI ...,5,11,,2026-02-09 15:38:23.416882,2026-02-09 15:38:23.416882
40e3c6fa-5d68-413a-a712-f7e2a970744a,5f5933db-04d8-4587-b9a5-a39662294f02,75de1bf4-8cac-41a8-81af-bbfa5edbf337,Vandan Short Kurti for Women | ...,2,12,,2025-11-28 03:03:10.416882,2025-11-28 03:03:10.416882
e1fe7852-eb13-4337-bc44-9b24eccb3a37,5f5933db-04d8-4587-b9a5-a39662294f02,dd75ed9d-3897-44bc-a7a5-812d00b268ad,Peter England Men's Solid Slim fit ...,2,17,,2025-11-28 03:03:10.416882,2025-11-28 03:03:10.416882
64b1e6f9-221b-4a75-a64b-53eca88de67f,5f5933db-04d8-4587-b9a5-a39662294f02,8e5c2711-ec7d-4dba-8714-e8a314e1c268,Fila Mens Figo Sneakers ...,4,36,,2025-11-28 03:03:10.416882,2025-11-28 03:03:10.416882
bb5428b2-c118-4fd4-93e2-1979f2f9a08a,5f5933db-04d8-4587-b9a5-a39662294f02,cb032ab7-715d-47d9-acac-f7bb5843831b,FunBlast Password Lock for Trolley – ...,5,12,,2025-11-28 03:03:10.416882,2025-11-28 03:03:10.416882
f675fdcd-047d-4f25-b0ae-740e6a7223ee,5f5933db-04d8-4587-b9a5-a39662294f02,25b2db6a-bb78-49e4-9b45-43f3df9f3846,LipiWorld® 3IN1 Home Theater Universal Remote ...,4,6,,2025-11-28 03:03:10.416882,2025-11-28 03:03:10.416882
46d27cf9-acb3-4e19-b011-55ff973ad18c,b2c05daf-fc97-4263-a578-d4f4bd73e987,3c71a24c-ada9-432e-a492-e38b13700409,MACRAMÉ BAG,2,27,,2026-04-14 14:07:21.416882,2026-04-14 14:07:21.416882
e8ecffc4-6a66-4339-b30a-7823b3b7c6c5,b2c05daf-fc97-4263-a578-d4f4bd73e987,a607aed7-a522-4d7e-b08e-a3472bcf7f1a,Antonio Banderas The Icon Eau De ...,3,30,,2026-04-14 14:07:21.416882,2026-04-14 14:07:21.416882
8c3c30c2-6623-48d3-9938-e2e2a5a24f01,b2c05daf-fc97-4263-a578-d4f4bd73e987,4ac9d266-c246-4437-8112-d63474d7610b,"Wireless Bluetooth in Ear Neckband Earphone, ...",5,5,,2026-04-14 14:07:21.416882,2026-04-14 14:07:21.416882
eee7f348-b543-467c-9119-612044f9b4c3,094d674e-963c-4262-b999-87fc31100ce8,359e2534-ee6d-4ced-a542-09e011ee0ff1,LACE AND ME Women's No Roll ...,4,14,,2026-03-11 14:42:42.416882,2026-03-11 14:42:42.416882
faf4bc54-5673-469d-bc5c-a0103fcc4524,094d674e-963c-4262-b999-87fc31100ce8,352af63f-4f63-4f27-957e-b460e4817088,"Kuber Industries Plastic Dustbin, Trashbin, Wastebin ...",3,4,,2026-03-11 14:42:42.416882,2026-03-11 14:42:42.416882
b45c2857-8183-48fa-a8d3-43bace7517db,32e3cfbe-ed0f-4456-ac84-746f9ef4d6ba,dff7a5c1-7d6d-4fa2-8b2c-4f079b221a5e,Nike Dri-FIT Performance Select,2,58,,2026-02-17 02:18:39.416882,2026-02-17 02:18:39.416882
9311f38f-8e4c-45ee-831b-12ec9ce44085,32e3cfbe-ed0f-4456-ac84-746f9ef4d6ba,7db09d6b-c9a5-4964-bd97-3e6bfc6103e5,SXV Plain Solid Sweatshirt Hoodie for ...,1,18,,2026-02-17 02:18:39.416882,2026-02-17 02:18:39.416882
cc550515-61f0-42ef-8a25-891c8c00f7c9,49c612ec-e061-4f0a-a639-84d0fd866a61,8d817193-b0dc-40e8-8c80-0bcf5e649947,Bourge Men's Moda-z3 Running Shoes ...,2,20,,2026-04-25 05:05:26.416882,2026-04-25 05:05:26.416882
b6a68bdc-ed8f-4968-8bf1-a9d6e16ac467,89bd8b12-82e8-4415-985a-0e9b060db53d,7196e043-b167-4bc3-9f8a-bf56697bee03,SYSKA Pag Base B22D 5-Watt Led ...,3,7,,2026-01-19 02:41:35.416882,2026-01-19 02:41:35.416882
01369e30-356b-474c-9461-4b1ecb236ded,89bd8b12-82e8-4415-985a-0e9b060db53d,bfcab35d-a89a-4851-b5f4-5040ccbdf6fd,Fabricorn Women's Fleece Hooded Hoodie ...,2,14,,2026-01-19 02:41:35.416882,2026-01-19 02:41:35.416882
ba50b270-6e31-4062-bed6-084cb9fd6acd,89bd8b12-82e8-4415-985a-0e9b060db53d,1b44f106-72f2-400b-aa34-8d7ed26e2dd2,Cantabil Men Regular Fit Solid Black ...,1,36,,2026-01-19 02:41:35.416882,2026-01-19 02:41:35.416882
0ac9043e-8e19-44a5-828f-bf0efaca0f2c,89bd8b12-82e8-4415-985a-0e9b060db53d,729b7344-5ca4-472e-814c-21873e43cced,Shubhanjali Red Carnelian Oval Shape Stone ...,3,19,,2026-01-19 02:41:35.416882,2026-01-19 02:41:35.416882
3a028d23-c1bb-4523-91a1-f1fae953f798,7ccba49c-d69f-4ad8-ae51-fd3b116e452b,e383c5a6-26c1-4a9a-829d-ddc50d8e6b1e,Vivinkaa Ethnic Printed Blu Flower Tote ...,1,23,,2025-11-07 20:27:41.416882,2025-11-07 20:27:41.416882
5072a934-ad24-431e-8c09-c60c2e900810,7ccba49c-d69f-4ad8-ae51-fd3b116e452b,d8670538-9e3d-46bb-abda-6ae3f688a09c,LABIC Highline Drawing Table Stand Drafting ...,5,71,,2025-11-07 20:27:41.416882,2025-11-07 20:27:41.416882
274d00d1-e238-49ad-b7d4-aafe7a0f3eac,b14f9069-1502-42a4-a2a6-1391d54c0e16,435efc1a-99b1-4e12-abb5-9cd792ea5b49,SATYAM KRAFT 1 Pc Sunglasses for ...,3,14,,2025-11-24 10:54:40.416882,2025-11-24 10:54:40.416882
cd42be08-6991-40e0-8e5e-ae77ee530cf9,b14f9069-1502-42a4-a2a6-1391d54c0e16,165c54de-52a4-48db-b694-f19eff1b7593,VISCOSE - LINEN BERMUDA SHORTS,4,34,,2025-11-24 10:54:40.416882,2025-11-24 10:54:40.416882
a70b1335-9fb7-475e-ac99-568109fda264,b14f9069-1502-42a4-a2a6-1391d54c0e16,014fee8f-04ad-498e-a50e-63e536e2a371,Baggit Women's Sling Bag - XXS ...,1,14,,2025-11-24 10:54:40.416882,2025-11-24 10:54:40.416882
f419a2c9-d493-4a9b-8777-4eea8bb9d369,b14f9069-1502-42a4-a2a6-1391d54c0e16,cea2ab0e-d894-4fc4-8e6b-ce005609c6ab,Nike Italian Legend 7 Elite SG-Pro ...,3,321,,2025-11-24 10:54:40.416882,2025-11-24 10:54:40.416882
6466a4dc-aae3-4095-a82d-5baa93c41cb3,64e09836-f4e9-4532-84e1-b687d39e9f9a,ebe5035a-4889-4e2e-8078-7ea13c59f498,Mariner's Creation Cotton Skipping Rope - ...,5,5,,2026-04-12 03:53:49.416882,2026-04-12 03:53:49.416882
fb1effb5-2913-4f11-89b5-9b4ff2607d89,fc01909b-016d-4195-9866-d01f4b3ef25e,2a8c27dc-0512-46b5-8e44-815b023bdb66,"cosco Thunder Size -5 Green Football, ...",1,7,,2026-02-18 17:16:10.416882,2026-02-18 17:16:10.416882
af1f2c0c-0559-4432-94b9-fa7c631f3b2d,201cb045-1bc7-4837-a62f-9770b936e721,a617f3b2-00a8-4300-a6a9-302ac0bd0fef,Winble Back Cover For OnePlus 9R ...,5,12,,2026-03-12 22:39:15.416882,2026-03-12 22:39:15.416882
d44f92df-e9ad-45a3-a3c4-6c8c5c5dd24b,201cb045-1bc7-4837-a62f-9770b936e721,8e00b545-9e41-49f5-91bf-74f05ff31f69,WORLD WEAR FOOTWEAR Multicolor (9268_1665_9315) Kids ...,2,18,,2026-03-12 22:39:15.416882,2026-03-12 22:39:15.416882
1a30fca4-05bf-4ab3-8d3b-512318a82b8d,201cb045-1bc7-4837-a62f-9770b936e721,b40903ea-5c85-486d-80e8-b18cf6f947c6,VMart Men Solid Pc Denim Medium ...,3,9,,2026-03-12 22:39:15.416882,2026-03-12 22:39:15.416882
6b871dad-7870-44ea-b287-88d612505b94,d7f7ed4a-6e49-4b12-9a9e-0acc9060c6ac,e4c18fb1-6d44-4cca-a954-c7d6de182b2a,ROYAL AQUAFRESH Opal 18L RO+UV+TDS+ 14 ...,2,196,,2026-02-28 10:52:02.416882,2026-02-28 10:52:02.416882
90ececac-423f-4037-946e-e6902941d887,d7f7ed4a-6e49-4b12-9a9e-0acc9060c6ac,99216cf7-e02b-4609-86b7-74cb05125570,PLAYSUIT WITH WOVEN STRAPS,4,36,,2026-02-28 10:52:02.416882,2026-02-28 10:52:02.416882
d3f263a3-fcfc-4226-a6d7-7c4899c1df81,d7f7ed4a-6e49-4b12-9a9e-0acc9060c6ac,a8161794-84fe-4052-a5ba-fbf18fe9d196,Eknoor Car Dashboard Idol- Goldplated- Lord ...,2,11,,2026-02-28 10:52:02.416882,2026-02-28 10:52:02.416882
ddbe2c5d-173c-420f-bfc7-da577901dfdf,d7f7ed4a-6e49-4b12-9a9e-0acc9060c6ac,58f365df-83a0-4bc9-84d3-e9ea4e1371ec,OM SAI LATEST CREATION Designer Slub ...,3,24,,2026-02-28 10:52:02.416882,2026-02-28 10:52:02.416882
b2be76f1-4eb3-45fc-a3d7-2bc56e74016c,761827d6-141e-443a-896a-ec6621d06a8e,5a56c1a7-8400-4bfd-a76e-da764bf790c0,Massey Ferguson Tractor Temperature Oil pressure ...,2,15,,2026-04-29 04:12:34.416882,2026-04-29 04:12:34.416882
4b044028-dcdb-4640-9009-a941c3e5a43a,761827d6-141e-443a-896a-ec6621d06a8e,111537c5-2236-4659-9b78-7e6368e20e2d,CLOG LONDON FLAT SANDALS WITH ANKLE ...,4,23,,2026-04-29 04:12:34.416882,2026-04-29 04:12:34.416882
32eef996-4bb4-421b-9379-f398dee797e9,761827d6-141e-443a-896a-ec6621d06a8e,b27795d5-5b4f-4549-9a1d-3e7ad7e86ce1,Careflection 6-in-1 Multi Combo Spiral USB ...,2,12,,2026-04-29 04:12:34.416882,2026-04-29 04:12:34.416882
00b76a82-5b66-4a7e-a6f8-a0b6df1d11d1,761827d6-141e-443a-896a-ec6621d06a8e,7c365d7e-aa59-416a-bc4a-1bbd3992e88f,SLOGAN PRINT T-SHIRT,2,27,,2026-04-29 04:12:34.416882,2026-04-29 04:12:34.416882
d24bf2f0-c08e-4ae8-8145-1d6fd73101e4,761827d6-141e-443a-896a-ec6621d06a8e,9dfe22c7-7c6f-4c72-b600-ee4ac06fc3c4,Imagimake Mapology India Map Puzzles - ...,2,4,,2026-04-29 04:12:34.416882,2026-04-29 04:12:34.416882
87aad654-ea5f-46dd-a30b-bdd669b1ba5c,6bfcb06d-4697-4f50-8080-e792b81dd4d9,520087bc-4dfe-494a-98f3-323f165c6993,KITTEN HEEL SHOES,1,48,,2026-02-10 22:10:55.416882,2026-02-10 22:10:55.416882
2ff7c125-6550-4cd6-a375-0958d1617dee,6bfcb06d-4697-4f50-8080-e792b81dd4d9,7ffebcbf-534a-4d46-8c0d-4ea71fd7d8dc,Jainsons Pet Products Floating Rock Turtle ...,1,8,,2026-02-10 22:10:55.416882,2026-02-10 22:10:55.416882
bc73ad7d-ebaf-4a39-a843-cca874d64a60,6bfcb06d-4697-4f50-8080-e792b81dd4d9,50a6e33d-aa43-4ecd-ab58-ae18f2c20b6c,Forever Online Shopping Rubber Ball Cricket ...,3,2,,2026-02-10 22:10:55.416882,2026-02-10 22:10:55.416882
49e79096-8add-4fc1-8e25-135cfb105737,6bfcb06d-4697-4f50-8080-e792b81dd4d9,fbe391aa-6ef6-41f9-9bba-baa4d33530df,Yellow Chimes Bracelets for Men and ...,2,12,,2026-02-10 22:10:55.416882,2026-02-10 22:10:55.416882
c477cf20-8bb4-47cc-8324-db1a3865a225,c72056d1-cbad-41cf-9183-b40b3e5ab163,9ce0b139-bfe5-4806-9f09-211a7afd1ef6,PRINTED SHIRT WITH POCKET,1,39,,2026-01-18 20:08:18.416882,2026-01-18 20:08:18.416882
9bee8675-6be0-4223-b925-8667aff56165,c72056d1-cbad-41cf-9183-b40b3e5ab163,1d1c4449-134c-4dcc-886e-f70d33954f91,MACRAMÉ SHOULDER BAG,1,39,,2026-01-18 20:08:18.416882,2026-01-18 20:08:18.416882
fc1d1fcb-c22d-42ac-8690-7bf8e8e531fb,c72056d1-cbad-41cf-9183-b40b3e5ab163,d59a88db-5d45-46f6-a2a1-06c3e7036e7e,GEOMETRIC JACQUARD OVERSHIRT,4,90,,2026-01-18 20:08:18.416882,2026-01-18 20:08:18.416882
4a320a51-720e-4a5d-af7e-876c51cc702e,0620d3a4-e6bf-47c0-ad84-079dd307ec0a,cce9d69a-12cc-4e26-868c-a5903c881d1a,Z1975 FLARED HIGH-WAIST JEANS,4,39,,2025-11-24 09:48:42.416882,2025-11-24 09:48:42.416882
232c1af9-487f-4447-a53d-1393678f1c20,0620d3a4-e6bf-47c0-ad84-079dd307ec0a,125ee29b-925e-4366-a707-bbea19e74a7f,GlobalNiche® 40pcs Wet/Dry Fly Fishing Lures ...,3,126,,2025-11-24 09:48:42.416882,2025-11-24 09:48:42.416882
c786e388-db50-418e-864a-6bd602fbf057,0620d3a4-e6bf-47c0-ad84-079dd307ec0a,2482d9c9-ad72-4397-8ee3-f4964ed55429,DENIM SHIRT,4,36,,2025-11-24 09:48:42.416882,2025-11-24 09:48:42.416882
4ba715d4-650e-45b1-aee3-45e2be64c123,dbf5a181-8c7e-4b45-88d9-4b48f3a0163a,9e0be1e8-3c42-4bd2-b2f7-65f2443d7de8,Water Distillation Unit ...,5,95,,2026-04-23 04:25:00.416882,2026-04-23 04:25:00.416882
035b05a8-bac1-42e9-b8b8-0ea7cd4a72f4,dbf5a181-8c7e-4b45-88d9-4b48f3a0163a,5da0d14b-0ece-4fbd-b496-e576a5b73373,Boosty® 12V DC Power Automotive Fan ...,1,8,,2026-04-23 04:25:00.416882,2026-04-23 04:25:00.416882
5a91a125-749c-4cc5-883b-66f77249d62b,dbf5a181-8c7e-4b45-88d9-4b48f3a0163a,e1fbf123-2f7c-4cae-8395-45485d355e97,Wadbros 15-Watt Vent -F-4 Bathroom Ventilation ...,5,30,,2026-04-23 04:25:00.416882,2026-04-23 04:25:00.416882
b19b1f41-233c-4f15-83a7-8f48c9b1230d,dbf5a181-8c7e-4b45-88d9-4b48f3a0163a,802c8b7c-0b3e-4dad-a046-9e178952f774,FOOT STAIR Men's Sports Walking PVC ...,4,12,,2026-04-23 04:25:00.416882,2026-04-23 04:25:00.416882
95514d75-bc0a-4f84-9d03-071255a04e83,dbf5a181-8c7e-4b45-88d9-4b48f3a0163a,98756730-96a8-44e1-baa7-9f7e57cc9505,Belity Electric Guitar Pickup Ready-to-Install Guitar ...,5,28,,2026-04-23 04:25:00.416882,2026-04-23 04:25:00.416882
7bd697c9-8372-4a30-b08e-ffc9b235485f,766b08dd-7c29-48dc-a15c-60b324ac2dd6,ddeb7c45-87d3-40ea-8ec8-32a4d1e91e44,SIGHTBOMB Ribbed Heart Neck Spaghetti Corset ...,5,14,,2026-01-27 23:03:32.416882,2026-01-27 23:03:32.416882
2beb1251-c1e6-4e4a-b3ee-87f6692c47e9,766b08dd-7c29-48dc-a15c-60b324ac2dd6,194b6555-b9b9-4176-94d8-f6a7914d6ce0,Pepe Jeans Men's Slim Fit Casual ...,2,36,,2026-01-27 23:03:32.416882,2026-01-27 23:03:32.416882
52d764e7-6df4-4f3f-8ab8-687d0e44a23f,766b08dd-7c29-48dc-a15c-60b324ac2dd6,5ddb8ddd-72a9-4dc0-bb0b-77cd9d1b2b07,Giffee Baby Towels / New Born ...,2,12,,2026-01-27 23:03:32.416882,2026-01-27 23:03:32.416882
40aa702d-5399-4f6b-900e-edb4dedd08ba,7b40e19b-3982-4d4e-9150-f525bb45a910,b9b0b0cd-6cec-4aee-8fab-92d95f2c55d3,Lee Men T-Shirt ...,3,24,,2026-04-09 12:24:55.416882,2026-04-09 12:24:55.416882
e136e59b-42d3-4cb1-89fe-742e79974c4b,4a8a27d6-1348-43be-a87f-d13d2bf00297,d680f9b2-91a1-422a-b35c-5326fcb8adda,TEXTURED COTTON CARDIGAN,3,59,,2026-01-26 21:34:40.416882,2026-01-26 21:34:40.416882
ba3eeba9-2e1b-40f6-a6a2-eb8eb161896c,4a8a27d6-1348-43be-a87f-d13d2bf00297,c9379a28-1e26-461e-8064-53e49773ac7d,Buy That Trendz Women's Cotton Viscose ...,1,24,,2026-01-26 21:34:40.416882,2026-01-26 21:34:40.416882
edeb05c7-9c04-4658-9d96-cebff89461c9,b5ac2eea-17f2-4912-a81e-81fd319fba73,79a43344-cb4a-45c0-892b-6811d5221350,SHIVOW UAE Black candy - 2 ...,2,14,,2025-11-09 11:51:54.416882,2025-11-09 11:51:54.416882
34f63b1d-c29a-4259-a91f-8bdfc6ec8997,b5ac2eea-17f2-4912-a81e-81fd319fba73,33e8720d-b098-482e-972b-860c570fe5d2,Yookidoo Newborn Baby Washable Reusable Cotton ...,5,10,,2025-11-09 11:51:54.416882,2025-11-09 11:51:54.416882
2daf29ee-1c66-44aa-918b-1e06287a13b8,b5ac2eea-17f2-4912-a81e-81fd319fba73,4133136c-ce6c-4403-9668-68b1d3adfeed,pekdi Professional High Precision Portable Online ...,1,97,,2025-11-09 11:51:54.416882,2025-11-09 11:51:54.416882
9473b11f-5ca4-4fbb-8634-2cdfff3389a1,b5ac2eea-17f2-4912-a81e-81fd319fba73,21cbd7e8-cb3f-4355-8e65-d21a89261594,Kitchenwell (Pack of 4) Fridge Storage ...,2,4,,2025-11-09 11:51:54.416882,2025-11-09 11:51:54.416882
e0188ac6-8829-47fc-823a-f1e20dd11e3b,b5ac2eea-17f2-4912-a81e-81fd319fba73,1bd3e67b-5082-4cda-a951-de5baa92a159,WILLIBEE 6 in 1 Universal Tubeless ...,4,8,,2025-11-09 11:51:54.416882,2025-11-09 11:51:54.416882
49cafda0-b5cf-4962-9189-13d025f5cd65,e032410a-8b7e-4cc3-9c28-8af607f11ab0,db33cfa5-213f-4632-b9b2-2ca3d57e6eeb,Pack of 15pcs Tennis Racket Overgrips ...,4,25,,2026-02-12 12:40:39.416882,2026-02-12 12:40:39.416882
e591cbe7-a671-41bb-ad03-f77094bd10c1,e032410a-8b7e-4cc3-9c28-8af607f11ab0,9b6e88e5-7fe7-49ef-83c6-d5fea406a196,Littloo Gentle Tear Free Shampoo-Littloo Gentle ...,4,5,,2026-02-12 12:40:39.416882,2026-02-12 12:40:39.416882
aca5c820-7312-4d95-b836-187fc39116bc,ec35e863-9829-4890-ace6-636f1eae47d3,ec8cacaa-f0c6-401a-acaa-21222ce547a3,iVoltaa Earnetic Portable Wireless Bluetooth Speaker ...,3,24,,2026-04-08 18:43:21.416882,2026-04-08 18:43:21.416882
9968a2d0-3791-47dd-b733-6bb527e76201,9c107db9-85a6-42bf-8bcd-ff65ff279aeb,ef7fa1c8-f778-461f-9bf1-f3a274779a59,"JUST RIDER Cotton Made Brief Shape, ...",4,3,,2026-03-30 22:25:53.416882,2026-03-30 22:25:53.416882
8549ada9-3acf-4536-ba02-d975a6738042,9c107db9-85a6-42bf-8bcd-ff65ff279aeb,a940e2a4-d694-4d5b-9b65-2dec62496fae,PC Jeweller The Berlyn 22k (916) ...,5,492,,2026-03-30 22:25:53.416882,2026-03-30 22:25:53.416882
44d6c6fd-d32a-47f2-bf21-386bac37575d,9c107db9-85a6-42bf-8bcd-ff65ff279aeb,0dce7f8a-ce69-4310-ad26-80638690417c,Men Slim FIT Designer Printed Casual ...,5,10,,2026-03-30 22:25:53.416882,2026-03-30 22:25:53.416882
19323dc2-7c42-4c03-b2ea-594debe53fa6,b3da3e80-2923-4599-bc75-6068d2c623bc,24b4c942-f085-4295-a2b4-f954d9fd431f,"Tech-lobby Sterio Sound Amplifier with USB,AUX,MIC,BLUTHOOTH,AV,2RC-Build ...",1,43,,2026-01-19 01:25:30.416882,2026-01-19 01:25:30.416882
48e8de68-2109-469a-8ea9-ffba6e35af3c,8ebb0c45-136f-4383-ac0d-80da7dfdf50d,6e859c3f-900d-4b63-b8cb-628d8047c3cd,PALAUTOLIGHTS Acrylic Right Side Mirror Cover/Cap ...,2,10,,2026-01-17 12:05:00.416882,2026-01-17 12:05:00.416882
d86b4bba-5dae-48f4-9ddd-eb6c15dd5c0b,8ebb0c45-136f-4383-ac0d-80da7dfdf50d,507122d1-a9a9-4b15-94bf-aae0967779cf,Shoetopia Women & Girls Casual Comfortable ...,3,36,,2026-01-17 12:05:00.416882,2026-01-17 12:05:00.416882
41ba37aa-bfeb-4303-b8d1-82799781f3b5,8ebb0c45-136f-4383-ac0d-80da7dfdf50d,e9bc450e-7a50-4e4a-97ea-6e8a830c7c8b,Aryshaa Advanced Quality Tobacco Cigarette Holder ...,1,12,,2026-01-17 12:05:00.416882,2026-01-17 12:05:00.416882
c54f62ad-6c39-4489-9721-8ae9c5756d08,8ebb0c45-136f-4383-ac0d-80da7dfdf50d,6a8877bd-94b4-470d-9d3f-8ee1323174fc,LEATHER BELT,4,36,,2026-01-17 12:05:00.416882,2026-01-17 12:05:00.416882
a3bfe2c6-08c8-44d3-a041-31f54dcd1769,33c041da-6b0b-4481-93f7-7a3ad6d6820c,6ecdade4-36e3-4b11-9762-275470bbb17b,HiLEDER 100% Pure Genuine Leather Designer ...,1,55,,2026-02-23 00:43:29.416882,2026-02-23 00:43:29.416882
1a5b77e6-652d-4f14-be59-0b220f724a96,33c041da-6b0b-4481-93f7-7a3ad6d6820c,5a460766-f5e9-4fe0-92ea-569900590b77,Stunner Fitness SRX-550 Magnetic Rowing Machine ...,2,571,,2026-02-23 00:43:29.416882,2026-02-23 00:43:29.416882
09b09db6-abf6-44da-bcea-900ef39d9f9f,33c041da-6b0b-4481-93f7-7a3ad6d6820c,e9a9e7dc-2b5b-486f-b07a-89d1e0e4cca2,RACE COPZ™ Touring Visor + Winglet ...,1,24,,2026-02-23 00:43:29.416882,2026-02-23 00:43:29.416882
611556ff-0bde-4100-8bd1-2ca432a08dfe,757462d5-8f29-493c-9244-5cff92b84c45,01bb29c8-f2c7-4b52-9e20-16f3aa45dd8d,Jordan,1,75,,2026-02-18 03:20:41.416882,2026-02-18 03:20:41.416882
048a27f4-2331-4b94-83f9-5da41e70ae7b,757462d5-8f29-493c-9244-5cff92b84c45,a940e2a4-d694-4d5b-9b65-2dec62496fae,PC Jeweller The Berlyn 22k (916) ...,5,492,,2026-02-18 03:20:41.416882,2026-02-18 03:20:41.416882
25ac908f-6a04-4080-8baa-4d6ce2fc00a3,757462d5-8f29-493c-9244-5cff92b84c45,7e18a229-d547-40b5-94e2-05688bd63f5b,LEAF PRINT SHIRT,4,39,,2026-02-18 03:20:41.416882,2026-02-18 03:20:41.416882
853fad7a-09e8-434d-9c9e-758aa48cbdfe,757462d5-8f29-493c-9244-5cff92b84c45,2139ee73-5322-48e9-9599-18a6f4bedcab,SHAWL COLLAR WAISTCOAT,4,71,,2026-02-18 03:20:41.416882,2026-02-18 03:20:41.416882
2b1afea8-3db3-44f5-ab9c-7cdccaa63e97,757462d5-8f29-493c-9244-5cff92b84c45,e383c5a6-26c1-4a9a-829d-ddc50d8e6b1e,Vivinkaa Ethnic Printed Blu Flower Tote ...,1,23,,2026-02-18 03:20:41.416882,2026-02-18 03:20:41.416882
3184bec3-9ecf-442b-a434-6ab2762bda5b,8756f5c7-8a07-4644-9203-026453827a12,61448a71-55eb-4321-bcf0-b0ea240c993d,Daikin 1.5 Ton 3 Star Inverter ...,1,695,,2026-02-24 19:48:47.416882,2026-02-24 19:48:47.416882
d23268f7-ac86-4205-8e5e-05eab49981c9,8756f5c7-8a07-4644-9203-026453827a12,d93e19fc-3849-4814-86f3-1ef91fbd8722,Azolla Seeds - Floating Natural Aquatic/Water ...,3,3,,2026-02-24 19:48:47.416882,2026-02-24 19:48:47.416882
90ded20e-5158-44e3-810e-eb68c96c8974,8756f5c7-8a07-4644-9203-026453827a12,be208538-8e0d-4897-b62a-457ffcea0a51,blackberrys Men's Formal Full Sleeve India ...,5,26,,2026-02-24 19:48:47.416882,2026-02-24 19:48:47.416882
a8b478e0-c244-4321-a932-d2305a3f44b9,8756f5c7-8a07-4644-9203-026453827a12,da08753b-a2be-409a-b87a-c6d8ce0e2b73,New Balance Women&#39;s Wrl247ss ...,5,118,,2026-02-24 19:48:47.416882,2026-02-24 19:48:47.416882
e59ea9af-3cab-4b86-b350-f94ab24543f8,468fd258-df1a-4140-b3a4-fd3aafac50ee,3cd033de-2e25-4a82-a086-d8b1ef527946,"ORION Choco Pie Chocolate Coated Biscuit, ...",2,4,,2026-03-31 03:12:00.416882,2026-03-31 03:12:00.416882
39500a23-2949-4c77-99a4-d8ba9e20c465,468fd258-df1a-4140-b3a4-fd3aafac50ee,6ac90907-7b5d-45cf-baa8-a5c3530947fc,GABARDINE FABRIC CROPPED SHIRT,1,31,,2026-03-31 03:12:00.416882,2026-03-31 03:12:00.416882
72e39e5a-0d0a-4293-876b-6b29f1836cb0,468fd258-df1a-4140-b3a4-fd3aafac50ee,25c1135c-fbf4-4d2d-8062-87ad4a482895,L'AMOURE Slipper for Women (W9050) ...,4,19,,2026-03-31 03:12:00.416882,2026-03-31 03:12:00.416882
75227f0b-c079-4d63-9865-8f6057f5070c,468fd258-df1a-4140-b3a4-fd3aafac50ee,3a4acd91-a015-4419-ac88-8ed0db955556,GEOMETRIC JACQUARD SHIRT,1,39,,2026-03-31 03:12:00.416882,2026-03-31 03:12:00.416882
b43f6fd3-1e9a-4f57-ab6e-fe2a037cbeb6,94b8dfd0-3b8c-440f-a34b-80455d0abf2d,b8b118a2-03fe-4cb8-8f7f-6b02956d5c5b,BLOOMBUDDY Organic Growth Booster Fertilizer Manure ...,2,29,,2026-04-15 17:41:23.416882,2026-04-15 17:41:23.416882
29c0783d-c0b4-483f-9df3-556be0afbe82,94b8dfd0-3b8c-440f-a34b-80455d0abf2d,4fa2e586-5060-4f35-85af-1e40788a7de0,HOMIO Cotton Elastic Fitted Double Bedsheet ...,1,13,,2026-04-15 17:41:23.416882,2026-04-15 17:41:23.416882
e7a6240f-b21e-41e3-a92d-76e79616def1,94b8dfd0-3b8c-440f-a34b-80455d0abf2d,44774bd7-1469-4a5a-ac82-09ea22f8d809,CITY PRINT SHIRT,5,39,,2026-04-15 17:41:23.416882,2026-04-15 17:41:23.416882
0b3cd41d-ac7f-4122-a3b7-27bc94a1a00e,19ec1e58-ac52-4825-a3cf-8b8a4fa360e5,b89bdbf3-75d8-478c-a444-8e518e044f2f,Miss Olive Women Sweatshirt ...,3,25,,2025-11-30 00:10:32.416882,2025-11-30 00:10:32.416882
ce86eb26-c8e2-46f2-9228-71c21634d52d,19ec1e58-ac52-4825-a3cf-8b8a4fa360e5,4a3e0b10-de7d-49f2-8003-8adfde1ac8e0,Bon Organik Men's & Boys' Regular ...,5,12,,2025-11-30 00:10:32.416882,2025-11-30 00:10:32.416882
a3b8b698-0ec1-4a91-bfa0-8154c3d72ef6,19ec1e58-ac52-4825-a3cf-8b8a4fa360e5,8f081694-0599-411d-8c6b-ad82fd21eba0,ACETRIX Unique Wini Cute Anime Cartoon ...,4,8,,2025-11-30 00:10:32.416882,2025-11-30 00:10:32.416882
290e1558-0397-4d2e-afce-2c633bafc506,19ec1e58-ac52-4825-a3cf-8b8a4fa360e5,c48d95ef-2ab4-4ce9-b096-2ee0a4e04b98,G2L TG-162 Splash Proof New Long ...,2,12,,2025-11-30 00:10:32.416882,2025-11-30 00:10:32.416882
a6b8beaf-1053-4659-8f7a-823ac37204b4,19ec1e58-ac52-4825-a3cf-8b8a4fa360e5,a2ff570d-b5c6-4598-a9b3-d40c7b41f7de,Cloudeal Single Spring Tummy Trimmer-Waist Trimmer-Abs ...,1,12,,2025-11-30 00:10:32.416882,2025-11-30 00:10:32.416882
f55981c1-0be9-49f0-9195-a8582a4615b2,a85950c6-32a1-4811-92db-baa75c9ab4ae,b0b297fb-df3d-42b3-8139-3b00f1adf751,Nike Therma City Connect (MLB Boston Red Sox),4,80,,2025-11-21 08:12:52.416882,2025-11-21 08:12:52.416882
fc8118e5-b77e-4eef-a0da-bcece84d7a27,a85950c6-32a1-4811-92db-baa75c9ab4ae,67c3c780-62d2-4395-bc3c-4afafac4cc94,Urbano Fashion Men's Blue Slim Fit ...,3,24,,2025-11-21 08:12:52.416882,2025-11-21 08:12:52.416882
c55c30ee-0c6f-43bf-a098-0f50fde93f47,a85950c6-32a1-4811-92db-baa75c9ab4ae,00385b49-86ee-4fe2-8283-4ad530eea32e,CP PLUS CP-UNC-TA21PL3-0360 2MP Network Bullet ...,4,42,,2025-11-21 08:12:52.416882,2025-11-21 08:12:52.416882
9663ccd4-738f-42e5-adeb-3f8ce0802ca5,a85950c6-32a1-4811-92db-baa75c9ab4ae,5c8524dd-9f71-4efc-b2f7-63f19fadfc0a,Adidas Men's Hellion Z M Running ...,4,39,,2025-11-21 08:12:52.416882,2025-11-21 08:12:52.416882
4a7e8d33-7deb-4ef2-b045-7526d555bd8d,a85950c6-32a1-4811-92db-baa75c9ab4ae,a8abcd55-a558-4f45-bbe1-508f2cae9451,BK Mart Natural Looking Money Plant ...,3,7,,2025-11-21 08:12:52.416882,2025-11-21 08:12:52.416882
df1e7550-6f50-4eab-8820-c4c88d4b0893,36e7200d-8cfa-4c1d-881b-283e4bcae98a,ec4b3e51-6a68-487d-8ef9-a2fbffa50c09,Effingo EVA 4mm Blue Yoga Mat ...,4,12,,2026-02-15 23:59:39.416882,2026-02-15 23:59:39.416882
2fc7647f-b838-492e-9dac-f655cc9d8a71,36e7200d-8cfa-4c1d-881b-283e4bcae98a,b8b0e2bd-f03a-4685-9c63-b3fff0c7eb87,Mom's Pride® Beautiful Cotton Bibs for ...,3,8,,2026-02-15 23:59:39.416882,2026-02-15 23:59:39.416882
785dc494-f417-4d21-8663-bf86f5fcc748,36e7200d-8cfa-4c1d-881b-283e4bcae98a,bb2c27bc-20ac-4515-aba3-6a54c7e04ebf,Supples Baby Wet Wipes with Aloe ...,3,4,,2026-02-15 23:59:39.416882,2026-02-15 23:59:39.416882
a8fc4ca3-ae1d-4ee3-bfb3-c77712c233e6,36e7200d-8cfa-4c1d-881b-283e4bcae98a,d0a6321f-b99c-4795-b243-9fa7d1ebf07a,Sheen Microfiber Multipurpose 300 GSM Soft ...,3,8,,2026-02-15 23:59:39.416882,2026-02-15 23:59:39.416882
41f37e54-1239-4cdf-8e79-b2af890d3911,d48fcd2f-37a4-4cc4-9870-b258bb5cd209,b87e792c-02f5-402c-8f84-48a9434c68a2,ELTRON TURBO Original High Brightness CYT ...,5,36,,2025-11-13 23:16:07.416882,2025-11-13 23:16:07.416882
445a9150-480a-4923-aa2d-2df52ad3bc10,d48fcd2f-37a4-4cc4-9870-b258bb5cd209,7309fc19-fc88-46a2-a9aa-4fd440bc9ae0,VYERI Women's Designer Handcrafted Geniune leather ...,1,12,,2025-11-13 23:16:07.416882,2025-11-13 23:16:07.416882
a30b4984-f571-4fc5-8ff3-908820c38ed6,d48fcd2f-37a4-4cc4-9870-b258bb5cd209,de37a0a3-9514-4ea8-bd89-40c581670d33,Reffair AX30 [AIR] Car Air Purifier ...,3,48,,2025-11-13 23:16:07.416882,2025-11-13 23:16:07.416882
d0eafe48-54fe-42ed-bbc8-2275fd5225a0,fe24ce47-6731-440a-ac6c-c64d581c47c6,7c4342c0-c4a5-4c1a-9d61-2e9fad194b43,KTM Healthcare® HK1240 : BlueSardine 50PCS ...,2,152,,2025-12-26 09:41:18.416882,2025-12-26 09:41:18.416882
82173f4e-899d-432e-abd2-44ab6020686c,fe24ce47-6731-440a-ac6c-c64d581c47c6,a91db340-b854-47bf-b8e4-4424a9228da2,PRINTED CROPPED SHIRT,4,36,,2025-12-26 09:41:18.416882,2025-12-26 09:41:18.416882
992b583b-4d5c-4603-9317-7dee0cb70491,96447e02-af28-4604-ab18-882c27cec19c,c13e2c94-2232-4034-ba85-d96207fbd1b0,J10 6001 Mens Casual Office Corporate ...,4,26,,2026-01-17 01:21:16.416882,2026-01-17 01:21:16.416882
2f1af8f7-c361-4459-b32c-e1a9354a84ae,96447e02-af28-4604-ab18-882c27cec19c,5a0155be-399a-4243-9ee5-aba418b72875,Air Jordan XXXVI Low Luka PF,3,175,,2026-01-17 01:21:16.416882,2026-01-17 01:21:16.416882
e22c5454-a44d-4fb6-bac5-a6e9fff22326,96447e02-af28-4604-ab18-882c27cec19c,26be5740-f442-498f-921a-55e645b09d21,Vaibhav Jewellers 18K Yellow Gold and ...,3,117,,2026-01-17 01:21:16.416882,2026-01-17 01:21:16.416882
4d06f853-be0f-42db-9720-9f94a4656caa,96447e02-af28-4604-ab18-882c27cec19c,c3a002cc-5880-4f36-9916-ef912c58620c,L HAND HELD TOTE BAG,4,36,,2026-01-17 01:21:16.416882,2026-01-17 01:21:16.416882
06332313-bda7-4fa8-8f26-9bbab5b967a7,4944bc31-9e5a-4406-b4d2-e7fdcc8cdf9b,27fd1049-f5d1-46bb-9fc4-60f003c59b40,LEATHER SPORTS LOAFERS WITH TASSELS,5,55,,2025-12-13 01:32:25.416882,2025-12-13 01:32:25.416882
b3785934-4191-48d9-b760-de0d0ac8393d,4944bc31-9e5a-4406-b4d2-e7fdcc8cdf9b,443555b9-6122-4777-91ad-b4a521260ae9,CNB Transparent Protective Zipper PVC Dust ...,2,36,,2025-12-13 01:32:25.416882,2025-12-13 01:32:25.416882
6a4d2fe4-0be2-43c3-970b-d37aa984682a,4944bc31-9e5a-4406-b4d2-e7fdcc8cdf9b,4c94d798-4e4f-4c3f-b748-3a5c662c55cb,DENIM TRF SHIMMERY PLAYSUIT,5,59,,2025-12-13 01:32:25.416882,2025-12-13 01:32:25.416882
df6f1a3c-4c31-4431-ae95-b498f2069543,4944bc31-9e5a-4406-b4d2-e7fdcc8cdf9b,1cdb873d-02e0-444b-98fa-6dd244a96022,Orient Electric 1200 mm I Tome ...,2,62,,2025-12-13 01:32:25.416882,2025-12-13 01:32:25.416882
7fab09e9-9f1b-416c-ab87-0f1e49affc10,3f98e9ee-2253-438f-b783-2b0d1863ea9d,79b62aed-4107-4a60-b8a8-d550b795d1e9,RAMIE DRESS WITH KNOT - LIMITED EDITION,3,90,,2025-12-31 04:50:55.416882,2025-12-31 04:50:55.416882
e93c4c8f-fa09-4890-974c-e216642bbae7,3f98e9ee-2253-438f-b783-2b0d1863ea9d,7aea0374-62d5-499d-bc73-1e4fac823478,(Renewed) Havells Glanzo Garment Steamer 1650 ...,3,73,,2025-12-31 04:50:55.416882,2025-12-31 04:50:55.416882
9112e3a7-d496-4b8c-b560-0cbd00a46834,3f98e9ee-2253-438f-b783-2b0d1863ea9d,1ce049c1-4e94-457a-b59f-bd6a84e84a24,METALLIC LEATHER SANDALS,4,39,,2025-12-31 04:50:55.416882,2025-12-31 04:50:55.416882
6bec63e1-b707-4e1a-b6ba-3d98b4e478b8,3f98e9ee-2253-438f-b783-2b0d1863ea9d,c5e4df5d-441f-41b6-b43c-1e5b8401b0e0,CARALL Glare CK Fresh Car Air ...,4,8,,2025-12-31 04:50:55.416882,2025-12-31 04:50:55.416882
17943d6e-03ab-4c8e-ad8c-9e9fa4e4f318,3f98e9ee-2253-438f-b783-2b0d1863ea9d,5a460766-f5e9-4fe0-92ea-569900590b77,Stunner Fitness SRX-550 Magnetic Rowing Machine ...,5,571,,2025-12-31 04:50:55.416882,2025-12-31 04:50:55.416882
453fe815-e91e-4b50-ae08-7b2b91c8ba06,11a65641-2973-40f0-974d-07f29158e91f,2d0c2c3d-55d1-499e-abe1-50cc82207331,Pass Pass Analogue Red & Black ...,1,11,,2026-04-11 05:27:07.416882,2026-04-11 05:27:07.416882
4be92c6d-221c-4044-914f-db1573e60d2b,11a65641-2973-40f0-974d-07f29158e91f,5a4bb0f8-9833-45a9-87ee-02ac340744f6,Hammonds Flycatcher Genuine Leather Laptop Bag ...,4,119,,2026-04-11 05:27:07.416882,2026-04-11 05:27:07.416882
4517a8a7-d0f1-4529-a31c-ecce32f36059,10de5530-93ed-4ea6-83ee-215292dbbbbe,55fa4ceb-10dd-46f5-9f76-bb04b8a1963b,HIKVISION Ethernet 1080p Full HD 2MP ...,1,119,,2026-04-18 20:45:52.416882,2026-04-18 20:45:52.416882
8a01d157-1dba-4cc7-bb5a-1562463b587c,10de5530-93ed-4ea6-83ee-215292dbbbbe,83369f85-0d0f-4e31-b54c-1c4f4778f68b,Van Heusen Men's Regular Fit Polo ...,2,12,,2026-04-18 20:45:52.416882,2026-04-18 20:45:52.416882
a3ad3e99-d5e5-41f3-8c73-d2a4e5ffcde8,ccd604c7-d344-4c20-a0e8-e657879a3dbf,07a828ac-cbe5-4346-bbcb-d803fc85722d,RELAXED FIT CARGO TROUSERS,5,59,,2026-04-05 11:28:23.416882,2026-04-05 11:28:23.416882
3ae8da2b-f698-4a65-968f-ee856b076e2e,0f7b975b-dfa5-49f5-8e83-54fe5f193c65,607981f8-8c2a-41ce-ac0e-06450e79e463,BuddsBuddy Polypropylene Lili Soft Spout Sipper ...,2,6,,2026-04-04 19:00:32.416882,2026-04-04 19:00:32.416882
35146b91-789c-40a7-a1f8-9a31709340c8,0f7b975b-dfa5-49f5-8e83-54fe5f193c65,3f909be0-2999-4cce-82fc-dd86ee1ff215,LONG KNIT DRESS,3,39,,2026-04-04 19:00:32.416882,2026-04-04 19:00:32.416882
8ea9efce-25e2-489c-9ab6-ae7eec27cc8a,2f57e346-83fb-40ad-9ae6-1953b617f75b,3eb7a16a-7ac7-4722-a0ab-892f96c2ea24,STRAIGHT BLAZER,3,59,,2025-11-12 01:03:38.416882,2025-11-12 01:03:38.416882
f55b35ca-0659-48e9-a3a6-9fdfea2ae1a1,b7aeb16e-d312-4c0b-baa0-71a5d4350187,b8336a15-4d94-4f6f-96b4-17cb538e84a8,NeuVin Plain Cotton Polo Tshirt for ...,1,12,,2026-04-16 16:48:10.416882,2026-04-16 16:48:10.416882
9d1cb89a-bbe4-4a1d-bd40-8f336c852588,b7aeb16e-d312-4c0b-baa0-71a5d4350187,8c4496b5-1595-4ac7-8129-d9383a699fa3,STRIPE PRINT BERMUDA SHORTS,2,36,,2026-04-16 16:48:10.416882,2026-04-16 16:48:10.416882
2dae3d24-f581-4620-805c-ff0fa187c0fa,b7aeb16e-d312-4c0b-baa0-71a5d4350187,c24df9a9-3878-414d-aaae-f5a89a1cf52e,GJ Baby Baby-Boy's Regular fit Jacket ...,1,15,,2026-04-16 16:48:10.416882,2026-04-16 16:48:10.416882
62a9b12c-0850-4d74-8017-bfadaa9d11f0,b7aeb16e-d312-4c0b-baa0-71a5d4350187,434bc1b3-6a8c-4093-a40d-e649a4e147dd,OPEN CIRCULAR EARRINGS,2,19,,2026-04-16 16:48:10.416882,2026-04-16 16:48:10.416882
37ef5013-4f81-41f3-b2a2-15a893486808,b7aeb16e-d312-4c0b-baa0-71a5d4350187,3e18a092-57d9-4aed-86fa-793653a4fe55,Bajaj e27 RHX-2 Halogen (off-white) ...,1,20,,2026-04-16 16:48:10.416882,2026-04-16 16:48:10.416882
7f168fcb-c21a-444f-8feb-0e8c850d84ee,b7841d55-6f1f-4300-bd28-88079e9fe9d0,68647e71-5edd-41c0-8e70-266578cdcfc6,KILLER Dark Wash Polyester Cotton Skinny ...,4,35,,2026-04-03 17:30:23.416882,2026-04-03 17:30:23.416882
b53f4bcc-c3ba-458a-89f7-ed5cf88db4ec,b7841d55-6f1f-4300-bd28-88079e9fe9d0,85d4f8a5-ea51-4101-8225-ce752a74fb42,RED ARSH 007 WILD EDGE Pink ...,1,12,,2026-04-03 17:30:23.416882,2026-04-03 17:30:23.416882
5cc65429-036f-4440-8207-1f4ab9b9b60f,b7841d55-6f1f-4300-bd28-88079e9fe9d0,fac57f5c-923b-4e08-a7c0-924406f14ed5,New Era's Protector Compound Rubber Tape ...,1,39,,2026-04-03 17:30:23.416882,2026-04-03 17:30:23.416882
7b76ca08-f264-4dd0-a092-61b7c34d7191,b7841d55-6f1f-4300-bd28-88079e9fe9d0,74b56612-3b62-47d6-adb7-ea78aa977db7,Streax Ultralights Hair Color Highlighting Kit ...,3,2,,2026-04-03 17:30:23.416882,2026-04-03 17:30:23.416882
f1775c94-e511-4ae8-98a5-7dc8e7db8df4,6db80055-c82e-4ace-bb2b-b1bc2cfb39f6,9112a14f-f148-4b42-b7c8-de47fbefffc1,Halonix Glitter 1W Rechargeable led Emergency ...,3,6,,2025-11-23 12:14:06.416882,2025-11-23 12:14:06.416882
027f5f5f-ffab-4df7-8648-6db8ab25ca94,6db80055-c82e-4ace-bb2b-b1bc2cfb39f6,f338334c-41ef-4d87-aec0-e316d73fb3d7,KNIT SWEATER WITH CONTRAST LACE TRIM,2,36,,2025-11-23 12:14:06.416882,2025-11-23 12:14:06.416882
6753c9d4-d553-406d-8d97-f1497ab9995f,6db80055-c82e-4ace-bb2b-b1bc2cfb39f6,acb7efe0-ef8b-4f3c-bb02-a0ee63a42c20,Carlton London Womens Pink Ballet Flat ...,1,26,,2025-11-23 12:14:06.416882,2025-11-23 12:14:06.416882
25cfa275-27e2-481d-9701-b5ced7745f88,6db80055-c82e-4ace-bb2b-b1bc2cfb39f6,d6c6dc66-91ee-4a64-b105-3269f111fa00,BRIDA 100% Cotton Non Padded Non ...,5,5,,2025-11-23 12:14:06.416882,2025-11-23 12:14:06.416882
3e99b4cd-e88a-4a3a-ac2c-87786f46db14,6db80055-c82e-4ace-bb2b-b1bc2cfb39f6,fe721d21-b99d-4753-a1a7-da52e22e909b,PS Traders Sandals For Woman And ...,4,10,,2025-11-23 12:14:06.416882,2025-11-23 12:14:06.416882
d49852f1-9eab-4b10-895f-62005a3a5d95,0388b26d-b850-44ef-a1e7-1abe75a8e13a,989da650-2dea-4c4b-b6c9-70f7623b3337,8mm Spinner Ring Stainless Steel Fidget ...,1,18,,2026-01-16 05:35:35.416882,2026-01-16 05:35:35.416882
751b6a5e-157d-4912-bd6c-d9245713e12b,0388b26d-b850-44ef-a1e7-1abe75a8e13a,0c736516-d5ea-47cd-8bc4-86e07f1152db,Woogor Set of 3 Pc Mini ...,5,4,,2026-01-16 05:35:35.416882,2026-01-16 05:35:35.416882
fc1c9cff-5b5a-4da6-b587-c37bea517e10,0388b26d-b850-44ef-a1e7-1abe75a8e13a,13624971-8c21-4817-bc44-480f2716e050,Food Library Dried Lavender Flowers (200g) ...,5,8,,2026-01-16 05:35:35.416882,2026-01-16 05:35:35.416882
793ad96e-6c38-4f62-a964-9bfb19237bcd,a2244f2b-8e98-43b0-bfed-617b41a7f948,ad14d062-a8c3-4d49-90da-dc5e47d726dc,STRAIGHT SUNGLASSES WITH FRAME,3,24,,2026-01-11 14:18:40.416882,2026-01-11 14:18:40.416882
a85c4e7b-55b1-4f05-a2b3-5df514508e41,383a915b-7ece-4cbb-9049-8615bcf594d4,1a27366c-28d0-4984-b8b0-448c62d653b0,Mango Star Stylish And Trendy Shoulders ...,3,15,,2025-12-25 06:38:11.416882,2025-12-25 06:38:11.416882
7501d044-687f-4f7f-8ff7-d3cb4784417e,383a915b-7ece-4cbb-9049-8615bcf594d4,4000f9c1-0bdf-4dde-9025-240a0424af80,PANTH® Multifunction Water Zoom High Pressure ...,3,30,,2025-12-25 06:38:11.416882,2025-12-25 06:38:11.416882
1fdbb83f-f207-483a-b7da-52cc32815a11,383a915b-7ece-4cbb-9049-8615bcf594d4,789b9cec-4e93-4acb-bbc7-fa2380dd1ad4,Columbia Mens Trailstorm Waterproof Hiking Shoes ...,5,107,,2025-12-25 06:38:11.416882,2025-12-25 06:38:11.416882
14bcee7e-e317-4187-bb20-96593b61e4d2,0e956959-5a39-4113-8a23-61eddc94d825,d500ccbe-46fc-4117-b863-c50ec5b36bda,SLIM RUBBERISED BACKPACK,4,48,,2026-01-11 08:07:38.416882,2026-01-11 08:07:38.416882
f631d0bf-a2d1-4bc7-a18b-8a50a55da3eb,0e956959-5a39-4113-8a23-61eddc94d825,a917f373-df89-4e46-9bd7-9c1931c331de,"Fristo Women's Handbag (FRB-031, Pink and ...",4,29,,2026-01-11 08:07:38.416882,2026-01-11 08:07:38.416882
36881a64-3df3-4c55-8375-544e96ef9ddd,aeaada29-2a16-46b1-9494-529929aafe15,434bc1b3-6a8c-4093-a40d-e649a4e147dd,OPEN CIRCULAR EARRINGS,3,19,,2026-03-27 13:41:25.416882,2026-03-27 13:41:25.416882
e53c98ff-7b63-4f4d-af22-13fc374d89b2,aeaada29-2a16-46b1-9494-529929aafe15,5527f56c-d484-433e-aea0-a65a29837599,VEDETIC Fashion Beautiful Ankle Length No ...,5,7,,2026-03-27 13:41:25.416882,2026-03-27 13:41:25.416882
52334272-c26b-4434-bcb8-54d60a05e0b9,aeaada29-2a16-46b1-9494-529929aafe15,ef45fdcd-d467-4c4d-9553-ad9861c9ab01,VENCHO? Mne's/Women's Tummy Trimmer-Waist Trimmer-Abs Exerciser-Body ...,4,7,,2026-03-27 13:41:25.416882,2026-03-27 13:41:25.416882
8c4a76f2-c257-439a-aebd-68e8ef1f7f7d,aeaada29-2a16-46b1-9494-529929aafe15,b967df84-7715-410b-a01f-b5914db399cc,GEOMETRIC PRINT JACQUARD BERMUDA SHORTS,3,39,,2026-03-27 13:41:25.416882,2026-03-27 13:41:25.416882
b6f4e076-5c94-4654-8a30-e29ee3cc90fb,48d0c52d-dedf-4df5-8f63-c2fdd315c8a2,7ccd00d7-24ee-4f69-8770-7b25138b31a3,Oshotto Frameless (O.E.M Type) Wiper Blades ...,4,30,,2025-12-15 07:35:48.416882,2025-12-15 07:35:48.416882
abfbaab4-4b0f-4506-a72a-1ec7459bb596,48d0c52d-dedf-4df5-8f63-c2fdd315c8a2,92e4922b-01b3-4299-9c74-a51dbac47918,DailyObjects Arch Card Wallet & Phone ...,2,12,,2025-12-15 07:35:48.416882,2025-12-15 07:35:48.416882
175cc7eb-4f90-4b16-a8e4-307fcd0c9b3b,48d0c52d-dedf-4df5-8f63-c2fdd315c8a2,51826a57-a2e1-41aa-99e4-b5c9f4d8b215,Mothercare baby-boys onesies ...,2,20,,2025-12-15 07:35:48.416882,2025-12-15 07:35:48.416882
e64c42be-144f-449d-8c81-8cace23fe49c,48d0c52d-dedf-4df5-8f63-c2fdd315c8a2,c0af47be-7bde-4abe-aee2-bb494bf9eccf,New Balance Men's More V2 Trail ...,3,354,,2025-12-15 07:35:48.416882,2025-12-15 07:35:48.416882
7b5e3bcf-8599-4bef-af8a-7f5d6fa94ab1,3204aa6e-8ada-4669-b7ad-b84d9764ab03,259c0d4c-82a5-4935-97e2-0ab1230d997a,"NatureVit California Almonds, 1 kg [Badam ...",1,18,,2026-04-12 22:46:39.416882,2026-04-12 22:46:39.416882
57d7d588-dc14-4a0e-920d-e369abff422b,3204aa6e-8ada-4669-b7ad-b84d9764ab03,88a77398-2edd-407c-b6ee-847216fe7550,Nike College (Tennessee),3,24,,2026-04-12 22:46:39.416882,2026-04-12 22:46:39.416882
5c19931a-0618-4d1c-836d-35c05d30790e,3204aa6e-8ada-4669-b7ad-b84d9764ab03,65519ee9-e55e-4796-b0ac-e2265d6862b6,VINAYAKAMART Zip Lock Plastic Bags Self ...,2,4,,2026-04-12 22:46:39.416882,2026-04-12 22:46:39.416882
eb38d535-73ac-4303-b8d7-53c05534570f,3841ea19-4fae-4a37-8af8-5bd4fb711751,87cbc6fa-6e72-4d55-a0e4-31daeb5f50d9,Ladies PVC Bellies 100% Washable and ...,4,18,,2025-11-17 21:00:23.416882,2025-11-17 21:00:23.416882
d89e3528-0825-4957-b92c-1a1c7a4da68a,3841ea19-4fae-4a37-8af8-5bd4fb711751,a2ca6bc1-0026-4259-b466-9a9cda349aaa,Kanwar sa Microfiber Square Cushion Filler ...,2,18,,2025-11-17 21:00:23.416882,2025-11-17 21:00:23.416882
9399b24a-2aef-451d-a95b-8284d7db5a71,3841ea19-4fae-4a37-8af8-5bd4fb711751,3fce498c-e701-4073-99a2-19a2c598a6bf,Creative Farmer Flower Seeds : Rare ...,4,1,,2025-11-17 21:00:23.416882,2025-11-17 21:00:23.416882
6a23e48b-fa4f-4be4-be19-9898f8c95518,270aec87-0ad3-458a-8b77-3dff1e1563d0,d1239080-0751-4969-b350-84cd2b50ec6f,Makita Lawn Mover Blade Model ELM3711 ...,5,54,,2026-04-04 09:30:35.416882,2026-04-04 09:30:35.416882
329664c9-4efb-437e-9006-85da427905aa,270aec87-0ad3-458a-8b77-3dff1e1563d0,f4d18981-2960-4a6c-895c-e2a6e62806a0,Bosch Manual Compact Frame Hacksaw with ...,1,7,,2026-04-04 09:30:35.416882,2026-04-04 09:30:35.416882
aea29dd7-c524-4e6e-acd6-f5affdd80e68,15e6aba0-582c-4c15-b3e7-8a57d268bf6d,c9e1c945-5f4d-403a-bebb-47e2f0f59262,Nike Offline Pack,3,92,,2025-12-09 11:06:17.416882,2025-12-09 11:06:17.416882
ebe1289a-af6d-484e-9735-1925ad2d731e,b8f8e43b-001d-4918-9648-f45230d19779,f41a769e-3a27-4b3e-912d-9aeceac009d9,Pepe Jeans Men Sweatshirts ...,2,36,,2025-12-21 11:27:23.416882,2025-12-21 11:27:23.416882
914efe90-1ebf-4d9c-a319-d3e0f79115b6,b8f8e43b-001d-4918-9648-f45230d19779,94d6bf93-6ffa-4c65-be9c-d0bb40ddf1c8,Marc Cleaning Products Round Toilet Brush ...,3,7,,2025-12-21 11:27:23.416882,2025-12-21 11:27:23.416882
3ccc4354-d255-4ea4-8b30-549f549bed50,b8f8e43b-001d-4918-9648-f45230d19779,e6abf063-d0a6-4c2d-afdc-28babb212c2b,Lee Men Shirt ...,1,33,,2025-12-21 11:27:23.416882,2025-12-21 11:27:23.416882
f6b32c96-d8be-498a-bffd-85a8d0f3e8f3,2da078bf-a259-46ce-b720-7c16207429db,504f6f50-b2b1-4930-9222-fb70731fce48,Dabur Honey :100% Pure World's No.1 ...,4,4,,2026-01-25 00:27:39.416882,2026-01-25 00:27:39.416882
d6feb658-f571-431f-bea4-e34443087bec,bf394645-e464-4639-b567-020fe415daa3,b647cf92-e298-488d-b515-d2e214b98039,KAYU™ Boys Snowfall Solid Regular Fit ...,3,12,,2025-11-25 00:06:13.416882,2025-11-25 00:06:13.416882
dd0b6965-1489-4c52-9487-7812d3ef8881,bf394645-e464-4639-b567-020fe415daa3,29bf1b5e-b8d9-4bba-a56f-dfa2b5791f37,Daniel Wellington Petite Strap 12mm Stainless ...,1,58,,2025-11-25 00:06:13.416882,2025-11-25 00:06:13.416882
5c9a2d92-211a-488c-8413-ba0a35e6a1c7,bf394645-e464-4639-b567-020fe415daa3,533a8a4c-7bbe-4a78-a73c-2a43285a93c7,Fire-Boltt 360 SpO2 Full Touch Large ...,5,107,,2025-11-25 00:06:13.416882,2025-11-25 00:06:13.416882
55ac47f3-4ce2-4102-97ee-9111cb707fe0,7db6160b-8252-47e7-9ea8-fa5c7f016030,d005c850-b9c2-46f8-8db9-f14636f5cc0b,| Amritamehari Churnam-50gm (Pack of 2) ...,2,2,,2025-12-11 19:38:01.416882,2025-12-11 19:38:01.416882
c53857ab-5feb-44f7-ab4c-20395d1f8b1d,7db6160b-8252-47e7-9ea8-fa5c7f016030,a8e08f8d-4827-4737-8560-abbb9121797c,SHAMRIZ Women's -Girls Party Sling Bag ...,5,15,,2025-12-11 19:38:01.416882,2025-12-11 19:38:01.416882
0e74f8ea-2333-4987-af00-49e99f4feb8f,7db6160b-8252-47e7-9ea8-fa5c7f016030,1108ed58-9414-46f0-a3d4-249214e95554,SYSKA Iron Press | 2 Year ...,1,10,,2025-12-11 19:38:01.416882,2025-12-11 19:38:01.416882
119cf847-d580-4711-a140-345ac93f0e4c,7db6160b-8252-47e7-9ea8-fa5c7f016030,9b6e88e5-7fe7-49ef-83c6-d5fea406a196,Littloo Gentle Tear Free Shampoo-Littloo Gentle ...,3,5,,2025-12-11 19:38:01.416882,2025-12-11 19:38:01.416882
1669e481-97ca-4d7c-9135-69be5eb1fe1c,eedc32e1-6ff3-4af4-a38a-d9387605df0a,658e00cb-63be-480e-9466-5c5613d49312,Nike Dri-FIT Vapor,2,55,,2026-03-27 18:25:20.416882,2026-03-27 18:25:20.416882
15024bd2-577d-4a5e-99a1-2b8b046bbea6,eedc32e1-6ff3-4af4-a38a-d9387605df0a,d8356722-92c8-4bbe-964d-aa0db23b167a,SVM Products B22 to E27 Bulb ...,5,5,,2026-03-27 18:25:20.416882,2026-03-27 18:25:20.416882
6ca8671e-bd8e-40fd-ae9d-4d2430628ec1,eedc32e1-6ff3-4af4-a38a-d9387605df0a,77fe4631-3697-44c1-afda-ee6326c1e864,Rooton-St Cutting Root Hormone Powder for ...,2,4,,2026-03-27 18:25:20.416882,2026-03-27 18:25:20.416882
e0ecf982-32ea-4294-96af-7710d309ac8b,eedc32e1-6ff3-4af4-a38a-d9387605df0a,b2d2b186-cb2d-41b8-8edc-577f310c72bb,FLAWISH 10Pcs RG6 Quad Shield Coaxial ...,3,19,,2026-03-27 18:25:20.416882,2026-03-27 18:25:20.416882
467c9c33-14ef-4240-8700-4b06d64f0807,eedc32e1-6ff3-4af4-a38a-d9387605df0a,2fbf6f7b-f831-4732-9bc6-975ab0fae942,Optify® Kids Blueray Block UV Protected ...,2,12,,2026-03-27 18:25:20.416882,2026-03-27 18:25:20.416882
05ca8f94-4a8f-4ae3-be96-0d85a00eb7e6,77e4467a-99c3-455f-af20-ddbad0688d6a,d1b54a31-2555-4368-a1dc-59b32ca4f434,Fashion My Day Treadmill Speed Sensor ...,2,14,,2026-03-12 15:03:44.416882,2026-03-12 15:03:44.416882
d738f9f7-60b0-4215-b47d-f0185b1927eb,77e4467a-99c3-455f-af20-ddbad0688d6a,af8569c0-1ff3-4525-874b-4a7ab3850106,"ASICS Men's Gel-Resolution 7 Tennis Shoe, ...",2,300,,2026-03-12 15:03:44.416882,2026-03-12 15:03:44.416882
18dbbd0a-64f3-4887-acc2-ca8e142eb7df,77e4467a-99c3-455f-af20-ddbad0688d6a,627af798-0b3b-4f50-8cf8-06e3e2c4e130,MICHICK Women's Synthetic Fashion Sandals ...,1,12,,2026-03-12 15:03:44.416882,2026-03-12 15:03:44.416882
6b53bed5-8ee9-4524-920c-c95f3333dffb,77e4467a-99c3-455f-af20-ddbad0688d6a,9377648e-a4b4-4ccc-9e8d-86ab50d2257f,Sansui Digital Kitchen Scale with 7 ...,4,36,,2026-03-12 15:03:44.416882,2026-03-12 15:03:44.416882
53b69a1b-8b9c-4744-be94-0902187e1d80,d7687879-24c1-4595-ae3a-4b1c732e5445,9af6d555-2f38-4236-9595-9f1df3f373b0,Blacksmith Steelshield - 7 Layer Protection ...,1,9,,2025-11-25 09:10:37.416882,2025-11-25 09:10:37.416882
50e7bccb-0ab2-484b-be24-d3196995a1a1,638f140b-7e5e-43dd-8509-deb37256adeb,aa90fccd-65c8-443a-82c4-6e24f42508d2,Waterleaf Kids Cotton 3D Reusable Fabric ...,3,7,,2025-11-09 03:36:53.416882,2025-11-09 03:36:53.416882
dfd77208-90a0-4059-8858-8b08b378a53c,638f140b-7e5e-43dd-8509-deb37256adeb,ea79a9e1-3956-4f3d-aa20-fa66df566133,Attar Ayurveda Pure Amla Powder For ...,2,5,,2025-11-09 03:36:53.416882,2025-11-09 03:36:53.416882
30feca32-7f7a-4492-a954-da16619f2e55,5952197c-2475-4f7b-aee9-eecc365e20eb,8b5e475b-101d-4081-afae-c1a0ea1142ca,Aviksha Enterprise Wheels for Furniture / ...,1,14,,2025-12-16 21:04:37.416882,2025-12-16 21:04:37.416882
a50afa83-2424-4a23-a9e2-4fd6ee67aca1,5952197c-2475-4f7b-aee9-eecc365e20eb,738d1c40-192a-4435-b5c9-ae5edfad90be,Under Armour Men's Hockey Liner Socks ...,2,47,,2025-12-16 21:04:37.416882,2025-12-16 21:04:37.416882
ef0e9b76-bb43-46be-a577-3170d50892be,5952197c-2475-4f7b-aee9-eecc365e20eb,21116185-2717-4b99-9801-dc5346f831ef,SKY BLACK Portable Bluetooth Speakers Super ...,2,23,,2025-12-16 21:04:37.416882,2025-12-16 21:04:37.416882
9fd5712c-a2e7-4c3b-83bb-ca3921139532,463ed7a6-ce0e-4a5b-9899-0b17c1e27989,6988eaa4-66cb-4dfe-a75b-3733fd391e44,Aegean-Winter Earmuff Solid Color Warm Ear ...,4,7,,2026-03-31 19:41:00.416882,2026-03-31 19:41:00.416882
7546614b-d4d2-41d3-9940-b97bb6424237,463ed7a6-ce0e-4a5b-9899-0b17c1e27989,122198aa-1b97-4bb2-9bb0-730c3d99c846,Primeway Extremely Absorbent Polyester Microfibre Mop ...,3,7,,2026-03-31 19:41:00.416882,2026-03-31 19:41:00.416882
169fa931-7aeb-4bf7-82b6-ef3a6d3ad1ae,463ed7a6-ce0e-4a5b-9899-0b17c1e27989,d1bbf6d7-d82d-44ce-a2ac-215360707313,Yellow Chimes Earrings for Women & ...,1,10,,2026-03-31 19:41:00.416882,2026-03-31 19:41:00.416882
16bcd5c9-99af-47d1-9486-a5ffafc3bd9a,463ed7a6-ce0e-4a5b-9899-0b17c1e27989,8d55f9d5-59a1-4668-9c4f-59373d5dcabe,PC Jeweller The Druce 22 KT ...,4,504,,2026-03-31 19:41:00.416882,2026-03-31 19:41:00.416882
faa6da77-bab9-4a23-bf4f-129c41610510,463ed7a6-ce0e-4a5b-9899-0b17c1e27989,814c9c71-8544-4a90-aca7-df338924d832,D.K 11 Wall-Mounted Bathroom Storage Rack ...,1,8,,2026-03-31 19:41:00.416882,2026-03-31 19:41:00.416882
ee221f46-9cb0-4cba-9152-a1a8b8d1a64f,ebe082ae-6526-48e1-bcda-ec91f0c4b3bf,0bc4b7d6-c049-4a75-8c5d-7c92d90c53fe,MULTI-POCKET BACKPACK,2,67,,2025-11-19 20:06:11.416882,2025-11-19 20:06:11.416882
0fa82c40-9b86-48b1-a6b9-8d279f0b828c,ebe082ae-6526-48e1-bcda-ec91f0c4b3bf,73fdbf1c-449c-4f36-84a6-e401fcd50898,"GLUN Magic Silicone Dish Washing Gloves, ...",4,7,,2025-11-19 20:06:11.416882,2025-11-19 20:06:11.416882
ce6cae6e-7a34-4244-a78b-992ad033bfdf,ebe082ae-6526-48e1-bcda-ec91f0c4b3bf,42f553f7-5529-41ce-a89b-48f091bb7303,Blink Street Boy's Regular Jeans ...,1,18,,2025-11-19 20:06:11.416882,2025-11-19 20:06:11.416882
64bc74f4-e55f-4ced-b879-490cc7d2e7e3,ebe082ae-6526-48e1-bcda-ec91f0c4b3bf,1854759e-5d64-47f7-9d5c-e1091cc0b28d,GARYVIZ 32GB Full HD Pen Wired ...,2,54,,2025-11-19 20:06:11.416882,2025-11-19 20:06:11.416882
ac173f47-e599-41b4-848c-c4761322801f,3be37a46-dd1e-455a-a00c-7ba3ab6fc3c3,159d3b75-eeae-42b8-95e6-7ae18b30c0e0,"Pampers Active Baby Taped Diapers, Medium ...",3,14,,2026-03-21 10:13:00.416882,2026-03-21 10:13:00.416882
861f4648-56a6-48c5-b1ba-97027758d906,892a033e-7911-4903-a484-6177c0088b92,65bb5103-80ab-4cc7-8043-9dfd6a225932,Kundan 24k (999.9) Lord Ganesh 5 ...,4,439,,2026-01-22 19:59:16.416882,2026-01-22 19:59:16.416882
660f5df7-da9f-4938-8a35-4d16c2682f4c,892a033e-7911-4903-a484-6177c0088b92,8ba012c3-d763-48d6-89a1-049738098759,WorldCare® Backpack for Mom Mother Cantalari ...,3,202,,2026-01-22 19:59:16.416882,2026-01-22 19:59:16.416882
e38b6d3e-74a5-4460-86a7-949fc99d2379,892a033e-7911-4903-a484-6177c0088b92,e78cd69b-2e9f-4110-bff1-c7d16e01f8b9,OXMEZA Portable Tyre Inflator Double Cylinder ...,4,26,,2026-01-22 19:59:16.416882,2026-01-22 19:59:16.416882
3e5a704c-19a7-4f64-bc7f-5f1f4ccb538f,892a033e-7911-4903-a484-6177c0088b92,422d2d2b-6220-457e-ac6e-69ea7e39ac32,Clovia Women's Pack of 2 Full ...,3,7,,2026-01-22 19:59:16.416882,2026-01-22 19:59:16.416882
08c8e51c-138c-4eee-8323-f36df69fab45,4d9b2197-c3b0-424f-be5f-d8d9c7890864,370e600c-1f2c-4726-8cca-5241fca2d22e,Sunfeast YiPPee! Pasta Treat | Cheesy ...,1,0,,2025-11-19 17:46:42.416882,2025-11-19 17:46:42.416882
2654bbe9-6117-4c4e-a0c8-1f32a59bdeb9,4d9b2197-c3b0-424f-be5f-d8d9c7890864,96f95fa1-1940-49e2-ad15-0303b727632a,YONEX Muscle Power 55 Badminton Racquet ...,1,69,,2025-11-19 17:46:42.416882,2025-11-19 17:46:42.416882
130d0004-f6fe-413e-a28b-f985af64d98c,4d9b2197-c3b0-424f-be5f-d8d9c7890864,eecd7f54-0349-4a1d-89f8-361a92e26cc3,iClimb Ultralight Compact Camping Folding Table ...,4,131,,2025-11-19 17:46:42.416882,2025-11-19 17:46:42.416882
e5328b79-2955-42d6-8aa3-322bef55def3,4d9b2197-c3b0-424f-be5f-d8d9c7890864,8ce65d91-d713-42da-9376-4f71f4290a4d,SATIN BALLET FLATS,2,34,,2025-11-19 17:46:42.416882,2025-11-19 17:46:42.416882
e81c8211-8026-4ae3-954f-f712284668a1,f2242acd-a57b-4e3d-bef5-6a47b0707c72,abb87a97-938d-471d-9cc1-ed7a93d8457d,Adidas Men's Regular Fit Pants ...,1,24,,2026-04-20 00:08:47.416882,2026-04-20 00:08:47.416882
35f53cb4-1242-4b6d-802e-dd5ec8ae34ad,f2242acd-a57b-4e3d-bef5-6a47b0707c72,746898bb-edd3-44a1-a3b3-90f94f36e4f5,RUBBERISED MINI BOWLING BAG,4,34,,2026-04-20 00:08:47.416882,2026-04-20 00:08:47.416882
11684aa4-17e1-46b8-8e63-51aad0344d36,3b61a878-c0ba-4214-86ef-c9fea2ae7d66,e16f9e61-a9e4-4b05-a6be-b089f8a0e4e5,Mushkiya Beautiful & Stylish Front Open ...,3,34,,2026-02-03 09:09:38.416882,2026-02-03 09:09:38.416882
7bf22398-6a0b-41d1-ae5d-11e69700b850,3b61a878-c0ba-4214-86ef-c9fea2ae7d66,9e924b37-fec6-4ed5-aaf0-79425c23c86e,new balance Women's Q118 FTWR 7 ...,4,161,,2026-02-03 09:09:38.416882,2026-02-03 09:09:38.416882
158515f3-a57f-491c-8dcb-6a24887af2e4,3b61a878-c0ba-4214-86ef-c9fea2ae7d66,faf69698-2a4e-4c9c-ac84-4bf9f3a61454,Godrej Edge 8 Kg 5 star ...,1,204,,2026-02-03 09:09:38.416882,2026-02-03 09:09:38.416882
ab3a5139-6f7b-48d5-9e04-d55135faa29b,3b61a878-c0ba-4214-86ef-c9fea2ae7d66,e6c0ffa3-e2a1-43ed-9d54-a95d8e245d26,K89 Sports Pro-570 Shuttlecock ...,1,25,,2026-02-03 09:09:38.416882,2026-02-03 09:09:38.416882
9a49a6a0-373f-4696-b824-b6aba9f03db7,3b61a878-c0ba-4214-86ef-c9fea2ae7d66,3d4c405d-8504-46a8-8d05-7b1476ab6930,PRINTED TUNIC DRESS,1,59,,2026-02-03 09:09:38.416882,2026-02-03 09:09:38.416882
ad6ccfd8-beaf-4fd0-91c6-44ce45a57149,81decd91-6933-4e41-824f-49621ca224aa,e9aa2d40-b787-4a1b-afdd-5d2d65d48f21,Acnos Brown Plated Strap and case ...,1,24,,2025-11-22 03:10:01.416882,2025-11-22 03:10:01.416882
61b559f7-961b-451f-831c-4a16ab2545c4,81decd91-6933-4e41-824f-49621ca224aa,7608d90f-abb2-41e2-a585-c63e17ee3481,FLORAL PRINT SHORT JUMPSUIT,3,39,,2025-11-22 03:10:01.416882,2025-11-22 03:10:01.416882
bee23239-24bb-4d1d-9bd2-6af312c61349,81decd91-6933-4e41-824f-49621ca224aa,9347ccbb-38a8-43cf-bfa4-5aa94e754d13,JVCV® Marble Gold Border TPU Key ...,3,12,,2025-11-22 03:10:01.416882,2025-11-22 03:10:01.416882
a83a6267-2b28-4d2f-8dd2-420547d3ba8a,81decd91-6933-4e41-824f-49621ca224aa,a5ed863a-4cd4-4829-9f18-01be9e89fc5e,Ugaoo Aralia Golden Live Plant with ...,3,5,,2025-11-22 03:10:01.416882,2025-11-22 03:10:01.416882
d34cc489-31be-4f8f-902d-de7bb8780dc6,81decd91-6933-4e41-824f-49621ca224aa,3c95b094-a982-439b-93e7-cae40565a88d,Nature's Trunk Watermelon Seeds | Tarbooj ...,5,6,,2025-11-22 03:10:01.416882,2025-11-22 03:10:01.416882
670399ee-7871-4f8f-a943-b759b70c61bd,0bd6bb79-cbe1-4a93-ab3b-f211f35e0cf9,b079969c-e4be-44bb-b7c1-20e4c4c14c9a,"Arumba Moringa Tablets 150 Nos, Shigru ...",4,3,,2026-02-24 01:13:04.416882,2026-02-24 01:13:04.416882
49f26ea2-ea10-4671-b011-904d262bce0a,0bd6bb79-cbe1-4a93-ab3b-f211f35e0cf9,87b2650f-7a27-4d57-bae1-25eba97716c6,Toyzone Pocket Travel Baby Stroller/Pram ...,3,131,,2026-02-24 01:13:04.416882,2026-02-24 01:13:04.416882
2d5a38e8-8268-43bf-b686-145d76eb437e,0bd6bb79-cbe1-4a93-ab3b-f211f35e0cf9,56b85921-4c50-4573-908a-9a856091e0c5,karela MISTIE TECH ZONE Yoga Socks ...,3,8,,2026-02-24 01:13:04.416882,2026-02-24 01:13:04.416882
24902c51-d9e1-42c1-a8bf-561f09048e9c,0bd6bb79-cbe1-4a93-ab3b-f211f35e0cf9,95c30ba6-47f3-45bb-b3ac-a1888848e19e,SEWARTS Black and White Polka Print ...,1,14,,2026-02-24 01:13:04.416882,2026-02-24 01:13:04.416882
6657163d-31c1-4026-972a-9fa7c2ce9d55,eb5b92ca-55dd-4530-8502-121d641ba259,4611436f-a433-4800-a1d0-227a0dec56b0,SXV 'Litle Dinosaurs’ Printed Cool Aesthetic ...,4,24,,2025-12-07 00:23:01.416882,2025-12-07 00:23:01.416882
3b1c4bf7-73b2-4fe2-bbff-a707ec3018b7,eb5b92ca-55dd-4530-8502-121d641ba259,8a1265b2-e6aa-4db9-8869-9ab214498965,Plum Vitamin C Foaming Face Wash ...,5,4,,2025-12-07 00:23:01.416882,2025-12-07 00:23:01.416882
af1120bb-ea68-41b6-b231-aae6eadc61d4,eb5b92ca-55dd-4530-8502-121d641ba259,7e46a9f6-4e66-42d6-bb91-6f11726139fe,IRIS TRAXe Training RIP Trainer Basic ...,2,119,,2025-12-07 00:23:01.416882,2025-12-07 00:23:01.416882
3adf6e1f-1c48-4f4b-a69b-7226c517a8d0,eb5b92ca-55dd-4530-8502-121d641ba259,86cd4dfd-4119-4993-b18f-76a151a8995b,Kuber Industries PVC Fridge Mat with ...,5,3,,2025-12-07 00:23:01.416882,2025-12-07 00:23:01.416882
bcd782d4-b284-4696-99a3-4b9dfe385786,834cbde7-48ea-4776-b0b7-b9af373fa998,6e615406-6048-4f46-bed7-72fae5693fc2,OVERSHIRT WITH CONTRAST TOPSTITCHING,2,59,,2025-11-12 22:12:22.416882,2025-11-12 22:12:22.416882
0e06501e-040a-435d-aa5f-c67179fcda94,834cbde7-48ea-4776-b0b7-b9af373fa998,74b56612-3b62-47d6-adb7-ea78aa977db7,Streax Ultralights Hair Color Highlighting Kit ...,2,2,,2025-11-12 22:12:22.416882,2025-11-12 22:12:22.416882
c82bb3f0-68ca-441c-b7fe-8f51f10a2fa8,834cbde7-48ea-4776-b0b7-b9af373fa998,45624d46-a777-428f-9be5-91a5435639a7,LONG PRINTED SWIMMING TRUNKS,3,31,,2025-11-12 22:12:22.416882,2025-11-12 22:12:22.416882
ba4cb95a-9370-497c-a71f-f4d30ac81e63,834cbde7-48ea-4776-b0b7-b9af373fa998,9974a362-e962-4a60-b753-c498f87717a8,Real Basics Boys Cotton Round Neck ...,3,19,,2025-11-12 22:12:22.416882,2025-11-12 22:12:22.416882
db7b6784-c128-4ff5-9479-60687418a4f0,834cbde7-48ea-4776-b0b7-b9af373fa998,ed94aaa8-3ac3-4a6e-b984-08f0373d7fc0,PRINTED MIDI DRESS,3,71,,2025-11-12 22:12:22.416882,2025-11-12 22:12:22.416882
12aefca8-8f30-45d9-ba93-61b5af94bd42,ce805aa7-106a-4518-b58c-f5bd754a14b7,af78f075-a3a9-4bde-91eb-6b1db8926452,Ash & Roh® - 400ml Glass ...,1,11,,2026-03-22 00:03:47.416882,2026-03-22 00:03:47.416882
cc9c6810-5930-4b0a-8c7f-9251267428c3,ce805aa7-106a-4518-b58c-f5bd754a14b7,793aafc2-2436-4a25-8da9-7cc07d866ac8,"IBELL Rotary Hammer Drill RH20-23, 500W, ...",2,31,,2026-03-22 00:03:47.416882,2026-03-22 00:03:47.416882
f761e395-e298-4644-b213-0d791b642972,ce805aa7-106a-4518-b58c-f5bd754a14b7,27c71fb5-15fa-445b-a09d-bbb454fcc5dd,"Monopoly Ultimate Banking Edition Board Game, ...",4,44,,2026-03-22 00:03:47.416882,2026-03-22 00:03:47.416882
dde04c44-dff5-454c-aa3d-73d61a50da3a,ce805aa7-106a-4518-b58c-f5bd754a14b7,fbe54898-8ae6-4c27-bc26-8b9b9c425c47,Hunar Reptile Basking Infrared Light UVA/UVB ...,5,23,,2026-03-22 00:03:47.416882,2026-03-22 00:03:47.416882
67306275-7ffd-4ebf-8b36-d00dc8a10baf,22cf777e-795d-44e8-b239-d1330e4e896f,16db9d7a-117c-4259-90f6-52379a1c410e,Hopscotch Boys Cotton Solid Slim-Fit Short ...,3,4,,2026-04-15 01:35:17.416882,2026-04-15 01:35:17.416882
aca81f6c-bbf7-4d15-8f3a-635316ae0a90,22cf777e-795d-44e8-b239-d1330e4e896f,daacfdfa-faf9-4c75-8daa-c6b326038e25,SYGA Pack of 5 Baby Girl ...,1,12,,2026-04-15 01:35:17.416882,2026-04-15 01:35:17.416882
ef2c3746-c837-488a-8a8f-773b7a429517,22cf777e-795d-44e8-b239-d1330e4e896f,01670547-04ed-46c4-b48c-68ff3e21c61e,Jay Gopal Fashion Use and Throw ...,5,4,,2026-04-15 01:35:17.416882,2026-04-15 01:35:17.416882
dc574289-0137-4163-a0f2-0bc855029c95,03c73f76-33e7-47ea-846a-1db036d06ed8,8a3722fc-867e-4c22-b46a-ba1a277968b7,Just Herbs Anti Hairfall Control Kit ...,2,6,,2025-11-02 00:06:02.416882,2025-11-02 00:06:02.416882
c2dfe92d-ac37-44c2-bf0d-b1abf0af5b8d,03c73f76-33e7-47ea-846a-1db036d06ed8,289c2403-ea0b-4614-b169-bcd68f15b3b9,P.C. Chandra Jewellers Gold and Diamond ...,1,212,,2025-11-02 00:06:02.416882,2025-11-02 00:06:02.416882
0f6b46c4-968a-4f18-b521-13777445ada1,03c73f76-33e7-47ea-846a-1db036d06ed8,5316c52c-ac1b-4220-9391-45fe1464e309,FabSports USB Rechargeable Bike Headlight & ...,3,12,,2025-11-02 00:06:02.416882,2025-11-02 00:06:02.416882
66def534-ad53-4e82-96b2-599808f925fa,5df9f51f-e19f-4a89-8eb1-e0ba670eef0d,a5ce51ef-1fb7-45e7-95c7-0cc7ea94f9b6,DEVCOMM Plastic Potato Chips French Fries ...,1,6,,2025-12-24 06:52:06.416882,2025-12-24 06:52:06.416882
7360df1a-ef73-4205-96cf-6304af76e5ad,5df9f51f-e19f-4a89-8eb1-e0ba670eef0d,682299ea-aee1-4049-83c5-2ce6419c771a,Creative Farmer Live Plant Coffee Tree ...,2,2,,2025-12-24 06:52:06.416882,2025-12-24 06:52:06.416882
daaca569-12bd-45b0-9e69-a3616d2e89bf,5df9f51f-e19f-4a89-8eb1-e0ba670eef0d,18c3f63d-f431-40da-a2fc-a26420045938,ELLITI� Men's & Women's Casual MR ...,4,60,,2025-12-24 06:52:06.416882,2025-12-24 06:52:06.416882
5e93f8bc-4149-4643-b252-9abfec7b8286,5df9f51f-e19f-4a89-8eb1-e0ba670eef0d,307e1262-4d3c-4430-bbe0-7e1d217c46b7,Z1975 DENIM JACKET WITH BUTTONS,2,39,,2025-12-24 06:52:06.416882,2025-12-24 06:52:06.416882
f0dcf077-857a-419d-bc9c-a371d54d65a1,5df9f51f-e19f-4a89-8eb1-e0ba670eef0d,fce31a00-12b4-4d86-8612-23c42d810cf7,FLAT SLIDER SANDALS WITH PLEATED STRAPS,1,48,,2025-12-24 06:52:06.416882,2025-12-24 06:52:06.416882
125b8f7a-41e0-478b-8a18-31423e9f6da4,e12a2d25-dd90-45e9-a13a-e169250501dd,47938792-72ee-4578-92c0-cd8903758b32,myaddiction Women Fashion Vintage Sunglasses Large ...,3,12,,2026-04-21 07:31:11.416882,2026-04-21 07:31:11.416882
94f32267-1afa-41f2-81c1-b9b1b065580b,e12a2d25-dd90-45e9-a13a-e169250501dd,7866d72c-ebb3-400b-88d6-87531a24743a,PRINTED MINI DRESS,4,39,,2026-04-21 07:31:11.416882,2026-04-21 07:31:11.416882
c8726907-6319-4681-bccd-82d6aaace1ad,e12a2d25-dd90-45e9-a13a-e169250501dd,5d3149ef-3008-41c3-bea0-988d1cbbbeb8,Shoeshion Women's and Girls Casual Comfortable ...,4,29,,2026-04-21 07:31:11.416882,2026-04-21 07:31:11.416882
cd8f0882-cfb9-48aa-a73c-469f5fe05b92,7dd0aca4-7ee4-4cd0-b00f-c1a4c1f6950e,5a80e80b-eb07-4f55-b440-509bc0bc2793,LINEN-BLEND SHIRT WITH POLKA DOTS,2,36,,2025-11-16 04:50:20.416882,2025-11-16 04:50:20.416882
c5bf9ca9-418d-4f4e-9c35-e119db0c99b1,27e9c083-9f95-4491-b126-8f58ecd3b31e,1c746b68-3a0a-406c-876e-0b1946a8c275,"Air Conditioner Window Kit, 5.1in Hose ...",3,79,,2026-02-21 09:55:30.416882,2026-02-21 09:55:30.416882
55716bc8-43e8-4f91-9b32-edf85df9612a,27e9c083-9f95-4491-b126-8f58ecd3b31e,0759eafb-21ce-42b5-8228-c7ad99952053,Toyzone Dollhouse (50 pcs) | Play ...,2,21,,2026-02-21 09:55:30.416882,2026-02-21 09:55:30.416882
4d118c37-be1e-4528-9a5d-62c14112a02d,27e9c083-9f95-4491-b126-8f58ecd3b31e,37725f9d-e7b8-4866-ac05-b562ed9573bd,AXOLOTL Military/Army Camouflage Cotton Half Sleeve ...,1,10,,2026-02-21 09:55:30.416882,2026-02-21 09:55:30.416882
07b3f536-85c5-4291-b021-bff0d53890a5,27e9c083-9f95-4491-b126-8f58ecd3b31e,5db0f320-c830-4df5-83e8-e4e43a629464,Nyoma Anti Skid Design Plastic Stool ...,3,12,,2026-02-21 09:55:30.416882,2026-02-21 09:55:30.416882
7dbb9230-3f5d-4ae1-82ab-31c4911d6c30,27e9c083-9f95-4491-b126-8f58ecd3b31e,83a0eefb-1286-4290-ac19-6f2663a6f497,FRONTED Women Bikini Panty - 100% ...,4,12,,2026-02-21 09:55:30.416882,2026-02-21 09:55:30.416882
0e86c0dc-6462-456e-a89b-4a643cb3b4fb,783b7202-9437-4be9-affd-89a4f31518ea,1fe18d89-da18-433b-ab10-8117224b98e4,RELAXED-FIT RIPPED JEANS,2,59,,2026-02-04 13:13:51.416882,2026-02-04 13:13:51.416882
0ff829aa-fb52-44c0-acc9-12ca19bb8a52,37189adc-ecad-47ea-a797-14f965dfe239,5ba0ce3b-4ba8-4621-9140-311899b3b618,SHIELDGUARD® Iconic Bluetooth LED/LCD TV Universal ...,1,6,,2025-11-09 07:58:30.416882,2025-11-09 07:58:30.416882
4ca38583-bed0-4b28-8c43-83a358427025,37189adc-ecad-47ea-a797-14f965dfe239,2947f36a-5ce2-4097-8d08-84c1264aa735,Virlok Elite Men's and Women's Jute ...,5,7,,2025-11-09 07:58:30.416882,2025-11-09 07:58:30.416882
9c067433-bd52-4221-b935-c33585cd00d2,37189adc-ecad-47ea-a797-14f965dfe239,b540bedb-a5ee-4fb0-99ee-2a4c638484fd,CASHMERE KNIT SWEATER,3,131,,2025-11-09 07:58:30.416882,2025-11-09 07:58:30.416882
90c6729b-9e07-474f-bd01-d6ec36219371,37189adc-ecad-47ea-a797-14f965dfe239,b523c145-46de-4230-9973-4a6fa5eabfb0,MAXI BUTTON EARRINGS,4,19,,2025-11-09 07:58:30.416882,2025-11-09 07:58:30.416882
fa46a776-55c0-483b-ae0f-747349b91544,37189adc-ecad-47ea-a797-14f965dfe239,7842f989-7360-419d-9893-b6f5efdac8f3,"FolkArt 5249 Color Shift Paint, 2 ...",5,7,,2025-11-09 07:58:30.416882,2025-11-09 07:58:30.416882
882c048c-c3b2-4595-b6a9-c84e9f72c25f,f13be345-acf4-4b5b-b2bb-c24548c8c67d,1827cbcd-5e18-4c77-a8fd-3a004537d822,"BAKE KING Cake Gel 300gm, Cake ...",1,4,,2025-11-07 00:24:14.416882,2025-11-07 00:24:14.416882
41cb62e1-aac6-441d-8465-db227d106e7f,f13be345-acf4-4b5b-b2bb-c24548c8c67d,14aa8a51-243b-458e-b3e8-e4dce0b9afe2,Sterling Metal 9 Layer Multipurpose Shoe ...,2,24,,2025-11-07 00:24:14.416882,2025-11-07 00:24:14.416882
16e19bc1-fb09-4702-805d-201b58a0e70e,8fd78965-3c5a-43a8-a78d-0a9ae9d5688c,9974a362-e962-4a60-b753-c498f87717a8,Real Basics Boys Cotton Round Neck ...,1,19,,2026-02-16 23:10:52.416882,2026-02-16 23:10:52.416882
eed07fb2-6bc8-4341-b3b1-86538600cd0e,8fd78965-3c5a-43a8-a78d-0a9ae9d5688c,99a1e305-d06a-498d-93bb-aa0d991ada18,"Almarai Feta Cheese Full Cream, 7.05 ...",5,7,,2026-02-16 23:10:52.416882,2026-02-16 23:10:52.416882
610bf973-bafb-45f1-8097-01b2bfee31b7,8fd78965-3c5a-43a8-a78d-0a9ae9d5688c,6e18f4ef-16d5-48e1-a7b3-d16ca2f8b3e3,LG 398 L 3 Star Frost-Free ...,5,798,,2026-02-16 23:10:52.416882,2026-02-16 23:10:52.416882
862556f5-13d5-4732-a166-476f58737107,8fd78965-3c5a-43a8-a78d-0a9ae9d5688c,f488dd03-c37d-4fa7-a38e-38271038cdd2,FREDI HD PLUS Spy Nano Earpiece ...,1,137,,2026-02-16 23:10:52.416882,2026-02-16 23:10:52.416882
733e7318-ca21-4ac3-bae7-9929d0ff5733,05a26253-a33e-4cad-9f4d-d81ac2f224cc,a88b7d6a-71c9-49a4-b559-aefd08e19c13,Nike,3,36,,2025-12-08 20:20:49.416882,2025-12-08 20:20:49.416882
4a2f35f5-9dff-44f7-a5a5-880f24ad6da6,05a26253-a33e-4cad-9f4d-d81ac2f224cc,c2eec124-eb01-4cb2-b68a-530bfb329a43,MBOSS Toiletry Bag for Men Women ...,1,27,,2025-12-08 20:20:49.416882,2025-12-08 20:20:49.416882
651f6adc-4bac-420a-9628-ca87fa1eac34,7d96baf8-e918-42b4-818f-1c4b815c4eb7,83e3d97b-d46f-480a-8b55-b06d6bb17993,CAP,4,22,,2025-12-23 09:17:40.416882,2025-12-23 09:17:40.416882
7f803e30-1105-4541-827e-2f9d430f1e21,7d96baf8-e918-42b4-818f-1c4b815c4eb7,4561e477-e1b9-482d-83ec-75e35196b589,250 Volts Float Switch Sensor for ...,5,8,,2025-12-23 09:17:40.416882,2025-12-23 09:17:40.416882
9e53054c-7b6e-47fb-834f-7f7b812e6388,7d96baf8-e918-42b4-818f-1c4b815c4eb7,d9f70781-8a3b-4fb5-9f16-fe57df238397,Boombox Natural C Scale Flute ...,5,5,,2025-12-23 09:17:40.416882,2025-12-23 09:17:40.416882
4b4e64e2-3eed-420b-b97c-3909c1ab20fc,7d96baf8-e918-42b4-818f-1c4b815c4eb7,cd16de1b-4625-4eee-9831-de88ea606fb8,Bean Bag Refill/Filler Half kg Bag ...,3,8,,2025-12-23 09:17:40.416882,2025-12-23 09:17:40.416882
eb4c59e2-2f00-4d53-8bbd-eeb84ed2fe6b,575e6045-d07b-47a9-97fd-f59724abfbf8,001c4ca5-8d98-4372-bec5-fb66aba77f9a,CROPPED SHIRT WITH CROSSOVER BACK,3,36,,2026-03-25 10:54:42.416882,2026-03-25 10:54:42.416882
a277ed22-2d5d-41d4-80d8-42a03fe2fbf9,e8f6a3df-c435-4206-923c-58c34f57be26,8db5e52e-8ef8-4f29-a6cc-6a5d5a00f80a,Amigos® Premium Cotton Terry Cloth Waterproof ...,4,14,,2026-04-27 12:21:33.416882,2026-04-27 12:21:33.416882
d23b9f1b-6ec6-45b3-933f-3b4bb83b9d8c,8e099392-7aa4-41f8-9fff-f99863a18bf6,1802466f-4a4a-43ff-82a5-ac9062c89577,RiteBite Max Protein Muesli Munchies Choco ...,3,3,,2026-03-31 04:44:49.416882,2026-03-31 04:44:49.416882
c38a8df2-d606-4b85-b078-6c1a93cf0dcf,8e099392-7aa4-41f8-9fff-f99863a18bf6,6c069aef-f5ef-447f-ab5f-38757770ceb2,Slay Day Men Hoodie ...,3,27,,2026-03-31 04:44:49.416882,2026-03-31 04:44:49.416882
aad3fcf8-c1b3-4300-918a-2ac65020eb66,71795b61-ee75-4052-b897-530b5cee4766,ba8bec99-03dc-4ecb-b57e-9a5736f09822,ABYS Genuine Leather Brown Men's Wallet||Card ...,4,16,,2026-04-04 12:28:55.416882,2026-04-04 12:28:55.416882
47d83080-fdd9-4621-8523-6de3a5a5b099,71795b61-ee75-4052-b897-530b5cee4766,3adb0d02-0c19-4c2e-92bd-9e965796e77b,Mahadaha Mgi Mini Sealing Machine Plastic ...,5,6,,2026-04-04 12:28:55.416882,2026-04-04 12:28:55.416882
93eb1bf5-b72c-4ea8-91b0-13d10d16ea48,71795b61-ee75-4052-b897-530b5cee4766,aab056b0-d693-4c8c-863c-ecccc30c597d,Janasya Women's Pink Poly Silk Floral ...,2,35,,2026-04-04 12:28:55.416882,2026-04-04 12:28:55.416882
521994b2-48ac-4154-8938-5fa12568d892,71795b61-ee75-4052-b897-530b5cee4766,5150ebce-c6ca-4c84-82f4-e2a9bbe96dca,Jack & Jones Men Shirt ...,4,45,,2026-04-04 12:28:55.416882,2026-04-04 12:28:55.416882
5de7e7cc-7b83-447b-8fb2-0a265c5d421f,ddb6730b-d943-4f41-9a02-c072a6eeb627,142f8091-c70f-4ecb-9222-262e65ec62c7,Mochi Women White Zip Top Sling ...,4,20,,2026-04-27 18:42:58.416882,2026-04-27 18:42:58.416882
ef2e0379-63bf-471e-a6fd-fa4063292ca9,ddb6730b-d943-4f41-9a02-c072a6eeb627,c990f5b6-ff29-4ea6-9922-e4e7ec4ce944,NH10 DESIGNS Printed BTS Pillow Cushion ...,2,6,,2026-04-27 18:42:58.416882,2026-04-27 18:42:58.416882
e73d763e-d452-4ebb-b6c9-999cc6c76c72,ddb6730b-d943-4f41-9a02-c072a6eeb627,52af56e2-c973-430b-a262-21242c6837d8,STRIPED SEERSUCKER SHIRT,4,48,,2026-04-27 18:42:58.416882,2026-04-27 18:42:58.416882
390d7396-9aed-46dc-b9ac-10e5ca5aed9d,ddb6730b-d943-4f41-9a02-c072a6eeb627,431caf03-be3f-4d5d-a6e9-ab65bfe7e576,Generic S2 USB 8 Led 1X-500X ...,5,60,,2026-04-27 18:42:58.416882,2026-04-27 18:42:58.416882
b81d8b64-76a5-43fd-888c-d50578d9d7cc,ddb6730b-d943-4f41-9a02-c072a6eeb627,eaddcc22-5fb4-447a-9dae-42b5608270a9,"Swisspers Facial Wet Wipes, 25 Wipes ...",3,4,,2026-04-27 18:42:58.416882,2026-04-27 18:42:58.416882
f4222899-ab85-4464-a5a3-f734e5d0f5da,fd1d648c-5526-4248-b235-53166190c54c,a2ca6bc1-0026-4259-b466-9a9cda349aaa,Kanwar sa Microfiber Square Cushion Filler ...,4,18,,2025-12-22 08:12:21.416882,2025-12-22 08:12:21.416882
2f28d630-8706-4d74-b00a-b9d341e38d56,fd1d648c-5526-4248-b235-53166190c54c,5047a435-ec18-4de8-bcb3-b3f1ab36fa38,global desi Women's Rayon Regular Kurta ...,4,30,,2025-12-22 08:12:21.416882,2025-12-22 08:12:21.416882
0b935c3f-0a71-4046-bb83-370cad9b613e,fd1d648c-5526-4248-b235-53166190c54c,ae1bb83e-d2f7-495d-938b-5681b6cddccc,"Chappi Adult Dry Dog Food, Chicken ...",2,37,,2025-12-22 08:12:21.416882,2025-12-22 08:12:21.416882
dc70b043-9d08-4c3e-8325-0f6683c89319,fd1d648c-5526-4248-b235-53166190c54c,2d0c2c3d-55d1-499e-abe1-50cc82207331,Pass Pass Analogue Red & Black ...,3,11,,2025-12-22 08:12:21.416882,2025-12-22 08:12:21.416882
2c7dc39c-b811-4f4c-ac61-239e0dec5e17,fd1d648c-5526-4248-b235-53166190c54c,52af56e2-c973-430b-a262-21242c6837d8,STRIPED SEERSUCKER SHIRT,2,48,,2025-12-22 08:12:21.416882,2025-12-22 08:12:21.416882
9c350cad-2b75-45cd-a596-5c52ef6ce9d1,db8e914e-a444-40c9-82f8-6c14ff3400b4,06337053-d7bb-4f52-86b0-80f8f55dafcf,AirTamer Rechargeable Personal Air Purifier A310W ...,4,119,,2026-01-07 01:58:20.416882,2026-01-07 01:58:20.416882
b873513b-5b39-4067-abcf-c9d0f716d18e,db8e914e-a444-40c9-82f8-6c14ff3400b4,1c1b2a6f-8f2b-40c7-8204-4744355c9697,A2D Shark Fin Shape Decorative Roof ...,1,5,,2026-01-07 01:58:20.416882,2026-01-07 01:58:20.416882
9b7ae634-5f3b-40f7-991d-03296de5e992,db8e914e-a444-40c9-82f8-6c14ff3400b4,8afc2ea2-d78d-48e9-a6b2-4a637cc50b61,BLOCKS OF INDIA Hand Block Printed ...,1,35,,2026-01-07 01:58:20.416882,2026-01-07 01:58:20.416882
69627ff4-d986-46c0-9c32-5cbc8d9e41fc,f0948672-3edb-42d5-acfb-1f54a12ada4d,d224545a-46ce-4fbe-92c9-89972c2ce07b,WHITE BIRD Formal Analogue Women's Watch(Black ...,1,30,,2025-11-09 20:48:06.416882,2025-11-09 20:48:06.416882
4f23ef26-58d3-4ec2-8ce1-619ef61d6437,f0948672-3edb-42d5-acfb-1f54a12ada4d,615015e1-92da-4cb2-a458-f98a05b3f180,IVELECT 2 in 1 Smart Cooling ...,2,147,,2025-11-09 20:48:06.416882,2025-11-09 20:48:06.416882
38ad27ba-729f-4f48-836b-6a07e477d767,f0948672-3edb-42d5-acfb-1f54a12ada4d,197a39e3-325d-4182-bf69-b46142dfd661,NALAX DESIGNS Women's Designer Western Party ...,5,14,,2025-11-09 20:48:06.416882,2025-11-09 20:48:06.416882
3043c55a-6092-40eb-b4a9-665864e96e31,f0948672-3edb-42d5-acfb-1f54a12ada4d,30bd1c25-2ccf-4b74-91f6-b45c48d178b3,Macrowoman W-Series Wonder Thermal Leggings ...,4,7,,2025-11-09 20:48:06.416882,2025-11-09 20:48:06.416882
0b73dbff-2677-4508-941e-2be455661c71,f0948672-3edb-42d5-acfb-1f54a12ada4d,800f21e6-327e-4be2-8dec-2191b1cc6fc1,Gamma Audio Metal Clutch Guitar Capo ...,1,5,,2025-11-09 20:48:06.416882,2025-11-09 20:48:06.416882
a0b5aacc-85b8-49b9-a922-220676992ce6,f5521698-e51b-4612-92c9-502dec55c0d9,589880d8-7de8-48f5-8461-e52872d85657,Safari Polycarbonate Hard Trolley Bag (20 ...,5,60,,2026-03-21 11:18:38.416882,2026-03-21 11:18:38.416882
b1b76129-7a46-49f9-b298-a325f0429878,f5521698-e51b-4612-92c9-502dec55c0d9,1a9d7c15-804f-455e-82e7-008f53201708,1pcs MCP6004T-I/SL SMD 1 MHz Op ...,5,5,,2026-03-21 11:18:38.416882,2026-03-21 11:18:38.416882
f5626b02-594c-4c12-bdc9-39b1cf67dda8,f5521698-e51b-4612-92c9-502dec55c0d9,99a1e305-d06a-498d-93bb-aa0d991ada18,"Almarai Feta Cheese Full Cream, 7.05 ...",1,7,,2026-03-21 11:18:38.416882,2026-03-21 11:18:38.416882
f265f4a2-8ce9-435e-89bf-3ba15addbced,f5521698-e51b-4612-92c9-502dec55c0d9,b40843d1-cbf1-45b0-936b-3c70b1da9324,REALMERCURY 32 inch smart Tv Android ...,4,214,,2026-03-21 11:18:38.416882,2026-03-21 11:18:38.416882
af36dc13-0e85-4236-b33f-a1fd807ee124,f5521698-e51b-4612-92c9-502dec55c0d9,3cd40bef-010d-4968-8ca1-5ff2242d9e5c,CROPPED TAILORED WAISTCOAT,3,36,,2026-03-21 11:18:38.416882,2026-03-21 11:18:38.416882
4ebe01ea-2878-4d27-9209-3da66019dc28,050e3862-220e-497b-a8b6-db344b2ae58d,c92912b7-5cf9-44fe-8b7e-3a1d35869228,TRONESLA Tiger 40W 5.1 Bluetooth Home ...,5,60,,2026-03-09 21:49:55.416882,2026-03-09 21:49:55.416882
485adfbc-c964-44a6-9e4f-57583c577bca,618a3b44-45d5-481c-8480-f4188d8253ae,122071e1-0ea4-4507-b8de-8306248c1553,freshcant Compact Moisture Absorber By CILICAnT ...,2,6,,2026-03-07 05:46:00.416882,2026-03-07 05:46:00.416882
d44e3896-8140-4ad2-b5a4-ac08654af132,3edf36a9-e9f5-4a7e-a5ae-355c3c54b5f2,5eb3fa50-368c-44aa-90e7-d96ef3f74016,Ogeneral ASGA24BMWA 2.1 Ton 3 Star ...,2,890,,2026-02-03 01:39:31.416882,2026-02-03 01:39:31.416882
251796a8-f58f-4feb-9e9d-7625d0183562,3edf36a9-e9f5-4a7e-a5ae-355c3c54b5f2,243285a7-5856-404c-a261-a91fb3254f12,Formula 1 615016 Carnauba Wash and ...,3,11,,2026-02-03 01:39:31.416882,2026-02-03 01:39:31.416882
827cbffa-47be-425e-9509-f27ca94ba460,1e0727b2-e531-4c13-9201-c35beee87af2,422d2d2b-6220-457e-ac6e-69ea7e39ac32,Clovia Women's Pack of 2 Full ...,1,7,,2025-12-23 13:02:43.416882,2025-12-23 13:02:43.416882
35c2d82c-33fc-45eb-8545-91f65347abcb,1e0727b2-e531-4c13-9201-c35beee87af2,5a9707d5-905a-45ec-a2e1-08c8a6f260d8,LINEN BLEND MIDI DRESS,5,39,,2025-12-23 13:02:43.416882,2025-12-23 13:02:43.416882
68efb10c-af33-43fa-9a43-4b953cc3e03f,20383aee-9bc6-4277-bc70-92625370e93c,4a0e2aa9-fc57-4a6a-9d1a-96e519ea0d1b,STRIPED KNIT POLO SHIRT,1,31,,2025-12-26 06:57:36.416882,2025-12-26 06:57:36.416882
b7d75bbe-abae-42c0-b91c-535b51fee37d,20383aee-9bc6-4277-bc70-92625370e93c,28dc149c-af86-45e0-a6ad-16f6ecf634e2,GABARDINE JUMPSUIT,4,71,,2025-12-26 06:57:36.416882,2025-12-26 06:57:36.416882
4529e5a6-7612-47c4-9f1e-34c24177fbbf,20383aee-9bc6-4277-bc70-92625370e93c,104c480b-7603-43b7-9550-49d87ccd21f4,Sunkizzrs® Square Hole Saw Mortising Chisel ...,1,12,,2025-12-26 06:57:36.416882,2025-12-26 06:57:36.416882
0dc35131-3f7c-4705-94c1-af136d54d1f5,20383aee-9bc6-4277-bc70-92625370e93c,2b5cf0b4-1070-4724-b312-c35c4f338737,"SUPERCOAT Adult Dry Dog Food, Chicken- ...",4,36,,2025-12-26 06:57:36.416882,2025-12-26 06:57:36.416882
6310191f-2369-4604-aa0b-02a91bec799a,916476c1-57c9-4635-8476-687a97d7234a,d7c5f79e-4d96-4bdb-b73d-bc21a8066e74,MADSWAS Hair Straightener Comb for Women ...,3,12,,2026-04-27 18:52:12.416882,2026-04-27 18:52:12.416882
44bd0010-a387-4320-8839-e7942f10dc79,916476c1-57c9-4635-8476-687a97d7234a,5849ece1-d443-47de-bd91-8e64f28df028,RIPPED KNIT ARM WARMERS,2,24,,2026-04-27 18:52:12.416882,2026-04-27 18:52:12.416882
734e75c6-7132-4e15-b292-a86763cd0b53,916476c1-57c9-4635-8476-687a97d7234a,5a071d80-a5d8-4f05-9a14-4821db927a8e,Ekan Silver Flexible Magnetic Flashlight Torch ...,4,10,,2026-04-27 18:52:12.416882,2026-04-27 18:52:12.416882
449e7838-0a11-45ee-82bf-44eb5ae7f55f,916476c1-57c9-4635-8476-687a97d7234a,f208238f-8e27-4754-8b89-4878da6cd3fa,ONLY Women Dress ...,2,30,,2026-04-27 18:52:12.416882,2026-04-27 18:52:12.416882
adabeec4-2525-4b90-bce1-7d9a2d50bf5f,e5f6f47f-ce4d-4b17-b552-2075f386f07b,694db8bf-c2e6-4d21-a4c5-81a6f89d40b1,COTTON - LINEN TROUSERS,1,39,,2026-02-16 00:54:13.416882,2026-02-16 00:54:13.416882
4fe4fbd2-53fa-41a5-a9b6-2bcff3f034d7,e5f6f47f-ce4d-4b17-b552-2075f386f07b,3ff0b294-666e-4f4e-9b72-bbde9de8753d,JK Super Drive SD7800677 JKSD 10 ...,4,6,,2026-02-16 00:54:13.416882,2026-02-16 00:54:13.416882
88de4b5a-77dd-4751-a033-0673b7f2bc42,e5f6f47f-ce4d-4b17-b552-2075f386f07b,306386af-2201-4539-b064-94668b4bf923,Purple Pink Embroidery Potli Bags For ...,1,171,,2026-02-16 00:54:13.416882,2026-02-16 00:54:13.416882
1aad2461-5ffb-467e-a258-522314cc4aa1,e5f6f47f-ce4d-4b17-b552-2075f386f07b,9d15f38a-2c79-48ba-a55c-91a47bc5573b,SCOOBA Kids Favourite Pair Plush Soft ...,3,12,,2026-02-16 00:54:13.416882,2026-02-16 00:54:13.416882
7e237501-9c35-47ff-bf86-a303927ffdf3,af6c899e-635e-43f1-9071-861d328fb5ff,58d492e9-d50c-4299-ac84-0a12437b9d4f,LONG KNIT DRESS,5,39,,2026-03-19 01:10:51.416882,2026-03-19 01:10:51.416882
4ee5bd38-6690-49c8-8247-ed3c57dbdc33,af6c899e-635e-43f1-9071-861d328fb5ff,3d3354f4-de40-4d02-8c25-5fcdf3539c4d,VMS INDIA Outdoor Strapping Band Backpack ...,2,15,,2026-03-19 01:10:51.416882,2026-03-19 01:10:51.416882
92e2e4b0-b03f-4fbf-acf6-f11476233e98,af6c899e-635e-43f1-9071-861d328fb5ff,2efa2490-8acb-4d50-b334-a934e1582edf,Optimuss Durable VGA Wall Socket Module ...,3,14,,2026-03-19 01:10:51.416882,2026-03-19 01:10:51.416882
811e9774-c932-4a20-9c22-0b7db4114a5d,af6c899e-635e-43f1-9071-861d328fb5ff,a6924c43-79e0-4d5b-9a24-12361ee92f41,"Luvlap Galaxy Stroller/Pram, (Navy/Black) & Elegant ...",5,127,,2026-03-19 01:10:51.416882,2026-03-19 01:10:51.416882
92af5af1-9f9b-4492-8f7f-97ddbc020e2e,0dcf33be-81ff-48a6-b0ea-ecab6fcc8b38,a995340e-e5f2-48c7-918c-d54161d3b6e9,PACK OF METALLIC BRACELETS,1,19,,2025-11-16 12:28:25.416882,2025-11-16 12:28:25.416882
821fced1-5420-4e57-bdd2-cfa5cf6f027a,0dcf33be-81ff-48a6-b0ea-ecab6fcc8b38,709f51d3-5df0-4f73-b2b3-f13d78feeb3d,ASYMMETRIC DENIM WAISTCOAT,1,31,,2025-11-16 12:28:25.416882,2025-11-16 12:28:25.416882
72269842-88ec-4a7b-b62f-885016402635,0dcf33be-81ff-48a6-b0ea-ecab6fcc8b38,1fbcc953-2a26-4000-a5ec-5ab4dabe8062,LINEN BLEND STRAPLESS JUMPSUIT,1,59,,2025-11-16 12:28:25.416882,2025-11-16 12:28:25.416882
8dc3325b-2d72-4e7f-8e5e-d84840dc5889,0dcf33be-81ff-48a6-b0ea-ecab6fcc8b38,db5d6e3f-4960-4979-8e93-fe4f390965e6,Vega Lark Victor Dull Black Silver ...,2,18,,2025-11-16 12:28:25.416882,2025-11-16 12:28:25.416882
c21d5872-4cdd-486d-aa2c-ab63d6c52b30,b182351f-e8fb-4895-81e9-949bd1de1d6f,c5c3fdf7-ec3f-431a-9b47-b7046120d45a,TRONICA Mobilo Wired Speaker (Black) ...,5,18,,2026-02-23 00:50:36.416882,2026-02-23 00:50:36.416882
e1a1754f-6aae-4449-9f21-a9dcc210b9cf,2f7957b5-abca-4640-b20b-b2b188e3e1e6,9d569181-bba8-4498-be7b-fbf6538b2a25,Autofact Waterproof Car Body Cover Compatible ...,2,48,,2025-11-27 21:34:35.416882,2025-11-27 21:34:35.416882
dcd2c90f-585b-47c1-9c30-23f0aaaaba05,2f7957b5-abca-4640-b20b-b2b188e3e1e6,ec4c81eb-8876-4284-bf73-7e85ae543651,Vivid 24w LED Street Light for ...,1,24,,2025-11-27 21:34:35.416882,2025-11-27 21:34:35.416882
d32e9b28-1ef8-4a9a-a8fd-9494a63b07f2,2f7957b5-abca-4640-b20b-b2b188e3e1e6,749649b5-5e5a-4ea5-94f7-719fa3b9b084,Runninglion Water Bottle with Straw Thermos ...,5,12,,2025-11-27 21:34:35.416882,2025-11-27 21:34:35.416882
ef0d0ba3-e032-45dc-8895-a120f9f69d1c,2f7957b5-abca-4640-b20b-b2b188e3e1e6,c990f5b6-ff29-4ea6-9922-e4e7ec4ce944,NH10 DESIGNS Printed BTS Pillow Cushion ...,1,6,,2025-11-27 21:34:35.416882,2025-11-27 21:34:35.416882
f32a5536-a262-4cf2-978a-9b399134299d,6b635186-5360-48f2-a5fd-18c8610e3be6,d70b1d24-f576-494e-9e39-2d0a8f2ff00b,Boldfit Mini Loop Bands Resistance Bands ...,1,47,,2026-03-17 22:57:02.416882,2026-03-17 22:57:02.416882
741c4d87-b6ac-4f67-8214-772cc4d32608,6b635186-5360-48f2-a5fd-18c8610e3be6,22f9795e-18d9-4332-b251-833b4d00279f,THE CLOWNFISH Marvel 28 Ltrs 43 ...,5,36,,2026-03-17 22:57:02.416882,2026-03-17 22:57:02.416882
056cc4d4-6783-4b78-877d-7bde1cd09325,6b635186-5360-48f2-a5fd-18c8610e3be6,d0b56d7d-23d0-4711-91cf-cd100e08fdd6,SDG Frameless Oval Wall Mount Mirror ...,5,24,,2026-03-17 22:57:02.416882,2026-03-17 22:57:02.416882
7e28107b-0743-4588-a3fb-041c29c88484,4f7ed89a-886b-4f0c-970b-b9b6300e9ef6,0df2ecc9-653d-4e46-ae07-ff275947123a,FLEXIMAA Men's Cotton Round Neck Printed ...,4,6,,2025-11-13 19:22:38.416882,2025-11-13 19:22:38.416882
66f3263e-f884-437f-a235-b26931992eeb,4f7ed89a-886b-4f0c-970b-b9b6300e9ef6,78771b42-eeeb-4fff-a3f7-7b0bfcd69909,Gajraj Cotton Slouchy Beanie and Skull ...,5,6,,2025-11-13 19:22:38.416882,2025-11-13 19:22:38.416882
ab1e3390-1307-400b-832e-0b91f640da1c,4f7ed89a-886b-4f0c-970b-b9b6300e9ef6,4349c417-6520-4ea1-9b18-b9919a81f304,"Sapatos Kolhapuri Sandal for Women, Women ...",1,12,,2025-11-13 19:22:38.416882,2025-11-13 19:22:38.416882
ad60fb46-37fe-499b-9d36-184151c861df,4f7ed89a-886b-4f0c-970b-b9b6300e9ef6,0e98cbf3-3927-42dc-9606-4ad4914b475b,Amazon Basics Microfiber Picnic Blanket with ...,2,18,,2025-11-13 19:22:38.416882,2025-11-13 19:22:38.416882
e0e7b7ba-4da9-47f1-aa95-4a23bbb5176b,4f7ed89a-886b-4f0c-970b-b9b6300e9ef6,6e217385-c7df-4655-bf38-49aad611ce4e,Nike Air Deschutz+ SE,5,85,,2025-11-13 19:22:38.416882,2025-11-13 19:22:38.416882
45ba6a53-b7d7-4722-8910-053a19344c71,56967ada-f2f6-48eb-93c5-92907d8cb533,13c957f2-8526-4b4b-81c7-fed53a54b2d5,Velco Mocassins for Men Tan ...,5,19,,2026-02-11 04:23:45.416882,2026-02-11 04:23:45.416882
141a7b71-8f00-4736-b159-95e1f18e2029,56967ada-f2f6-48eb-93c5-92907d8cb533,c32a30f4-622e-4c20-82f8-f631baa4faa3,Front Load Washing Machine Detergent Liquid ...,4,26,,2026-02-11 04:23:45.416882,2026-02-11 04:23:45.416882
6f69b22f-5c6d-49fb-864e-f3cbcbc15529,56967ada-f2f6-48eb-93c5-92907d8cb533,b3530e93-6f7d-4db5-a1c9-9acf52704dd6,"L.A GIRL Glide Gel Liner, Champagne, ...",1,5,,2026-02-11 04:23:45.416882,2026-02-11 04:23:45.416882
dbda4a32-c485-4f74-b39d-bb5354b2e113,56c062d8-6c3d-4583-998e-0c66fb62dec9,afdf42e1-a464-4594-83fb-bb0149bd0923,PANTHUSHTI Boxers for Men 100℅ Pure ...,1,18,,2026-03-28 23:29:43.416882,2026-03-28 23:29:43.416882
b5d5e32e-ae33-47d5-835f-293f6d09ce87,56c062d8-6c3d-4583-998e-0c66fb62dec9,ebf01671-85fd-4c1e-afc0-422dbe2dc58a,KAYU™ Boys Cotton Solid Regular Fit ...,1,23,,2026-03-28 23:29:43.416882,2026-03-28 23:29:43.416882
a37de25a-25f2-4d77-bdf0-81448535a208,56c062d8-6c3d-4583-998e-0c66fb62dec9,2f8e51dc-caab-4554-b78f-a9350d8649f3,Adidas Men's Tubular Instinct Gs ...,5,126,,2026-03-28 23:29:43.416882,2026-03-28 23:29:43.416882
2dd05cd1-0bdd-4304-9a6e-72a4764e3030,56c062d8-6c3d-4583-998e-0c66fb62dec9,8f944734-104f-476c-a80f-0d5d01752856,SPLIT SUEDE CLOGS WITH BUCKLE,1,48,,2026-03-28 23:29:43.416882,2026-03-28 23:29:43.416882
78092120-d104-4a2a-a99c-5849f9bb159d,9bcb6f19-e39b-49df-9b73-8ce92a937bd1,fe9f83ae-cb6e-41f6-985c-76d8fe0ffd28,hotfits Men's Trackpants (Pack of 3) ...,5,18,,2025-12-03 11:35:17.416882,2025-12-03 11:35:17.416882
cb5c9b91-34db-41e5-a92f-aa114c88fb11,9bcb6f19-e39b-49df-9b73-8ce92a937bd1,46dfcdf9-5685-4227-ba94-35995ccf63a4,KRISTEEL Bridge Cam Welding Gauge ...,5,21,,2025-12-03 11:35:17.416882,2025-12-03 11:35:17.416882
0603f254-365e-41dd-b169-9c283319008b,9bcb6f19-e39b-49df-9b73-8ce92a937bd1,1314b167-be3c-49fd-947c-63ec889e4f1a,GEOMETRIC EMBROIDERY BANDANA,4,12,,2025-12-03 11:35:17.416882,2025-12-03 11:35:17.416882
f745df00-22ec-40dd-9c38-d5b28c117f9d,9bcb6f19-e39b-49df-9b73-8ce92a937bd1,2b34a1c7-eccc-45f1-8233-cff1280567f2,"STACKRAID Hanging Travel Toiletry Bag, Waterproof ...",5,12,,2025-12-03 11:35:17.416882,2025-12-03 11:35:17.416882
4dd71994-dd84-4c1c-b658-4a1ca756e61f,de779545-b465-46ea-8a59-48c70240a18d,3dc8f8b2-c7de-4309-a0c6-b1c6fdfa2ab2,SARAVANA GAMBODGE HORSEGRAM Herbal Juice( KODAMPULI ...,3,4,,2026-01-24 02:39:46.416882,2026-01-24 02:39:46.416882
6c5cb3a2-723d-4d62-a035-8140e135dd7a,de779545-b465-46ea-8a59-48c70240a18d,7abb6bb8-d640-4a16-be33-7b4ebe71661e,Markstor Fresh Ajwa Prime. Blessed Fruit ...,4,36,,2026-01-24 02:39:46.416882,2026-01-24 02:39:46.416882
fbbba605-ec2e-4bbe-a03a-6123b618250c,de779545-b465-46ea-8a59-48c70240a18d,f4029747-aa1b-49c5-9000-1d7139484ba6,UATHAYAM White Beauty Cotton Half Sleeve ...,4,6,,2026-01-24 02:39:46.416882,2026-01-24 02:39:46.416882
3a95150c-de08-4aa4-bfd8-59676bfda9c7,de779545-b465-46ea-8a59-48c70240a18d,c21a2a24-5bc0-4836-ab6e-4d0d86bcc8ff,EMBOSSED BOWLING BAG,2,71,,2026-01-24 02:39:46.416882,2026-01-24 02:39:46.416882
7caf5cae-6e78-4b06-a023-20224d2a527f,9823211b-c896-4cf1-8c81-7b5c2fa81dd4,d9c1f684-ef7a-4022-a6f2-42500420f737,Crompton Solarium Qube 15-L 5 Star ...,5,149,,2026-01-13 09:42:09.416882,2026-01-13 09:42:09.416882
579c397c-0ed6-4328-8c3e-69c5fab8db95,0c130622-74f2-468d-b50c-22746b286530,4a7bb63c-8e4b-4d63-b85a-28be1d87d408,AGARO Royal Under Desk Elliptical Exercise ...,4,167,,2026-03-30 18:42:37.416882,2026-03-30 18:42:37.416882
9e9ecce0-b796-41d5-83fb-ae79e9077d86,0c130622-74f2-468d-b50c-22746b286530,aaee7062-40ec-4a72-b2b5-332a0eeff491,"Plantazee Atp F Kaner, Nerium Oleander ...",1,5,,2026-03-30 18:42:37.416882,2026-03-30 18:42:37.416882
6e3bea23-a86a-45d6-bfb2-3347c0319d7a,0c130622-74f2-468d-b50c-22746b286530,6c9f38b5-f548-47b1-9535-cde57b38fc2a,Jute Cottage Men's and Women's Eco-Friendly ...,3,7,,2026-03-30 18:42:37.416882,2026-03-30 18:42:37.416882
d064405e-d117-4cac-bcc2-badea4fcffd3,0c130622-74f2-468d-b50c-22746b286530,22ad8aad-b33c-41ea-b0cc-4be566447670,SIRIL Women's Viscose Blend Embroidery Slim ...,1,28,,2026-03-30 18:42:37.416882,2026-03-30 18:42:37.416882
238bb3a0-7d21-4f5b-b582-6be086721aea,0c130622-74f2-468d-b50c-22746b286530,387e7220-6d6b-4986-90c0-00f0f3840060,Autofact Car Body Cover with Mirror ...,4,24,,2026-03-30 18:42:37.416882,2026-03-30 18:42:37.416882
46367d15-71b2-4ad0-9e9c-992296e48be0,f45aafff-eb38-4020-bf2f-5a2f80bb3803,166dd4b5-8d48-46b8-87a5-b7e52a40c469,PACK OF FRESH WATER PEARL BEAD NECKLACES,5,19,,2026-04-08 00:27:54.416882,2026-04-08 00:27:54.416882
09105f0b-2f83-4876-b5a6-5628a4618f7a,f45aafff-eb38-4020-bf2f-5a2f80bb3803,a6325cc9-e1bf-4614-bc7d-d3dc9802c428,Amazon Brand - Solimo Back Cover ...,5,4,,2026-04-08 00:27:54.416882,2026-04-08 00:27:54.416882
bc484833-4de0-4896-82c3-4b85e68179b3,f45aafff-eb38-4020-bf2f-5a2f80bb3803,f5b15c20-d611-44b7-83e4-c6e48a099e2d,NVY 80 cm (32 inch) HD ...,3,261,,2026-04-08 00:27:54.416882,2026-04-08 00:27:54.416882
5c2d5890-22f1-4887-9833-9de1b5690a9a,f45aafff-eb38-4020-bf2f-5a2f80bb3803,683be802-fee8-42f7-be12-b46901073dee,Kirti Sales Natural Lab-Certified 12.25 Ratti ...,2,58,,2026-04-08 00:27:54.416882,2026-04-08 00:27:54.416882
dd8da866-3c5c-47fe-b254-26574a0d213b,97920a31-96f8-4c31-8ff3-9fec7ff092c0,9d2d2de0-6dc3-43d8-914c-c479b060a98c,Inditradition Cotton Canvas Board Medium Grain ...,4,8,,2026-01-30 14:05:41.416882,2026-01-30 14:05:41.416882
35a890b3-1cf3-4366-b150-729e5a518635,97920a31-96f8-4c31-8ff3-9fec7ff092c0,4c37602c-530c-4ef6-9046-3330e2395b7c,Bumble Rainguard PVC Speakers Adapters for ...,5,12,,2026-01-30 14:05:41.416882,2026-01-30 14:05:41.416882
0ccc3be4-02b0-41d8-aba1-dbd642d94560,9db4142c-ef3f-4466-ba3b-b06a8a4ba6b3,d5420de4-0582-4cf5-99b8-958870b23499,"AGARO EXTEREME Car Vacuum Cleaner, 5 ...",4,24,,2025-11-23 03:42:51.416882,2025-11-23 03:42:51.416882
53f05272-7070-4329-9033-9d40297e37eb,9db4142c-ef3f-4466-ba3b-b06a8a4ba6b3,5ae7e0b9-abe2-4771-8242-66de7e45d6fe,JAPVA MART Drain Cleaning Tool ABS ...,3,10,,2025-11-23 03:42:51.416882,2025-11-23 03:42:51.416882
1e68a1cf-7af1-4c3f-b4e4-c20e4d3de569,9db4142c-ef3f-4466-ba3b-b06a8a4ba6b3,94611cd0-a5e6-4621-8f54-d039a3cb7a34,DIETS ORGANICS Kadukkai Powder -100 G ...,3,6,,2025-11-23 03:42:51.416882,2025-11-23 03:42:51.416882
437ed99e-5fa9-40b0-b88c-0264446eb96d,344d8059-4a65-4436-a1e4-f7615e9dab65,92d56d41-d36a-44e3-ba5e-928460b24458,Kwitchy New Born Baby Daily Essentials ...,4,39,,2026-01-26 11:45:13.416882,2026-01-26 11:45:13.416882
9b192418-31a2-4d75-9ae6-5626b9805b12,344d8059-4a65-4436-a1e4-f7615e9dab65,c1a304b9-11b4-45ce-993d-da0fd0dde83d,Diana Korr Women's Wallet (Pink) (DKW12LPNK) ...,3,21,,2026-01-26 11:45:13.416882,2026-01-26 11:45:13.416882
5e106513-5d41-4e8e-9d07-280440d49733,f542eba5-0278-418f-9329-f3445cc51e0a,2a8b1097-e3c2-4cf6-95f2-c7be61c41c98,STRIPED JACQUARD BLOUSE,5,39,,2026-04-23 10:05:08.416882,2026-04-23 10:05:08.416882
ac4df0a1-7731-46c7-989f-959cfdeba461,f542eba5-0278-418f-9329-f3445cc51e0a,d3986307-bddb-41d9-86e9-c9bb18f9c74a,"Sobo WP3880F Top Filter, 1 Piece ...",2,18,,2026-04-23 10:05:08.416882,2026-04-23 10:05:08.416882
9a806247-b756-46e9-8d3d-5967c34eaf8a,8d3d7668-6fe0-4446-a727-d87ff7939c91,115fc097-5d63-461c-9ff0-6811f08985e3,FLITE Women's Flip-Flops ...,4,4,,2025-11-07 03:42:04.416882,2025-11-07 03:42:04.416882
a48cccf5-305c-461a-ae1f-f1a44f7b0cbc,8d3d7668-6fe0-4446-a727-d87ff7939c91,e4388ba1-548b-49d8-a54d-877e3820a425,TULLE MIDI DRESS,1,36,,2025-11-07 03:42:04.416882,2025-11-07 03:42:04.416882
3aed7234-3a9d-4207-8531-c45252bb0a43,8d3d7668-6fe0-4446-a727-d87ff7939c91,35ef23ac-dad8-4f34-9bde-e3e230b35890,STRAPLESS DRESS,2,36,,2025-11-07 03:42:04.416882,2025-11-07 03:42:04.416882
c325860b-32a1-4264-9014-9abb37ba49d3,8d3d7668-6fe0-4446-a727-d87ff7939c91,550c851a-f185-4c9a-9a36-bd9c790c9c6a,Skora Nylon Fur 1-inch Medium Dog ...,2,12,,2025-11-07 03:42:04.416882,2025-11-07 03:42:04.416882
aa23cc99-28fb-41b0-8783-c6cececead81,359e5f23-1e35-41a3-b85f-4b4e9fd21b35,5c2cd070-4456-498c-9cd2-2ee80a85e2ec,Clovia Women's Mid Waist Dot Print ...,1,6,,2026-01-24 23:09:09.416882,2026-01-24 23:09:09.416882
48cb08bf-03eb-4672-9ca2-67d8a7757281,359e5f23-1e35-41a3-b85f-4b4e9fd21b35,78a2cc2f-a889-4f0d-bc68-24b236b75d10,FAIRY HOME™ Cotton Roti Cover Chapati ...,4,7,,2026-01-24 23:09:09.416882,2026-01-24 23:09:09.416882
5fc02e95-38bb-4dd2-a719-0ca5a6be65e2,bfc3f64e-d195-4562-b7dc-2cc7f1b467bd,8b59be57-2eae-4dde-ba70-d4812e2df4d9,SKSM Ghungroo Red Color Pad 2 ...,3,6,,2026-02-15 14:50:23.416882,2026-02-15 14:50:23.416882
d83b186b-ce10-44a8-9b56-0d81d08f1d21,bfc3f64e-d195-4562-b7dc-2cc7f1b467bd,e147de28-d557-4c0b-a9fb-697f5f7422fe,Case Logic Qpb-201 Eva Molded Compact ...,3,7,,2026-02-15 14:50:23.416882,2026-02-15 14:50:23.416882
7f7fb2f9-d332-4aa4-b920-ebc382e7f147,cf625148-e664-432c-af8d-932c7aa42c4f,7f7255e6-bcf8-4661-a24b-d8ec6e9780bb,Lavie Sport Jarvis Laptop Backpack for ...,4,36,,2025-11-03 07:02:22.416882,2025-11-03 07:02:22.416882
c77a532f-b90e-44be-8136-53a1cbd88f6d,c9a70567-1a8d-4a7f-b6c2-db67a16822a0,fa02ff37-42fc-478e-960f-3218ae2b7d98,Personal Air Conditioners Portable AC Mini ...,1,167,,2026-02-27 10:38:15.416882,2026-02-27 10:38:15.416882
1997053a-95d4-4aa8-8864-95ae6d2009d7,c9a70567-1a8d-4a7f-b6c2-db67a16822a0,8cf33a6f-08a3-4934-bd02-7c76d71a1d30,BAWLI BOOCH Loose Fit Trackpants Stretchable ...,5,27,,2026-02-27 10:38:15.416882,2026-02-27 10:38:15.416882
76dc1a25-29d8-4316-b768-964ec6a70e59,03d23bb4-88b0-4882-88fd-7b87f2fe7ef5,e8c5014e-4f3e-40fc-bd49-1168509cf59c,FAUX PEARL BEAD BUCKET BAG,3,39,,2026-04-18 23:00:20.416882,2026-04-18 23:00:20.416882
bcace79c-7f83-4eb6-a52f-6086dbc2adb1,03d23bb4-88b0-4882-88fd-7b87f2fe7ef5,dbbb7d99-af9f-41ea-ad34-8776add4448f,Dollphin DFNG-815 Women's Casual Flat Bellies ...,4,19,,2026-04-18 23:00:20.416882,2026-04-18 23:00:20.416882
84cb8e05-35a7-4ded-a87f-7d059435b2fa,03d23bb4-88b0-4882-88fd-7b87f2fe7ef5,8162bf33-41f2-47f8-870a-a42354a82764,Vernier Caliper slide caliper ...,4,4,,2026-04-18 23:00:20.416882,2026-04-18 23:00:20.416882
01d0fd59-0918-4933-bba5-e65343d8401a,fb5c56c9-7db9-430f-bfcb-21ed8b8737a6,b3c78caa-af03-4a91-9e1d-385c5a60aec9,VSTAR Women's Cotton Knitted Regular Basic ...,5,3,,2025-12-24 11:00:00.416882,2025-12-24 11:00:00.416882
4c84651b-2013-445c-bad2-e2eaf71e30fa,fb5c56c9-7db9-430f-bfcb-21ed8b8737a6,ad14d062-a8c3-4d49-90da-dc5e47d726dc,STRAIGHT SUNGLASSES WITH FRAME,4,24,,2025-12-24 11:00:00.416882,2025-12-24 11:00:00.416882
b1670cd4-dfed-484c-9d96-508295a833aa,fb5c56c9-7db9-430f-bfcb-21ed8b8737a6,c25832c3-a1ac-4b03-816e-4f349a218e1d,MILLENSIUM™ Mop Holder and Broom Holder ...,4,12,,2025-12-24 11:00:00.416882,2025-12-24 11:00:00.416882
51f6a92a-6080-45ae-bcef-d51562970995,fb5c56c9-7db9-430f-bfcb-21ed8b8737a6,d1c06504-d94c-428d-8d20-a2fc4b7ba65e,Bathoyum Make in India ABS Health ...,5,12,,2025-12-24 11:00:00.416882,2025-12-24 11:00:00.416882
26d774d4-a9f6-4077-8a30-eda201a0bc89,fb5c56c9-7db9-430f-bfcb-21ed8b8737a6,3c95b094-a982-439b-93e7-cae40565a88d,Nature's Trunk Watermelon Seeds | Tarbooj ...,5,6,,2025-12-24 11:00:00.416882,2025-12-24 11:00:00.416882
6fbc7e23-b854-437b-9848-641c9f959c25,2cd11f52-a323-4da9-84de-85d18b633d2c,1f83f501-a5ba-4ae4-9eae-272b8dc556f7,VTS Studio Home Umbrella Stand Setup ...,3,101,,2025-12-20 10:33:35.416882,2025-12-20 10:33:35.416882
040af663-69d0-4ba0-ac07-956aedb93611,b8b32318-c6b4-438e-910f-1471e670a41f,f24be25b-2f72-4407-96ca-ff08c1c33c77,Digital Craft Adjustable Speed Car Buffer ...,5,107,,2025-11-05 11:27:22.416882,2025-11-05 11:27:22.416882
74553245-d59f-486c-87b2-79e1d0e1b490,b8b32318-c6b4-438e-910f-1471e670a41f,d4f9dca4-cf32-48d9-a92d-7e9727bf8c95,GymWar Gloves for Men Boxing Hand ...,1,5,,2025-11-05 11:27:22.416882,2025-11-05 11:27:22.416882
b185fac6-5ceb-49c2-a3e4-e8511469c81d,19fb22b9-4499-44e5-989a-7b47fc58cfe7,2863621b-0255-43c6-a547-8b05b970805f,Kidbee Baby Soft Cotton Track Pants ...,5,23,,2025-11-07 08:21:43.416882,2025-11-07 08:21:43.416882
27270d0e-50dc-4021-9f29-7fe55d47a53c,19fb22b9-4499-44e5-989a-7b47fc58cfe7,9dcb8cb5-7848-4eb2-a683-92e2f5ec5926,LG 164 cm (65 Inches) 4K ...,5,1548,,2025-11-07 08:21:43.416882,2025-11-07 08:21:43.416882
5b7415d8-4df4-4bc6-9ad2-9044c553875a,19fb22b9-4499-44e5-989a-7b47fc58cfe7,30d94f66-5f37-4757-bfc5-26fd2b8f809b,Ayyappa Swami Graphic Printed Black Color ...,1,7,,2025-11-07 08:21:43.416882,2025-11-07 08:21:43.416882
7068349a-1d3b-4610-8af0-e7fe7e2efa4d,19fb22b9-4499-44e5-989a-7b47fc58cfe7,1e360a68-8359-440a-8da9-ff0639ee6568,RSVA LIGHTS Hd Focus WiFi V380 ...,1,60,,2025-11-07 08:21:43.416882,2025-11-07 08:21:43.416882
c673134c-b288-4b6e-9a08-d6d7758cd43a,e3448a16-6cf7-4bb1-920e-74633ac60092,6b206995-79e8-4c3f-8e36-cc476b21874e,Blue Star Air Conditioner|1 Ton 3 ...,1,551,,2026-02-17 18:55:49.416882,2026-02-17 18:55:49.416882
93bc5a77-5331-4533-a661-703eb701135a,e3448a16-6cf7-4bb1-920e-74633ac60092,e7f23999-3025-4f76-9163-d95fd21f019d,VIBRANT LEATHER 100 ML / 3.38 oz,2,31,,2026-02-17 18:55:49.416882,2026-02-17 18:55:49.416882
0d5931c1-33fe-496b-af42-994a5d56b6fd,81df00e3-9f2e-43c4-a09f-c2164938fc70,b7ee222a-de62-41e1-8fde-7657d3f1353f,POINTELLE KNIT TUNIC,1,39,,2025-12-16 17:29:51.416882,2025-12-16 17:29:51.416882
a2b7f639-9bdf-421a-811c-42f97c3b224e,8c8cbff9-994a-447e-b1a5-0e73580cb118,ac7e6dd2-e667-4cbf-8ddb-153e282cc39c,DeoDap PCI Cardboard Trouble Gum Mouse ...,2,4,,2025-11-05 14:42:37.416882,2025-11-05 14:42:37.416882
131833b5-471c-4caa-9f57-d5b9ab7e41fe,8c8cbff9-994a-447e-b1a5-0e73580cb118,c9379a28-1e26-461e-8064-53e49773ac7d,Buy That Trendz Women's Cotton Viscose ...,1,24,,2025-11-05 14:42:37.416882,2025-11-05 14:42:37.416882
df3e88a7-f5e4-4ed1-bf1d-fb9fae971fd8,b8088210-2d57-4f1d-ba7a-7b38f42ade7e,7239413e-4f07-45e7-aaee-c8b226d08edc,KNIT SKIRT WITH BUCKLES,3,39,,2026-04-06 23:57:00.416882,2026-04-06 23:57:00.416882
a8dadb37-fcca-435a-bd66-af3dc2f26aa0,b8088210-2d57-4f1d-ba7a-7b38f42ade7e,333983c9-7fb2-4049-b68e-e30d6f209dea,Klair Ultra Light Inner Warmed Nylon ...,3,30,,2026-04-06 23:57:00.416882,2026-04-06 23:57:00.416882
13c78d45-f30f-4a4e-b5bc-63eaf2a0ac30,b8088210-2d57-4f1d-ba7a-7b38f42ade7e,12871cec-282f-49f9-aa1e-92d187f8231c,FLORAL PRINT SHIRT,3,39,,2026-04-06 23:57:00.416882,2026-04-06 23:57:00.416882
70fe771a-b50e-4fbf-81f0-657c206073dc,b8088210-2d57-4f1d-ba7a-7b38f42ade7e,83e3d97b-d46f-480a-8b55-b06d6bb17993,CAP,2,22,,2026-04-06 23:57:00.416882,2026-04-06 23:57:00.416882
7ab7866a-ee30-41ba-81fa-d5d4fdd4ce4d,b8088210-2d57-4f1d-ba7a-7b38f42ade7e,0e8af29d-db6e-488b-ad63-1c77a4bd5a10,DM MART Beautiful Ankle Length No ...,1,8,,2026-04-06 23:57:00.416882,2026-04-06 23:57:00.416882
b17e65aa-5b34-4187-a4df-45fbc77f5584,1710454a-55a8-4a68-a157-33ea0d5284a9,bf828085-7842-4b4a-b0e8-c294aa948c21,SKY HUB Wireless HD IP WiFi ...,1,54,,2025-11-04 17:14:24.416882,2025-11-04 17:14:24.416882
e4ccf58d-d14b-4e21-8fea-8af8117c753c,1710454a-55a8-4a68-a157-33ea0d5284a9,94611cd0-a5e6-4621-8f54-d039a3cb7a34,DIETS ORGANICS Kadukkai Powder -100 G ...,3,6,,2025-11-04 17:14:24.416882,2025-11-04 17:14:24.416882
d7e70b91-0b4a-449b-88eb-d67eea44458c,8400cd8d-265d-45e3-b8a1-f29d48348339,2c5346b3-3dac-4654-9df4-e379ab1af3dc,Aries Agro Limited 0-0-50 ...,1,5,,2026-03-02 13:00:36.416882,2026-03-02 13:00:36.416882
a59a058e-4636-4885-a74e-fbf54b8935c2,8400cd8d-265d-45e3-b8a1-f29d48348339,ef3ab09e-a293-4219-bd3c-f78ef7ecd0e2,bluehaaat Men's Slim Fit Glow in ...,1,15,,2026-03-02 13:00:36.416882,2026-03-02 13:00:36.416882
d93964c0-5326-4607-90e6-2d663a75937a,8400cd8d-265d-45e3-b8a1-f29d48348339,1d9cd2c6-8a0b-47f3-85a7-ece9d405e1ce,VIMAL JONNEY Girl's Slim Fit Track ...,2,11,,2026-03-02 13:00:36.416882,2026-03-02 13:00:36.416882
54ca4b85-2961-4a94-8da2-61433e9befcb,8400cd8d-265d-45e3-b8a1-f29d48348339,dfd6164d-293e-4c96-8a24-cd57dcb370ba,F Gear Army 30 liters Olive ...,2,17,,2026-03-02 13:00:36.416882,2026-03-02 13:00:36.416882
8c81093d-8ea6-4166-80ea-d82bc955fc12,1b9d846a-321c-4c98-a356-a049b0af111b,cb84fe5e-e84d-408d-b11a-c500e33db6e5,Diktmark 30 Meter HDMI Male to ...,3,42,,2026-01-26 08:50:15.416882,2026-01-26 08:50:15.416882
26e7ff1b-2f7e-4e0b-8ccb-753fafd188b3,1b9d846a-321c-4c98-a356-a049b0af111b,d7ec8f0d-6a32-4ccc-a52e-5714eab780d4,Bahamas Men's Grfg Flip Flops Thong ...,5,2,,2026-01-26 08:50:15.416882,2026-01-26 08:50:15.416882
8803ac6a-129d-4dcb-8294-75cf923721b0,14af4c1a-5db8-491e-a084-a4373b59a12f,4cfa31f3-06d5-479b-bcbd-92db17ca09a8,PC Jeweller The Cormac 22k (916) ...,3,538,,2025-11-23 12:26:07.416882,2025-11-23 12:26:07.416882
271056b3-634d-48b5-8baf-71b21a822a78,900df29e-23dd-4bfd-ad21-0d022e110e4c,c934f6e3-db18-4417-a84b-0df539953cbe,EVERDION Women's Lightly Padded Racer Back ...,5,17,,2026-02-14 13:57:38.416882,2026-02-14 13:57:38.416882
9c5d147d-7fb5-43e7-a6cf-4e09e7793d5d,900df29e-23dd-4bfd-ad21-0d022e110e4c,3af4ca3c-50c8-467b-9eed-3a197b415fc3,Arrow Men Shirt ...,5,24,,2026-02-14 13:57:38.416882,2026-02-14 13:57:38.416882
a36e1497-241e-4f5a-892b-f715d84c06af,aab5f056-a12b-40a2-8207-b44d882f3f69,97a36209-2737-407d-9f50-f18c276be621,JJ Traders Generic JEEBEE 40 INCH ...,3,238,,2025-11-14 13:21:24.416882,2025-11-14 13:21:24.416882
d4ba48ee-3d79-4ef4-83c8-a2cf80888d27,e0bc63f9-e4ad-4a94-8c5a-99611f049111,4653dced-14ae-4ef1-893d-33153b045bf2,DRS 2-in-1 Ceramic Plate Essential Combo ...,5,12,,2026-03-12 08:09:10.416882,2026-03-12 08:09:10.416882
268a9e60-382e-40b4-ad3d-b7c4fa390b5f,e0bc63f9-e4ad-4a94-8c5a-99611f049111,a87dc5bf-f1dc-4253-868b-653d25141868,SOFT CAP,3,19,,2026-03-12 08:09:10.416882,2026-03-12 08:09:10.416882
1e1bf052-d315-4e48-9c9d-8d7888f2e116,e0bc63f9-e4ad-4a94-8c5a-99611f049111,14aa8a51-243b-458e-b3e8-e4dce0b9afe2,Sterling Metal 9 Layer Multipurpose Shoe ...,5,24,,2026-03-12 08:09:10.416882,2026-03-12 08:09:10.416882
ebc70f6d-bad7-4260-a18c-ee1ae21cfcb6,e0bc63f9-e4ad-4a94-8c5a-99611f049111,662d46a0-a567-48ee-91b0-a36e1e5a54db,Nike Dri-FIT,4,28,,2026-03-12 08:09:10.416882,2026-03-12 08:09:10.416882
93ad6ca6-df55-40ee-a477-2378e1a815f7,e0bc63f9-e4ad-4a94-8c5a-99611f049111,b4fd9219-b009-41f5-98f2-78a25016995f,"Venttura Omega+Syrup, 500 ml ...",4,18,,2026-03-12 08:09:10.416882,2026-03-12 08:09:10.416882
fb1c98be-f08e-4984-a26c-9a2605333701,7a35da85-895b-4630-b72d-42c93fba0652,8162bf33-41f2-47f8-870a-a42354a82764,Vernier Caliper slide caliper ...,1,4,,2026-02-03 22:31:05.416882,2026-02-03 22:31:05.416882
d83e0ec7-3e0a-4e7b-9dbd-f9a08f13f8e8,faf055a8-d304-4d6a-8cfc-c51e952c78a9,390674d3-2497-40d7-ace4-42778bb1a08b,"Cello Knit Style Sling Basket, Pink ...",4,7,,2026-01-13 03:57:41.416882,2026-01-13 03:57:41.416882
896e4c8b-0427-4c75-b9a4-6652ec3a8c98,660fa2c0-df6e-4139-b26e-922322a33466,5a92630f-844f-4afb-a6ee-f1b3e6cfe533,TRAVELCITY for Hiking Trekking Camping | ...,4,20,,2025-12-26 06:40:51.416882,2025-12-26 06:40:51.416882
0422518d-690f-45ba-8f09-e741b07e7afb,660fa2c0-df6e-4139-b26e-922322a33466,58b220ce-71eb-40eb-a7fa-94daad1f6694,SAN Sports Man_UTD Third Kit 2021-22 ...,1,24,,2025-12-26 06:40:51.416882,2025-12-26 06:40:51.416882
86e03c58-4b6d-49b9-9b0e-37e4ad7e255c,660fa2c0-df6e-4139-b26e-922322a33466,3a4acd91-a015-4419-ac88-8ed0db955556,GEOMETRIC JACQUARD SHIRT,2,39,,2025-12-26 06:40:51.416882,2025-12-26 06:40:51.416882
c96cdaa2-f4a5-4a95-84c8-94d0a5a79b43,f730957c-1ead-43f6-bab8-eb5901ee5078,56182905-f2c1-484f-9dde-f699358a0e8f,Allen Solly Women Sweatshirt ...,3,21,,2026-04-18 09:05:45.416882,2026-04-18 09:05:45.416882
9ccee2d6-e7c9-4835-a782-b591194c6d6e,f730957c-1ead-43f6-bab8-eb5901ee5078,9a2cd20c-deb5-4a2b-8c4c-0ac650c5d5d6,Kaya Clinic Acne Free Purifying Cleanser ...,2,2,,2026-04-18 09:05:45.416882,2026-04-18 09:05:45.416882
d7983de4-9f1c-4e3e-979c-06f2e1ea3b9d,f730957c-1ead-43f6-bab8-eb5901ee5078,bdab3dcf-c556-4f2e-b2c0-23101650c5f3,Virat Kohli Night Light Lamp Engraved ...,4,8,,2026-04-18 09:05:45.416882,2026-04-18 09:05:45.416882
f7041a7d-da8e-4915-952f-8bfa1bf2b695,f730957c-1ead-43f6-bab8-eb5901ee5078,81158f9d-2859-4693-ab7f-95ec8811e449,Shuang You  Mini Boost Wireless Portable ...,4,7,,2026-04-18 09:05:45.416882,2026-04-18 09:05:45.416882
be7f038e-559c-4330-8663-c05d5b4d6d5d,f730957c-1ead-43f6-bab8-eb5901ee5078,a9d59e7b-6745-4bf3-964a-298cb721c858,SHOPEE E27 Double Light Socket with ...,1,17,,2026-04-18 09:05:45.416882,2026-04-18 09:05:45.416882
f5de8635-7bca-4623-954e-48880bb1a6b9,b714740e-91f9-429c-b26e-ce162cb902b6,361a855a-8414-4eea-a6c4-49db93dec15c,Wayona WK Design WDC-039 Alloy Steel ...,3,15,,2025-12-16 12:11:05.416882,2025-12-16 12:11:05.416882
badcf2ba-bcf4-49a9-9bd5-a0853bb995aa,b714740e-91f9-429c-b26e-ce162cb902b6,9d3a4740-4919-454c-9edf-8a583d7b9c3e,PERSONALITEE Pocket Avengers Logo Printed Cotton ...,2,12,,2025-12-16 12:11:05.416882,2025-12-16 12:11:05.416882
9f256e11-ce0c-4834-9385-991b494574f0,b714740e-91f9-429c-b26e-ce162cb902b6,866d1753-ec21-4dab-a2bf-56ad1086b989,"SAARA Karisalankanni Powder, 101g | Bhringraj ...",5,1,,2025-12-16 12:11:05.416882,2025-12-16 12:11:05.416882
ac2f2c2e-04b1-48a3-8e7f-0794b81040b9,21c51687-77ee-4de6-a98d-b1fc8b323cd0,3fe44dad-743d-430f-b701-557665a7d232,FOLGERS (USA) Classic Roast Medium Roast ...,1,24,,2025-12-06 12:28:21.416882,2025-12-06 12:28:21.416882
23bc0bd9-947b-4437-83b1-d7b20591caec,21c51687-77ee-4de6-a98d-b1fc8b323cd0,290b3789-d0c7-42c7-a82c-50ef72d482fd,WorldCare® FTK Fishing Fake Shrimp Squid ...,1,29,,2025-12-06 12:28:21.416882,2025-12-06 12:28:21.416882
155cdc16-287a-4a6e-83f4-01048e4eb545,21c51687-77ee-4de6-a98d-b1fc8b323cd0,b3665633-ea12-4553-a648-f5d816b76747,Justoriginals Pink owl Shape Ceramic Flower ...,2,8,,2025-12-06 12:28:21.416882,2025-12-06 12:28:21.416882
dff0f2c1-7aaa-4a2e-96ad-a62340c258a9,21c51687-77ee-4de6-a98d-b1fc8b323cd0,d454e118-b8f8-4179-b71d-e7ecce5132ce,TOSKA Full Size Tennis Ball Spartan ...,4,20,,2025-12-06 12:28:21.416882,2025-12-06 12:28:21.416882
589e199d-5d00-4aa7-bd87-6d00e6116cd9,21c51687-77ee-4de6-a98d-b1fc8b323cd0,723667da-0e72-4609-adab-da62d2f2930a,PUMA Toddler Girls Rider Future Vintage ...,1,75,,2025-12-06 12:28:21.416882,2025-12-06 12:28:21.416882
7af4f3af-abcb-48c4-b4df-5f8d935ffa24,ec92d248-e946-4e13-b2fa-31e769158d8c,f34c13f2-567b-4d6e-9a41-9f5b38865bd7,Cherokee by Unlimited Men's Slim Jeans ...,3,9,,2026-01-13 23:41:39.416882,2026-01-13 23:41:39.416882
3a575604-7a09-4d7d-a430-05da700634a0,0e9f660d-4d4b-41b2-9da4-607bb18d612d,b8557f48-0627-40ce-b8d6-131b7fac9d5e,AONES Ocean Silicone Watch Strap Compatible ...,2,12,,2026-03-22 09:04:54.416882,2026-03-22 09:04:54.416882
51faeaff-b976-4cdb-8a3d-5436f156bc65,0e9f660d-4d4b-41b2-9da4-607bb18d612d,5f236d6b-aeef-4ddb-a1b8-0e91904c8bd0,MS Enterprise Durable Racket Stringing Machine ...,5,127,,2026-03-22 09:04:54.416882,2026-03-22 09:04:54.416882
0a3dd045-4f6b-4456-84b9-f2cd7c20168b,0e9f660d-4d4b-41b2-9da4-607bb18d612d,24c02bdd-345f-4db4-9d44-720229567b8c,S M SM SMXMXF03 3-Pin gold ...,2,11,,2026-03-22 09:04:54.416882,2026-03-22 09:04:54.416882
ca42bda3-8f9b-418e-a5e1-2190b8eb7f3d,0e9f660d-4d4b-41b2-9da4-607bb18d612d,838ae9a2-03be-48fa-ab02-c15cce489ee8,Pierre Cardin Paris - Truly Matte ...,3,17,,2026-03-22 09:04:54.416882,2026-03-22 09:04:54.416882
3fc9a841-845e-470b-b547-46273eb547f4,2e64a69d-b4fd-4d2f-af38-2effed6df05e,a8abcd55-a558-4f45-bbe1-508f2cae9451,BK Mart Natural Looking Money Plant ...,1,7,,2026-01-05 20:31:06.416882,2026-01-05 20:31:06.416882
c1b75439-e5ac-4d4f-bbfa-8a3d5d4269b7,2e64a69d-b4fd-4d2f-af38-2effed6df05e,1ec33569-e92a-400c-aa12-0ddd1e14321a,CHUNKY TRACK SOLE SHOES,1,59,,2026-01-05 20:31:06.416882,2026-01-05 20:31:06.416882
32a30f8e-2397-4f3c-816b-8c7ec1b09679,2e64a69d-b4fd-4d2f-af38-2effed6df05e,485035f6-2314-45a9-87b8-82ee5e09e36a,Trigcars M A R U T ...,5,42,,2026-01-05 20:31:06.416882,2026-01-05 20:31:06.416882
27588af7-00eb-4dd9-a805-25aa2af05ae5,2e64a69d-b4fd-4d2f-af38-2effed6df05e,d1239080-0751-4969-b350-84cd2b50ec6f,Makita Lawn Mover Blade Model ELM3711 ...,1,54,,2026-01-05 20:31:06.416882,2026-01-05 20:31:06.416882
4602b380-6e52-4578-8f9e-aec2839fadc3,2e64a69d-b4fd-4d2f-af38-2effed6df05e,d9aa0f69-55de-49f3-b2da-69024bff7cd0,"Skipping Rope for Men, Women & ...",3,6,,2026-01-05 20:31:06.416882,2026-01-05 20:31:06.416882
3f6be43b-0ff7-4d01-970c-bee973086c18,f418ffb6-2592-406f-9311-bdddb7cff080,67a4e9af-7b2d-4883-bc72-54e908176f59,WOLTAX USB Rechargeable Automatic Wireless Electric ...,2,30,,2026-02-22 11:16:12.416882,2026-02-22 11:16:12.416882
838e6572-179c-41f5-8fd5-4217ae380516,f418ffb6-2592-406f-9311-bdddb7cff080,240a0cad-2848-4b05-87dd-a96f6ba332db,Bajaj SWX 4 Deluxe 800-Watt 2-Slice ...,4,25,,2026-02-22 11:16:12.416882,2026-02-22 11:16:12.416882
0e23e569-c07f-4081-a37d-30238fd1f03a,f418ffb6-2592-406f-9311-bdddb7cff080,13a3d2fe-5c35-42cf-ad71-1d5a58c8834a,JPT Cordless 21v Screw Driver/impact Drill ...,5,82,,2026-02-22 11:16:12.416882,2026-02-22 11:16:12.416882
5f7cd9e0-3361-4e55-a474-dda3cba5be6f,f418ffb6-2592-406f-9311-bdddb7cff080,206f4236-2d3d-4db0-b562-355122d26c4a,In-Ear Headphones Earphones for Xiaomi Redmi ...,5,10,,2026-02-22 11:16:12.416882,2026-02-22 11:16:12.416882
fc989cb6-7302-48e7-987e-5c1796497447,01932b2d-eb5a-4dfe-a425-b99bfeafcf19,72fc9f60-7bd2-45ef-a092-bd89589d96b5,Camfoot Boy's Multicolor Combo_(2)_9315-1666 Sneaker ...,4,18,,2026-02-01 08:21:02.416882,2026-02-01 08:21:02.416882
8ff38bba-fe44-4a5f-95b8-8259af2ae2cb,01932b2d-eb5a-4dfe-a425-b99bfeafcf19,2952d9ef-6e1d-41ba-a1f6-aeef70e1aef8,Shopnet Wireless Bluetooth Speaker TG113 For ...,1,19,,2026-02-01 08:21:02.416882,2026-02-01 08:21:02.416882
b2c63ddb-1720-4375-9e77-e421243a56b9,01932b2d-eb5a-4dfe-a425-b99bfeafcf19,a87adc5b-3220-4347-b60e-2f09f2d65242,BASIICS Men's Cotton Briefs (Pack of ...,3,4,,2026-02-01 08:21:02.416882,2026-02-01 08:21:02.416882
d9ccc380-1e62-41a1-88e1-751cc76d5cf2,01932b2d-eb5a-4dfe-a425-b99bfeafcf19,d30bc76b-08a6-44ef-b4e9-0d1f1778033d,WORLD WEAR FOOTWEAR Kids & Boys ...,1,18,,2026-02-01 08:21:02.416882,2026-02-01 08:21:02.416882
82f6697c-b8b0-4fed-892f-5bacb8282087,01932b2d-eb5a-4dfe-a425-b99bfeafcf19,aa469ef3-39bf-4da3-9563-771c9340f72e,Sumeet Stainless Steel 3 Compartment Lunch ...,2,14,,2026-02-01 08:21:02.416882,2026-02-01 08:21:02.416882
aadac2f3-1839-4524-af6c-bb8c0bf9b14a,523a3525-048f-4a04-a12d-f3fce9d685b8,2af7e466-3db6-4c28-ac3a-aa2b1ccaf01c,earthsave Canvas Tote Bag for Women ...,1,12,,2025-12-26 19:22:30.416882,2025-12-26 19:22:30.416882
d22809c0-22db-4f8d-987d-8d65e3aa76fc,523a3525-048f-4a04-a12d-f3fce9d685b8,b9f03c3d-67f3-4af5-ac5b-6aa39dff4217,100% WOOL SUIT TROUSERS,2,71,,2025-12-26 19:22:30.416882,2025-12-26 19:22:30.416882
ea885295-f124-4aeb-9614-21bdffd2b1c6,523a3525-048f-4a04-a12d-f3fce9d685b8,5ae7e0b9-abe2-4771-8242-66de7e45d6fe,JAPVA MART Drain Cleaning Tool ABS ...,3,10,,2025-12-26 19:22:30.416882,2025-12-26 19:22:30.416882
8c34ed46-4838-4b32-aadc-a49ae0e744db,523a3525-048f-4a04-a12d-f3fce9d685b8,624fb2e4-272a-420e-94da-cd91d00af85c,TRF DENIM BOX PLEAT DRESS,3,39,,2025-12-26 19:22:30.416882,2025-12-26 19:22:30.416882
fbce3fc9-c42e-4ca0-9036-5d265329e138,4053c683-8c54-4aa0-8095-865989c5c5e4,605e4f94-3812-4a8c-ab3d-6c78f38a92f1,Fashion Gym Bag Duffles Bag for ...,3,8,,2025-12-13 23:22:51.416882,2025-12-13 23:22:51.416882
668df0e9-b204-4023-b948-cd2cadb7369e,4053c683-8c54-4aa0-8095-865989c5c5e4,90ef6c23-b7c7-4262-a9cf-c7a8694cd563,Elgato Wave Pop Filter: Anti-Plosive Noise ...,1,52,,2025-12-13 23:22:51.416882,2025-12-13 23:22:51.416882
9e89278f-3eac-4f20-aeb6-14cd8b39dd3e,4053c683-8c54-4aa0-8095-865989c5c5e4,d76a13f4-7a13-436a-8beb-9fc1fc736a71,Shopnet Wireless Bluetooth Speaker TG113 For ...,1,19,,2025-12-13 23:22:51.416882,2025-12-13 23:22:51.416882
670e697d-5446-499f-96d7-50716699272a,4053c683-8c54-4aa0-8095-865989c5c5e4,c213d6d6-9873-4426-8cea-e0e00a6f39dd,Woogor Long Bristle Plastic Cleaning Brush ...,3,6,,2025-12-13 23:22:51.416882,2025-12-13 23:22:51.416882
4c6f74ea-5027-4e93-bd0b-832b9c30a2c8,4053c683-8c54-4aa0-8095-865989c5c5e4,1863bad6-7458-4116-9cb6-b9e5a8863a1c,Kingsway 4.5D 5D Car Floor Foot ...,4,32,,2025-12-13 23:22:51.416882,2025-12-13 23:22:51.416882
7d5dc94e-58bd-4aa9-9025-b07f80fb9949,cb1fa884-181b-45bd-abf3-714d4de9d010,237c3763-a535-4fd0-937d-756b098de194,Voylla Sea Green Dial Leather Straps ...,3,37,,2026-02-22 08:15:36.416882,2026-02-22 08:15:36.416882
73e88282-f70c-4980-9b99-99decd78068f,cb1fa884-181b-45bd-abf3-714d4de9d010,00765231-1165-4cdd-9ecb-5920efc5dd61,LONG EMBROIDERED BLOUSE,1,59,,2026-02-22 08:15:36.416882,2026-02-22 08:15:36.416882
1bb34383-f28c-4eba-b381-75e22c916e73,cb1fa884-181b-45bd-abf3-714d4de9d010,41cf0e61-2aac-4346-8f13-d758a6c1050b,toothless Barbie Kids Girls Pink Canvas ...,3,12,,2026-02-22 08:15:36.416882,2026-02-22 08:15:36.416882
aa38ca3d-c7a3-4143-ad00-7f2baed598e8,cb1fa884-181b-45bd-abf3-714d4de9d010,e3fe5949-6fac-457d-92e2-937339ac9348,"Gloglamp, Fancy and Stylish Black Bellies ...",3,12,,2026-02-22 08:15:36.416882,2026-02-22 08:15:36.416882
059cf6b4-92ae-4c64-8b8f-e4f1c6e1754f,538f046e-c5af-457c-9c7f-1aef76324ffe,46fe8294-11f5-44fc-9c05-479d343062a0,Furo Sports D.Grey/H.R Red Men Sports ...,2,28,,2025-12-20 14:41:17.416882,2025-12-20 14:41:17.416882
ae4dbfc8-8a90-4728-b331-ada55fab9c18,538f046e-c5af-457c-9c7f-1aef76324ffe,8f714aea-d9f1-4da5-a15b-f4b672d7333a,New Era HAMSTEDE Nylon Waterproof All ...,3,49,,2025-12-20 14:41:17.416882,2025-12-20 14:41:17.416882
6bec472b-366c-4c84-93e5-27b25242010a,538f046e-c5af-457c-9c7f-1aef76324ffe,d44a9893-4b5a-45d8-89b3-5dab1ff00434,ZYME® 25 PCS 10K Ohm Resistor ...,5,2,,2025-12-20 14:41:17.416882,2025-12-20 14:41:17.416882
7aeebb19-7bcb-479c-8506-c76168753a3f,54da7f9b-2062-4d85-a1c9-a6bd9ced3389,a21b6486-eca2-46d0-bd19-5090ae898703,STRETCH REVERSIBLE BELT,1,36,,2026-04-24 03:29:50.416882,2026-04-24 03:29:50.416882
1271e0d3-60de-41e8-989a-9bdab3564d08,54da7f9b-2062-4d85-a1c9-a6bd9ced3389,9db2be29-8dbd-47be-b8f1-20348d8b49db,Carrier 24K Durafresh Invertor Ac - ...,2,821,,2026-04-24 03:29:50.416882,2026-04-24 03:29:50.416882
e8200503-b34e-4c10-860f-837b82cc1a2a,9c0c57f1-835d-4d0c-905d-1f601c678b56,813f6b88-3357-40ba-8c96-d8eb6f339a00,JAIPUR PRINTS 100% Cotton Rajasthani Jaipuri ...,4,15,,2026-02-14 07:03:55.416882,2026-02-14 07:03:55.416882
6cd9ea29-fd59-4fd6-b169-59b40dba233f,9c0c57f1-835d-4d0c-905d-1f601c678b56,a7d69c1b-05ca-4dda-9866-82e6b1ba1ae9,ADRO Men's Cotton Hooded Neck Hoodies ...,3,33,,2026-02-14 07:03:55.416882,2026-02-14 07:03:55.416882
35188330-a3aa-47a9-9ca9-b61b51d61862,90e41ba1-4cf7-4fc8-a2df-7e881f438003,ef7e1d0a-87ab-4c09-9051-1b12c9f41341,"AGARO Alpha Magnetic Crosstrainer, 8 Magnetic ...",4,667,,2026-02-27 19:09:33.416882,2026-02-27 19:09:33.416882
6b08236f-f403-4823-bd7b-7276574941eb,90e41ba1-4cf7-4fc8-a2df-7e881f438003,7814586f-e2ca-459c-8259-5562d44015ee,"Sony SRS-NB10 Wireless Neckb& Bluetooth Speaker, ...",3,167,,2026-02-27 19:09:33.416882,2026-02-27 19:09:33.416882
1e9fc352-063f-4b6f-896e-0ba7c7900f9f,cd6ca9c9-03a2-482a-a89f-b25623b05e71,e6b73260-e9d5-4dc7-9dc1-c6153f292ab3,Poximo Women's Fashion Tape/Double Sided Fashion ...,3,8,,2026-03-20 11:40:55.416882,2026-03-20 11:40:55.416882
7f9b607a-6c6d-49b2-8ab0-0db6eea00180,cd6ca9c9-03a2-482a-a89f-b25623b05e71,15a0dffa-8044-4c33-98fc-05dd58925e15,GAS GEYSER THERMOSTAT BY SANAVYA ...,4,3,,2026-03-20 11:40:55.416882,2026-03-20 11:40:55.416882
cd95528a-2782-4b33-a436-41af99aa50ff,cd6ca9c9-03a2-482a-a89f-b25623b05e71,327ad174-982b-403b-b3b3-4ece46271fb7,Panasonic 2 Ton 5 Star Wi-Fi ...,4,1046,,2026-03-20 11:40:55.416882,2026-03-20 11:40:55.416882
f048dda9-02a3-4811-ab90-44c32f43c529,cd6ca9c9-03a2-482a-a89f-b25623b05e71,0192fec5-aa8b-4bc8-8aac-b2b520363cab,U.S. POLO ASSN. Men Regular Fit ...,4,9,,2026-03-20 11:40:55.416882,2026-03-20 11:40:55.416882
c6220b3c-b1bd-473d-a664-8f94b1867ed3,cd6ca9c9-03a2-482a-a89f-b25623b05e71,ac7e6dd2-e667-4cbf-8ddb-153e282cc39c,DeoDap PCI Cardboard Trouble Gum Mouse ...,1,4,,2026-03-20 11:40:55.416882,2026-03-20 11:40:55.416882
6d3f1cb8-1e18-49d1-86dc-dade1add63df,5814d422-9eb7-4bc9-9a4d-84365c6ff0c6,78d54fe2-b4cd-4618-b84b-4df6af7afb44,VICLEO Badminton Birdies (500) ...,5,80,,2025-12-01 22:04:22.416882,2025-12-01 22:04:22.416882
425459b5-384d-420e-b67a-0d258b7a4994,5814d422-9eb7-4bc9-9a4d-84365c6ff0c6,898d79f0-0d54-4637-ae2f-f883272f55ce,Oof Wox Softy Material Genuine Leather ...,4,30,,2025-12-01 22:04:22.416882,2025-12-01 22:04:22.416882
2c1c7fc8-d1b2-452d-be0c-06679d110e3f,5814d422-9eb7-4bc9-9a4d-84365c6ff0c6,e3d5e44a-ae91-45a9-acab-df93ba81f1a2,Ben Martin Men's Regular Fit Jeans ...,5,32,,2025-12-01 22:04:22.416882,2025-12-01 22:04:22.416882
894ecdb6-7d04-4d20-9d34-827342a3d6a0,5814d422-9eb7-4bc9-9a4d-84365c6ff0c6,f0668838-15e6-4cca-a5d3-7d87445eea45,Sidharth Gems 9.25 Ratti Brazilian Emerald ...,1,14,,2025-12-01 22:04:22.416882,2025-12-01 22:04:22.416882
5ffe358f-d3f3-43bc-a866-b46994cc6ddd,5814d422-9eb7-4bc9-9a4d-84365c6ff0c6,f94a510c-c642-4d50-9897-4a2787b5df87,Mom & World Kidsy Face Wash ...,4,5,,2025-12-01 22:04:22.416882,2025-12-01 22:04:22.416882
cc4def42-6240-437e-b706-d6b1ad05bfae,eac09ae1-c5fd-4776-a46d-1e932a2c20e0,8954acef-d05d-4d9c-bdef-b5753e092c5d,100% SILK TEXTURED TIE,3,31,,2026-03-29 20:10:06.416882,2026-03-29 20:10:06.416882
4a53271e-a49d-42b6-bae0-ba6c863ff85b,eac09ae1-c5fd-4776-a46d-1e932a2c20e0,184e20ca-0e81-4224-9c80-5fcd40f8c684,Harbell Home Anjali Overseas 200 GSM ...,2,39,,2026-03-29 20:10:06.416882,2026-03-29 20:10:06.416882
ef2ec7db-f766-4875-85a8-74ed2cc7ab80,eac09ae1-c5fd-4776-a46d-1e932a2c20e0,d38ef758-b7f6-4a5f-8803-2e0eab7e71ba,Granthi Enterprise PP Spun Filter | ...,2,36,,2026-03-29 20:10:06.416882,2026-03-29 20:10:06.416882
5423d613-da06-4bef-ac8d-4bba552d464c,4d17ed5f-1f9e-444e-ae5e-907491b63dfd,e695b4de-c32d-4c83-8630-af179567e6d7,"SAARA Thotta Sinungi, Mimosa Pudica Powder, ...",1,2,,2025-12-08 06:18:55.416882,2025-12-08 06:18:55.416882
55b3593d-2101-4a11-a8d4-f22b1d5bbae3,4d17ed5f-1f9e-444e-ae5e-907491b63dfd,66d4bd8b-1c89-4a7e-a78f-d83a2b1dbeb6,Harry Potter 1–3 Box Set: A ...,4,12,,2025-12-08 06:18:55.416882,2025-12-08 06:18:55.416882
a4997acd-8295-4d34-b402-7d744ce9c0b6,4d17ed5f-1f9e-444e-ae5e-907491b63dfd,3e3ca7b9-d6f0-4030-9ef4-0c8cf867b290,"FOONTY Shopping Women Handbag(Brown,6194) ...",5,6,,2025-12-08 06:18:55.416882,2025-12-08 06:18:55.416882
f48842f2-e61b-479d-8376-6dbb358b8b11,4d17ed5f-1f9e-444e-ae5e-907491b63dfd,5fa185af-1712-47fa-81f5-240308d7e6e8,Nina Stroller Cum pram N20 Purple ...,1,79,,2025-12-08 06:18:55.416882,2025-12-08 06:18:55.416882
b08ac155-8fd0-4695-83db-f6561e2b6bfe,4d17ed5f-1f9e-444e-ae5e-907491b63dfd,51f7974f-e9b7-4cc9-b76a-d6178c86b6cd,Cyruss USB 3.0 to HDMI HD ...,4,85,,2025-12-08 06:18:55.416882,2025-12-08 06:18:55.416882
26c3121a-7ceb-473a-97e0-e9a97128b5ce,10f227a7-f0cd-4e10-952b-4da7e4ef2930,152f3b09-d1d8-4813-964f-55365b84725d,Calendar Women's Georgette Printed Saree Jacquard ...,2,36,,2026-03-05 10:04:24.416882,2026-03-05 10:04:24.416882
9ca3a22e-d806-469d-86d0-07c940aabef2,10f227a7-f0cd-4e10-952b-4da7e4ef2930,5f96f66e-a71b-4b63-a034-dae7c058013f,ASYMMETRIC DENIM TRF DRESS,4,48,,2026-03-05 10:04:24.416882,2026-03-05 10:04:24.416882
ffaa98e6-8673-4d4c-9855-3dd03e783cea,0aaed4c8-d3a3-454c-ad30-5e135b7a6f84,70ab607a-51d2-4637-8a93-5335cf10905b,TARQ kardam&sons Trending Fashionable Luxury Canvas ...,1,12,,2026-01-04 11:24:48.416882,2026-01-04 11:24:48.416882
e4d4a971-7ec9-4e21-961e-0f3309341a72,156bd1d5-5599-49c4-9aee-ec032a55e604,1bdb5496-2d90-434e-b065-59d32e22b629,Lucky Women's Anlissa Flat Sandal ...,2,126,,2025-11-17 06:32:13.416882,2025-11-17 06:32:13.416882
c28b2617-6805-44e2-8097-12c1a5543b48,156bd1d5-5599-49c4-9aee-ec032a55e604,6f795cef-5fad-411f-a643-f4b53f0e5622,Lucky Brand Women's Mid Rise Ava ...,2,212,,2025-11-17 06:32:13.416882,2025-11-17 06:32:13.416882
4d220e17-792f-4b5c-9f46-9410b504064d,156bd1d5-5599-49c4-9aee-ec032a55e604,ea21f8c3-eb4d-431d-ad80-65ed253f8e2d,Babymoon (Set of 2) 1 Cloth ...,5,9,,2025-11-17 06:32:13.416882,2025-11-17 06:32:13.416882
5f41d37f-c09e-4965-913a-40e9d37d61fb,156bd1d5-5599-49c4-9aee-ec032a55e604,ee304cf8-6c92-4f4e-8688-bd076dfdd9f4,USHA Colossus Rust Free Aluminium Blade ...,2,48,,2025-11-17 06:32:13.416882,2025-11-17 06:32:13.416882
36c638f5-4467-49a1-9ecf-ff2e4955ec01,2ad8a0f9-8f69-40ee-81b5-1ec0f905f587,7ca4d9ac-e843-4594-9b95-9f808d1ab506,kingvox 2.1 Speakers With 4 Inches ...,2,42,,2025-12-11 21:32:25.416882,2025-12-11 21:32:25.416882
c3e41b43-49e9-4053-95d2-91c57c6dd27d,2ad8a0f9-8f69-40ee-81b5-1ec0f905f587,390a9169-3537-4319-86f3-b55ced007bf5,Petric Enterprise IPA Iso Propyl Alcohol ...,1,60,,2025-12-11 21:32:25.416882,2025-12-11 21:32:25.416882
e55d1fb1-7129-4ff8-86d5-089647c6e87b,fad1e543-5bcd-4c3e-8a2c-0a5a3efdf64c,4da86bb0-0d70-490b-bc6a-add793a433b6,PRO GYM Men Cool Dry Compression ...,1,12,,2026-01-23 17:43:42.416882,2026-01-23 17:43:42.416882
b9b6dfa8-7a6f-452b-a97b-0e475215c163,fad1e543-5bcd-4c3e-8a2c-0a5a3efdf64c,87e199c6-8505-42db-8fb6-b35a66e31fa6,Bumtum Ultrahygiene Freesize Cloth Diaper for ...,5,8,,2026-01-23 17:43:42.416882,2026-01-23 17:43:42.416882
3851a111-b2b7-43a9-ade9-2831fae97d16,fad1e543-5bcd-4c3e-8a2c-0a5a3efdf64c,63c05653-1f14-4e08-8fc9-f7214cef98c0,United Colors of Benetton Boys Long ...,1,20,,2026-01-23 17:43:42.416882,2026-01-23 17:43:42.416882
b5cfd997-83f0-4d1a-beda-e34cd5219047,8088ebdc-77c1-4b4e-9102-9891457ca047,ee6d781a-45ce-4257-8524-54ce80866c4a,Kuber Industries Multiuses Floral Print Plastic ...,3,4,,2026-04-09 21:34:54.416882,2026-04-09 21:34:54.416882
1d73169b-36b9-4360-8f85-391e885ddd55,8088ebdc-77c1-4b4e-9102-9891457ca047,67a4e9af-7b2d-4883-bc72-54e908176f59,WOLTAX USB Rechargeable Automatic Wireless Electric ...,2,30,,2026-04-09 21:34:54.416882,2026-04-09 21:34:54.416882
a382b495-c518-499c-94a7-b4b866631c3f,8088ebdc-77c1-4b4e-9102-9891457ca047,e5a80111-eaa3-4470-93bb-61aed4fa4792,Havells-Lloyd 225 L 3 Star Inverter ...,3,256,,2026-04-09 21:34:54.416882,2026-04-09 21:34:54.416882
d9204c24-550b-413f-a2c1-f5561c024f2f,834fa53b-47ca-451c-81fb-246d72811f93,9158f2b8-d8eb-40c5-9311-28de070c34de,Children Hub Electric Baby Nail Clippers ...,2,18,,2026-03-14 12:45:45.416882,2026-03-14 12:45:45.416882
72a1ada4-5728-4821-a25b-82596950fcd7,834fa53b-47ca-451c-81fb-246d72811f93,e75ebca3-0e1a-404d-aa9e-3e317522e7af,Slate Pencils India Clay Globe brand ...,5,5,,2026-03-14 12:45:45.416882,2026-03-14 12:45:45.416882
a125a7d7-e3af-4855-9a79-ff47ee25e175,834fa53b-47ca-451c-81fb-246d72811f93,d13192a6-2ee6-4cec-a298-4cdbb13efe93,DecorSecrets Electronics 6 inches 12 Volt ...,5,6,,2026-03-14 12:45:45.416882,2026-03-14 12:45:45.416882
c707c1e8-61c7-4084-b2bd-2b71be369207,29cde9e3-0d13-4df1-b16d-6899128a9d61,8736efc9-f817-4e91-a8c2-579d1445819b,RELAXED FIT JEANS,1,59,,2026-04-05 18:16:34.416882,2026-04-05 18:16:34.416882
d30e1819-e391-4bc3-a040-829272eee761,29cde9e3-0d13-4df1-b16d-6899128a9d61,0ea673b2-16b2-4da2-8474-a8a99034f806,De Fabulous Get Closer Scalp Aid ...,4,32,,2026-04-05 18:16:34.416882,2026-04-05 18:16:34.416882
62a9d26c-a58d-4046-a464-0c31312b8f5a,29cde9e3-0d13-4df1-b16d-6899128a9d61,f89002ce-bfcf-4158-ab4e-e3f95299fee0,SARTE SA67S67 Bike Tank Pad Sticker ...,1,8,,2026-04-05 18:16:34.416882,2026-04-05 18:16:34.416882
441dc977-8b8f-4637-bc1e-c8cf450d5915,29cde9e3-0d13-4df1-b16d-6899128a9d61,2c5346b3-3dac-4654-9df4-e379ab1af3dc,Aries Agro Limited 0-0-50 ...,4,5,,2026-04-05 18:16:34.416882,2026-04-05 18:16:34.416882
f54472fb-c36d-46e6-a488-9a9102f978b9,0bab1478-9a29-4768-ac6a-0ce1782206f2,7b5dfbd9-606b-47c6-b773-95755cd9c8d4,PEAK Men Running Shoes (E52281H) ...,1,41,,2025-11-07 23:44:34.416882,2025-11-07 23:44:34.416882
0e731cce-1cbf-4126-88fe-618bc5ba89f6,b988b3e0-9fa7-4340-8a06-4f7db59abeb2,77f174d3-671b-4f4f-8392-5f7abac6fb40,LLOYD 109 cm (43 Inches) 4K ...,5,571,,2026-04-05 04:48:03.416882,2026-04-05 04:48:03.416882
d9e372a9-0abe-4f47-bfdd-e7fb52febe8b,b988b3e0-9fa7-4340-8a06-4f7db59abeb2,09255257-cc9d-40ac-b695-b51050a49886,SEMI-SHEER BLOUSE WITH HOOD,3,59,,2026-04-05 04:48:03.416882,2026-04-05 04:48:03.416882
5b7807f2-dfda-434a-a50e-4296cf64a278,b988b3e0-9fa7-4340-8a06-4f7db59abeb2,1f55301c-a16e-4136-9846-25bd7c1f3729,motherly Women's Nylon Heavily Padded Wire ...,4,12,,2026-04-05 04:48:03.416882,2026-04-05 04:48:03.416882
3fbf2ec7-205d-4c7c-a211-9ab216a43b14,b988b3e0-9fa7-4340-8a06-4f7db59abeb2,d21601a7-0c6b-4705-ac04-477b039daeb9,Malhotra's Soft Bristles Multipurpose Cleaning Duster ...,3,5,,2026-04-05 04:48:03.416882,2026-04-05 04:48:03.416882
be3180e7-1e2f-426e-9c3b-365702f10754,e5ecd589-1593-4a55-bae7-505b1f05e428,5fcecc63-278d-43c3-89a9-ffd93643cf89,Havells Accelero High Speed 400mm Wall ...,1,44,,2025-11-22 14:39:21.416882,2025-11-22 14:39:21.416882
a60ad736-7185-4ec5-8d6c-df99bac0ca44,e5ecd589-1593-4a55-bae7-505b1f05e428,682299ea-aee1-4049-83c5-2ce6419c771a,Creative Farmer Live Plant Coffee Tree ...,1,2,,2025-11-22 14:39:21.416882,2025-11-22 14:39:21.416882
7ee261b6-04fe-48e9-98f5-bbe9f1feed0f,e5ecd589-1593-4a55-bae7-505b1f05e428,5cf05635-311a-4038-9dd3-669f6f30edc1,Kundan 0.5g Gold Coin 24k (999.9) ...,5,49,,2025-11-22 14:39:21.416882,2025-11-22 14:39:21.416882
fca53f25-3c72-4994-b03e-bcabfdf1c222,9084d45c-68d3-472a-8518-c674f3b8d7f0,23092a5a-2c9e-4f6e-a6c5-8a805f9c154a,McVitie's Digestive High Fibre biscuits with ...,3,2,,2026-04-13 07:28:19.416882,2026-04-13 07:28:19.416882
02ca58d1-5a59-4f3b-8afd-42ef637615fb,9084d45c-68d3-472a-8518-c674f3b8d7f0,b8f42be0-7d9b-468d-8d5c-a710b128d10e,GlobalNiche® Fashion Women Sunglasses UV400 Eyeglass ...,1,23,,2026-04-13 07:28:19.416882,2026-04-13 07:28:19.416882
5189ea3e-9a0b-4c95-9655-9817aac48c85,9084d45c-68d3-472a-8518-c674f3b8d7f0,8efcc1f9-d0a6-44c5-8b96-9a15bc7de77c,CHUNKY SANDALS,2,21,,2026-04-13 07:28:19.416882,2026-04-13 07:28:19.416882
503bb184-d427-460b-b7f1-751191316895,9084d45c-68d3-472a-8518-c674f3b8d7f0,50df8d73-b231-40cb-9826-005228d7a6a5,Shure RPW112 Replacement Microphone ...,5,232,,2026-04-13 07:28:19.416882,2026-04-13 07:28:19.416882
d9aaa663-0245-46a2-be2f-a8c8e18c2515,9084d45c-68d3-472a-8518-c674f3b8d7f0,8d93f63c-83ee-480f-a253-7aedd83b932c,Aroma Galaxy Natural Lemongrass Room & ...,1,5,,2026-04-13 07:28:19.416882,2026-04-13 07:28:19.416882
880b2884-51dc-4d54-aa41-2be4f1be8f21,916005cc-1ca3-4f11-9835-9b4be7741368,cc242038-d858-4aca-b474-9bb1cc79b15e,WorldCare® 1000Pcs* 3x4mm Olva Fishing Hard ...,2,54,,2026-01-20 12:19:55.416882,2026-01-20 12:19:55.416882
8dd273fb-9555-49c7-a43a-077689abecfd,916005cc-1ca3-4f11-9835-9b4be7741368,7c96cab4-4a1c-4749-af0d-87aadc03287c,BASIC KNIT SWEATER,3,22,,2026-01-20 12:19:55.416882,2026-01-20 12:19:55.416882
3cac2b7b-28d8-4fc1-bc30-e1acc4e984e3,916005cc-1ca3-4f11-9835-9b4be7741368,5751775c-7604-49ec-bcdb-00a8601d072d,Super Absorbent 2 Ply Kitchen Printed ...,4,3,,2026-01-20 12:19:55.416882,2026-01-20 12:19:55.416882
22df2534-2455-427f-b23c-da2e0a7e447a,916005cc-1ca3-4f11-9835-9b4be7741368,24d1246a-551d-40ff-83cd-194565ec1aa3,"Silakiva Women's Maternity Dress, Side Zipper ...",5,26,,2026-01-20 12:19:55.416882,2026-01-20 12:19:55.416882
905953f6-0086-4c87-8e62-cdbb2ecc3873,e010ad7b-67e8-43bc-8625-6443bc20c329,a377d231-cf3a-4b7d-af98-c58fbd91a190,INDOPOWER - All -in ONE Vehicle ...,4,10,,2025-12-16 04:13:12.416882,2025-12-16 04:13:12.416882
53a93e9d-c973-42da-b114-5bd393e6e76b,e010ad7b-67e8-43bc-8625-6443bc20c329,4134058a-940f-4815-9a8f-9e4b61fa518c,Fashion My Day Tent Stakes with ...,2,18,,2025-12-16 04:13:12.416882,2025-12-16 04:13:12.416882
35956a34-74c5-4951-831b-66a4bc3f43b8,e010ad7b-67e8-43bc-8625-6443bc20c329,3987d0fe-3092-43de-bf72-df7b9f84a37f,Caprese Womens Zip Closure Tote Handbag ...,4,51,,2025-12-16 04:13:12.416882,2025-12-16 04:13:12.416882
bb5f33c5-3b60-43c1-a31c-375145706763,e010ad7b-67e8-43bc-8625-6443bc20c329,dacc4efd-7066-4876-8ef3-593b07b9cee7,Lucky Brand Off-The-Shoulder Lace Crop Top ...,4,79,,2025-12-16 04:13:12.416882,2025-12-16 04:13:12.416882
8fce503b-570c-4580-9df7-29c6d71b599c,e010ad7b-67e8-43bc-8625-6443bc20c329,729b7344-5ca4-472e-814c-21873e43cced,Shubhanjali Red Carnelian Oval Shape Stone ...,1,19,,2025-12-16 04:13:12.416882,2025-12-16 04:13:12.416882
5709dd3a-de8a-4688-8ef6-4a67b7d1554f,fc82bdf9-3682-4df5-a39d-b1c5c931b872,86fe1b17-49d9-4fad-ace5-d366edd15072,Picksparrow Baby Girl Embroidered Cotton Silk ...,5,12,,2026-04-04 07:59:09.416882,2026-04-04 07:59:09.416882
ed458b95-0350-40a1-900d-284a82fd78ce,fc82bdf9-3682-4df5-a39d-b1c5c931b872,25510dc6-49fc-4e37-a3c6-b344ede04944,AJANTA Black Color Men's Formal Shoe-DB0394 ...,2,10,,2026-04-04 07:59:09.416882,2026-04-04 07:59:09.416882
3837cc76-bb67-4c54-9682-2b7fd0697c7e,fc82bdf9-3682-4df5-a39d-b1c5c931b872,be31cae4-778c-40de-aef1-67887570c7ff,"Similac Advance Infant Formula Stage 1-400g, ...",4,10,,2026-04-04 07:59:09.416882,2026-04-04 07:59:09.416882
8ac21234-238b-4249-8ba2-37aac9979756,fc82bdf9-3682-4df5-a39d-b1c5c931b872,a26fca4a-2a2e-4a41-aec0-e22f511398f9,foxcare Leather Cleaner and Leather Detailer ...,5,17,,2026-04-04 07:59:09.416882,2026-04-04 07:59:09.416882
17e9f716-dbb1-47c8-9019-091ffc84d02d,fc82bdf9-3682-4df5-a39d-b1c5c931b872,1d914439-62b1-47df-9672-2163bd3e1a83,Baby Dress Girl and Boy Sleeveless ...,3,12,,2026-04-04 07:59:09.416882,2026-04-04 07:59:09.416882
9a59c918-6448-4277-a859-05c62bc77d83,02fcf1dd-1981-464a-bb0a-02df8e790313,c903998d-6530-4ce5-a6b2-2e488a703b62,FADED CANVAS BACKPACK,3,39,,2025-11-08 09:30:37.416882,2025-11-08 09:30:37.416882
1fcb766a-3f09-4345-8df2-02ab6cad1bc4,02fcf1dd-1981-464a-bb0a-02df8e790313,fd0ebeeb-760d-403e-8404-928bc0bfe2dc,Pepe Jeans Men Jeans ...,2,27,,2025-11-08 09:30:37.416882,2025-11-08 09:30:37.416882
27a40aef-c4f9-4c1f-b808-afdabe59f805,02fcf1dd-1981-464a-bb0a-02df8e790313,873b3e36-68fa-4f1b-a5af-cf75a01ed4ed,INDIZO Men's Regular Fit Sleeveless T-Shirt ...,3,36,,2025-11-08 09:30:37.416882,2025-11-08 09:30:37.416882
1fce3b88-26d4-4eaa-ad3c-347a0b787adf,52a8f379-72b0-4db5-a4a9-d1321a28b71e,1b26039b-e981-46fe-97e1-ed67ae0a41cd,global desi Women Shirt ...,2,18,,2025-12-01 09:04:51.416882,2025-12-01 09:04:51.416882
302e5901-bad9-4559-80d6-4a0c6f5d7d39,52a8f379-72b0-4db5-a4a9-d1321a28b71e,78de7f85-a888-4054-bfa5-89a86cb753a7,Mamaearth Natural Insect Repellent for Babies ...,5,4,,2025-12-01 09:04:51.416882,2025-12-01 09:04:51.416882
d036a1d6-caea-420b-8d43-082de8e29314,bcb6507e-88cd-444c-b177-b65ffb44a94d,dff7a5c1-7d6d-4fa2-8b2c-4f079b221a5e,Nike Dri-FIT Performance Select,1,58,,2026-04-04 13:15:06.416882,2026-04-04 13:15:06.416882
e8a92a47-43f9-428d-9423-13845bc84a77,bcb6507e-88cd-444c-b177-b65ffb44a94d,4eb0b021-d62a-4cc9-9f84-341131436c40,KONVIO NEER Imported Digital LCD TDS ...,5,8,,2026-04-04 13:15:06.416882,2026-04-04 13:15:06.416882
2f0daff0-067f-409d-9b60-8cea1d07f392,bcb6507e-88cd-444c-b177-b65ffb44a94d,4342f4cc-3226-42a5-9f68-98b4ef8b93f0,KNITROOT Unisex Baby Bodysuit for Toddler ...,1,10,,2026-04-04 13:15:06.416882,2026-04-04 13:15:06.416882
9b684c31-777e-42d0-886c-c91e01709ee3,bcb6507e-88cd-444c-b177-b65ffb44a94d,6489f499-eba0-4261-9a70-a9795566114c,Krishna Analogue Round Dial Latest Fashion ...,4,15,,2026-04-04 13:15:06.416882,2026-04-04 13:15:06.416882
d07d7182-eea8-4d70-8b0c-ee220cd3c1d7,395c2b79-452e-4725-9ce8-8ab667ed99ab,87c9ced1-224f-4820-876d-a2e815e36621,Opticalskart ᵀᴹ Sunglasses Combo with Jockey ...,4,11,,2025-12-14 00:16:29.416882,2025-12-14 00:16:29.416882
60436abb-5525-41ce-b834-f7a2fa03b460,395c2b79-452e-4725-9ce8-8ab667ed99ab,c2cbbd8b-acc2-4b8c-8e98-b0ab80351ec3,7 chakras ORGANIC(200g) Dried Goji Berries ...,4,5,,2025-12-14 00:16:29.416882,2025-12-14 00:16:29.416882
083510d6-57e3-41cc-aec9-094b5673e69b,f9ae01a2-6e0e-481f-a622-409e4fc72210,f4f411a0-0211-4e2b-bd29-c34de96e7bf8,Technoview 12MP WiFi Mini Camera Full ...,3,107,,2026-01-15 17:53:05.416882,2026-01-15 17:53:05.416882
ec2cdfb1-13a7-46f0-bf69-5845752456a2,f9ae01a2-6e0e-481f-a622-409e4fc72210,1000092e-44be-453a-8c91-dfc45aaea5d9,crocs Unisex-Child Clscutiecgk Clog ...,2,33,,2026-01-15 17:53:05.416882,2026-01-15 17:53:05.416882
55dac870-6910-4f4a-9bd7-de916a3f6d75,f9ae01a2-6e0e-481f-a622-409e4fc72210,7c4342c0-c4a5-4c1a-9d61-2e9fad194b43,KTM Healthcare® HK1240 : BlueSardine 50PCS ...,4,152,,2026-01-15 17:53:05.416882,2026-01-15 17:53:05.416882
548bd3a6-bf66-4f42-a7cc-f111cbc4976e,e1dd1258-97b0-411c-a1eb-29741b41b25d,54c98985-3040-438b-a2fb-91a5d4ea5412,siddhmurti Slique Eyebrow Face and Body ...,1,11,,2025-12-30 18:04:47.416882,2025-12-30 18:04:47.416882
d3054e55-5935-405c-b137-055389fbdfbf,30f7a043-a88f-4d16-ada5-c7c285ae806c,5cb4abff-581b-49d2-833e-6b4582c75ff2,"Verat Foldable, Anti slip Universal Guitar ...",4,12,,2025-12-07 02:59:41.416882,2025-12-07 02:59:41.416882
884f97de-5962-4759-9eea-d65ab8742feb,30f7a043-a88f-4d16-ada5-c7c285ae806c,e8fa2f16-8748-48de-a019-4e61f5f7a885,Bella Vita Organic EyeLift Hydrating Natural ...,1,4,,2025-12-07 02:59:41.416882,2025-12-07 02:59:41.416882
046fb374-3ce6-4a42-a367-eab263108f18,d55d0a2f-a1cc-4bc3-89d7-3edd537c9e92,94d6bf93-6ffa-4c65-be9c-d0bb40ddf1c8,Marc Cleaning Products Round Toilet Brush ...,5,7,,2026-03-25 14:15:24.416882,2026-03-25 14:15:24.416882
e77314c5-5a23-4423-a277-037952acf21d,d55d0a2f-a1cc-4bc3-89d7-3edd537c9e92,c50e4c39-86b8-4b82-91e6-be1553697f8c,global desi Women's Polyester Regular Kurta ...,3,31,,2026-03-25 14:15:24.416882,2026-03-25 14:15:24.416882
2fdb38e1-f081-43d1-a6bb-5fba228e4c76,d55d0a2f-a1cc-4bc3-89d7-3edd537c9e92,675264da-7453-44c5-bb95-76800d168fa2,GATHERED RAMIE SHIRT,1,39,,2026-03-25 14:15:24.416882,2026-03-25 14:15:24.416882
d660576f-c154-4667-9df6-f2f6860c6d72,cdfa35ea-1477-4570-8d7f-e9f8d058e049,0567d889-8106-44c1-b344-8bf38344b055,PRINTED BOMBER JACKET,4,59,,2026-03-01 11:26:11.416882,2026-03-01 11:26:11.416882
13409695-3843-4d6a-a63b-60328e8ef4b1,cdfa35ea-1477-4570-8d7f-e9f8d058e049,48ac89a3-3ba7-4c89-ab4e-4739cfc7e2f2,SHAUN Girls Polyester Blue Tracksuit 89TSGBlue34a ...,5,24,,2026-03-01 11:26:11.416882,2026-03-01 11:26:11.416882
8ebd4605-8276-4e59-b1fe-e90e7f480475,b0341d05-4d4e-48a1-9f7a-2f10c225f7b4,da0ceccc-7dce-42b8-8d34-2996dfed6c28,Jockey 1301 Women's Super Combed Cotton ...,1,11,,2026-04-08 02:27:46.416882,2026-04-08 02:27:46.416882
3fe30b0c-8605-4a3f-93f3-e5057a4b9741,b0341d05-4d4e-48a1-9f7a-2f10c225f7b4,b079969c-e4be-44bb-b7c1-20e4c4c14c9a,"Arumba Moringa Tablets 150 Nos, Shigru ...",4,3,,2026-04-08 02:27:46.416882,2026-04-08 02:27:46.416882
b632501b-01f4-428b-bbbb-11f8c718f689,b0341d05-4d4e-48a1-9f7a-2f10c225f7b4,9bd0868f-6962-41df-b96f-23f489877023,PUMA Mens Softride Enzo Evolve Running ...,5,141,,2026-04-08 02:27:46.416882,2026-04-08 02:27:46.416882
16f0fafc-ad8c-4be5-aba2-5dc52a354abb,b0341d05-4d4e-48a1-9f7a-2f10c225f7b4,16db9d7a-117c-4259-90f6-52379a1c410e,Hopscotch Boys Cotton Solid Slim-Fit Short ...,2,4,,2026-04-08 02:27:46.416882,2026-04-08 02:27:46.416882
a216b9bb-0f09-4527-881c-ad836f4ca0f3,b0341d05-4d4e-48a1-9f7a-2f10c225f7b4,da4057b6-3f14-40ff-99e9-024d5695f553,"Little Pumpkin Kiddie Kingdom Baby Stroller, ...",5,59,,2026-04-08 02:27:46.416882,2026-04-08 02:27:46.416882
124b3e24-8194-4453-969f-83994b07b11f,4958a576-b776-42df-9eae-4f9a64a05d9b,f5a01918-6c3a-48c7-9768-b55393a37705,Learning The Basics Of Home Theater ...,4,0,,2025-11-05 04:18:13.416882,2025-11-05 04:18:13.416882
a24d6895-6efc-4a9f-bfb4-e9811f73603c,4958a576-b776-42df-9eae-4f9a64a05d9b,5eb800b2-9d4b-4f3a-9c42-0ce6b784b645,Trylo Women's Cotton Non Padded Wire ...,5,10,,2025-11-05 04:18:13.416882,2025-11-05 04:18:13.416882
86b7c49c-bb5d-4f02-9107-d5e6397df983,4958a576-b776-42df-9eae-4f9a64a05d9b,63ad68de-c2e0-410f-9f3c-14c519aa502a,"Funskool Games - Anti Monopoly, The ...",4,7,,2025-11-05 04:18:13.416882,2025-11-05 04:18:13.416882
d253c10a-2be1-4d93-9f9a-d451aa07599c,4958a576-b776-42df-9eae-4f9a64a05d9b,47f9af38-1b89-4aef-b61b-aac7460aee8c,Heat Heritage86,5,30,,2025-11-05 04:18:13.416882,2025-11-05 04:18:13.416882
df4413ff-0c5b-4ab5-9b32-5572cfc820a2,5e559462-0f99-42c8-888e-b911a9bc2997,e9635517-62a7-4ab1-ae78-dc63d1073bef,Imagimake: Mapology World with Flags & ...,4,10,,2025-12-05 17:05:24.416882,2025-12-05 17:05:24.416882
1ffc5ef8-fa43-46fa-97c0-5925652d4294,b7221dd3-7fe6-40ee-a7ce-7df7aa709c22,71778d47-9387-4387-ae9b-7ed08c0b7bba,"Phenomenal Round Sunglasses for women (Silver, ...",4,15,,2026-02-25 16:08:51.416882,2026-02-25 16:08:51.416882
cf33f47d-df16-4ad3-929b-5f9d213d7332,11612653-1c2a-460c-a612-fddc4772c9c8,a3a72450-cc60-4f4e-8102-2bda90d6f782,crocs unisex-adult Bayaband Clog LEMON/WHITE Clog ...,1,42,,2025-12-09 19:52:08.416882,2025-12-09 19:52:08.416882
d56a934d-fe32-4f6b-aa80-82120eb73e6d,11612653-1c2a-460c-a612-fddc4772c9c8,c5afd297-2560-4255-a6e6-86bc0853ff81,Store2508 Universal Bike Holder 360 Degree ...,2,7,,2025-12-09 19:52:08.416882,2025-12-09 19:52:08.416882
8f56bafa-de78-4d7d-b4c7-e208bf920270,773de545-60b2-491b-9ea6-afa59453ea50,c21a2a24-5bc0-4836-ab6e-4d0d86bcc8ff,EMBOSSED BOWLING BAG,4,71,,2025-11-23 09:17:38.416882,2025-11-23 09:17:38.416882
9e159d86-9e47-49c1-b61c-07c6ff4c9ae2,773de545-60b2-491b-9ea6-afa59453ea50,95470f88-5296-43a1-b295-5845dca49bbc,Venkys Venal Essentials 50 Tablets ...,2,9,,2025-11-23 09:17:38.416882,2025-11-23 09:17:38.416882
9c8942f9-d1e4-4e1e-9e89-d50ba77f52e8,773de545-60b2-491b-9ea6-afa59453ea50,bc16ed59-c45f-4ccc-9612-e8ada6dd9601,KANCHNAR Women's Maheshwari Cotton Saree With ...,2,28,,2025-11-23 09:17:38.416882,2025-11-23 09:17:38.416882
6abec363-6cff-42d6-824c-c6f8d577efc3,773de545-60b2-491b-9ea6-afa59453ea50,596310ab-d2f2-4883-9f41-bd968f6dc787,TECHNICAL BOMBER JACKET,1,71,,2025-11-23 09:17:38.416882,2025-11-23 09:17:38.416882
1dd25f79-78de-4c1f-ba55-95fd521a9631,773de545-60b2-491b-9ea6-afa59453ea50,d73cdda4-2dbc-4d7c-b0fa-6121910a57f2,BEADED LINEN WAISTCOAT,4,39,,2025-11-23 09:17:38.416882,2025-11-23 09:17:38.416882
1107bd49-ad39-4edb-aee2-a0d0a78f9a3d,a0342775-a8c1-47f4-bc01-8950aec90872,8f6d5dc1-9709-405c-80a9-2d675bee7eb0,"Divinext Stainless Steel Noodles Cutter Roller, ...",4,23,,2026-01-09 07:53:26.416882,2026-01-09 07:53:26.416882
cc88b5ec-8418-421f-8010-72106ea5e97a,a0342775-a8c1-47f4-bc01-8950aec90872,18e22659-51ee-46ea-819c-a67162ed8846,"AmazonBasics Food Storage Containers 1.2 Litres, ...",4,17,,2026-01-09 07:53:26.416882,2026-01-09 07:53:26.416882
e4d376a2-b753-41e3-b311-9901e8036198,a0342775-a8c1-47f4-bc01-8950aec90872,ce4ca284-4503-461e-9d5c-48fe668b2475,CARGO TROUSERS WITH CONTRAST TOPSTITCHING,3,59,,2026-01-09 07:53:26.416882,2026-01-09 07:53:26.416882
441de832-6cd4-49a7-93cd-56d23059ba57,a0342775-a8c1-47f4-bc01-8950aec90872,1ac2240a-7bdc-42aa-b7b5-96c1d2bf8c47,WOODIFY Wooden Cutlery 3 Compartment Utensil ...,1,12,,2026-01-09 07:53:26.416882,2026-01-09 07:53:26.416882
65690ed3-0aa4-4579-a58f-eb3cf754d2a2,4e71df92-08f5-4b7e-8d1d-0f60965942a8,4f1467aa-352d-42d1-8c74-1a0af8a0af8c,VESTAR 1.0Ton 3 Star Split AC ...,2,536,,2026-04-20 23:37:27.416882,2026-04-20 23:37:27.416882
113c343c-977f-450b-b37c-e6a832c968d2,4e71df92-08f5-4b7e-8d1d-0f60965942a8,da08753b-a2be-409a-b87a-c6d8ce0e2b73,New Balance Women&#39;s Wrl247ss ...,2,118,,2026-04-20 23:37:27.416882,2026-04-20 23:37:27.416882
44a7a728-d496-4d56-878e-e10340eba38c,4e71df92-08f5-4b7e-8d1d-0f60965942a8,50122fe8-450e-44de-9fa0-fae0bf05aeeb,"Story@Home Cotton 450 GSM Ultra Soft, ...",3,8,,2026-04-20 23:37:27.416882,2026-04-20 23:37:27.416882
5848f1b1-eb83-446c-9804-c89b50f1dd8c,12196c18-ffab-4467-b848-c081d3fa1147,fd927a56-2f84-4e91-9f28-ec3619ec55b4,Yelloe Women's Messenger Bag ...,2,24,,2026-02-13 02:10:36.416882,2026-02-13 02:10:36.416882
52083145-4bf8-4057-967b-037f9de7a35c,12196c18-ffab-4467-b848-c081d3fa1147,1bdb5496-2d90-434e-b065-59d32e22b629,Lucky Women's Anlissa Flat Sandal ...,4,126,,2026-02-13 02:10:36.416882,2026-02-13 02:10:36.416882
05a192a5-6573-44cc-8d21-7600b6adfa2d,0e7291ff-4c6d-488c-aba2-e51d9c0373a8,1af8bc8a-ef0b-4dff-8753-67f212dd45a2,DAINTY Analog Milanese Strap Mesh Belt ...,3,15,,2026-04-29 17:41:08.416882,2026-04-29 17:41:08.416882
0e582c02-c466-403f-a82e-b5a1d9a665f1,0e7291ff-4c6d-488c-aba2-e51d9c0373a8,37f3a99b-0406-4698-b080-7701e3ab6cbc,"Xiran Stainless Steel Kitchen Press/Noodles/Murukku, Bhujia ...",3,10,,2026-04-29 17:41:08.416882,2026-04-29 17:41:08.416882
92841f36-f1b9-494d-a7d2-67fef26d6d2c,0e7291ff-4c6d-488c-aba2-e51d9c0373a8,2f3c5c34-c0da-4941-9173-0dab34f77acb,Yonex SHB Comfort Advance 2 EX ...,3,76,,2026-04-29 17:41:08.416882,2026-04-29 17:41:08.416882
95a13ca1-2526-46de-86fa-f8a1c8bbf82c,0e7291ff-4c6d-488c-aba2-e51d9c0373a8,f6b56784-0220-479e-98d0-79ba9e197d75,Warlord Smelling Salt Stimulant | Chamberofgods ...,2,17,,2026-04-29 17:41:08.416882,2026-04-29 17:41:08.416882
94077a45-39cd-4f43-b39e-16f845bee0fa,3e1757de-7e06-474c-8688-02af49d067f1,bcb8a997-c356-4444-8b55-adc5540a36eb,Zoom Shoes Mens As1132 Loafers ...,5,42,,2025-11-22 15:34:04.416882,2025-11-22 15:34:04.416882
ea62025f-099d-4cfa-bedb-73e6099f0743,3e1757de-7e06-474c-8688-02af49d067f1,a427d02f-edd8-47a4-89d1-b0681f703cad,Rupa Men's Cotton Modern Regular Fit ...,5,2,,2025-11-22 15:34:04.416882,2025-11-22 15:34:04.416882
4d2ca626-579e-473f-8431-6738dbb8455b,3e1757de-7e06-474c-8688-02af49d067f1,dbb0cea7-49d1-40c5-901e-698f1d38513c,CORDUROY OVERSHIRT,2,48,,2025-11-22 15:34:04.416882,2025-11-22 15:34:04.416882
a4244afd-2c01-451e-af18-f67fdbcc5502,e79e1e0a-4d3b-4b6b-a160-d65490df2191,fa615139-f3c8-4ec9-b3ab-c0f0af5ffece,SREY Dark Orange Combo Formal Cotton ...,4,43,,2026-02-21 16:11:02.416882,2026-02-21 16:11:02.416882
e66f8e0c-e9db-483b-a586-154dee3561f8,e79e1e0a-4d3b-4b6b-a160-d65490df2191,71cbe99f-c711-409d-a3dc-5c24af986d34,MINI KLUB Boys Blue Jogger Pack ...,4,8,,2026-02-21 16:11:02.416882,2026-02-21 16:11:02.416882
f2f2a381-6d60-412f-87f2-177eafa74c0d,e79e1e0a-4d3b-4b6b-a160-d65490df2191,3c79eb9a-8c4a-4fb3-99b4-550cefc1bed2,TIE-DYE PRINT DRESS,3,48,,2026-02-21 16:11:02.416882,2026-02-21 16:11:02.416882
2ad0f716-f554-4c87-800d-1deb0fc26d85,e79e1e0a-4d3b-4b6b-a160-d65490df2191,ec4b3e51-6a68-487d-8ef9-a2fbffa50c09,Effingo EVA 4mm Blue Yoga Mat ...,4,12,,2026-02-21 16:11:02.416882,2026-02-21 16:11:02.416882
ccd0f299-1cad-42c1-8374-f7c71f65616d,e79e1e0a-4d3b-4b6b-a160-d65490df2191,45b833db-9e52-4539-ab3f-baff389205fc,Team 31,3,35,,2026-02-21 16:11:02.416882,2026-02-21 16:11:02.416882
0a9adb13-51f4-4d57-bbde-e6f13a0e77eb,e47d12b0-75b1-4b7f-83ca-4a68d69433e2,4a16960f-763c-4c0d-be74-f77fdcb2a96d,DeHMY Industrial Radio remote controller remote ...,1,95,,2025-12-06 02:17:45.416882,2025-12-06 02:17:45.416882
a61e861c-0754-4483-9623-fdde8daab5d8,e47d12b0-75b1-4b7f-83ca-4a68d69433e2,2c5057a3-5fdf-457c-b4db-78e477ec47fa,JCB Tools Heavy Duty Lever Grease ...,2,11,,2025-12-06 02:17:45.416882,2025-12-06 02:17:45.416882
b51231af-a77c-4a2f-beaf-41d517fa1e7e,e47d12b0-75b1-4b7f-83ca-4a68d69433e2,8b3f9d81-f01a-4d05-ba36-c26e48c629f5,Pidilit Protection Spray (200 ml) & ...,4,3,,2025-12-06 02:17:45.416882,2025-12-06 02:17:45.416882
5c7c93a8-d2ce-4cd6-8f99-4699fef83355,d7b10b74-318c-4825-966a-8972df8880eb,e51d6ce1-d2f9-4ef3-9a96-250bb2e24d74,TRIANGLE BIKINI TOP WITH PATTERNED EMBROIDERY,1,24,,2025-11-08 18:08:26.416882,2025-11-08 18:08:26.416882
f30ae2c0-974c-424f-ae7d-f360ade90480,d7b10b74-318c-4825-966a-8972df8880eb,677fb1ee-630d-4d5b-ac37-a10624c16192,LINEN BLEND PARACHUTE TROUSERS,3,59,,2025-11-08 18:08:26.416882,2025-11-08 18:08:26.416882
f63ad536-c538-420d-9113-de7a7e149f1d,d7b10b74-318c-4825-966a-8972df8880eb,e0fe6694-6103-487d-ad99-04469434e2ce,Puma Unisex-Child Backcourt Mid Jr Sneaker ...,3,60,,2025-11-08 18:08:26.416882,2025-11-08 18:08:26.416882
ac387e1e-5304-4817-83b7-36b5115b6706,d7b10b74-318c-4825-966a-8972df8880eb,cb06b6b2-daf6-4b98-923f-839a6b2ac62d,MOM'S PRIDE® Baby Pocket Cloth Diapers ...,1,11,,2025-11-08 18:08:26.416882,2025-11-08 18:08:26.416882
f8c41fe5-8149-40b4-ad3c-4a0e7a5343ec,d7b10b74-318c-4825-966a-8972df8880eb,f1909d44-3768-4d73-8c04-f1bc4d35138d,EOS- BUILDING TRUST Disposable Ripple Paper ...,3,6,,2025-11-08 18:08:26.416882,2025-11-08 18:08:26.416882
4289d179-63d7-4ff1-8e3b-bba80ce1f40f,b16a39e0-750f-4590-9dce-3552609d3e00,55e094a1-a66c-4b05-be04-e053abebef34,"Knitted Baskets: 42 Hip, Happy, and ...",3,20,,2026-01-21 00:09:45.416882,2026-01-21 00:09:45.416882
3803c103-74fe-4d12-8d60-abef411c72ac,b16a39e0-750f-4590-9dce-3552609d3e00,209b154d-9a84-4425-92b4-0501459e8c48,Men's Cricket Shoes ...,1,24,,2026-01-21 00:09:45.416882,2026-01-21 00:09:45.416882
0502260e-542d-4989-a6b4-ecd59eb16c5b,b16a39e0-750f-4590-9dce-3552609d3e00,f39f7f0f-3628-4ce6-9c3d-5972946bd171,"solix®, CCTV Security Camera Outdoor Bracket/Stand ...",3,5,,2026-01-21 00:09:45.416882,2026-01-21 00:09:45.416882
42b5d430-4862-49a6-8297-744aea4f3193,b16a39e0-750f-4590-9dce-3552609d3e00,ab260974-4623-472c-8261-6c8177dce327,RFV1 ® 8 in 1 Pattern ...,1,12,,2026-01-21 00:09:45.416882,2026-01-21 00:09:45.416882
732e5407-ce75-40ea-a73e-9cedef30e798,b16a39e0-750f-4590-9dce-3552609d3e00,dde18379-2022-4383-abe1-d85de9131b50,SEQUINNED MIDI DRESS,2,48,,2026-01-21 00:09:45.416882,2026-01-21 00:09:45.416882
b1cbc5b6-4e40-4213-85b3-812f672cbf8a,41228c7a-f173-406e-919b-f00395d8f3e2,fd134262-0cd7-44d9-9884-d2103b133333,The Body Shop 100% Natural Shea ...,3,25,,2026-03-31 07:52:38.416882,2026-03-31 07:52:38.416882
1735e056-076b-4378-bca1-1245b200830d,41228c7a-f173-406e-919b-f00395d8f3e2,46dfcdf9-5685-4227-ba94-35995ccf63a4,KRISTEEL Bridge Cam Welding Gauge ...,3,21,,2026-03-31 07:52:38.416882,2026-03-31 07:52:38.416882
785c901d-a4b6-42dc-9ce4-92c37b8599a9,41228c7a-f173-406e-919b-f00395d8f3e2,fe9f83ae-cb6e-41f6-985c-76d8fe0ffd28,hotfits Men's Trackpants (Pack of 3) ...,5,18,,2026-03-31 07:52:38.416882,2026-03-31 07:52:38.416882
f55a3796-9a35-4207-96f2-151a2a29a7c7,41228c7a-f173-406e-919b-f00395d8f3e2,d062eee1-9751-4c11-bb0d-08de6af1b375,STRIPE PRINT SWIMMING TRUNKS,1,31,,2026-03-31 07:52:38.416882,2026-03-31 07:52:38.416882
cd3b1165-6f1f-4b8d-95a2-cf505d5bbbb3,d022675c-e6a0-46fe-893b-896a528fda7b,43003c31-b860-449d-84cf-941cde9ac8d5,MISSKA Women'S Mint Handbag Combo (Set ...,2,42,,2025-11-24 02:49:30.416882,2025-11-24 02:49:30.416882
78e5b7d3-7729-4029-b2fc-46f1a3b68bfe,d022675c-e6a0-46fe-893b-896a528fda7b,037c4f73-9e6f-4482-88b0-5ad5f57700f8,Bhavyam Water Absorbent mats for Bathroom ...,2,12,,2025-11-24 02:49:30.416882,2025-11-24 02:49:30.416882
f3071197-6dd9-4cd8-96f3-2735200e5abf,f64a46d1-f469-4088-9f0f-15ad30d6bcfd,fceae350-fb55-48c6-a3ba-1fa0f7660fca,AmazonBasics 98 L Foldable Large Duffel ...,3,42,,2025-12-02 23:17:29.416882,2025-12-02 23:17:29.416882
6dad9a8e-8e1a-41d0-820e-12edb3affca3,f64a46d1-f469-4088-9f0f-15ad30d6bcfd,1d2f9196-2e78-4b2e-b893-fe00275df321,OVERSIZE HOODIE,4,39,,2025-12-02 23:17:29.416882,2025-12-02 23:17:29.416882
ce50bb14-39af-46ce-a9d9-0e96bb1eac33,fe8d1573-2368-4d68-8cdb-c03681ff8d20,322745fa-956b-4e5a-8c26-49a6c14bd419,AWOKZA Aluminium Portable Folding Grocery Shopping ...,3,48,,2026-03-16 18:16:14.416882,2026-03-16 18:16:14.416882
092b75aa-0b1d-4461-a97f-d86b03000285,fe8d1573-2368-4d68-8cdb-c03681ff8d20,42ba265a-3f98-4881-89a7-86c9c1ecca39,100% Organic Pure Cotton Muslin Baby ...,3,7,,2026-03-16 18:16:14.416882,2026-03-16 18:16:14.416882
4cfab5d8-0841-4086-acb8-eaeece5fe7d0,fe8d1573-2368-4d68-8cdb-c03681ff8d20,72cd7dc4-0b5a-4c08-9ee9-a110d214bfcd,Cable World Indoor and Outdoor Magnetic ...,5,31,,2026-03-16 18:16:14.416882,2026-03-16 18:16:14.416882
beb7e6c1-b456-41df-bd6d-c26a56ff0b2c,fe8d1573-2368-4d68-8cdb-c03681ff8d20,1598985f-ae5e-40bd-a923-422d3c51f655,AONES Pack of 2 Silicone & ...,5,12,,2026-03-16 18:16:14.416882,2026-03-16 18:16:14.416882
0b20dbf6-40c6-4178-9ab5-03933c73b125,fe8d1573-2368-4d68-8cdb-c03681ff8d20,5f76fe3a-9957-4e06-b94c-b2e9c8440349,@Home by Nilkamal Reversible 3 Seater ...,3,36,,2026-03-16 18:16:14.416882,2026-03-16 18:16:14.416882
83ee5495-27cd-4e6d-9663-79b300156c69,990f286c-d8a0-4f0d-a0ce-72a87cb6ac62,05ba562f-bea5-4827-8f20-28c27477b20e,WorldCare® Multi30PCS/Set Life-like Hard Fishing Bait ...,3,116,,2026-04-17 11:51:37.416882,2026-04-17 11:51:37.416882
ee6aa9ba-d041-47c1-9f02-0a8cf5d51741,990f286c-d8a0-4f0d-a0ce-72a87cb6ac62,07735246-92d8-44e2-927a-d696f63b3434,OPZET INDIA PK Aqua RO Tap ...,3,2,,2026-04-17 11:51:37.416882,2026-04-17 11:51:37.416882
b0e2a204-51ae-4d42-b73b-205cf7fa1bcc,6a996b9e-6696-487d-baf0-23a6aec3cc98,569a837f-9730-4db0-8579-163e7e753d0d,K D Taillight/ Back light for ...,3,30,,2026-02-14 22:32:45.416882,2026-02-14 22:32:45.416882
ec5076dc-6b2f-4a06-92cb-1c423328f934,6a996b9e-6696-487d-baf0-23a6aec3cc98,bae06e1b-1f5a-4064-8cb2-25a8667fa7f0,GJSHOP Excellent Quality Travel Toiletry Bag ...,2,12,,2026-02-14 22:32:45.416882,2026-02-14 22:32:45.416882
93a8b4ad-237b-4146-a346-0dec41ad3322,6a996b9e-6696-487d-baf0-23a6aec3cc98,8d66ebf0-b699-48fb-8efd-e2cfbbdb1a4d,Goodtry G Men's Cotton Sweatshirt Pack ...,1,24,,2026-02-14 22:32:45.416882,2026-02-14 22:32:45.416882
3179a44f-16f9-441d-8d97-5726664fb848,6a996b9e-6696-487d-baf0-23a6aec3cc98,c583298e-729b-4c0e-80d1-a36c190ef3dd,Woschmann-Car Air Outlet Vent Internal Cleaner ...,5,4,,2026-02-14 22:32:45.416882,2026-02-14 22:32:45.416882
57f45ec8-7ab0-4969-a91f-5be0b281a5db,bd89643b-22f0-4134-9cb0-96c6bf852229,10f6c1c9-8b25-4bf7-91b9-bf8aab2c308c,LEATHER PLATFORM TRAINERS,1,71,,2025-11-14 20:11:01.416882,2025-11-14 20:11:01.416882
1add77ed-2b6f-426f-b93d-b535b79e3948,bd89643b-22f0-4134-9cb0-96c6bf852229,ace5e3ae-f1fe-4c7f-8b77-ee3e9619668e,ABOUT SPACE Refillable Spray Bottle - ...,2,15,,2025-11-14 20:11:01.416882,2025-11-14 20:11:01.416882
e58c11a6-834a-49db-82ca-4da37416d395,bd89643b-22f0-4134-9cb0-96c6bf852229,a3e9df9d-2564-46f1-af11-18b1c2c89a06,Aam papad khatta slice pachak churan ...,5,4,,2025-11-14 20:11:01.416882,2025-11-14 20:11:01.416882
eeeb7819-a6d1-4b08-87e1-6654fe034400,bd89643b-22f0-4134-9cb0-96c6bf852229,dd57673b-a37e-41f8-8414-0db8fe63061e,QuantaDose® UVC Light Test Card with ...,4,24,,2025-11-14 20:11:01.416882,2025-11-14 20:11:01.416882
fb58c072-7fa6-4dbe-a69a-1319083dea20,ad99ded9-4575-4214-a219-8fc62ab4b06b,fab36d5b-06a0-4ac2-91f5-d3b86a0d27e3,TEXTURED TWILL SHIRT,1,39,,2026-04-11 23:32:58.416882,2026-04-11 23:32:58.416882
77c41682-fdc2-41f4-b82a-2ebfa31b57d0,ad99ded9-4575-4214-a219-8fc62ab4b06b,6e615406-6048-4f46-bed7-72fae5693fc2,OVERSHIRT WITH CONTRAST TOPSTITCHING,3,59,,2026-04-11 23:32:58.416882,2026-04-11 23:32:58.416882
f86a7a89-da85-4339-ae4e-4586458d4f77,2377f6e4-b68e-478d-a8e8-a1425f09b3bd,989da650-2dea-4c4b-b6c9-70f7623b3337,8mm Spinner Ring Stainless Steel Fidget ...,4,18,,2026-03-24 21:04:56.416882,2026-03-24 21:04:56.416882
3640f983-49ec-45d6-98dd-0a2a720c6b74,2377f6e4-b68e-478d-a8e8-a1425f09b3bd,14aa8a51-243b-458e-b3e8-e4dce0b9afe2,Sterling Metal 9 Layer Multipurpose Shoe ...,2,24,,2026-03-24 21:04:56.416882,2026-03-24 21:04:56.416882
85a5d3a4-2cfe-41a0-918b-274e0280c0fa,c1c126a7-27cd-4f9d-b6b9-22992a71369c,aacdfedc-333c-4340-802f-ccba329a4c17,Signature Acoustics SA Genuine Leather Earphone ...,4,6,,2026-02-25 07:54:34.416882,2026-02-25 07:54:34.416882
e8dc7e46-e1ac-4903-9c47-1b5fc3e7f0b4,c1c126a7-27cd-4f9d-b6b9-22992a71369c,6af9b81e-abd6-4f75-8ac9-6ed0c46835a0,Kingsway Car Magnetic Sun Shades Curtains ...,5,18,,2026-02-25 07:54:34.416882,2026-02-25 07:54:34.416882
acc467de-d201-4713-beaa-f78b3b6724f4,c1c126a7-27cd-4f9d-b6b9-22992a71369c,00f549b2-95ca-491f-ba00-1a5fa1034452,MLB Boston Red Sox,5,115,,2026-02-25 07:54:34.416882,2026-02-25 07:54:34.416882
f65df63b-bd15-4cb2-ab22-21a7a0fdc021,e8adb3f0-3092-4e1a-97df-72dad5d47b6b,e95dd2f8-a78b-411f-bfe4-18b1fe87976f,Winble Silicone Back Cover for OnePlus ...,2,12,,2026-03-27 18:35:28.416882,2026-03-27 18:35:28.416882
72662b08-dd9e-440f-b53d-b7d8f0c32a01,e8adb3f0-3092-4e1a-97df-72dad5d47b6b,ad5c2503-ce6c-4ac9-a02b-9ca707e5d742,FURR Charcoal Nose Strips (Pack of ...,3,1,,2026-03-27 18:35:28.416882,2026-03-27 18:35:28.416882
4b2fa248-3431-4774-8fca-26da2c4d9e05,e8adb3f0-3092-4e1a-97df-72dad5d47b6b,d2211443-3a9d-430b-b19d-8cc9455106bc,ADRO Fly Mens Printed T-Shirts ...,1,18,,2026-03-27 18:35:28.416882,2026-03-27 18:35:28.416882
593cc34b-cc73-499a-ba5e-f90419dea758,e8adb3f0-3092-4e1a-97df-72dad5d47b6b,2c4f6418-7a5a-4023-ad4e-63d48413cee9,HIC EVA Floor Wiper For Bathroom ...,3,2,,2026-03-27 18:35:28.416882,2026-03-27 18:35:28.416882
4448ec90-ae04-445c-9300-3f8dea339b09,e8adb3f0-3092-4e1a-97df-72dad5d47b6b,3216f2d0-6ea5-429d-a504-bdc2c1fb8244,Li-Ning Wind Lite 700 Carbon Fibre ...,3,71,,2026-03-27 18:35:28.416882,2026-03-27 18:35:28.416882
a03a882c-04ad-49fe-9830-bb7f69d53c6b,72a62f03-e2f3-47be-a85a-5b543b64029c,873dbfde-1f78-47c7-9939-59aec1fe28b6,TICOSS Cotton Soft and Super Comfortable ...,1,12,,2026-03-14 13:23:04.416882,2026-03-14 13:23:04.416882
7b737295-e80f-4548-ade0-ff7f1c045cc1,48239447-1f10-4ecb-9bdf-52dad3d2bed0,472d7d39-10ad-47ef-a720-848f6af9ae33,PRINTED SHIRT WITH POCKET,5,39,,2026-03-16 08:48:12.416882,2026-03-16 08:48:12.416882
90aec063-664f-4eaf-aa0e-5bdd5fdcedf1,48239447-1f10-4ecb-9bdf-52dad3d2bed0,4c2782b8-e313-47b7-823e-0347a9cef392,MAXN Whey Protein Concentrate/Isolate - Flavoured ...,5,83,,2026-03-16 08:48:12.416882,2026-03-16 08:48:12.416882
06188d7d-f4c5-4ee6-b3dc-e7703cac3478,48239447-1f10-4ecb-9bdf-52dad3d2bed0,2d2996ea-5147-4b47-a4ed-93eb1b7ad74f,4 Speeds Mini Air Conditioner Fan ...,5,112,,2026-03-16 08:48:12.416882,2026-03-16 08:48:12.416882
bc7ea13f-4277-4509-b6c0-f277f443a1be,100be6e2-41f8-40b6-aa6a-9f063d44d8c7,2ad55789-da66-4cf5-a79f-ca5ba3e29c89,PACK OF 3 STRIPED SOCKS,4,12,,2026-01-30 21:19:45.416882,2026-01-30 21:19:45.416882
daaaf4b3-80f8-4e56-83bf-237ebb00c7e9,100be6e2-41f8-40b6-aa6a-9f063d44d8c7,5ddb8ddd-72a9-4dc0-bb0b-77cd9d1b2b07,Giffee Baby Towels / New Born ...,5,12,,2026-01-30 21:19:45.416882,2026-01-30 21:19:45.416882
3eef00e4-521f-4c91-8856-ddba885f8995,100be6e2-41f8-40b6-aa6a-9f063d44d8c7,44d2aa6c-f7bd-45da-9e27-ed5b708d0daa,INVANTER 2022 Model Smart TV 43 ...,1,440,,2026-01-30 21:19:45.416882,2026-01-30 21:19:45.416882
af94f774-0cc6-4d18-8ae7-d5ec2ab39163,100be6e2-41f8-40b6-aa6a-9f063d44d8c7,9f843d63-9587-4af6-8107-80b57cc5cbc9,NFL Minnesota Vikings Nike Vapor Untouchable (Randy Moss),2,160,,2026-01-30 21:19:45.416882,2026-01-30 21:19:45.416882
4c9b8224-0468-4991-88e4-34f6c45b0170,100be6e2-41f8-40b6-aa6a-9f063d44d8c7,eef38a7c-00ec-481c-8f27-3e19813fc534,MHS Revolving Baby Sixer Caster Wheels ...,1,8,,2026-01-30 21:19:45.416882,2026-01-30 21:19:45.416882
a88bb5de-2a12-4207-8673-5e63b18393d1,3b223473-6d4a-43e3-ad66-5683d0857293,ffc47e23-a8be-485b-9b49-bcc7f343e025,STRAPPY LEATHER SANDALS,4,39,,2026-01-07 19:13:05.416882,2026-01-07 19:13:05.416882
c755c727-8835-4e55-a8b9-fa706e5625f4,3b223473-6d4a-43e3-ad66-5683d0857293,d2211443-3a9d-430b-b19d-8cc9455106bc,ADRO Fly Mens Printed T-Shirts ...,2,18,,2026-01-07 19:13:05.416882,2026-01-07 19:13:05.416882
85c82fe8-2a87-4f85-8f27-3b6d3a0ff4c9,1615b101-a898-4ed6-86ec-9c221084082d,fb7cdfaa-9b61-4522-8822-aceeddb7443e,STEM Education ESP32 CAM WiFi Module ...,2,24,,2025-11-24 08:30:45.416882,2025-11-24 08:30:45.416882
e3f62cfc-1d52-4e56-bc33-375f3e19ae02,c078c1a4-a881-41c9-8754-f0ec346ec9b7,d5c0758a-bca7-449e-8061-171c4f511451,KAYU™ Boys Snowfall Solid Regular Fit ...,2,8,,2026-02-19 23:35:10.416882,2026-02-19 23:35:10.416882
441e1ee8-4b34-4878-a8c1-ce46fa18b124,c078c1a4-a881-41c9-8754-f0ec346ec9b7,ef7e1d0a-87ab-4c09-9051-1b12c9f41341,"AGARO Alpha Magnetic Crosstrainer, 8 Magnetic ...",3,667,,2026-02-19 23:35:10.416882,2026-02-19 23:35:10.416882
f8c807b5-25f4-481e-b884-d9c4d3d316dc,c078c1a4-a881-41c9-8754-f0ec346ec9b7,69452015-a539-4ae4-a252-6383bdac554a,MASQ By Q-One Women's Beaded 4 ...,5,9,,2026-02-19 23:35:10.416882,2026-02-19 23:35:10.416882
c4581056-892e-4a16-b22b-270acd692e68,fdd4c516-13b6-449f-ac1b-b2ca154c13ba,9e6c4781-73fe-4a64-9b00-5acaf23df1e4,Alvoxcon DUAL UHF Dynamic Handheld Wireless ...,2,190,,2026-04-02 21:14:39.416882,2026-04-02 21:14:39.416882
f0648c57-47cf-4f79-b837-1d9d225d4f65,fdd4c516-13b6-449f-ac1b-b2ca154c13ba,59907d40-c5a6-497f-8f92-a0b6f9b96fe6,REVERSIBLE RUSTIC HAT,5,31,,2026-04-02 21:14:39.416882,2026-04-02 21:14:39.416882
900cb649-dfea-4001-96db-72ac3fc5611b,fdd4c516-13b6-449f-ac1b-b2ca154c13ba,bc026fd4-4199-4666-8d08-575ab4f8be17,MINI CROSSBODY BAG WITH FLAP,1,31,,2026-04-02 21:14:39.416882,2026-04-02 21:14:39.416882
37eed989-befe-4d0a-8d70-67bde28e292f,fdd4c516-13b6-449f-ac1b-b2ca154c13ba,0192fec5-aa8b-4bc8-8aac-b2b520363cab,U.S. POLO ASSN. Men Regular Fit ...,1,9,,2026-04-02 21:14:39.416882,2026-04-02 21:14:39.416882
2cc9a2cd-47a7-4135-b2ee-12a766ebef85,fdd4c516-13b6-449f-ac1b-b2ca154c13ba,3052d9f1-051f-4e9f-ad3d-e71aea6304d8,Fashion Favour Backpack BPK40NM ...,5,31,,2026-04-02 21:14:39.416882,2026-04-02 21:14:39.416882
eac8ebf8-5485-49bb-add7-21a3dc35bfa9,1066256c-c05f-4233-82a2-cc074db236f5,9d51d754-7c2f-4ff5-96b2-8175bd4e34c5,COOL INDIANS Combo of Gym Shaker ...,3,12,,2025-11-26 15:42:48.416882,2025-11-26 15:42:48.416882
e1899d0a-6231-4a72-9165-767e2cc4282c,1066256c-c05f-4233-82a2-cc074db236f5,aef6fa15-26bf-47f2-9f63-b06022204dd3,Qpets® Cat Toys Cat Tunnel Pet ...,2,13,,2025-11-26 15:42:48.416882,2025-11-26 15:42:48.416882
a0ea841c-1270-4998-99a0-75ff6c697809,1066256c-c05f-4233-82a2-cc074db236f5,289c2403-ea0b-4614-b169-bcd68f15b3b9,P.C. Chandra Jewellers Gold and Diamond ...,4,212,,2025-11-26 15:42:48.416882,2025-11-26 15:42:48.416882
4936f245-5810-485e-8eee-506f5b4d8221,1066256c-c05f-4233-82a2-cc074db236f5,8a7bcd15-ab82-438e-b656-da9f882e5e71,SUBLIME EPOQUE EDP 80 ML / 2.71 oz,5,27,,2025-11-26 15:42:48.416882,2025-11-26 15:42:48.416882
7bf0ab04-4561-404c-89d8-73004d376c3b,1066256c-c05f-4233-82a2-cc074db236f5,a68c5898-360a-4de8-b9cf-7b0d8c528232,BHAVYATA Abaya Dress for Women's Stylish ...,4,36,,2025-11-26 15:42:48.416882,2025-11-26 15:42:48.416882
7cd932e5-1c33-4dc3-8797-bc24a2257c15,32cc68e2-d50e-405f-bc67-713e67572621,7e167155-5f5f-4f09-ac5c-5f4d6ff31fbb,Samsung 108 cm (43 inches) The ...,3,1094,,2025-11-27 00:42:06.416882,2025-11-27 00:42:06.416882
8b63e52e-cf42-4e91-a2c1-8689bdc2c283,32cc68e2-d50e-405f-bc67-713e67572621,c019d910-62de-4498-a6c5-5d7fd6e1605e,FAUSTO Women's Back Open Mocassin Slip ...,4,12,,2025-11-27 00:42:06.416882,2025-11-27 00:42:06.416882
7083e52c-7f2b-4670-acd4-661cc6a7f9d4,32cc68e2-d50e-405f-bc67-713e67572621,6550e046-5609-45f3-a966-2aff0f82b830,100% LINEN SUIT BLAZER,4,143,,2025-11-27 00:42:06.416882,2025-11-27 00:42:06.416882
d032d65b-2b87-4b34-9198-d4d9d77064e4,32cc68e2-d50e-405f-bc67-713e67572621,c1e83292-1b77-468d-b3cc-c47180170a1e,Shezone Synthetic Material Bellies for Women::(4514-$P) ...,2,18,,2025-11-27 00:42:06.416882,2025-11-27 00:42:06.416882
52c7347c-c9d6-411c-a2a3-c66611521d16,ecaf7558-220e-4e32-9345-d5dbc49a6b2c,a87d6a1e-60f6-4295-a835-338c3eab57fa,FAUX PEARL BEAD DOUBLE NECKLACE,3,24,,2025-12-13 23:39:06.416882,2025-12-13 23:39:06.416882
36917d43-dd73-4387-8b60-8348ba048566,daca81c7-cb6c-49bf-bc9d-34174d04782e,5751775c-7604-49ec-bcdb-00a8601d072d,Super Absorbent 2 Ply Kitchen Printed ...,1,3,,2026-02-20 07:13:55.416882,2026-02-20 07:13:55.416882
a8faaf52-3b4f-443c-bd8f-2aedacbd67a0,daca81c7-cb6c-49bf-bc9d-34174d04782e,cda0fb29-1fe0-47ea-98fe-13aa6ff5bead,CONTRAST PRINTED T-SHIRT,2,27,,2026-02-20 07:13:55.416882,2026-02-20 07:13:55.416882
15a3c5c5-d969-4f4c-a04b-a57a10593777,baeec36f-6532-43c5-a109-119a0b3f98f0,b75dada6-0586-4407-9245-9e50ffce066e,JEBISON Smart Standard Multi-Purpose Laptop Table ...,5,8,,2026-04-09 16:18:55.416882,2026-04-09 16:18:55.416882
5ef85510-3242-48f5-9661-fc60a1e519b1,baeec36f-6532-43c5-a109-119a0b3f98f0,4afae84c-5e60-4aa9-8f85-bda2faad13a5,DENIM SHIRT WITH CONTRAST TOPSTITCHING,4,48,,2026-04-09 16:18:55.416882,2026-04-09 16:18:55.416882
a51dd8f2-e941-4cb1-b2ba-5d3aff83c366,f455950d-abac-4575-8584-b6cd9aa16d6d,77fe4631-3697-44c1-afda-ee6326c1e864,Rooton-St Cutting Root Hormone Powder for ...,2,4,,2026-01-18 19:49:43.416882,2026-01-18 19:49:43.416882
740c758d-6984-4366-a523-022fd89e90e0,e23d1f9e-a641-4921-9075-f61192e26164,69b258d6-9419-4333-9426-32ba1def924d,WorldCare® 300M PE 4 Strands 8-60LB ...,3,54,,2025-12-10 11:15:28.416882,2025-12-10 11:15:28.416882
c4a75bf5-5a13-44d1-9e12-340642f744dd,e23d1f9e-a641-4921-9075-f61192e26164,673bfd2f-cc8d-457e-b42d-607be01eccf4,500m 0.8-8.0 Nylon Fishing Line Durable ...,4,14,,2025-12-10 11:15:28.416882,2025-12-10 11:15:28.416882
f1c6b108-4357-4db8-bf2a-0ae431171dc5,4d01bf6b-64d7-40ed-8b3e-4fd5981ffd80,3eb4475f-e3dc-43d3-8ecd-483368ce8d0f,ShobhRam Hoop Bali 316L Stainless Steel ...,4,6,,2025-11-12 14:00:25.416882,2025-11-12 14:00:25.416882
0423cae7-2422-4cb1-a9ce-3d1cf965619a,4d01bf6b-64d7-40ed-8b3e-4fd5981ffd80,2c9f876b-13f4-4639-8a45-39621b9b4159,Docooler Andoer ACK-E18 AC Power Supply ...,5,50,,2025-11-12 14:00:25.416882,2025-11-12 14:00:25.416882
f6221559-48ca-49eb-91f1-f64265b15eaf,4d01bf6b-64d7-40ed-8b3e-4fd5981ffd80,108c0a89-1fff-4973-8528-b31af7780d72,Hercules DB22 Dual Exercise Bike ...,1,298,,2025-11-12 14:00:25.416882,2025-11-12 14:00:25.416882
2f039a18-7789-48ce-b1ac-f3ecb2c9c9ee,4d01bf6b-64d7-40ed-8b3e-4fd5981ffd80,d1d0efe7-ad08-4483-835e-17f8c41b7c30,ambitieux Combo Mouse & Lazy Bear ...,3,12,,2025-11-12 14:00:25.416882,2025-11-12 14:00:25.416882
40b23bec-e962-4d28-860e-062d013f50db,ec0b7b45-a276-41b9-bc25-867f974dbdb3,99c90301-fb1a-4370-8d4b-19a0790e1960,"Lakmé Perfecting Liquid Foundation, Marble, Waterproof ...",1,2,,2026-03-02 13:35:36.416882,2026-03-02 13:35:36.416882
c66a5ee0-3abc-406f-9149-1d6b99db6f45,ec0b7b45-a276-41b9-bc25-867f974dbdb3,7564ccc7-7312-40b8-a3bd-46a760a67035,Alice Rosin for Violin Viola cello ...,1,12,,2026-03-02 13:35:36.416882,2026-03-02 13:35:36.416882
d7f4ee8d-ab45-4c9a-a2d6-26d8eeb7be28,ec0b7b45-a276-41b9-bc25-867f974dbdb3,396efd1f-b566-4b68-8422-04f763099f0b,"PESCA Flower Fairy String Lights, 4 ...",5,8,,2026-03-02 13:35:36.416882,2026-03-02 13:35:36.416882
495054db-4b03-455a-a3bf-2cbe92555e63,ec0b7b45-a276-41b9-bc25-867f974dbdb3,03fab583-47d0-4596-9d22-dd09232ef8d5,Gala 132780 Mr Tall Floor Mop ...,1,4,,2026-03-02 13:35:36.416882,2026-03-02 13:35:36.416882
4bdccae8-b20f-418f-97ab-42628c159e4d,1bce54cc-27db-4204-af5b-9a0a59cf51aa,fce31a00-12b4-4d86-8612-23c42d810cf7,FLAT SLIDER SANDALS WITH PLEATED STRAPS,2,48,,2026-03-06 00:52:04.416882,2026-03-06 00:52:04.416882
c8705c4c-0b3a-49fb-959e-2a58e3b61d07,1bce54cc-27db-4204-af5b-9a0a59cf51aa,04b85cd0-1006-4e9c-9f7b-7587c61abdef,MomToBe Women's Rayon Maternity Dress/Pregnancy Dress/Easy ...,1,31,,2026-03-06 00:52:04.416882,2026-03-06 00:52:04.416882
fd07c3d2-cb66-436f-9f32-e4383037ef75,6cef539d-a91c-454b-860b-d14713c8427f,bebccd98-5eae-4745-92d6-f92132cd527f,"JTRF Mini Handheld Vacuum,Powerful Suction,Hand Vacuum ...",5,15,,2026-04-08 16:38:05.416882,2026-04-08 16:38:05.416882
1e45b4ac-9e7d-4eea-889c-d6ed178dd812,6cef539d-a91c-454b-860b-d14713c8427f,711db8c1-8662-4158-8d89-c2d44b8d2388,CRITO Men's Cotton Short Trunks Plain ...,2,6,,2026-04-08 16:38:05.416882,2026-04-08 16:38:05.416882
f9398294-5e1b-49f0-8b75-576967becbb4,6cef539d-a91c-454b-860b-d14713c8427f,5d3cc74a-a346-483e-9158-27e95fb83bf2,Saanchi Ecommerce Women's Georgette Sarees ($$Renial_608_White) ...,2,24,,2026-04-08 16:38:05.416882,2026-04-08 16:38:05.416882
90501510-8c56-4554-8aa4-12c09b82085c,6cef539d-a91c-454b-860b-d14713c8427f,f824af88-1498-46d9-a7c6-84583e6d0c74,Prijam Traditional Straight Long Kurti PATODA ...,4,19,,2026-04-08 16:38:05.416882,2026-04-08 16:38:05.416882
fb02407b-8d98-41bb-aeb1-2d8831dcd173,6cef539d-a91c-454b-860b-d14713c8427f,1bf577e7-cbff-40f9-9395-0b6d2ce7f5c7,TNZMART Agility Ladder Speed Ladder 10FT ...,1,76,,2026-04-08 16:38:05.416882,2026-04-08 16:38:05.416882
514ff607-bef4-438a-8b80-3157afa9d374,df931b4d-683a-4e70-b9e6-d1d6e7c2a38a,0ac281c2-0ede-40c5-bc60-efe47b1ce910,WorldCare® 25pcs Egg Caddis Offset Fly ...,3,27,,2026-04-30 00:54:54.416882,2026-04-30 00:54:54.416882
e41ba4bb-04de-48ae-b097-06dd797c4094,df931b4d-683a-4e70-b9e6-d1d6e7c2a38a,0e8124d1-48df-43ca-98f2-4b8b763bf519,"Fruitri Kagzi In shell Almond, Badam ...",2,12,,2026-04-30 00:54:54.416882,2026-04-30 00:54:54.416882
e7441299-87b7-4a33-a6a4-c418a97d6d50,df931b4d-683a-4e70-b9e6-d1d6e7c2a38a,c6409cd9-c51b-495a-9e4b-51052cd9d51e,Upix® Remote with Netflix Function (No ...,3,5,,2026-04-30 00:54:54.416882,2026-04-30 00:54:54.416882
b1b97a59-a638-4df0-b0d8-2471935c13fa,637eed32-126e-4bd4-b460-8e953d1e2f03,3e6c9c87-fdae-4ccb-b775-62298ebdb72c,Tressca Anti Snap Long Fabric Resistance ...,2,36,,2026-04-25 12:29:30.416882,2026-04-25 12:29:30.416882
8f09bf1c-03d3-4ebc-8663-c5b61e16ef12,4b0fafc6-20d3-4135-b74c-95282cfc7e9f,08d40fa6-8e8f-4456-bd64-ef19e570fb02,Joggers And Trackpants Men Track Pants ...,5,19,,2026-01-03 02:04:03.416882,2026-01-03 02:04:03.416882
71047632-3bf0-4a49-9aa5-0df64e7fe2eb,4b0fafc6-20d3-4135-b74c-95282cfc7e9f,80881d05-849e-4c0f-92c1-cdf962a20b51,POINTELLE KNIT SWEATER,2,27,,2026-01-03 02:04:03.416882,2026-01-03 02:04:03.416882
a61133ca-3ff6-4551-a556-30dc877c3514,4b0fafc6-20d3-4135-b74c-95282cfc7e9f,0563ebc0-d7f9-473f-b72a-84dcfabdd83c,Strand By Obaku 3D Sparkling Butterfly ...,3,59,,2026-01-03 02:04:03.416882,2026-01-03 02:04:03.416882
b123331a-1cdb-4b5d-9483-bab2a28e8d15,4b0fafc6-20d3-4135-b74c-95282cfc7e9f,41cf04c7-1378-4dc7-a8ae-0e1b13f2f1a4,adidas Icon 4 Cleat - Men's ...,4,191,,2026-01-03 02:04:03.416882,2026-01-03 02:04:03.416882
966774ef-4422-42d9-b266-a21ab10598dd,0ffff127-6ec1-48b4-b049-eaab35560614,25002801-aa7f-42bb-b484-c9fba5054069,SPLIT SUEDE LEATHER SANDALS WITH STRAPS,4,48,,2025-11-26 09:29:25.416882,2025-11-26 09:29:25.416882
5093e8ca-4477-49dc-997c-84617aaac05f,d907940b-aaa2-4e9f-9352-f428b89deb21,9b273710-1e86-49f9-8299-a5fe8763fba5,IFB Front Load Washing Machine Multi ...,1,9,,2026-01-07 09:48:47.416882,2026-01-07 09:48:47.416882
23b24f20-e9ac-4f54-be88-7165cc79e062,d907940b-aaa2-4e9f-9352-f428b89deb21,d296ca5e-a6ae-460b-9097-07e95434d889,(Renewed) Inalsa Handy Steam 600-Watt Garment ...,5,18,,2026-01-07 09:48:47.416882,2026-01-07 09:48:47.416882
e65912ad-8516-437c-b68a-de0bb0933757,d907940b-aaa2-4e9f-9352-f428b89deb21,ae32f1a2-3d37-4460-a959-64cbf10825b9,Rupa Men Vest ...,3,7,,2026-01-07 09:48:47.416882,2026-01-07 09:48:47.416882
ea245a49-11b4-431d-94f4-5b757e4278b6,d907940b-aaa2-4e9f-9352-f428b89deb21,ca3fb6f8-b5da-433a-9185-24d1ad1b6486,LONG TIME Slimming Waist Fitness Belt ...,4,11,,2026-01-07 09:48:47.416882,2026-01-07 09:48:47.416882
793bdf1e-581b-43ca-8a12-7efe8b51ddf2,51edcb59-aaf6-4c63-8d67-3a9996902aff,37725f9d-e7b8-4866-ac05-b562ed9573bd,AXOLOTL Military/Army Camouflage Cotton Half Sleeve ...,3,10,,2026-01-21 23:27:27.416882,2026-01-21 23:27:27.416882
58cb45b0-900d-4f75-8054-523434c357a1,51edcb59-aaf6-4c63-8d67-3a9996902aff,44774bd7-1469-4a5a-ac82-09ea22f8d809,CITY PRINT SHIRT,2,39,,2026-01-21 23:27:27.416882,2026-01-21 23:27:27.416882
a7eb71b6-e81d-4cdd-8baf-d9232b58be58,51edcb59-aaf6-4c63-8d67-3a9996902aff,e9593f08-b183-445e-9b94-d637568efde2,Hi-Choice 1200 mm high speed fans ...,3,31,,2026-01-21 23:27:27.416882,2026-01-21 23:27:27.416882
6f2f2a31-46fc-44a0-b8ff-05ca9a1629ef,c722657e-a367-4710-aa39-d8ba977ad666,77764cbd-6d22-466a-adf9-e4769cf3bfb1,KT WORLD QC Wireless Bluetooth in-Ear ...,3,6,,2025-12-20 12:22:18.416882,2025-12-20 12:22:18.416882
8db1ec13-04b9-44e5-9137-e7314d69f846,c722657e-a367-4710-aa39-d8ba977ad666,001322a2-2af6-47d3-9a52-54557707518f,Heatuff Women's Winter Wool Socks Warm ...,2,24,,2025-12-20 12:22:18.416882,2025-12-20 12:22:18.416882
7a6712f8-4d0e-4723-928f-cd28143337c9,c722657e-a367-4710-aa39-d8ba977ad666,66971efa-b2b9-435b-8a75-db581bdf1863,Himalaya Gentle Baby Wipes Mega Offer ...,3,11,,2025-12-20 12:22:18.416882,2025-12-20 12:22:18.416882
c4f9bdea-3a2a-4321-8d29-494fc3ef125b,37e5c70b-4d1f-40da-9ffc-492f40a876f8,8ea39250-dfd5-46a1-b809-f3a559bbbfde,Boss poly® Viscose Silk Thread 80 ...,2,24,,2026-04-14 14:19:42.416882,2026-04-14 14:19:42.416882
1e99c82f-dd13-4f8d-b6f5-535444ee95fa,37e5c70b-4d1f-40da-9ffc-492f40a876f8,1d9cd2c6-8a0b-47f3-85a7-ece9d405e1ce,VIMAL JONNEY Girl's Slim Fit Track ...,2,11,,2026-04-14 14:19:42.416882,2026-04-14 14:19:42.416882
99b5067e-5c89-45dd-8a2b-6718a3923493,37e5c70b-4d1f-40da-9ffc-492f40a876f8,c1fdd5ec-2e9b-413e-b8e8-6c29b78c8e41,Just Rider Ankle Support for Pain ...,1,8,,2026-04-14 14:19:42.416882,2026-04-14 14:19:42.416882
23c6f380-b945-4310-b925-e86ba872260f,63ab1cce-2b8e-4fd7-b67a-3830304321d1,64204c46-b55a-453c-a5db-eaf52ff80f4f,SHORT TEXTURED WEAVE BLAZER,4,71,,2026-03-06 00:09:10.416882,2026-03-06 00:09:10.416882
1d451e97-9987-44d3-aeee-3a33ae36bf10,63ab1cce-2b8e-4fd7-b67a-3830304321d1,2a1d1251-b853-4112-8ef0-2dcf9ada83f1,OTOROYS 22MM Handlebar Light Horn ON/Off ...,1,5,,2026-03-06 00:09:10.416882,2026-03-06 00:09:10.416882
b303d04e-5c84-4fbc-9d71-1694278ba939,63ab1cce-2b8e-4fd7-b67a-3830304321d1,484215bd-758a-4e4f-be74-4e9024c1db92,LACE UP WEDGE HEEL SHOES,3,71,,2026-03-06 00:09:10.416882,2026-03-06 00:09:10.416882
a1b2c502-1a41-421f-a8b6-fee541be9159,63ab1cce-2b8e-4fd7-b67a-3830304321d1,3e3ca7b9-d6f0-4030-9ef4-0c8cf867b290,"FOONTY Shopping Women Handbag(Brown,6194) ...",1,6,,2026-03-06 00:09:10.416882,2026-03-06 00:09:10.416882
64118fe4-ef16-4f1c-800f-2d7cf2500861,63ab1cce-2b8e-4fd7-b67a-3830304321d1,014fee8f-04ad-498e-a50e-63e536e2a371,Baggit Women's Sling Bag - XXS ...,3,14,,2026-03-06 00:09:10.416882,2026-03-06 00:09:10.416882
5d48b0bc-6e32-4208-a19a-0d15cd646abc,c8ec217f-242e-43a1-ad41-5e3cbe491bf7,3ffe209d-a476-4699-98af-410176622612,AONES Pack of 2 Magnetic Loop ...,4,12,,2026-01-31 16:28:24.416882,2026-01-31 16:28:24.416882
bc851b2a-0b66-45cf-889e-4a04bbdfe8a2,c8ec217f-242e-43a1-ad41-5e3cbe491bf7,a557545d-44f2-4778-8a3d-1e39389f43d3,Vagary Radiator Grill/Radiator Guard/Protector For Yamaha ...,4,24,,2026-01-31 16:28:24.416882,2026-01-31 16:28:24.416882
7aa5d0bc-5c1e-4b2a-8357-2dd4dab181ce,c8ec217f-242e-43a1-ad41-5e3cbe491bf7,c6b4d81d-7d09-4a11-bb89-c134aa2190a3,Triad M2 Pro 26T 21 Speed ...,1,289,,2026-01-31 16:28:24.416882,2026-01-31 16:28:24.416882
6e790850-35e7-47f3-b780-488e0c556552,67df05ce-e6c5-4e9f-b581-38f214409ada,38223865-e5fe-4397-be34-8cfc8068dfd0,"Chip Chops Chicken Tenders Slice, Dog ...",1,5,,2026-03-20 05:15:35.416882,2026-03-20 05:15:35.416882
913d3b02-e993-4a76-b039-975c538f2b8e,67df05ce-e6c5-4e9f-b581-38f214409ada,547fcdc2-d4b4-4ea7-9799-fc39c3639eb1,Watch City Watch for Girl's and ...,5,12,,2026-03-20 05:15:35.416882,2026-03-20 05:15:35.416882
bb91e374-ea30-4bc7-8b4f-2d1b5066c8b7,67df05ce-e6c5-4e9f-b581-38f214409ada,93ec33ab-025a-4555-942e-01f233c7a837,RED TEMPTATION 80 ML / 2.71 oz,2,27,,2026-03-20 05:15:35.416882,2026-03-20 05:15:35.416882
13bd5bfd-c81a-44e6-99f0-e650ec395a2d,67df05ce-e6c5-4e9f-b581-38f214409ada,db28c0bb-d2fa-4f31-ac58-c7fbf43f4d5c,Vbuyz Women Solid Cotton Straight Kurti ...,5,30,,2026-03-20 05:15:35.416882,2026-03-20 05:15:35.416882
499c1533-878d-4f7f-88b3-7b756c864a82,153ca81e-04ff-4d8b-8b8f-67b2f1d225a1,23cd7041-132b-411a-a478-41e7e45f439b,MONOCHROME BRIEFCASE,2,55,,2026-03-19 20:47:35.416882,2026-03-19 20:47:35.416882
eb77afde-2eb9-442d-bcc4-33ccd979b4d2,153ca81e-04ff-4d8b-8b8f-67b2f1d225a1,2f8c4b79-040d-4271-b446-bdea991c1da9,Walky Wear Good Material Exellent Quality ...,3,7,,2026-03-19 20:47:35.416882,2026-03-19 20:47:35.416882
5bbc37b1-c3f3-44bd-b71e-984ba699aa22,153ca81e-04ff-4d8b-8b8f-67b2f1d225a1,14466508-f9d8-49f6-b2eb-3d14b088c4b2,SHORT FITTED STRETCH KNIT DRESS,4,24,,2026-03-19 20:47:35.416882,2026-03-19 20:47:35.416882
9fd686d5-90b7-47c7-a116-62c7bde789dc,153ca81e-04ff-4d8b-8b8f-67b2f1d225a1,f3946e3c-0f15-4a62-9677-579630abc09e,Zest4Kids - Pack of 6 - ...,5,6,,2026-03-19 20:47:35.416882,2026-03-19 20:47:35.416882
3d09d44f-3609-40c1-967c-e8a5f547c23b,d38cc347-78da-4611-b882-0cd0984492a3,bb949535-41e0-4359-a9b2-9f3e5459cbd8,myaddiction Plush Underarm Bag Furry Tote ...,2,22,,2026-04-04 02:25:22.416882,2026-04-04 02:25:22.416882
5fe8805b-1d3f-4d3d-b7a9-1b8523515397,d38cc347-78da-4611-b882-0cd0984492a3,58b3891a-d25a-48f7-88f1-cecc527bc9e9,MIDI DRESS WITH VISIBLE SEAMS,2,67,,2026-04-04 02:25:22.416882,2026-04-04 02:25:22.416882
2c05f2c3-e814-4ee7-9854-8c21302106ee,d38cc347-78da-4611-b882-0cd0984492a3,4eea2df4-4775-43dc-8157-78c4cf0daada,D'SIGNER Analog White Dial Women's Watch-537GM.L ...,3,48,,2026-04-04 02:25:22.416882,2026-04-04 02:25:22.416882
9c1e2f29-7e46-4231-89eb-86f3f8181a5f,d38cc347-78da-4611-b882-0cd0984492a3,fa78404d-c0a7-4275-a6f8-9dbe4f0a1ac7,Tickles Pink Rabbit With Carrot Stuffed ...,3,10,,2026-04-04 02:25:22.416882,2026-04-04 02:25:22.416882
e1ec7719-e492-4bca-b273-54847958198b,d38cc347-78da-4611-b882-0cd0984492a3,720489ef-79a7-4190-8b19-73daa03a311b,OFKLADE 3pcs Soft PVC Fishing Angling ...,4,19,,2026-04-04 02:25:22.416882,2026-04-04 02:25:22.416882
2218efc7-f0e2-40f1-9577-fb2d5b067f30,a9813032-e5a5-41b3-8c8f-bc9d88e1f653,7f62469c-29e7-45d8-ae21-9c248d2602db,Nike Sportswear,5,53,,2026-03-04 06:48:01.416882,2026-03-04 06:48:01.416882
19ad0e1b-7384-4e6f-b27a-16a75bfc18a1,a9813032-e5a5-41b3-8c8f-bc9d88e1f653,8b4585d1-3f9a-4c21-8769-e7e6af9c1ddc,Go Well Satin Silk Pillow Covers ...,1,8,,2026-03-04 06:48:01.416882,2026-03-04 06:48:01.416882
26d346b1-665d-4ec2-a380-f37ad7bb143b,cc5e49f6-8f23-4f17-bcde-1f353c01c025,1dc17be0-f882-4cd1-a1c3-2f8b6a79144e,SEBONGO™ Water Resistant Bike Cover for ...,5,12,,2026-01-13 16:39:27.416882,2026-01-13 16:39:27.416882
bacd78ab-5680-4a40-a3e8-83e532a72407,cc5e49f6-8f23-4f17-bcde-1f353c01c025,751c25c7-e268-4623-905f-55448266ec65,Savoir Digital LED Watch Band Girls ...,5,10,,2026-01-13 16:39:27.416882,2026-01-13 16:39:27.416882
9b16cd09-d838-44e0-8c87-f6ccc899d44e,cc5e49f6-8f23-4f17-bcde-1f353c01c025,3e7d2f3f-6c34-4294-a6a6-a92d2407a978,20X10 Cricket Nylon HDPE NET ...,3,24,,2026-01-13 16:39:27.416882,2026-01-13 16:39:27.416882
d6d93dd7-0171-42d6-927a-e8f317e0b61b,cc5e49f6-8f23-4f17-bcde-1f353c01c025,fb9ffc80-cf99-4ded-8f27-6ac37a214e9e,AI-Pigeon Model on Base/Biological Model/used for ...,2,18,,2026-01-13 16:39:27.416882,2026-01-13 16:39:27.416882
ee0251c4-30a4-43f9-9626-4b89a7e2b8c7,26e3e349-d955-4d30-a159-0f72e8a84477,3044a49f-b2bb-4f50-94b2-66b33c98c125,OUD VIBRANT LEATHER 100ML / 3.38 oz,1,31,,2025-11-21 21:57:17.416882,2025-11-21 21:57:17.416882
3c258fd8-990a-4782-b2d7-b6ca0988c74e,26e3e349-d955-4d30-a159-0f72e8a84477,283038b8-de63-4901-845d-69f56be88ed7,LAWMAN PG3 Men's Slim T-Shirt ...,1,13,,2025-11-21 21:57:17.416882,2025-11-21 21:57:17.416882
ad315ff4-8f76-43c0-a2de-ba374ff8f62e,5fe99cba-9909-4c4f-b923-d433f8eac143,711db8c1-8662-4158-8d89-c2d44b8d2388,CRITO Men's Cotton Short Trunks Plain ...,5,6,,2026-01-21 09:25:00.416882,2026-01-21 09:25:00.416882
5246b837-d779-4b0a-a1f1-f1b336769068,5fe99cba-9909-4c4f-b923-d433f8eac143,206f4236-2d3d-4db0-b562-355122d26c4a,In-Ear Headphones Earphones for Xiaomi Redmi ...,3,10,,2026-01-21 09:25:00.416882,2026-01-21 09:25:00.416882
f8a9a8c4-e0aa-4d79-aaad-9d7d08a31201,5fe99cba-9909-4c4f-b923-d433f8eac143,45be3c01-3fb9-4909-ab09-e193338a504d,Badminton Rackets Set for Kids with ...,4,2,,2026-01-21 09:25:00.416882,2026-01-21 09:25:00.416882
72968087-b6e6-4585-ae94-5cb698f9388e,5fe99cba-9909-4c4f-b923-d433f8eac143,1956636c-8acc-4b9d-aa05-edbbabc63fb2,CHEVIK CAM-Grip Action Camera Mount for ...,3,30,,2026-01-21 09:25:00.416882,2026-01-21 09:25:00.416882
2e03f3a8-5710-43e4-be3f-f7492f300803,e3b3a085-0c9e-43b1-be6a-d0d86eba1f8e,8047592b-08bd-4d5a-a7c1-97fa2e113eda,Invincible Women’s Mesh Back Sports Bra ...,2,12,,2025-12-01 01:54:10.416882,2025-12-01 01:54:10.416882
93e21eb9-10df-4a02-82ad-066de534aa66,e3b3a085-0c9e-43b1-be6a-d0d86eba1f8e,3e96b808-ce58-41b3-89f0-a7b89e49e87b,GOCART WITH G LOGO Polycarbonate Hard ...,3,55,,2025-12-01 01:54:10.416882,2025-12-01 01:54:10.416882
d95b2a5d-43d6-4281-97ee-77874d0018fa,e3b3a085-0c9e-43b1-be6a-d0d86eba1f8e,d5a26d32-9536-4f2e-8597-791c68a7b9b8,Camfoot Boy's Multicolor Combo_(3a)_9265-1665-1091 Sneaker ...,2,12,,2025-12-01 01:54:10.416882,2025-12-01 01:54:10.416882
e60e7dea-0c88-479a-95a2-37bfe9cd418e,e3b3a085-0c9e-43b1-be6a-d0d86eba1f8e,35bab81c-0108-4035-8a66-0a34f0442593,OSAKA 3000mAh HR06 AA Rechargeable Ni-Mh ...,3,54,,2025-12-01 01:54:10.416882,2025-12-01 01:54:10.416882
a03d1005-bbe0-455b-ad44-7b9e1df693cc,e3b3a085-0c9e-43b1-be6a-d0d86eba1f8e,c50d5445-d3e1-4f09-bf9a-c3fbffbdffd8,SaintG Womens Gold Chain Embellished Red ...,1,71,,2025-12-01 01:54:10.416882,2025-12-01 01:54:10.416882
cd1a7250-2d22-4886-bbf7-d1cf0a033336,2d8185b1-1bda-4ecb-8a5b-7248decb9888,dac6a39d-51f1-441f-bbb3-2894dd9a0978,Mormax Class 6 8gb Micro SD ...,5,4,,2025-12-02 17:37:09.416882,2025-12-02 17:37:09.416882
6b9a75e8-fe2a-4c2e-81f8-e9a3735c7e97,2d8185b1-1bda-4ecb-8a5b-7248decb9888,0f2a1bbc-8f7a-44a4-b3b5-33dc8d7fc08d,ASICS Mens Hyper Ld 6 Track ...,4,71,,2025-12-02 17:37:09.416882,2025-12-02 17:37:09.416882
746561e4-95df-4ff9-9165-daeac7c77ac3,f2b0d79d-7f7b-4cd3-abfc-9f2de8e96dca,e9635517-62a7-4ab1-ae78-dc63d1073bef,Imagimake: Mapology World with Flags & ...,2,10,,2026-02-06 23:02:43.416882,2026-02-06 23:02:43.416882
3d25f8d6-973c-402d-920c-f2b04914de9b,98ac7ab6-66b1-49b8-bec0-78f3b87efaa4,74f2306e-2915-44cd-8998-144744700708,blackberrys Men's Solid Slim fit Casual ...,3,31,,2025-11-10 07:10:54.416882,2025-11-10 07:10:54.416882
31345ab6-7fa2-4792-adee-1d528ea407fa,98ac7ab6-66b1-49b8-bec0-78f3b87efaa4,a8a5234a-dc22-455d-8e71-32a11b6659c4,"CamelBak Eastman Tritan Copolyester Chute Mag, ...",4,105,,2025-11-10 07:10:54.416882,2025-11-10 07:10:54.416882
28f6b04c-2dd5-404e-bf5c-48206471f676,131a85a5-16b2-447e-b463-77bce3774949,693f07e8-9df0-4f60-9a99-b2fe04cf4242,CROSSBODY BAG,2,34,,2025-12-26 08:05:32.416882,2025-12-26 08:05:32.416882
230036ed-58a7-4d75-8800-d1387984acc2,131a85a5-16b2-447e-b463-77bce3774949,1141d1f9-1e5a-403c-8aa2-0f5b4591473c,Krisstop Fulfilled By Light House Plastic ...,5,10,,2025-12-26 08:05:32.416882,2025-12-26 08:05:32.416882
ea75a1b0-c3a1-4993-93c0-c9333c4447e6,131a85a5-16b2-447e-b463-77bce3774949,2e6ca536-a5b2-4650-bcac-7b6e16f315d2,Rambutan Sensor AMP 1.13 ...,2,6,,2025-12-26 08:05:32.416882,2025-12-26 08:05:32.416882
65b922f0-60a3-4fc2-92db-658263a1f80e,b48cf988-48ef-4d99-90d9-e55b7b6e1616,34d69f7b-626a-4d45-9ed3-90ceaef8663e,KNIT DRESS WITH CONTRAST DETAIL,1,48,,2025-11-29 04:51:29.416882,2025-11-29 04:51:29.416882
67b0a928-a7dc-4e18-8671-4498442ff067,b48cf988-48ef-4d99-90d9-e55b7b6e1616,b27795d5-5b4f-4549-9a1d-3e7ad7e86ce1,Careflection 6-in-1 Multi Combo Spiral USB ...,4,12,,2025-11-29 04:51:29.416882,2025-11-29 04:51:29.416882
6e99b2c6-af5d-42a9-b0cd-880b2c03ee2e,b48cf988-48ef-4d99-90d9-e55b7b6e1616,56513f3f-3f0a-435b-b5fa-82203655877e,Oshotto Microfiber Flat Car Duster Cleaning ...,3,12,,2025-11-29 04:51:29.416882,2025-11-29 04:51:29.416882
52197d21-078d-4498-922c-2c4432ec0356,b48cf988-48ef-4d99-90d9-e55b7b6e1616,79e71238-6eda-4d56-af7a-82e6c537cf47,BOMBER JACKET WITH CUTWORK EMBROIDERY,3,59,,2025-11-29 04:51:29.416882,2025-11-29 04:51:29.416882
7d78abb8-bc7c-4acc-89eb-3e3eb7c7807c,b48cf988-48ef-4d99-90d9-e55b7b6e1616,78b265fb-bbf3-4d23-ae8a-f4e21e43db94,"Jonex Big Sport Bag Badminton, Tennis, ...",4,20,,2025-11-29 04:51:29.416882,2025-11-29 04:51:29.416882
28f083f7-0b3b-4e49-aaef-0dcb21c1327f,c69bc7b1-722b-4e5e-a4fe-e128244a9907,f616df17-fb5b-404e-8fa0-cf3a4ac76721,Fashionury Back Cover Case for Mi ...,5,7,,2026-03-17 04:50:39.416882,2026-03-17 04:50:39.416882
fa2aa58c-4a3e-483e-a151-934db2f57890,c69bc7b1-722b-4e5e-a4fe-e128244a9907,bbc5c399-801d-4643-bcfc-124036b7d946,Kitty Baby Boy Sneakers White Kids ...,3,15,,2026-03-17 04:50:39.416882,2026-03-17 04:50:39.416882
0752c60f-fddb-4a89-93e6-1eaf1f64266a,c69bc7b1-722b-4e5e-a4fe-e128244a9907,f9f92bd2-c8c5-4c70-a3ba-6bedc2732a4a,Glocal Rabbit Fur Pre-School Kids Bag ...,1,5,,2026-03-17 04:50:39.416882,2026-03-17 04:50:39.416882
48d044fd-6246-4626-9c9e-397dcbd446c1,c69bc7b1-722b-4e5e-a4fe-e128244a9907,7beab694-0a09-4d79-8e31-10423e18e913,M HAND HELD TOTE BAG,4,39,,2026-03-17 04:50:39.416882,2026-03-17 04:50:39.416882
2a631ded-0008-4548-a6aa-7434bdd1f388,c69bc7b1-722b-4e5e-a4fe-e128244a9907,1c2f76e0-5a6e-4b7b-a556-6fc71f321a12,Anuj Sales 13.25 Ratti Natural White ...,2,36,,2026-03-17 04:50:39.416882,2026-03-17 04:50:39.416882
da35b8a7-1669-4b43-836e-a9258efb8230,c4fc9176-f536-4236-8b61-1faaeb052c77,96b550ec-2bd0-4460-ad56-9daaa397efc9,Luminous Deco Premium Audie 1200mm Ceiling ...,5,32,,2025-11-29 05:58:36.416882,2025-11-29 05:58:36.416882
03f5d46c-6ace-46ac-a826-24ef15433d35,c4fc9176-f536-4236-8b61-1faaeb052c77,28a4463d-8b6a-48cf-a1f8-541e07a8addc,TECHNOVIEW Hd Focus WiFi V380 Pro ...,4,60,,2025-11-29 05:58:36.416882,2025-11-29 05:58:36.416882
05fd16f9-1994-43ea-959f-22d84485bc41,c4fc9176-f536-4236-8b61-1faaeb052c77,b80fb47a-b918-4fa5-9a65-d96e2e666213,Ross Silicone Face Cleansing Scrubber for ...,2,5,,2025-11-29 05:58:36.416882,2025-11-29 05:58:36.416882
4743cd55-df94-4fa2-8ac5-6d9265029aad,c4fc9176-f536-4236-8b61-1faaeb052c77,69a4b513-d1f5-4379-aebd-3e9a9966fa25,Large 40 Liters Backpack Unisex Backpacks ...,4,24,,2025-11-29 05:58:36.416882,2025-11-29 05:58:36.416882
346f986c-a06d-484b-983d-b95fe5ed089a,330bad7d-650a-4e90-9c4d-a7cd6501e487,45680bdf-3af0-47a1-b071-7378f5dff4a9,Fabtec Red and Blue Car Body ...,3,15,,2026-01-14 00:25:49.416882,2026-01-14 00:25:49.416882
dd459d6e-56ca-4e32-b539-fe061382f3f0,330bad7d-650a-4e90-9c4d-a7cd6501e487,6f68eada-dc64-46e0-b9fd-eab4726191a7,EXCLUZO Animal Baby Kids Anti-slip Shoes ...,3,23,,2026-01-14 00:25:49.416882,2026-01-14 00:25:49.416882
2967feba-cd18-4aef-9914-78f99c2c6b6e,330bad7d-650a-4e90-9c4d-a7cd6501e487,f752cbd4-4bf0-4f77-933a-e04a1ea07e2a,Superior High Strength Stretchable Elastic Rope/Bungee ...,1,6,,2026-01-14 00:25:49.416882,2026-01-14 00:25:49.416882
e2fc8dbb-8565-4a1f-b6c1-63b64ae7d378,330bad7d-650a-4e90-9c4d-a7cd6501e487,f3521547-2465-4ae9-99aa-eaae478e3a0a,Samsung 670L 2 Star Frost-Free Double ...,2,1143,,2026-01-14 00:25:49.416882,2026-01-14 00:25:49.416882
e0cb9cb7-7316-4a4e-9ca5-91183ccf8fe5,ebb10697-942e-4a66-bb17-a8e31397a1e8,2ee5d7b0-7c63-4275-9d65-061770ab1cf8,ShopMagics Bluetooth Earphones for OnePlus Nord ...,2,19,,2026-03-13 02:03:23.416882,2026-03-13 02:03:23.416882
593025e3-0a46-4ee0-ad56-f62cab380f0f,ebb10697-942e-4a66-bb17-a8e31397a1e8,e4eb03cf-7c5e-4ca0-b767-c4ab101dcdc6,Tommy Hilfiger Chronograph Analog Watch For ...,5,131,,2026-03-13 02:03:23.416882,2026-03-13 02:03:23.416882
65c24f1e-633f-48ba-8079-e0e490952008,8265d7d6-a330-4385-a697-64cd1ec0eec6,4da080b4-57f8-4ceb-ba0f-ba131d3f2051,FLORAL PRINT MIDI DRESS,2,48,,2026-03-27 05:58:22.416882,2026-03-27 05:58:22.416882
6946d257-ae90-4a20-9420-c4fdbf0b9cc4,8265d7d6-a330-4385-a697-64cd1ec0eec6,6f761081-a785-411b-8539-506800fb7499,CROSSBODY BUCKET BAG,5,34,,2026-03-27 05:58:22.416882,2026-03-27 05:58:22.416882
451e8699-86fc-4420-8641-d34c6ef9e5d5,8265d7d6-a330-4385-a697-64cd1ec0eec6,a7c206ce-b17d-4f11-9925-59ded1074193,MACRAMÉ BAG,2,27,,2026-03-27 05:58:22.416882,2026-03-27 05:58:22.416882
d810b071-b10d-4920-9fa8-469bbc54c1a7,8265d7d6-a330-4385-a697-64cd1ec0eec6,b87e685c-42c5-4360-a330-668be97eb6d4,"MAY TREE Clear Bag Stadium Approved, ...",5,12,,2026-03-27 05:58:22.416882,2026-03-27 05:58:22.416882
b702dc62-0516-48f7-8755-c953024863d4,df173fe9-f680-4bd7-8eb7-fa16e81fe5b6,9974a362-e962-4a60-b753-c498f87717a8,Real Basics Boys Cotton Round Neck ...,1,19,,2026-01-20 22:35:33.416882,2026-01-20 22:35:33.416882
22406047-9c61-4fa6-9748-8a8cbffed191,df173fe9-f680-4bd7-8eb7-fa16e81fe5b6,ccca0aba-deae-406f-90d9-91105cdff45b,"Zeiss Pre-Moistened Lens Cloths Wipes, 60ct ...",1,6,,2026-01-20 22:35:33.416882,2026-01-20 22:35:33.416882
276cba08-9c1f-4fe7-82f2-8680967e88e3,df173fe9-f680-4bd7-8eb7-fa16e81fe5b6,c517fcec-9dab-4afe-b250-6394e66a5fe8,BATA Men's Sports Running Shoes ...,5,15,,2026-01-20 22:35:33.416882,2026-01-20 22:35:33.416882
9518487b-534a-4f39-b0e7-df5d40102f5a,aaa89177-d2f9-4031-8187-951e05091cac,679af488-853d-40b8-b766-a288feb13d03,PALAT Passion Fruit Squash Added Sugar ...,2,3,,2026-03-25 16:14:15.416882,2026-03-25 16:14:15.416882
31284462-4e61-4cde-afc3-445a0c3fdebf,aaa89177-d2f9-4031-8187-951e05091cac,bb6d0daa-7bc9-4eb6-8f9d-c272b0e1e4b0,Huggies Complete Comfort Wonder Pants with ...,5,14,,2026-03-25 16:14:15.416882,2026-03-25 16:14:15.416882
e48fc0e0-5478-44e2-a319-e6e5d81015ca,aaa89177-d2f9-4031-8187-951e05091cac,673280ee-950d-46b5-99f2-bfefb1db4390,SILVER 100ML / 3.38 oz,2,12,,2026-03-25 16:14:15.416882,2026-03-25 16:14:15.416882
03edd771-fda4-40eb-9243-6878b7d64413,aaa89177-d2f9-4031-8187-951e05091cac,21409acc-a39b-48d3-b0a3-a00b5082e7bf,45L Camping Hiking Backpack Large ty ...,5,84,,2026-03-25 16:14:15.416882,2026-03-25 16:14:15.416882
b65ec783-1a92-4b73-b70d-d05ffb137826,e8951516-0136-4b73-8627-cfe5e9d18099,34cb0242-1f59-4fb4-b2a7-2a77dff9993f,Nike Sportswear,3,38,,2025-11-27 13:11:57.416882,2025-11-27 13:11:57.416882
f3159820-3f45-4684-9022-11bd4782cb67,e8951516-0136-4b73-8627-cfe5e9d18099,e190e6d8-be41-44cb-a5c2-cffd05cd52f8,HALF-LEG COWBOY BOOTS WITH METAL TOECAP,4,83,,2025-11-27 13:11:57.416882,2025-11-27 13:11:57.416882
26972dda-098d-4b14-8acc-369a457f6370,e8951516-0136-4b73-8627-cfe5e9d18099,476dd62e-cb72-4825-b792-cca380b25873,LEAPUPfan Cleaning Brush with Long Rod ...,5,8,,2025-11-27 13:11:57.416882,2025-11-27 13:11:57.416882
63d9ab69-35d2-48fc-8ddb-ba30f687a4dd,e8951516-0136-4b73-8627-cfe5e9d18099,2c4da861-55f0-4dd6-94c3-eee29ad095a0,Jack & Jones Men's Skinny Jeans ...,4,42,,2025-11-27 13:11:57.416882,2025-11-27 13:11:57.416882
3ce72850-6176-4dfe-b5ff-a3ce59020511,6b2571ae-2df3-46f4-bb30-40c9430aaf7f,20da44fa-e343-4eac-869f-e1ac3efe5b62,"Travel Coffee Maker, Red Poppy Print ...",4,210,,2026-02-16 19:41:38.416882,2026-02-16 19:41:38.416882
7d39fcb9-c9c2-4178-999f-b1912aedd561,6b2571ae-2df3-46f4-bb30-40c9430aaf7f,13c957f2-8526-4b4b-81c7-fed53a54b2d5,Velco Mocassins for Men Tan ...,1,19,,2026-02-16 19:41:38.416882,2026-02-16 19:41:38.416882
920fd637-7b76-4f00-9a82-7289bec0fa4e,6b2571ae-2df3-46f4-bb30-40c9430aaf7f,704cf61e-2d35-4b36-9b65-31e96b3214a3,Rambutan ULN 7R Board ...,4,10,,2026-02-16 19:41:38.416882,2026-02-16 19:41:38.416882
6866e4f2-e375-478f-b0b5-28e2fd7e09e3,6b2571ae-2df3-46f4-bb30-40c9430aaf7f,159d3b75-eeae-42b8-95e6-7ae18b30c0e0,"Pampers Active Baby Taped Diapers, Medium ...",4,14,,2026-02-16 19:41:38.416882,2026-02-16 19:41:38.416882
48f9c6e5-203a-4351-b45b-521a91a6482d,6b2571ae-2df3-46f4-bb30-40c9430aaf7f,165c54de-52a4-48db-b694-f19eff1b7593,VISCOSE - LINEN BERMUDA SHORTS,2,34,,2026-02-16 19:41:38.416882,2026-02-16 19:41:38.416882
6655db74-fd7b-4118-82a6-8de8f38631b4,10db79e6-c781-421b-934c-b49b3bd4a727,6fc8bf75-5a2a-4a2d-9373-353aa5745090,Guapha Ayurveda Swarna Bhasma (125mg)… ...,4,12,,2026-03-06 04:36:34.416882,2026-03-06 04:36:34.416882
f4bf49ab-d107-44ea-84ab-ead68bc28b62,52765f51-305a-48a0-8144-bf320586d528,95d58be4-555e-4b27-859d-cf4c3419428d,LEATHER MINI CROSSBODY BAG WITH FLAP,2,71,,2026-01-02 10:25:51.416882,2026-01-02 10:25:51.416882
68fd3d4a-4f1c-4593-945c-41e709d9fe2f,52765f51-305a-48a0-8144-bf320586d528,6c9f38b5-f548-47b1-9535-cde57b38fc2a,Jute Cottage Men's and Women's Eco-Friendly ...,3,7,,2026-01-02 10:25:51.416882,2026-01-02 10:25:51.416882
92346b1b-6a65-4734-b47f-2f915d2b57fb,52765f51-305a-48a0-8144-bf320586d528,e0fe6694-6103-487d-ad99-04469434e2ce,Puma Unisex-Child Backcourt Mid Jr Sneaker ...,5,60,,2026-01-02 10:25:51.416882,2026-01-02 10:25:51.416882
0ae45d10-f293-41ae-8b84-611df1e23f30,52765f51-305a-48a0-8144-bf320586d528,72cd7dc4-0b5a-4c08-9ee9-a110d214bfcd,Cable World Indoor and Outdoor Magnetic ...,4,31,,2026-01-02 10:25:51.416882,2026-01-02 10:25:51.416882
1bccfa5c-7152-457c-95bb-a0e30b443891,1d9df225-a9ac-4011-a816-ca76a33f6125,a607aed7-a522-4d7e-b08e-a3472bcf7f1a,Antonio Banderas The Icon Eau De ...,4,30,,2026-02-05 00:08:35.416882,2026-02-05 00:08:35.416882
f958658d-054d-4b52-8ba9-3f0e46df7e1d,1d9df225-a9ac-4011-a816-ca76a33f6125,4ac9d266-c246-4437-8112-d63474d7610b,"Wireless Bluetooth in Ear Neckband Earphone, ...",2,5,,2026-02-05 00:08:35.416882,2026-02-05 00:08:35.416882
a7048de5-808f-4660-9386-15eb2bf9047f,1d9df225-a9ac-4011-a816-ca76a33f6125,1a27366c-28d0-4984-b8b0-448c62d653b0,Mango Star Stylish And Trendy Shoulders ...,1,15,,2026-02-05 00:08:35.416882,2026-02-05 00:08:35.416882
dc7dc2f0-75f3-42fc-bace-18189b2d3c82,45aa1db5-de20-497c-b2ea-4baff0d84126,1515b228-5e9b-4980-8bf0-8d825f963ecf,"Adidas Climacool Male Deodorant, Blue, 150 ...",2,6,,2026-02-26 10:46:59.416882,2026-02-26 10:46:59.416882
0e72b83f-cb4c-44a8-ae02-11c059eeccba,45aa1db5-de20-497c-b2ea-4baff0d84126,dc1a7172-782f-4acc-b27c-62f1a9f5d109,SLINGBACK SHOES WITH BOW,5,39,,2026-02-26 10:46:59.416882,2026-02-26 10:46:59.416882
e0404173-ec24-4e2e-b740-f6d6c44dc947,45aa1db5-de20-497c-b2ea-4baff0d84126,64a1086a-aa21-4640-a8e7-7c7d35382d76,MOM CARE Muslin Cotton Face Towels ...,5,6,,2026-02-26 10:46:59.416882,2026-02-26 10:46:59.416882
462b2e34-0089-412c-910e-ff8ca268aaa6,45aa1db5-de20-497c-b2ea-4baff0d84126,c52d715c-3f5d-4009-946a-1ee1f6e3ab75,Beauté Secrets Detangler Hair Comb Brush ...,3,5,,2026-02-26 10:46:59.416882,2026-02-26 10:46:59.416882
b629b00a-2239-4a67-9132-3c3b3921a400,a1726d84-2d27-4cf5-a75d-5b9736858cb6,f9a88979-cc06-4b82-8bd7-47ada74e9650,OnePlus 138 cm (55 inches) Y ...,5,595,,2025-12-05 14:27:12.416882,2025-12-05 14:27:12.416882
34c9dd81-6a20-49a1-a47b-75383d663386,a1726d84-2d27-4cf5-a75d-5b9736858cb6,507122d1-a9a9-4b15-94bf-aae0967779cf,Shoetopia Women & Girls Casual Comfortable ...,2,36,,2025-12-05 14:27:12.416882,2025-12-05 14:27:12.416882
a62724da-d82c-45c7-805b-9ffed19849ed,52773373-f5f2-4736-aa4c-4025eb3e621e,0e80c7cf-dc67-48fc-8587-cece84199687,ADRO Men's Graphic Printed Hooded Neck ...,3,33,,2026-02-16 05:46:11.416882,2026-02-16 05:46:11.416882
6f329e3a-58b6-4266-887d-ce990b347dd8,d55730c6-dfe7-4802-92a0-4c2c5823afc6,375f00de-ee5d-43cd-8a9f-eb6ffd0f6647,VIP Frenchie Outer Elastic Men's Cotton ...,3,9,,2026-03-11 05:56:21.416882,2026-03-11 05:56:21.416882
b45a629e-78be-4596-9d90-77bfa6dad1c8,d55730c6-dfe7-4802-92a0-4c2c5823afc6,01162f67-fb26-4c1c-9194-3c90e6ad3d55,"Sri Sri Tattva Oorja Tablet 500mg, ...",5,4,,2026-03-11 05:56:21.416882,2026-03-11 05:56:21.416882
62886594-a77c-4f17-8a8d-d0173fd8936c,d55730c6-dfe7-4802-92a0-4c2c5823afc6,e083819f-8afc-4bee-b72d-421325000ad5,TNQ Women's Stylish and Fashionable Mid- ...,5,15,,2026-03-11 05:56:21.416882,2026-03-11 05:56:21.416882
ce7c1ce3-a5ef-464d-b59c-2faab0927ac8,ee9d2d89-790d-4626-8cdb-0c966803ac67,4ba2cf0f-c61f-4e83-99f2-d1b9fda15071,global desi Women Kurta ...,2,24,,2025-12-04 13:51:43.416882,2025-12-04 13:51:43.416882
cd0bdc9d-c04f-45c5-8bd8-3959fa993fae,ee9d2d89-790d-4626-8cdb-0c966803ac67,1d509ecb-5180-4015-ae50-85d4f3a39895,MASUD CREATION Girls Frock Cotton Silk ...,2,10,,2025-12-04 13:51:43.416882,2025-12-04 13:51:43.416882
6ecc8cdf-ea54-48d9-ad1c-a34730d750da,ee9d2d89-790d-4626-8cdb-0c966803ac67,2340a1b9-7560-4865-ad9c-fa0888ede55b,SIXFIRE® New Multipurpose Plastic 3 In ...,1,6,,2025-12-04 13:51:43.416882,2025-12-04 13:51:43.416882
0eab2a06-35ac-483f-a3bc-769ee1af873f,9f79ece1-c48c-4b1e-8c75-c0b747e10a04,150404cd-3cfd-4460-9716-c42545dc1c54,MTR Vermicelli Payasam 100g ...,3,1,,2026-03-25 17:35:37.416882,2026-03-25 17:35:37.416882
2c32670f-ea92-4b31-9599-5af7568c6857,9f79ece1-c48c-4b1e-8c75-c0b747e10a04,f0cfa683-07f0-41ac-8bf6-23e832b56781,Arata Citrus Lip Balm (10 G) ...,2,3,,2026-03-25 17:35:37.416882,2026-03-25 17:35:37.416882
613218c2-822c-4ecb-84d5-ee59f29a51b5,9f79ece1-c48c-4b1e-8c75-c0b747e10a04,d74864d5-7562-489c-9c19-b2d38983ff96,ISEE 360 Live and Let Ride ...,5,5,,2026-03-25 17:35:37.416882,2026-03-25 17:35:37.416882
b83a4cd6-15d1-4ab6-9b9c-bef0bbe7fbe0,9f79ece1-c48c-4b1e-8c75-c0b747e10a04,def18701-b066-42b0-b042-234be0efbb76,Proxism Bathroom Cleaning Brush with Wiper ...,4,12,,2026-03-25 17:35:37.416882,2026-03-25 17:35:37.416882
7c7860f7-28cb-4c2b-a47c-55ed43b5b67c,694643f9-cd2f-4d11-b18b-a2943ded7a2c,7f2d92b2-d46f-460e-9cc6-ebd3946233f3,Brienstripe Double Sided Tape Heavy Duty ...,5,12,,2026-01-04 03:17:22.416882,2026-01-04 03:17:22.416882
97bd1bd8-f223-4c18-8c49-c6d52c700da1,694643f9-cd2f-4d11-b18b-a2943ded7a2c,76ae1782-38f7-4d42-b32d-ec4c97217458,TQS Tummy Trimmer Waist -Abs Exerciser- ...,3,18,,2026-01-04 03:17:22.416882,2026-01-04 03:17:22.416882
f29862a5-7d7b-48a8-b170-805281c85cbf,8ad5643e-cdb6-4b40-917e-e99c1797e955,ece08090-fce7-44da-a612-106e8296ab2c,HomeFast Comfortable Squat Stool for Western ...,3,20,,2025-11-17 16:46:10.416882,2025-11-17 16:46:10.416882
656cdc7a-081f-408b-826a-981c8a30c45e,8ad5643e-cdb6-4b40-917e-e99c1797e955,72ae135f-662f-4030-8cd8-b336b0fb88ea,"VIP Stylish Polycarbonate Unisex Trolley (S21VIPSTARGAZ55002, ...",5,97,,2025-11-17 16:46:10.416882,2025-11-17 16:46:10.416882
7aed297a-5ab9-47ce-be15-452763fb0104,8ad5643e-cdb6-4b40-917e-e99c1797e955,789b9cec-4e93-4acb-bbc7-fa2380dd1ad4,Columbia Mens Trailstorm Waterproof Hiking Shoes ...,1,107,,2025-11-17 16:46:10.416882,2025-11-17 16:46:10.416882
82247008-2281-4983-a4c6-26144f51a046,a41f4d7a-1e71-4229-b561-66b15e7ec8b8,952a998a-7527-43a5-bb73-4bcfe5d34f2d,K.K. VillA Home Fitness Equipment Upgraded ...,3,13,,2025-12-15 18:29:11.416882,2025-12-15 18:29:11.416882
ac3f9993-5c06-4cc6-8321-16eb5419a923,a41f4d7a-1e71-4229-b561-66b15e7ec8b8,f8e1f74a-c6dd-4912-953d-cbcb6b145528,Avon Magnetic Exercise X Bike-924.Cycling at ...,1,299,,2025-12-15 18:29:11.416882,2025-12-15 18:29:11.416882
099e95a3-1b6b-447c-ba71-0e7e634dd57f,a41f4d7a-1e71-4229-b561-66b15e7ec8b8,049d3cf2-39be-48d6-aea9-e57ec5c402e6,GABARDINE JUMPSUIT,3,59,,2025-12-15 18:29:11.416882,2025-12-15 18:29:11.416882
695c8cb7-787f-4de3-ad7a-75a766614b06,a41f4d7a-1e71-4229-b561-66b15e7ec8b8,7ea1cd36-484d-4a94-b9e1-c64afa848ed9,PERPAA® Power Stay Liquid Matte Lipstick ...,4,6,,2025-12-15 18:29:11.416882,2025-12-15 18:29:11.416882
707e55e9-a115-40c3-9654-3d204acaeff7,7fdd3893-63ed-4557-911e-a716cfbbc99f,fbe69108-1450-4229-982a-b72f2b911e8d,Tinkpin (Pack of 12) Washing Machine ...,5,2,,2026-04-22 04:03:49.416882,2026-04-22 04:03:49.416882
107e9198-901b-48ad-98a9-85da65f9aa05,7fdd3893-63ed-4557-911e-a716cfbbc99f,41357e90-0535-43ed-8342-7a16846ea739,Zureni BR-10 Sadabahar Broom Phool Jhadu ...,1,6,,2026-04-22 04:03:49.416882,2026-04-22 04:03:49.416882
c60a2806-6595-40ad-9d47-cc62436a1cc1,72e1f1d6-097f-4e65-85aa-3fef95d9cf81,fe03d86a-3051-4524-baa6-8d17a7a4599d,"Chicco Well-Being 250 ml Feeding Bottle, ...",3,4,,2026-01-25 21:41:01.416882,2026-01-25 21:41:01.416882
f2ccd8a0-ce44-4f20-9911-4ea724d84821,72e1f1d6-097f-4e65-85aa-3fef95d9cf81,8a668b86-395b-46bf-871c-701bae70d1c6,WAXED SHORT DRESS,3,59,,2026-01-25 21:41:01.416882,2026-01-25 21:41:01.416882
61940c98-5223-499f-a320-8b60dc18db7f,72e1f1d6-097f-4e65-85aa-3fef95d9cf81,536bc561-5ba8-41b2-a4a8-44f200e08cad,ONLY Women Dress ...,4,30,,2026-01-25 21:41:01.416882,2026-01-25 21:41:01.416882
9980baf5-a722-4d75-bffd-b2ecf0330e4e,100eede6-df00-44d2-af10-94673d5096fa,82bb78fd-6642-4040-94f3-fddd9a5fa47e,Nike Sportswear,3,34,,2026-02-05 01:48:45.416882,2026-02-05 01:48:45.416882
891ecc2b-2153-4ade-a54c-8762863187d9,100eede6-df00-44d2-af10-94673d5096fa,797d9988-f389-4ac0-adb8-108a358d8027,Clovia Women's Cotton Rich Non-Padded Wirefree ...,2,7,,2026-02-05 01:48:45.416882,2026-02-05 01:48:45.416882
9e890fba-30e3-4bfc-8b03-a8787e07a24c,100eede6-df00-44d2-af10-94673d5096fa,5b4ebd2d-8b42-44a4-9c9d-df4da1443430,Nino Bambino 100% Organic Cotton Green ...,5,25,,2026-02-05 01:48:45.416882,2026-02-05 01:48:45.416882
a3d3ed3f-a042-4861-8d92-b9218bd71020,cab66f7f-9148-4895-80db-9bd56f756bda,8534c052-ffe8-4465-8df3-eae4c6c407ca,OJXTZF Spy Portable Hidden Camera Wearable ...,2,36,,2026-03-08 07:07:46.416882,2026-03-08 07:07:46.416882
b9a23c97-a410-47ca-994c-8333af568818,fb258dde-3c78-45ca-881f-4ec5c08e6150,757205af-5938-4684-9452-3b3f097b086e,ACID WASH PRINT T-SHIRT,2,24,,2025-11-24 16:12:23.416882,2025-11-24 16:12:23.416882
fea45b80-ffcc-46c5-b4b0-35437f39edfc,8f855125-0e5d-4de4-94c5-5a5015d6d5ae,69f28b85-bd10-4ee2-9946-82ad6e65ccd9,Tulsi Powder by Merlion Naturals | ...,2,4,,2025-12-13 05:50:42.416882,2025-12-13 05:50:42.416882
5d687a9a-a4e9-42ef-ae67-46af7334c696,8f855125-0e5d-4de4-94c5-5a5015d6d5ae,2668b3bb-1aa3-4708-ba1c-0f85af6c27af,Tewiky 18k Gold/Silver Plated Simple Evil ...,4,30,,2025-12-13 05:50:42.416882,2025-12-13 05:50:42.416882
69b41986-ce65-4906-ab54-994fa65c153d,fd6272c3-e220-4b05-ba7c-c71540624ce1,fa3b4700-be6e-415a-bfb8-43579e68ac54,UNIVERSAL OUD 75 ML / 2.54 oz,5,31,,2026-01-30 22:17:09.416882,2026-01-30 22:17:09.416882
fab2e094-6eb7-46a6-b2c2-e0380d9ef55d,9ae3cd54-a8ea-4a1f-8aa7-39c916452bf0,0ddb9e73-96d0-4b13-a8d5-3987ee494b49,Wakefit Mattress | 10 Years Warranty ...,2,226,,2025-12-06 21:47:37.416882,2025-12-06 21:47:37.416882
5165cf80-a26c-4056-87b6-fa94e088cef3,f41230ec-4fca-416d-afcb-4537f0522df1,af4328b4-e0f2-4ec8-b14e-33f13121f915,SG Combo Ultiimate Batting Inner Thigh ...,2,21,,2026-04-01 08:41:50.416882,2026-04-01 08:41:50.416882
733ad173-0ad5-42e9-9905-e7aef951fcb7,f41230ec-4fca-416d-afcb-4537f0522df1,d002c591-b7f1-4514-8132-759b3376b758,Gadget Deals Cycle Wall Mount Hook ...,4,7,,2026-04-01 08:41:50.416882,2026-04-01 08:41:50.416882
5d8fb7ba-01d6-4965-af0c-cb1729007f29,f41230ec-4fca-416d-afcb-4537f0522df1,8683b10d-5ec3-4fdb-8425-8f56cc011ab7,BRAIDED FABRIC SANDALS,1,83,,2026-04-01 08:41:50.416882,2026-04-01 08:41:50.416882
e0abf2f5-edfc-4ce2-baa7-de947803bdb6,c9374c4d-c7af-44a7-84c2-0fa7fb778711,911c13df-6243-4112-ba03-ffa8892c0824,myaddiction Fashion Dripping Heart Sun Glasses ...,5,16,,2026-03-06 23:31:22.416882,2026-03-06 23:31:22.416882
bf89f481-ec34-4178-b5b0-ce25672355da,c9374c4d-c7af-44a7-84c2-0fa7fb778711,6f68eada-dc64-46e0-b9fd-eab4726191a7,EXCLUZO Animal Baby Kids Anti-slip Shoes ...,2,23,,2026-03-06 23:31:22.416882,2026-03-06 23:31:22.416882
c25a5dd5-12ad-4c47-9c30-8bd63f4d9b6d,c9374c4d-c7af-44a7-84c2-0fa7fb778711,d6adf849-1e2a-41da-8bd0-9221997e6be8,CRISS-CROSS SANDALS,1,34,,2026-03-06 23:31:22.416882,2026-03-06 23:31:22.416882
a37902ea-97fa-4c7e-898b-6b1aee252e7a,c9374c4d-c7af-44a7-84c2-0fa7fb778711,8b59be57-2eae-4dde-ba70-d4812e2df4d9,SKSM Ghungroo Red Color Pad 2 ...,2,6,,2026-03-06 23:31:22.416882,2026-03-06 23:31:22.416882
bd85e119-e5f3-4195-909c-63e8460fc1a3,865f450d-2a4c-4f4e-a3b2-4d3895e1e6cf,229979c7-35b6-4da8-97ee-74aaa88d764f,Drools Chicken and Egg Puppy Dry ...,1,8,,2026-04-03 12:13:54.416882,2026-04-03 12:13:54.416882
d818c9a4-a3fe-4e43-b724-d628578c4133,865f450d-2a4c-4f4e-a3b2-4d3895e1e6cf,bbc5c399-801d-4643-bcfc-124036b7d946,Kitty Baby Boy Sneakers White Kids ...,2,15,,2026-04-03 12:13:54.416882,2026-04-03 12:13:54.416882
d575740f-b74d-4e44-8a0e-3b2dca8898ef,865f450d-2a4c-4f4e-a3b2-4d3895e1e6cf,a794dbba-7498-4399-898b-91abf56265c1,Zexer Men Men Compression T-Shirt Gym ...,4,4,,2026-04-03 12:13:54.416882,2026-04-03 12:13:54.416882
f8ce0a00-0c3d-4ca8-8619-963ed543600e,865f450d-2a4c-4f4e-a3b2-4d3895e1e6cf,da853703-39a0-488f-a79b-47409c9e9770,"Genie Lush School Bag for Girls, ...",3,31,,2026-04-03 12:13:54.416882,2026-04-03 12:13:54.416882
e45272e7-fc41-4bb8-9c6d-26275d2f3cd6,865f450d-2a4c-4f4e-a3b2-4d3895e1e6cf,2b34a1c7-eccc-45f1-8233-cff1280567f2,"STACKRAID Hanging Travel Toiletry Bag, Waterproof ...",2,12,,2026-04-03 12:13:54.416882,2026-04-03 12:13:54.416882
246951cc-b181-423f-b947-707444c0c9e7,50f3aa05-63f8-43e9-87a1-daf733054805,f89b7c8e-1f62-4e81-812d-07aeadb500e0,"Genie Florentine Trolley Bag Large Size, ...",5,163,,2026-01-22 19:38:14.416882,2026-01-22 19:38:14.416882
fcc3f34d-9842-4e4e-a53f-9c2427df7c03,50f3aa05-63f8-43e9-87a1-daf733054805,9d2d2de0-6dc3-43d8-914c-c479b060a98c,Inditradition Cotton Canvas Board Medium Grain ...,4,8,,2026-01-22 19:38:14.416882,2026-01-22 19:38:14.416882
5608260d-576b-4ba7-9708-5e7faba58fe1,50f3aa05-63f8-43e9-87a1-daf733054805,1d76b903-d3a3-444e-b1f1-121e79617c56,FITINC Men's Relaxed Fit Polyester Track ...,1,18,,2026-01-22 19:38:14.416882,2026-01-22 19:38:14.416882
73fe6bc7-142a-4f12-be6b-b04c0eb06177,50f3aa05-63f8-43e9-87a1-daf733054805,ebe5035a-4889-4e2e-8078-7ea13c59f498,Mariner's Creation Cotton Skipping Rope - ...,4,5,,2026-01-22 19:38:14.416882,2026-01-22 19:38:14.416882
312f5b19-c0c5-49e2-8c71-bd4a808755c3,50f3aa05-63f8-43e9-87a1-daf733054805,2df5f5b8-b742-4b9c-9e15-5e7caeac917d,Racold Omnis Lux 15 Liter Storage ...,5,202,,2026-01-22 19:38:14.416882,2026-01-22 19:38:14.416882
843bb14a-3c22-43e8-b1af-5880ca786635,f52ea443-a309-44f2-b3fb-9b28ffdafec6,30d94f66-5f37-4757-bfc5-26fd2b8f809b,Ayyappa Swami Graphic Printed Black Color ...,5,7,,2026-04-15 08:01:29.416882,2026-04-15 08:01:29.416882
7685f5f2-e919-4de3-971a-27fd00cb740b,f52ea443-a309-44f2-b3fb-9b28ffdafec6,4e3e0b27-4d18-47b0-ae5f-cc3bcd269431,RADHE SHYAM ENTERPRISE Hair Styler for ...,2,12,,2026-04-15 08:01:29.416882,2026-04-15 08:01:29.416882
8ed5d6f9-e8da-4a3a-9023-37159d1e5e2c,f52ea443-a309-44f2-b3fb-9b28ffdafec6,fea3c1dd-3f5a-40d6-962f-6080b09dc3d2,Rekha Maniyar Georgette Striped And Floral ...,5,15,,2026-04-15 08:01:29.416882,2026-04-15 08:01:29.416882
6b3d167d-b74a-4fdf-9f5f-eb565d289d0a,8562b15f-c21b-4820-8dce-02afdfdac76c,4154c953-e07d-4741-9195-820d2ce05627,Fusefit Womens Sushi Ii Walking Shoe ...,4,24,,2026-04-19 11:53:44.416882,2026-04-19 11:53:44.416882
4084091c-e319-4536-a088-f1f122bd6b7f,8562b15f-c21b-4820-8dce-02afdfdac76c,4b1a0574-a16c-4f31-89ac-6f57aeb811c0,INTENSE VIBRANT LEATHER 100 ML / 3.38 oz,5,31,,2026-04-19 11:53:44.416882,2026-04-19 11:53:44.416882
c17b5ef3-5481-4695-b46e-234ccd9d2f39,8562b15f-c21b-4820-8dce-02afdfdac76c,e3f5eec9-ba88-46c7-81b2-91c43f159576,3PC Bed Sheet Set - 1 ...,4,23,,2026-04-19 11:53:44.416882,2026-04-19 11:53:44.416882
